timestamp,iface,rx_bytes,tx_bytes,rx_packets,tx_packets,rx_dropped,tx_dropped,backlog_bytes,backlog_pkts
2026-01-21T12:20:20.249698+00:00,s1-eth1,852,738,10,9,0,0,0,0
2026-01-21T12:20:20.249698+00:00,s1-eth2,558,1032,7,12,0,0,0,0
2026-01-21T12:20:20.249698+00:00,s1-eth3,516,984,6,12,0,0,0,0
2026-01-21T12:20:20.249698+00:00,s1-eth4,516,1074,6,13,0,0,0,0
2026-01-21T12:20:20.249698+00:00,s1-eth5,516,1164,6,14,0,0,0,0
2026-01-21T12:20:20.249698+00:00,s2-eth1,836,984,10,12,0,0,0,0
2026-01-21T12:20:20.249698+00:00,s2-eth2,656,1172,8,14,0,0,0,0
2026-01-21T12:20:20.249698+00:00,s2-eth3,516,914,6,11,0,0,0,0
2026-01-21T12:20:20.249698+00:00,s2-eth4,266,1004,3,12,0,0,0,0
2026-01-21T12:20:20.249698+00:00,s2-eth5,266,828,3,10,0,0,0,0
2026-01-21T12:20:20.449928+00:00,s1-eth1,1180,934,14,11,0,0,0,0
2026-01-21T12:20:20.449928+00:00,s1-eth2,754,1360,9,16,0,0,0,0
2026-01-21T12:20:20.449928+00:00,s1-eth3,516,1074,6,13,0,0,0,0
2026-01-21T12:20:20.449928+00:00,s1-eth4,516,1074,6,13,0,0,0,0
2026-01-21T12:20:20.449928+00:00,s1-eth5,516,1164,6,14,0,0,0,0
2026-01-21T12:20:20.449928+00:00,s2-eth1,934,1180,11,14,0,0,0,0
2026-01-21T12:20:20.449928+00:00,s2-eth2,754,1360,9,16,0,0,0,0
2026-01-21T12:20:20.449928+00:00,s2-eth3,516,914,6,11,0,0,0,0
2026-01-21T12:20:20.449928+00:00,s2-eth4,266,1254,3,15,0,0,0,0
2026-01-21T12:20:20.449928+00:00,s2-eth5,266,828,3,10,0,0,0,0
2026-01-21T12:20:20.653229+00:00,s1-eth1,1438,1032,17,12,0,0,0,0
2026-01-21T12:20:20.653229+00:00,s1-eth2,852,1618,10,19,0,0,0,0
2026-01-21T12:20:20.653229+00:00,s1-eth3,516,1234,6,15,0,0,0,0
2026-01-21T12:20:20.653229+00:00,s1-eth4,516,1234,6,15,0,0,0,0
2026-01-21T12:20:20.653229+00:00,s1-eth5,516,1324,6,16,0,0,0,0
2026-01-21T12:20:20.653229+00:00,s2-eth1,1032,1438,12,17,0,0,0,0
2026-01-21T12:20:20.653229+00:00,s2-eth2,852,1618,10,19,0,0,0,0
2026-01-21T12:20:20.653229+00:00,s2-eth3,516,1074,6,13,0,0,0,0
2026-01-21T12:20:20.653229+00:00,s2-eth4,426,1254,5,15,0,0,0,0
2026-01-21T12:20:20.653229+00:00,s2-eth5,266,1148,3,14,0,0,0,0
2026-01-21T12:20:20.872901+00:00,s1-eth1,1536,1130,18,13,0,0,0,0
2026-01-21T12:20:20.872901+00:00,s1-eth2,950,1716,11,20,0,0,0,0
2026-01-21T12:20:20.872901+00:00,s1-eth3,516,1234,6,15,0,0,0,0
2026-01-21T12:20:20.872901+00:00,s1-eth4,516,1234,6,15,0,0,0,0
2026-01-21T12:20:20.872901+00:00,s1-eth5,516,1324,6,16,0,0,0,0
2026-01-21T12:20:20.872901+00:00,s2-eth1,1130,1536,13,18,0,0,0,0
2026-01-21T12:20:20.872901+00:00,s2-eth2,950,1716,11,20,0,0,0,0
2026-01-21T12:20:20.872901+00:00,s2-eth3,516,1164,6,14,0,0,0,0
2026-01-21T12:20:20.872901+00:00,s2-eth4,426,1254,5,15,0,0,0,0
2026-01-21T12:20:20.872901+00:00,s2-eth5,426,1238,5,15,0,0,0,0
2026-01-21T12:20:21.050897+00:00,s1-eth1,1884,1228,22,14,0,0,0,0
2026-01-21T12:20:21.050897+00:00,s1-eth2,1048,2064,12,24,0,0,0,0
2026-01-21T12:20:21.050897+00:00,s1-eth3,516,1484,6,18,0,0,0,0
2026-01-21T12:20:21.050897+00:00,s1-eth4,516,1484,6,18,0,0,0,0
2026-01-21T12:20:21.050897+00:00,s1-eth5,516,1574,6,19,0,0,0,0
2026-01-21T12:20:21.050897+00:00,s2-eth1,1228,1884,14,22,0,0,0,0
2026-01-21T12:20:21.050897+00:00,s2-eth2,1048,2064,12,24,0,0,0,0
2026-01-21T12:20:21.050897+00:00,s2-eth3,516,1414,6,17,0,0,0,0
2026-01-21T12:20:21.050897+00:00,s2-eth4,516,1414,6,17,0,0,0,0
2026-01-21T12:20:21.050897+00:00,s2-eth5,426,1328,5,16,0,0,0,0
2026-01-21T12:20:21.251837+00:00,s1-eth1,1982,1326,23,15,0,0,0,0
2026-01-21T12:20:21.251837+00:00,s1-eth2,1146,2162,13,25,0,0,0,0
2026-01-21T12:20:21.251837+00:00,s1-eth3,516,1484,6,18,0,0,0,0
2026-01-21T12:20:21.251837+00:00,s1-eth4,516,1484,6,18,0,0,0,0
2026-01-21T12:20:21.251837+00:00,s1-eth5,516,1574,6,19,0,0,0,0
2026-01-21T12:20:21.251837+00:00,s2-eth1,1326,1982,15,23,0,0,0,0
2026-01-21T12:20:21.251837+00:00,s2-eth2,1146,2162,13,25,0,0,0,0
2026-01-21T12:20:21.251837+00:00,s2-eth3,516,1414,6,17,0,0,0,0
2026-01-21T12:20:21.251837+00:00,s2-eth4,516,1414,6,17,0,0,90,1
2026-01-21T12:20:21.251837+00:00,s2-eth5,516,1328,6,16,0,0,0,0
2026-01-21T12:20:21.449951+00:00,s1-eth1,2072,1326,24,15,0,0,0,0
2026-01-21T12:20:21.449951+00:00,s1-eth2,1244,2252,14,26,0,0,98,1
2026-01-21T12:20:21.449951+00:00,s1-eth3,516,1574,6,19,0,0,0,0
2026-01-21T12:20:21.449951+00:00,s1-eth4,516,1574,6,19,0,0,0,0
2026-01-21T12:20:21.449951+00:00,s1-eth5,516,1664,6,20,0,0,0,0
2026-01-21T12:20:21.449951+00:00,s2-eth1,1424,2170,16,25,0,0,0,0
2026-01-21T12:20:21.449951+00:00,s2-eth2,1244,2350,14,27,0,0,0,0
2026-01-21T12:20:21.449951+00:00,s2-eth3,516,1504,6,18,0,0,0,0
2026-01-21T12:20:21.449951+00:00,s2-eth4,516,1504,6,18,0,0,0,0
2026-01-21T12:20:21.449951+00:00,s2-eth5,516,1328,6,16,0,0,0,0
2026-01-21T12:20:21.649996+00:00,s1-eth1,2170,1424,25,16,0,0,0,0
2026-01-21T12:20:21.649996+00:00,s1-eth2,1342,2350,15,27,0,0,98,1
2026-01-21T12:20:21.649996+00:00,s1-eth3,516,1574,6,19,0,0,0,0
2026-01-21T12:20:21.649996+00:00,s1-eth4,516,1574,6,19,0,0,0,0
2026-01-21T12:20:21.649996+00:00,s1-eth5,516,1664,6,20,0,0,0,0
2026-01-21T12:20:21.649996+00:00,s2-eth1,1522,2268,17,26,0,0,0,0
2026-01-21T12:20:21.649996+00:00,s2-eth2,1342,2448,15,28,0,0,0,0
2026-01-21T12:20:21.649996+00:00,s2-eth3,516,1504,6,18,0,0,0,0
2026-01-21T12:20:21.649996+00:00,s2-eth4,516,1504,6,18,0,0,0,0
2026-01-21T12:20:21.649996+00:00,s2-eth5,516,1328,6,16,0,0,0,0
2026-01-21T12:20:21.851236+00:00,s1-eth1,2268,1522,26,17,0,0,0,0
2026-01-21T12:20:21.851236+00:00,s1-eth2,1440,2448,16,28,0,0,98,1
2026-01-21T12:20:21.851236+00:00,s1-eth3,516,1574,6,19,0,0,0,0
2026-01-21T12:20:21.851236+00:00,s1-eth4,516,1574,6,19,0,0,0,0
2026-01-21T12:20:21.851236+00:00,s1-eth5,516,1664,6,20,0,0,0,0
2026-01-21T12:20:21.851236+00:00,s2-eth1,1620,2366,18,27,0,0,0,0
2026-01-21T12:20:21.851236+00:00,s2-eth2,1440,2546,16,29,0,0,0,0
2026-01-21T12:20:21.851236+00:00,s2-eth3,516,1504,6,18,0,0,0,0
2026-01-21T12:20:21.851236+00:00,s2-eth4,516,1504,6,18,0,0,0,0
2026-01-21T12:20:21.851236+00:00,s2-eth5,516,1328,6,16,0,0,0,0
2026-01-21T12:20:22.051149+00:00,s1-eth1,2366,1690,27,19,0,0,0,0
2026-01-21T12:20:22.051149+00:00,s1-eth2,1608,2546,18,29,0,0,0,0
2026-01-21T12:20:22.051149+00:00,s1-eth3,516,1644,6,20,0,0,0,0
2026-01-21T12:20:22.051149+00:00,s1-eth4,516,1644,6,20,0,0,0,0
2026-01-21T12:20:22.051149+00:00,s1-eth5,516,1734,6,21,0,0,0,0
2026-01-21T12:20:22.051149+00:00,s2-eth1,1788,2464,20,28,0,0,0,0
2026-01-21T12:20:22.051149+00:00,s2-eth2,1538,2714,17,31,0,0,0,0
2026-01-21T12:20:22.051149+00:00,s2-eth3,516,1574,6,19,0,0,0,0
2026-01-21T12:20:22.051149+00:00,s2-eth4,516,1574,6,19,0,0,0,0
2026-01-21T12:20:22.051149+00:00,s2-eth5,516,1398,6,17,0,0,0,0
2026-01-21T12:20:22.249904+00:00,s1-eth1,2534,1858,29,21,0,0,0,0
2026-01-21T12:20:22.249904+00:00,s1-eth2,1608,2784,18,32,0,0,0,0
2026-01-21T12:20:22.249904+00:00,s1-eth3,516,1714,6,21,0,0,0,0
2026-01-21T12:20:22.249904+00:00,s1-eth4,516,1714,6,21,0,0,0,0
2026-01-21T12:20:22.249904+00:00,s1-eth5,516,1804,6,22,0,0,0,0
2026-01-21T12:20:22.249904+00:00,s2-eth1,1956,2632,22,30,0,0,0,0
2026-01-21T12:20:22.249904+00:00,s2-eth2,1636,2882,18,33,0,0,0,0
2026-01-21T12:20:22.249904+00:00,s2-eth3,516,1644,6,20,0,0,0,0
2026-01-21T12:20:22.249904+00:00,s2-eth4,516,1644,6,20,0,0,0,0
2026-01-21T12:20:22.249904+00:00,s2-eth5,516,1468,6,18,0,0,0,0
2026-01-21T12:20:22.450142+00:00,s1-eth1,2632,1956,30,22,0,0,0,0
2026-01-21T12:20:22.450142+00:00,s1-eth2,1706,2882,19,33,0,0,0,0
2026-01-21T12:20:22.450142+00:00,s1-eth3,516,1714,6,21,0,0,0,0
2026-01-21T12:20:22.450142+00:00,s1-eth4,516,1714,6,21,0,0,0,0
2026-01-21T12:20:22.450142+00:00,s1-eth5,516,1804,6,22,0,0,0,0
2026-01-21T12:20:22.450142+00:00,s2-eth1,2054,2730,23,31,0,0,0,0
2026-01-21T12:20:22.450142+00:00,s2-eth2,1734,2980,19,34,0,0,0,0
2026-01-21T12:20:22.450142+00:00,s2-eth3,516,1644,6,20,0,0,0,0
2026-01-21T12:20:22.450142+00:00,s2-eth4,516,1644,6,20,0,0,0,0
2026-01-21T12:20:22.450142+00:00,s2-eth5,516,1468,6,18,0,0,0,0
2026-01-21T12:20:22.650198+00:00,s1-eth1,2730,2124,31,24,0,0,0,0
2026-01-21T12:20:22.650198+00:00,s1-eth2,1804,3050,20,35,0,0,0,0
2026-01-21T12:20:22.650198+00:00,s1-eth3,586,1784,7,22,0,0,0,0
2026-01-21T12:20:22.650198+00:00,s1-eth4,516,1784,6,22,0,0,0,0
2026-01-21T12:20:22.650198+00:00,s1-eth5,516,1874,6,23,0,0,0,0
2026-01-21T12:20:22.650198+00:00,s2-eth1,2222,2828,25,32,0,0,0,0
2026-01-21T12:20:22.650198+00:00,s2-eth2,1832,3148,20,36,0,0,0,0
2026-01-21T12:20:22.650198+00:00,s2-eth3,516,1714,6,21,0,0,0,0
2026-01-21T12:20:22.650198+00:00,s2-eth4,516,1714,6,21,0,0,0,0
2026-01-21T12:20:22.650198+00:00,s2-eth5,516,1538,6,19,0,0,0,0
2026-01-21T12:20:22.856051+00:00,s1-eth1,2828,2292,32,26,0,0,0,0
2026-01-21T12:20:22.856051+00:00,s1-eth2,2000,3218,22,37,0,0,0,0
2026-01-21T12:20:22.856051+00:00,s1-eth3,586,1854,7,23,0,0,0,0
2026-01-21T12:20:22.856051+00:00,s1-eth4,586,1854,7,23,0,0,0,0
2026-01-21T12:20:22.856051+00:00,s1-eth5,516,1944,6,24,0,0,0,0
2026-01-21T12:20:22.856051+00:00,s2-eth1,2390,2926,27,33,0,0,0,0
2026-01-21T12:20:22.856051+00:00,s2-eth2,1930,3316,21,38,0,0,0,0
2026-01-21T12:20:22.856051+00:00,s2-eth3,516,1784,6,22,0,0,0,0
2026-01-21T12:20:22.856051+00:00,s2-eth4,516,1784,6,22,0,0,0,0
2026-01-21T12:20:22.856051+00:00,s2-eth5,516,1608,6,20,0,0,0,0
2026-01-21T12:20:23.050204+00:00,s1-eth1,2926,2390,33,27,0,0,0,0
2026-01-21T12:20:23.050204+00:00,s1-eth2,2000,3316,22,38,0,0,0,0
2026-01-21T12:20:23.050204+00:00,s1-eth3,586,1854,7,23,0,0,0,0
2026-01-21T12:20:23.050204+00:00,s1-eth4,586,1854,7,23,0,0,0,0
2026-01-21T12:20:23.050204+00:00,s1-eth5,516,2014,6,25,0,0,0,0
2026-01-21T12:20:23.050204+00:00,s2-eth1,2488,2926,28,33,0,0,0,0
2026-01-21T12:20:23.050204+00:00,s2-eth2,2028,3414,22,39,0,0,0,0
2026-01-21T12:20:23.050204+00:00,s2-eth3,516,1784,6,22,0,0,0,0
2026-01-21T12:20:23.050204+00:00,s2-eth4,516,1784,6,22,0,0,0,0
2026-01-21T12:20:23.050204+00:00,s2-eth5,516,1608,6,20,0,0,0,0
2026-01-21T12:20:23.250477+00:00,s1-eth1,3024,2488,34,28,0,0,0,0
2026-01-21T12:20:23.250477+00:00,s1-eth2,2098,3414,23,39,0,0,70,1
2026-01-21T12:20:23.250477+00:00,s1-eth3,586,1854,7,23,0,0,0,0
2026-01-21T12:20:23.250477+00:00,s1-eth4,586,1924,7,24,0,0,0,0
2026-01-21T12:20:23.250477+00:00,s1-eth5,586,2014,7,25,0,0,0,0
2026-01-21T12:20:23.250477+00:00,s2-eth1,2656,3024,30,34,0,0,0,0
2026-01-21T12:20:23.250477+00:00,s2-eth2,2028,3582,22,41,0,0,0,0
2026-01-21T12:20:23.250477+00:00,s2-eth3,516,1854,6,23,0,0,0,0
2026-01-21T12:20:23.250477+00:00,s2-eth4,516,1854,6,23,0,0,0,0
2026-01-21T12:20:23.250477+00:00,s2-eth5,516,1678,6,21,0,0,0,0
2026-01-21T12:20:23.450459+00:00,s1-eth1,3122,2656,35,30,0,0,0,0
2026-01-21T12:20:23.450459+00:00,s1-eth2,2196,3582,24,41,0,0,0,0
2026-01-21T12:20:23.450459+00:00,s1-eth3,586,1924,7,24,0,0,0,0
2026-01-21T12:20:23.450459+00:00,s1-eth4,586,1924,7,24,0,0,0,0
2026-01-21T12:20:23.450459+00:00,s1-eth5,586,2014,7,25,0,0,0,0
2026-01-21T12:20:23.450459+00:00,s2-eth1,2754,3122,31,35,0,0,0,0
2026-01-21T12:20:23.450459+00:00,s2-eth2,2126,3680,23,42,0,0,0,0
2026-01-21T12:20:23.450459+00:00,s2-eth3,516,1854,6,23,0,0,0,0
2026-01-21T12:20:23.450459+00:00,s2-eth4,516,1854,6,23,0,0,0,0
2026-01-21T12:20:23.450459+00:00,s2-eth5,516,1678,6,21,0,0,0,0
2026-01-21T12:20:23.651298+00:00,s1-eth1,3290,2754,37,31,0,0,0,0
2026-01-21T12:20:23.651298+00:00,s1-eth2,2294,3750,25,43,0,0,0,0
2026-01-21T12:20:23.651298+00:00,s1-eth3,586,1994,7,25,0,0,0,0
2026-01-21T12:20:23.651298+00:00,s1-eth4,586,1994,7,25,0,0,0,0
2026-01-21T12:20:23.651298+00:00,s1-eth5,586,2084,7,26,0,0,0,0
2026-01-21T12:20:23.651298+00:00,s2-eth1,2754,3290,31,37,0,0,0,0
2026-01-21T12:20:23.651298+00:00,s2-eth2,2294,3750,25,43,0,0,0,0
2026-01-21T12:20:23.651298+00:00,s2-eth3,516,1924,6,24,0,0,0,0
2026-01-21T12:20:23.651298+00:00,s2-eth4,516,1924,6,24,0,0,0,0
2026-01-21T12:20:23.651298+00:00,s2-eth5,516,1748,6,22,0,0,0,0
2026-01-21T12:20:23.851346+00:00,s1-eth1,3388,2852,38,32,0,0,0,0
2026-01-21T12:20:23.851346+00:00,s1-eth2,2392,3848,26,44,0,0,0,0
2026-01-21T12:20:23.851346+00:00,s1-eth3,586,1994,7,25,0,0,0,0
2026-01-21T12:20:23.851346+00:00,s1-eth4,586,1994,7,25,0,0,0,0
2026-01-21T12:20:23.851346+00:00,s1-eth5,586,2084,7,26,0,0,0,0
2026-01-21T12:20:23.851346+00:00,s2-eth1,2950,3388,33,38,0,0,0,0
2026-01-21T12:20:23.851346+00:00,s2-eth2,2392,3946,26,45,0,0,0,0
2026-01-21T12:20:23.851346+00:00,s2-eth3,516,1924,6,24,0,0,0,0
2026-01-21T12:20:23.851346+00:00,s2-eth4,516,1924,6,24,0,0,0,0
2026-01-21T12:20:23.851346+00:00,s2-eth5,516,1748,6,22,0,0,0,0
2026-01-21T12:20:24.049802+00:00,s1-eth1,3486,2950,39,33,0,0,0,0
2026-01-21T12:20:24.049802+00:00,s1-eth2,2490,3946,27,45,0,0,0,0
2026-01-21T12:20:24.049802+00:00,s1-eth3,586,1994,7,25,0,0,0,0
2026-01-21T12:20:24.049802+00:00,s1-eth4,586,1994,7,25,0,0,0,0
2026-01-21T12:20:24.049802+00:00,s1-eth5,586,2084,7,26,0,0,0,0
2026-01-21T12:20:24.049802+00:00,s2-eth1,2950,3486,33,39,0,0,0,0
2026-01-21T12:20:24.049802+00:00,s2-eth2,2490,3946,27,45,0,0,0,0
2026-01-21T12:20:24.049802+00:00,s2-eth3,516,1924,6,24,0,0,0,0
2026-01-21T12:20:24.049802+00:00,s2-eth4,516,1924,6,24,0,0,0,0
2026-01-21T12:20:24.049802+00:00,s2-eth5,516,1748,6,22,0,0,0,0
2026-01-21T12:20:24.250236+00:00,s1-eth1,3584,3048,40,34,0,0,0,0
2026-01-21T12:20:24.250236+00:00,s1-eth2,2588,4044,28,46,0,0,0,0
2026-01-21T12:20:24.250236+00:00,s1-eth3,586,1994,7,25,0,0,0,0
2026-01-21T12:20:24.250236+00:00,s1-eth4,586,1994,7,25,0,0,0,0
2026-01-21T12:20:24.250236+00:00,s1-eth5,586,2084,7,26,0,0,0,0
2026-01-21T12:20:24.250236+00:00,s2-eth1,3048,3584,34,40,0,0,0,0
2026-01-21T12:20:24.250236+00:00,s2-eth2,2588,4044,28,46,0,0,0,0
2026-01-21T12:20:24.250236+00:00,s2-eth3,516,1924,6,24,0,0,0,0
2026-01-21T12:20:24.250236+00:00,s2-eth4,516,1924,6,24,0,0,0,0
2026-01-21T12:20:24.250236+00:00,s2-eth5,516,1748,6,22,0,0,0,0
2026-01-21T12:20:24.450688+00:00,s1-eth1,3822,3146,43,35,0,0,0,0
2026-01-21T12:20:24.450688+00:00,s1-eth2,2686,4282,29,49,0,0,0,0
2026-01-21T12:20:24.450688+00:00,s1-eth3,586,2134,7,27,0,0,0,0
2026-01-21T12:20:24.450688+00:00,s1-eth4,586,2134,7,27,0,0,0,0
2026-01-21T12:20:24.450688+00:00,s1-eth5,586,2224,7,28,0,0,0,0
2026-01-21T12:20:24.450688+00:00,s2-eth1,3146,3822,35,43,0,0,0,0
2026-01-21T12:20:24.450688+00:00,s2-eth2,2686,4282,29,49,0,0,0,0
2026-01-21T12:20:24.450688+00:00,s2-eth3,586,2064,7,26,0,0,0,0
2026-01-21T12:20:24.450688+00:00,s2-eth4,586,2064,7,26,0,0,0,0
2026-01-21T12:20:24.450688+00:00,s2-eth5,516,1888,6,24,0,0,0,0
2026-01-21T12:20:24.652003+00:00,s1-eth1,3920,3244,44,36,0,0,0,0
2026-01-21T12:20:24.652003+00:00,s1-eth2,2784,4380,30,50,0,0,0,0
2026-01-21T12:20:24.652003+00:00,s1-eth3,586,2134,7,27,0,0,0,0
2026-01-21T12:20:24.652003+00:00,s1-eth4,586,2134,7,27,0,0,0,0
2026-01-21T12:20:24.652003+00:00,s1-eth5,586,2224,7,28,0,0,0,0
2026-01-21T12:20:24.652003+00:00,s2-eth1,3244,3920,36,44,0,0,0,0
2026-01-21T12:20:24.652003+00:00,s2-eth2,2784,4380,30,50,0,0,0,0
2026-01-21T12:20:24.652003+00:00,s2-eth3,586,2064,7,26,0,0,0,0
2026-01-21T12:20:24.652003+00:00,s2-eth4,586,2064,7,26,0,0,0,0
2026-01-21T12:20:24.652003+00:00,s2-eth5,516,1888,6,24,0,0,0,0
2026-01-21T12:20:24.861859+00:00,s1-eth1,4018,3342,45,37,0,0,0,0
2026-01-21T12:20:24.861859+00:00,s1-eth2,2882,4478,31,51,0,0,0,0
2026-01-21T12:20:24.861859+00:00,s1-eth3,586,2134,7,27,0,0,0,0
2026-01-21T12:20:24.861859+00:00,s1-eth4,586,2134,7,27,0,0,0,0
2026-01-21T12:20:24.861859+00:00,s1-eth5,586,2224,7,28,0,0,0,0
2026-01-21T12:20:24.861859+00:00,s2-eth1,3440,4116,38,46,0,0,0,0
2026-01-21T12:20:24.861859+00:00,s2-eth2,2980,4576,32,52,0,0,0,0
2026-01-21T12:20:24.861859+00:00,s2-eth3,586,2064,7,26,0,0,0,0
2026-01-21T12:20:24.861859+00:00,s2-eth4,586,2064,7,26,0,0,0,0
2026-01-21T12:20:24.861859+00:00,s2-eth5,516,1888,6,24,0,0,0,0
2026-01-21T12:20:25.066629+00:00,s1-eth1,4116,3440,46,38,0,0,0,0
2026-01-21T12:20:25.066629+00:00,s1-eth2,2980,4576,32,52,0,0,0,0
2026-01-21T12:20:25.066629+00:00,s1-eth3,586,2134,7,27,0,0,0,0
2026-01-21T12:20:25.066629+00:00,s1-eth4,586,2134,7,27,0,0,0,0
2026-01-21T12:20:25.066629+00:00,s1-eth5,586,2224,7,28,0,0,0,0
2026-01-21T12:20:25.066629+00:00,s2-eth1,3538,4214,39,47,0,0,0,0
2026-01-21T12:20:25.066629+00:00,s2-eth2,3078,4674,33,53,0,0,0,0
2026-01-21T12:20:25.066629+00:00,s2-eth3,586,2064,7,26,0,0,0,0
2026-01-21T12:20:25.066629+00:00,s2-eth4,586,2064,7,26,0,0,0,0
2026-01-21T12:20:25.066629+00:00,s2-eth5,516,1958,6,25,0,0,0,0
2026-01-21T12:20:25.258087+00:00,s1-eth1,4214,3538,47,39,0,0,0,0
2026-01-21T12:20:25.258087+00:00,s1-eth2,3078,4674,33,53,0,0,0,0
2026-01-21T12:20:25.258087+00:00,s1-eth3,586,2134,7,27,0,0,0,0
2026-01-21T12:20:25.258087+00:00,s1-eth4,586,2134,7,27,0,0,0,0
2026-01-21T12:20:25.258087+00:00,s1-eth5,586,2224,7,28,0,0,0,0
2026-01-21T12:20:25.258087+00:00,s2-eth1,3538,4214,39,47,0,0,0,0
2026-01-21T12:20:25.258087+00:00,s2-eth2,3078,4674,33,53,0,0,0,0
2026-01-21T12:20:25.258087+00:00,s2-eth3,586,2064,7,26,0,0,0,0
2026-01-21T12:20:25.258087+00:00,s2-eth4,586,2064,7,26,0,0,0,0
2026-01-21T12:20:25.258087+00:00,s2-eth5,516,1958,6,25,0,0,0,0
2026-01-21T12:20:25.451375+00:00,s1-eth1,4424,3678,50,41,0,0,0,0
2026-01-21T12:20:25.451375+00:00,s1-eth2,3218,4884,35,56,0,0,0,0
2026-01-21T12:20:25.451375+00:00,s1-eth3,586,2204,7,28,0,0,0,0
2026-01-21T12:20:25.451375+00:00,s1-eth4,586,2204,7,28,0,0,0,0
2026-01-21T12:20:25.451375+00:00,s1-eth5,586,2294,7,29,0,0,0,0
2026-01-21T12:20:25.451375+00:00,s2-eth1,3678,4424,41,50,0,0,0,0
2026-01-21T12:20:25.451375+00:00,s2-eth2,3218,4884,35,56,0,0,0,0
2026-01-21T12:20:25.451375+00:00,s2-eth3,586,2134,7,27,0,0,0,0
2026-01-21T12:20:25.451375+00:00,s2-eth4,586,2134,7,27,0,0,0,0
2026-01-21T12:20:25.451375+00:00,s2-eth5,586,1958,7,25,0,0,0,0
2026-01-21T12:20:25.650864+00:00,s1-eth1,4522,3776,51,42,0,0,0,0
2026-01-21T12:20:25.650864+00:00,s1-eth2,3316,4982,36,57,0,0,0,0
2026-01-21T12:20:25.650864+00:00,s1-eth3,586,2204,7,28,0,0,0,0
2026-01-21T12:20:25.650864+00:00,s1-eth4,586,2204,7,28,0,0,0,0
2026-01-21T12:20:25.650864+00:00,s1-eth5,586,2294,7,29,0,0,0,0
2026-01-21T12:20:25.650864+00:00,s2-eth1,3776,4522,42,51,0,0,0,0
2026-01-21T12:20:25.650864+00:00,s2-eth2,3316,4982,36,57,0,0,0,0
2026-01-21T12:20:25.650864+00:00,s2-eth3,586,2134,7,27,0,0,0,0
2026-01-21T12:20:25.650864+00:00,s2-eth4,586,2134,7,27,0,0,0,0
2026-01-21T12:20:25.650864+00:00,s2-eth5,586,1958,7,25,0,0,0,0
2026-01-21T12:20:25.850715+00:00,s1-eth1,4620,3874,52,43,0,0,0,0
2026-01-21T12:20:25.850715+00:00,s1-eth2,3414,5080,37,58,0,0,0,0
2026-01-21T12:20:25.850715+00:00,s1-eth3,586,2204,7,28,0,0,0,0
2026-01-21T12:20:25.850715+00:00,s1-eth4,586,2204,7,28,0,0,0,0
2026-01-21T12:20:25.850715+00:00,s1-eth5,586,2294,7,29,0,0,0,0
2026-01-21T12:20:25.850715+00:00,s2-eth1,3874,4620,43,52,0,0,0,0
2026-01-21T12:20:25.850715+00:00,s2-eth2,3414,5080,37,58,0,0,0,0
2026-01-21T12:20:25.850715+00:00,s2-eth3,586,2134,7,27,0,0,0,0
2026-01-21T12:20:25.850715+00:00,s2-eth4,586,2134,7,27,0,0,0,0
2026-01-21T12:20:25.850715+00:00,s2-eth5,586,1958,7,25,0,0,0,0
2026-01-21T12:20:26.050578+00:00,s1-eth1,4718,3972,53,44,0,0,0,0
2026-01-21T12:20:26.050578+00:00,s1-eth2,3512,5178,38,59,0,0,0,0
2026-01-21T12:20:26.050578+00:00,s1-eth3,586,2204,7,28,0,0,0,0
2026-01-21T12:20:26.050578+00:00,s1-eth4,586,2204,7,28,0,0,0,0
2026-01-21T12:20:26.050578+00:00,s1-eth5,586,2294,7,29,0,0,0,0
2026-01-21T12:20:26.050578+00:00,s2-eth1,3972,4718,44,53,0,0,0,0
2026-01-21T12:20:26.050578+00:00,s2-eth2,3512,5178,38,59,0,0,0,0
2026-01-21T12:20:26.050578+00:00,s2-eth3,586,2134,7,27,0,0,0,0
2026-01-21T12:20:26.050578+00:00,s2-eth4,586,2134,7,27,0,0,0,0
2026-01-21T12:20:26.050578+00:00,s2-eth5,586,1958,7,25,0,0,0,0
2026-01-21T12:20:26.251229+00:00,s1-eth1,4816,4070,54,45,0,0,0,0
2026-01-21T12:20:26.251229+00:00,s1-eth2,3610,5276,39,60,0,0,0,0
2026-01-21T12:20:26.251229+00:00,s1-eth3,586,2204,7,28,0,0,0,0
2026-01-21T12:20:26.251229+00:00,s1-eth4,586,2204,7,28,0,0,0,0
2026-01-21T12:20:26.251229+00:00,s1-eth5,586,2294,7,29,0,0,0,0
2026-01-21T12:20:26.251229+00:00,s2-eth1,4070,4816,45,54,0,0,0,0
2026-01-21T12:20:26.251229+00:00,s2-eth2,3610,5276,39,60,0,0,0,0
2026-01-21T12:20:26.251229+00:00,s2-eth3,586,2134,7,27,0,0,0,0
2026-01-21T12:20:26.251229+00:00,s2-eth4,586,2134,7,27,0,0,0,0
2026-01-21T12:20:26.251229+00:00,s2-eth5,586,1958,7,25,0,0,0,0
2026-01-21T12:20:26.451522+00:00,s1-eth1,4914,4168,55,46,0,0,0,0
2026-01-21T12:20:26.451522+00:00,s1-eth2,3708,5374,40,61,0,0,0,0
2026-01-21T12:20:26.451522+00:00,s1-eth3,586,2204,7,28,0,0,0,0
2026-01-21T12:20:26.451522+00:00,s1-eth4,586,2204,7,28,0,0,0,0
2026-01-21T12:20:26.451522+00:00,s1-eth5,586,2294,7,29,0,0,0,0
2026-01-21T12:20:26.451522+00:00,s2-eth1,4168,4914,46,55,0,0,0,0
2026-01-21T12:20:26.451522+00:00,s2-eth2,3708,5374,40,61,0,0,0,0
2026-01-21T12:20:26.451522+00:00,s2-eth3,586,2134,7,27,0,0,0,0
2026-01-21T12:20:26.451522+00:00,s2-eth4,586,2134,7,27,0,0,0,0
2026-01-21T12:20:26.451522+00:00,s2-eth5,586,1958,7,25,0,0,0,0
2026-01-21T12:20:26.651104+00:00,s1-eth1,5012,4266,56,47,0,0,0,0
2026-01-21T12:20:26.651104+00:00,s1-eth2,3806,5472,41,62,0,0,0,0
2026-01-21T12:20:26.651104+00:00,s1-eth3,586,2204,7,28,0,0,0,0
2026-01-21T12:20:26.651104+00:00,s1-eth4,586,2204,7,28,0,0,0,0
2026-01-21T12:20:26.651104+00:00,s1-eth5,586,2294,7,29,0,0,0,0
2026-01-21T12:20:26.651104+00:00,s2-eth1,4266,5012,47,56,0,0,0,0
2026-01-21T12:20:26.651104+00:00,s2-eth2,3806,5472,41,62,0,0,0,0
2026-01-21T12:20:26.651104+00:00,s2-eth3,586,2134,7,27,0,0,0,0
2026-01-21T12:20:26.651104+00:00,s2-eth4,586,2134,7,27,0,0,0,0
2026-01-21T12:20:26.651104+00:00,s2-eth5,586,1958,7,25,0,0,0,0
2026-01-21T12:20:26.851194+00:00,s1-eth1,5110,4364,57,48,0,0,0,0
2026-01-21T12:20:26.851194+00:00,s1-eth2,3904,5570,42,63,0,0,0,0
2026-01-21T12:20:26.851194+00:00,s1-eth3,586,2204,7,28,0,0,0,0
2026-01-21T12:20:26.851194+00:00,s1-eth4,586,2204,7,28,0,0,0,0
2026-01-21T12:20:26.851194+00:00,s1-eth5,586,2294,7,29,0,0,0,0
2026-01-21T12:20:26.851194+00:00,s2-eth1,4364,5110,48,57,0,0,0,0
2026-01-21T12:20:26.851194+00:00,s2-eth2,3904,5570,42,63,0,0,0,0
2026-01-21T12:20:26.851194+00:00,s2-eth3,586,2134,7,27,0,0,0,0
2026-01-21T12:20:26.851194+00:00,s2-eth4,586,2134,7,27,0,0,0,0
2026-01-21T12:20:26.851194+00:00,s2-eth5,586,1958,7,25,0,0,0,0
2026-01-21T12:20:27.049901+00:00,s1-eth1,5208,4462,58,49,0,0,0,0
2026-01-21T12:20:27.049901+00:00,s1-eth2,4002,5668,43,64,0,0,0,0
2026-01-21T12:20:27.049901+00:00,s1-eth3,586,2204,7,28,0,0,0,0
2026-01-21T12:20:27.049901+00:00,s1-eth4,586,2204,7,28,0,0,0,0
2026-01-21T12:20:27.049901+00:00,s1-eth5,586,2294,7,29,0,0,0,0
2026-01-21T12:20:27.049901+00:00,s2-eth1,4462,5208,49,58,0,0,0,0
2026-01-21T12:20:27.049901+00:00,s2-eth2,4002,5668,43,64,0,0,0,0
2026-01-21T12:20:27.049901+00:00,s2-eth3,586,2134,7,27,0,0,0,0
2026-01-21T12:20:27.049901+00:00,s2-eth4,586,2134,7,27,0,0,0,0
2026-01-21T12:20:27.049901+00:00,s2-eth5,586,1958,7,25,0,0,0,0
2026-01-21T12:20:27.251231+00:00,s1-eth1,5306,4560,59,50,0,0,0,0
2026-01-21T12:20:27.251231+00:00,s1-eth2,4100,5766,44,65,0,0,0,0
2026-01-21T12:20:27.251231+00:00,s1-eth3,586,2204,7,28,0,0,0,0
2026-01-21T12:20:27.251231+00:00,s1-eth4,586,2204,7,28,0,0,0,0
2026-01-21T12:20:27.251231+00:00,s1-eth5,586,2294,7,29,0,0,0,0
2026-01-21T12:20:27.251231+00:00,s2-eth1,4560,5306,50,59,0,0,0,0
2026-01-21T12:20:27.251231+00:00,s2-eth2,4100,5766,44,65,0,0,0,0
2026-01-21T12:20:27.251231+00:00,s2-eth3,586,2134,7,27,0,0,0,0
2026-01-21T12:20:27.251231+00:00,s2-eth4,586,2134,7,27,0,0,0,0
2026-01-21T12:20:27.251231+00:00,s2-eth5,586,1958,7,25,0,0,0,0
2026-01-21T12:20:27.449897+00:00,s1-eth1,5404,4658,60,51,0,0,0,0
2026-01-21T12:20:27.449897+00:00,s1-eth2,4198,5864,45,66,0,0,0,0
2026-01-21T12:20:27.449897+00:00,s1-eth3,586,2204,7,28,0,0,0,0
2026-01-21T12:20:27.449897+00:00,s1-eth4,586,2204,7,28,0,0,0,0
2026-01-21T12:20:27.449897+00:00,s1-eth5,586,2294,7,29,0,0,0,0
2026-01-21T12:20:27.449897+00:00,s2-eth1,4658,5404,51,60,0,0,0,0
2026-01-21T12:20:27.449897+00:00,s2-eth2,4198,5864,45,66,0,0,0,0
2026-01-21T12:20:27.449897+00:00,s2-eth3,586,2134,7,27,0,0,0,0
2026-01-21T12:20:27.449897+00:00,s2-eth4,586,2134,7,27,0,0,0,0
2026-01-21T12:20:27.449897+00:00,s2-eth5,586,1958,7,25,0,0,0,0
2026-01-21T12:20:27.650594+00:00,s1-eth1,5502,4756,61,52,0,0,0,0
2026-01-21T12:20:27.650594+00:00,s1-eth2,4296,5962,46,67,0,0,0,0
2026-01-21T12:20:27.650594+00:00,s1-eth3,586,2204,7,28,0,0,0,0
2026-01-21T12:20:27.650594+00:00,s1-eth4,586,2204,7,28,0,0,0,0
2026-01-21T12:20:27.650594+00:00,s1-eth5,586,2294,7,29,0,0,0,0
2026-01-21T12:20:27.650594+00:00,s2-eth1,4756,5502,52,61,0,0,0,0
2026-01-21T12:20:27.650594+00:00,s2-eth2,4296,5962,46,67,0,0,0,0
2026-01-21T12:20:27.650594+00:00,s2-eth3,586,2134,7,27,0,0,0,0
2026-01-21T12:20:27.650594+00:00,s2-eth4,586,2134,7,27,0,0,0,0
2026-01-21T12:20:27.650594+00:00,s2-eth5,586,1958,7,25,0,0,0,0
2026-01-21T12:20:27.850423+00:00,s1-eth1,5600,4854,62,53,0,0,0,0
2026-01-21T12:20:27.850423+00:00,s1-eth2,4394,6060,47,68,0,0,0,0
2026-01-21T12:20:27.850423+00:00,s1-eth3,586,2204,7,28,0,0,0,0
2026-01-21T12:20:27.850423+00:00,s1-eth4,586,2204,7,28,0,0,0,0
2026-01-21T12:20:27.850423+00:00,s1-eth5,586,2294,7,29,0,0,0,0
2026-01-21T12:20:27.850423+00:00,s2-eth1,4854,5600,53,62,0,0,0,0
2026-01-21T12:20:27.850423+00:00,s2-eth2,4394,6060,47,68,0,0,0,0
2026-01-21T12:20:27.850423+00:00,s2-eth3,586,2134,7,27,0,0,0,0
2026-01-21T12:20:27.850423+00:00,s2-eth4,586,2134,7,27,0,0,0,0
2026-01-21T12:20:27.850423+00:00,s2-eth5,586,1958,7,25,0,0,0,0
2026-01-21T12:20:28.060788+00:00,s1-eth1,5698,4952,63,54,0,0,0,0
2026-01-21T12:20:28.060788+00:00,s1-eth2,4492,6158,48,69,0,0,0,0
2026-01-21T12:20:28.060788+00:00,s1-eth3,586,2204,7,28,0,0,0,0
2026-01-21T12:20:28.060788+00:00,s1-eth4,586,2204,7,28,0,0,0,0
2026-01-21T12:20:28.060788+00:00,s1-eth5,586,2294,7,29,0,0,0,0
2026-01-21T12:20:28.060788+00:00,s2-eth1,4952,5698,54,63,0,0,0,0
2026-01-21T12:20:28.060788+00:00,s2-eth2,4492,6158,48,69,0,0,0,0
2026-01-21T12:20:28.060788+00:00,s2-eth3,586,2134,7,27,0,0,0,0
2026-01-21T12:20:28.060788+00:00,s2-eth4,586,2134,7,27,0,0,0,0
2026-01-21T12:20:28.060788+00:00,s2-eth5,586,1958,7,25,0,0,0,0
2026-01-21T12:20:28.252187+00:00,s1-eth1,5796,5050,64,55,0,0,0,0
2026-01-21T12:20:28.252187+00:00,s1-eth2,4590,6256,49,70,0,0,0,0
2026-01-21T12:20:28.252187+00:00,s1-eth3,586,2204,7,28,0,0,0,0
2026-01-21T12:20:28.252187+00:00,s1-eth4,586,2204,7,28,0,0,0,0
2026-01-21T12:20:28.252187+00:00,s1-eth5,586,2294,7,29,0,0,0,0
2026-01-21T12:20:28.252187+00:00,s2-eth1,5050,5796,55,64,0,0,0,0
2026-01-21T12:20:28.252187+00:00,s2-eth2,4590,6256,49,70,0,0,0,0
2026-01-21T12:20:28.252187+00:00,s2-eth3,586,2134,7,27,0,0,0,0
2026-01-21T12:20:28.252187+00:00,s2-eth4,586,2134,7,27,0,0,0,0
2026-01-21T12:20:28.252187+00:00,s2-eth5,586,1958,7,25,0,0,0,0
2026-01-21T12:20:28.464501+00:00,s1-eth1,5894,5148,65,56,0,0,0,0
2026-01-21T12:20:28.464501+00:00,s1-eth2,4688,6354,50,71,0,0,0,0
2026-01-21T12:20:28.464501+00:00,s1-eth3,586,2204,7,28,0,0,0,0
2026-01-21T12:20:28.464501+00:00,s1-eth4,586,2204,7,28,0,0,0,0
2026-01-21T12:20:28.464501+00:00,s1-eth5,586,2294,7,29,0,0,0,0
2026-01-21T12:20:28.464501+00:00,s2-eth1,5148,5894,56,65,0,0,0,0
2026-01-21T12:20:28.464501+00:00,s2-eth2,4688,6354,50,71,0,0,0,0
2026-01-21T12:20:28.464501+00:00,s2-eth3,586,2134,7,27,0,0,0,0
2026-01-21T12:20:28.464501+00:00,s2-eth4,586,2134,7,27,0,0,0,0
2026-01-21T12:20:28.464501+00:00,s2-eth5,586,1958,7,25,0,0,0,0
2026-01-21T12:20:28.652029+00:00,s1-eth1,5992,5246,66,57,0,0,0,0
2026-01-21T12:20:28.652029+00:00,s1-eth2,4786,6452,51,72,0,0,0,0
2026-01-21T12:20:28.652029+00:00,s1-eth3,586,2204,7,28,0,0,0,0
2026-01-21T12:20:28.652029+00:00,s1-eth4,586,2204,7,28,0,0,0,0
2026-01-21T12:20:28.652029+00:00,s1-eth5,586,2294,7,29,0,0,0,0
2026-01-21T12:20:28.652029+00:00,s2-eth1,5246,5992,57,66,0,0,0,0
2026-01-21T12:20:28.652029+00:00,s2-eth2,4786,6452,51,72,0,0,0,0
2026-01-21T12:20:28.652029+00:00,s2-eth3,586,2134,7,27,0,0,0,0
2026-01-21T12:20:28.652029+00:00,s2-eth4,586,2134,7,27,0,0,0,0
2026-01-21T12:20:28.652029+00:00,s2-eth5,586,1958,7,25,0,0,0,0
2026-01-21T12:20:28.850572+00:00,s1-eth1,6090,5344,67,58,0,0,0,0
2026-01-21T12:20:28.850572+00:00,s1-eth2,4884,6550,52,73,0,0,0,0
2026-01-21T12:20:28.850572+00:00,s1-eth3,586,2204,7,28,0,0,0,0
2026-01-21T12:20:28.850572+00:00,s1-eth4,586,2204,7,28,0,0,0,0
2026-01-21T12:20:28.850572+00:00,s1-eth5,586,2294,7,29,0,0,0,0
2026-01-21T12:20:28.850572+00:00,s2-eth1,5344,6090,58,67,0,0,0,0
2026-01-21T12:20:28.850572+00:00,s2-eth2,4884,6550,52,73,0,0,0,0
2026-01-21T12:20:28.850572+00:00,s2-eth3,586,2134,7,27,0,0,0,0
2026-01-21T12:20:28.850572+00:00,s2-eth4,586,2134,7,27,0,0,0,0
2026-01-21T12:20:28.850572+00:00,s2-eth5,586,1958,7,25,0,0,0,0
2026-01-21T12:20:29.050480+00:00,s1-eth1,6188,5442,68,59,0,0,0,0
2026-01-21T12:20:29.050480+00:00,s1-eth2,4982,6648,53,74,0,0,0,0
2026-01-21T12:20:29.050480+00:00,s1-eth3,586,2204,7,28,0,0,0,0
2026-01-21T12:20:29.050480+00:00,s1-eth4,586,2204,7,28,0,0,0,0
2026-01-21T12:20:29.050480+00:00,s1-eth5,586,2294,7,29,0,0,0,0
2026-01-21T12:20:29.050480+00:00,s2-eth1,5442,6188,59,68,0,0,0,0
2026-01-21T12:20:29.050480+00:00,s2-eth2,4982,6648,53,74,0,0,0,0
2026-01-21T12:20:29.050480+00:00,s2-eth3,586,2134,7,27,0,0,0,0
2026-01-21T12:20:29.050480+00:00,s2-eth4,586,2134,7,27,0,0,0,0
2026-01-21T12:20:29.050480+00:00,s2-eth5,586,1958,7,25,0,0,0,0
2026-01-21T12:20:29.251105+00:00,s1-eth1,6286,5540,69,60,0,0,0,0
2026-01-21T12:20:29.251105+00:00,s1-eth2,5080,6746,54,75,0,0,0,0
2026-01-21T12:20:29.251105+00:00,s1-eth3,586,2204,7,28,0,0,0,0
2026-01-21T12:20:29.251105+00:00,s1-eth4,586,2204,7,28,0,0,0,0
2026-01-21T12:20:29.251105+00:00,s1-eth5,586,2294,7,29,0,0,0,0
2026-01-21T12:20:29.251105+00:00,s2-eth1,5540,6286,60,69,0,0,0,0
2026-01-21T12:20:29.251105+00:00,s2-eth2,5080,6746,54,75,0,0,0,0
2026-01-21T12:20:29.251105+00:00,s2-eth3,586,2134,7,27,0,0,0,0
2026-01-21T12:20:29.251105+00:00,s2-eth4,586,2134,7,27,0,0,0,0
2026-01-21T12:20:29.251105+00:00,s2-eth5,586,1958,7,25,0,0,0,0
2026-01-21T12:20:29.449931+00:00,s1-eth1,6384,5638,70,61,0,0,0,0
2026-01-21T12:20:29.449931+00:00,s1-eth2,5178,6914,55,77,0,0,0,0
2026-01-21T12:20:29.449931+00:00,s1-eth3,586,2204,7,28,0,0,0,0
2026-01-21T12:20:29.449931+00:00,s1-eth4,586,2204,7,28,0,0,0,0
2026-01-21T12:20:29.449931+00:00,s1-eth5,586,2294,7,29,0,0,0,0
2026-01-21T12:20:29.449931+00:00,s2-eth1,5638,6384,61,70,0,0,0,0
2026-01-21T12:20:29.449931+00:00,s2-eth2,5178,6844,55,76,0,0,0,0
2026-01-21T12:20:29.449931+00:00,s2-eth3,586,2134,7,27,0,0,0,0
2026-01-21T12:20:29.449931+00:00,s2-eth4,586,2134,7,27,0,0,0,0
2026-01-21T12:20:29.449931+00:00,s2-eth5,586,1958,7,25,0,0,0,0
2026-01-21T12:20:29.651816+00:00,s1-eth1,6482,5736,71,62,0,0,0,0
2026-01-21T12:20:29.651816+00:00,s1-eth2,5276,7012,56,78,0,0,0,0
2026-01-21T12:20:29.651816+00:00,s1-eth3,586,2204,7,28,0,0,0,0
2026-01-21T12:20:29.651816+00:00,s1-eth4,586,2204,7,28,0,0,0,0
2026-01-21T12:20:29.651816+00:00,s1-eth5,586,2294,7,29,0,0,0,0
2026-01-21T12:20:29.651816+00:00,s2-eth1,5736,6482,62,71,0,0,0,0
2026-01-21T12:20:29.651816+00:00,s2-eth2,5276,6942,56,77,0,0,0,0
2026-01-21T12:20:29.651816+00:00,s2-eth3,586,2134,7,27,0,0,0,0
2026-01-21T12:20:29.651816+00:00,s2-eth4,586,2134,7,27,0,0,0,0
2026-01-21T12:20:29.651816+00:00,s2-eth5,586,1958,7,25,0,0,0,0
2026-01-21T12:20:29.854846+00:00,s1-eth1,6580,5834,72,63,0,0,0,0
2026-01-21T12:20:29.854846+00:00,s1-eth2,5374,7110,57,79,0,0,0,0
2026-01-21T12:20:29.854846+00:00,s1-eth3,586,2204,7,28,0,0,0,0
2026-01-21T12:20:29.854846+00:00,s1-eth4,586,2204,7,28,0,0,0,0
2026-01-21T12:20:29.854846+00:00,s1-eth5,586,2294,7,29,0,0,0,0
2026-01-21T12:20:29.854846+00:00,s2-eth1,5834,6580,63,72,0,0,0,0
2026-01-21T12:20:29.854846+00:00,s2-eth2,5374,7040,57,78,0,0,0,0
2026-01-21T12:20:29.854846+00:00,s2-eth3,586,2134,7,27,0,0,0,0
2026-01-21T12:20:29.854846+00:00,s2-eth4,586,2134,7,27,0,0,0,0
2026-01-21T12:20:29.854846+00:00,s2-eth5,586,1958,7,25,0,0,0,0
2026-01-21T12:20:30.050327+00:00,s1-eth1,6678,5932,73,64,0,0,0,0
2026-01-21T12:20:30.050327+00:00,s1-eth2,5472,7208,58,80,0,0,0,0
2026-01-21T12:20:30.050327+00:00,s1-eth3,586,2204,7,28,0,0,0,0
2026-01-21T12:20:30.050327+00:00,s1-eth4,586,2204,7,28,0,0,0,0
2026-01-21T12:20:30.050327+00:00,s1-eth5,586,2294,7,29,0,0,0,0
2026-01-21T12:20:30.050327+00:00,s2-eth1,5932,6678,64,73,0,0,0,0
2026-01-21T12:20:30.050327+00:00,s2-eth2,5472,7138,58,79,0,0,0,0
2026-01-21T12:20:30.050327+00:00,s2-eth3,586,2134,7,27,0,0,0,0
2026-01-21T12:20:30.050327+00:00,s2-eth4,586,2134,7,27,0,0,0,0
2026-01-21T12:20:30.050327+00:00,s2-eth5,586,1958,7,25,0,0,0,0
2026-01-21T12:20:30.250764+00:00,s1-eth1,6776,6170,74,67,0,0,0,0
2026-01-21T12:20:30.250764+00:00,s1-eth2,5570,7376,59,82,0,0,0,0
2026-01-21T12:20:30.250764+00:00,s1-eth3,656,2204,8,28,0,0,0,0
2026-01-21T12:20:30.250764+00:00,s1-eth4,586,2274,7,29,0,0,0,0
2026-01-21T12:20:30.250764+00:00,s1-eth5,586,2364,7,30,0,0,0,0
2026-01-21T12:20:30.250764+00:00,s2-eth1,6170,6776,67,74,0,0,0,0
2026-01-21T12:20:30.250764+00:00,s2-eth2,5570,7376,59,82,0,0,0,0
2026-01-21T12:20:30.250764+00:00,s2-eth3,586,2274,7,29,0,0,0,0
2026-01-21T12:20:30.250764+00:00,s2-eth4,586,2274,7,29,0,0,0,0
2026-01-21T12:20:30.250764+00:00,s2-eth5,586,2098,7,27,0,0,0,0
2026-01-21T12:20:30.449887+00:00,s1-eth1,6874,6338,75,69,0,0,0,0
2026-01-21T12:20:30.449887+00:00,s1-eth2,5812,7474,62,83,0,0,0,0
2026-01-21T12:20:30.449887+00:00,s1-eth3,656,2344,8,30,0,0,0,0
2026-01-21T12:20:30.449887+00:00,s1-eth4,586,2344,7,30,0,0,0,0
2026-01-21T12:20:30.449887+00:00,s1-eth5,586,2434,7,31,0,0,0,0
2026-01-21T12:20:30.449887+00:00,s2-eth1,6581,6948,72,76,0,0,0,0
2026-01-21T12:20:30.449887+00:00,s2-eth2,5875,7787,63,87,0,0,136,2
2026-01-21T12:20:30.449887+00:00,s2-eth3,586,2386,7,31,0,0,0,0
2026-01-21T12:20:30.449887+00:00,s2-eth4,586,2428,7,32,0,0,0,0
2026-01-21T12:20:30.449887+00:00,s2-eth5,586,2252,7,30,0,0,0,0
2026-01-21T12:20:30.653172+00:00,s1-eth1,8773,14637,105,102,0,0,0,0
2026-01-21T12:20:30.653172+00:00,s1-eth2,12852,8284,77,96,0,0,0,0
2026-01-21T12:20:30.653172+00:00,s1-eth3,1007,2797,13,38,0,0,0,0
2026-01-21T12:20:30.653172+00:00,s1-eth4,1069,2905,14,40,0,0,0,0
2026-01-21T12:20:30.653172+00:00,s1-eth5,937,2887,12,39,0,0,0,0
2026-01-21T12:20:30.653172+00:00,s2-eth1,14637,8773,102,105,0,0,0,0
2026-01-21T12:20:30.653172+00:00,s2-eth2,7567,15843,90,117,0,0,0,0
2026-01-21T12:20:30.653172+00:00,s2-eth3,586,2470,7,33,0,0,0,0
2026-01-21T12:20:30.653172+00:00,s2-eth4,586,2470,7,33,0,0,0,0
2026-01-21T12:20:30.653172+00:00,s2-eth5,586,2294,7,31,0,0,0,0
2026-01-21T12:20:30.922270+00:00,s1-eth1,8969,23527,107,111,0,0,0,0
2026-01-21T12:20:30.922270+00:00,s1-eth2,21742,8480,86,98,0,0,0,0
2026-01-21T12:20:30.922270+00:00,s1-eth3,1007,2797,13,38,0,0,0,0
2026-01-21T12:20:30.922270+00:00,s1-eth4,1069,2975,14,41,0,0,0,0
2026-01-21T12:20:30.922270+00:00,s1-eth5,937,2887,12,39,0,0,0,0
2026-01-21T12:20:30.922270+00:00,s2-eth1,23527,8969,111,107,0,0,0,0
2026-01-21T12:20:30.922270+00:00,s2-eth2,7763,24733,92,126,0,0,0,0
2026-01-21T12:20:30.922270+00:00,s2-eth3,586,2470,7,33,0,0,0,0
2026-01-21T12:20:30.922270+00:00,s2-eth4,586,2470,7,33,0,0,70,1
2026-01-21T12:20:30.922270+00:00,s2-eth5,586,2294,7,32,0,0,0,0
2026-01-21T12:20:31.057904+00:00,s1-eth1,9039,27393,108,116,0,0,0,0
2026-01-21T12:20:31.057904+00:00,s1-eth2,25468,8690,89,101,0,0,0,0
2026-01-21T12:20:31.057904+00:00,s1-eth3,1007,3007,13,41,0,0,0,0
2026-01-21T12:20:31.057904+00:00,s1-eth4,1139,3115,15,43,0,0,0,0
2026-01-21T12:20:31.057904+00:00,s1-eth5,1007,3027,13,41,0,0,0,0
2026-01-21T12:20:31.057904+00:00,s2-eth1,28635,9039,117,108,0,0,0,0
2026-01-21T12:20:31.057904+00:00,s2-eth2,7763,29841,92,132,0,0,0,0
2026-01-21T12:20:31.057904+00:00,s2-eth3,586,2610,7,35,0,0,0,0
2026-01-21T12:20:31.057904+00:00,s2-eth4,586,2610,7,35,0,0,0,0
2026-01-21T12:20:31.057904+00:00,s2-eth5,586,2434,7,33,0,0,0,0
2026-01-21T12:20:31.274894+00:00,s1-eth1,9137,34943,109,123,0,0,0,0
2026-01-21T12:20:31.274894+00:00,s1-eth2,33018,8788,96,102,0,0,0,0
2026-01-21T12:20:31.274894+00:00,s1-eth3,1007,3007,13,41,0,0,0,0
2026-01-21T12:20:31.274894+00:00,s1-eth4,1139,3115,15,43,0,0,0,0
2026-01-21T12:20:31.274894+00:00,s1-eth5,1007,3027,13,41,0,0,0,0
2026-01-21T12:20:31.274894+00:00,s2-eth1,34943,9137,123,109,0,0,0,0
2026-01-21T12:20:31.274894+00:00,s2-eth2,7861,36149,93,138,0,0,0,0
2026-01-21T12:20:31.274894+00:00,s2-eth3,586,2610,7,35,0,0,0,0
2026-01-21T12:20:31.274894+00:00,s2-eth4,586,2610,7,35,0,0,0,0
2026-01-21T12:20:31.274894+00:00,s2-eth5,586,2434,7,33,0,0,0,0
2026-01-21T12:20:31.494599+00:00,s1-eth1,9235,42493,110,130,0,0,0,0
2026-01-21T12:20:31.494599+00:00,s1-eth2,40568,8886,103,103,0,0,70,1
2026-01-21T12:20:31.494599+00:00,s1-eth3,1007,3077,13,42,0,0,0,0
2026-01-21T12:20:31.494599+00:00,s1-eth4,1139,3185,15,44,0,0,0,0
2026-01-21T12:20:31.494599+00:00,s1-eth5,1007,3167,13,43,0,0,0,0
2026-01-21T12:20:31.494599+00:00,s2-eth1,42493,9305,130,111,0,0,0,0
2026-01-21T12:20:31.494599+00:00,s2-eth2,8029,43769,95,146,0,0,0,0
2026-01-21T12:20:31.494599+00:00,s2-eth3,586,2680,7,36,0,0,0,0
2026-01-21T12:20:31.494599+00:00,s2-eth4,586,2680,7,36,0,0,0,0
2026-01-21T12:20:31.494599+00:00,s2-eth5,586,2504,7,34,0,0,0,0
2026-01-21T12:20:31.728220+00:00,s1-eth1,9571,50141,114,138,0,0,0,0
2026-01-21T12:20:31.728220+00:00,s1-eth2,48216,9222,111,107,0,0,0,0
2026-01-21T12:20:31.728220+00:00,s1-eth3,1007,3147,13,43,0,0,0,0
2026-01-21T12:20:31.728220+00:00,s1-eth4,1139,3255,15,45,0,0,0,0
2026-01-21T12:20:31.728220+00:00,s1-eth5,1007,3237,13,44,0,0,0,0
2026-01-21T12:20:31.728220+00:00,s2-eth1,50141,9571,138,114,0,0,0,0
2026-01-21T12:20:31.728220+00:00,s2-eth2,8225,51487,97,155,0,0,0,0
2026-01-21T12:20:31.728220+00:00,s2-eth3,586,2750,7,37,0,0,0,0
2026-01-21T12:20:31.728220+00:00,s2-eth4,656,2680,8,36,0,0,0,0
2026-01-21T12:20:31.728220+00:00,s2-eth5,586,2574,7,35,0,0,0,0
2026-01-21T12:20:31.851758+00:00,s1-eth1,9571,53867,114,141,0,0,0,0
2026-01-21T12:20:31.851758+00:00,s1-eth2,51942,9222,114,107,0,0,0,0
2026-01-21T12:20:31.851758+00:00,s1-eth3,1007,3147,13,43,0,0,0,0
2026-01-21T12:20:31.851758+00:00,s1-eth4,1139,3255,15,45,0,0,0,0
2026-01-21T12:20:31.851758+00:00,s1-eth5,1007,3237,13,44,0,0,0,0
2026-01-21T12:20:31.851758+00:00,s2-eth1,53867,9571,141,114,0,0,0,0
2026-01-21T12:20:31.851758+00:00,s2-eth2,8225,55213,97,158,0,0,0,0
2026-01-21T12:20:31.851758+00:00,s2-eth3,586,2750,7,37,0,0,0,0
2026-01-21T12:20:31.851758+00:00,s2-eth4,656,2680,8,36,0,0,0,0
2026-01-21T12:20:31.851758+00:00,s2-eth5,586,2574,7,35,0,0,0,0
2026-01-21T12:20:32.050626+00:00,s1-eth1,9669,60175,115,147,0,0,0,0
2026-01-21T12:20:32.050626+00:00,s1-eth2,58250,9320,120,108,0,0,0,0
2026-01-21T12:20:32.050626+00:00,s1-eth3,1007,3147,13,43,0,0,0,0
2026-01-21T12:20:32.050626+00:00,s1-eth4,1139,3255,15,45,0,0,0,0
2026-01-21T12:20:32.050626+00:00,s1-eth5,1007,3237,13,44,0,0,0,0
2026-01-21T12:20:32.050626+00:00,s2-eth1,61417,9669,148,115,0,0,0,0
2026-01-21T12:20:32.050626+00:00,s2-eth2,8323,61521,98,164,0,0,0,0
2026-01-21T12:20:32.050626+00:00,s2-eth3,586,2750,7,37,0,0,0,0
2026-01-21T12:20:32.050626+00:00,s2-eth4,656,2680,8,36,0,0,0,0
2026-01-21T12:20:32.050626+00:00,s2-eth5,586,2574,7,35,0,0,0,0
2026-01-21T12:20:32.262947+00:00,s1-eth1,9767,67725,116,154,0,0,0,0
2026-01-21T12:20:32.262947+00:00,s1-eth2,65800,9418,127,109,0,0,0,0
2026-01-21T12:20:32.262947+00:00,s1-eth3,1007,3147,13,43,0,0,0,0
2026-01-21T12:20:32.262947+00:00,s1-eth4,1139,3255,15,45,0,0,0,0
2026-01-21T12:20:32.262947+00:00,s1-eth5,1007,3237,13,44,0,0,0,0
2026-01-21T12:20:32.262947+00:00,s2-eth1,67725,9767,154,116,0,0,0,0
2026-01-21T12:20:32.262947+00:00,s2-eth2,8421,69071,99,171,0,0,0,0
2026-01-21T12:20:32.262947+00:00,s2-eth3,586,2750,7,37,0,0,0,0
2026-01-21T12:20:32.262947+00:00,s2-eth4,656,2750,8,37,0,0,0,0
2026-01-21T12:20:32.262947+00:00,s2-eth5,586,2574,7,35,0,0,0,0
2026-01-21T12:20:32.449857+00:00,s1-eth1,9865,74033,117,160,0,0,0,0
2026-01-21T12:20:32.449857+00:00,s1-eth2,72108,9516,133,110,0,0,0,0
2026-01-21T12:20:32.449857+00:00,s1-eth3,1007,3147,13,43,0,0,0,0
2026-01-21T12:20:32.449857+00:00,s1-eth4,1139,3255,15,45,0,0,0,0
2026-01-21T12:20:32.449857+00:00,s1-eth5,1007,3237,13,44,0,0,0,0
2026-01-21T12:20:32.449857+00:00,s2-eth1,74033,9865,160,117,0,0,0,0
2026-01-21T12:20:32.449857+00:00,s2-eth2,8519,75379,100,177,0,0,0,0
2026-01-21T12:20:32.449857+00:00,s2-eth3,586,2750,7,37,0,0,0,0
2026-01-21T12:20:32.449857+00:00,s2-eth4,656,2750,8,37,0,0,0,0
2026-01-21T12:20:32.449857+00:00,s2-eth5,586,2574,7,35,0,0,0,0
2026-01-21T12:20:32.649779+00:00,s1-eth1,9963,80341,118,166,0,0,0,0
2026-01-21T12:20:32.649779+00:00,s1-eth2,78416,9614,139,111,0,0,0,0
2026-01-21T12:20:32.649779+00:00,s1-eth3,1007,3147,13,43,0,0,0,0
2026-01-21T12:20:32.649779+00:00,s1-eth4,1139,3255,15,45,0,0,0,0
2026-01-21T12:20:32.649779+00:00,s1-eth5,1007,3237,13,44,0,0,0,0
2026-01-21T12:20:32.649779+00:00,s2-eth1,80341,9963,166,118,0,0,0,0
2026-01-21T12:20:32.649779+00:00,s2-eth2,8617,81687,101,183,0,0,0,0
2026-01-21T12:20:32.649779+00:00,s2-eth3,586,2820,7,38,0,0,0,0
2026-01-21T12:20:32.649779+00:00,s2-eth4,656,2750,8,37,0,0,0,0
2026-01-21T12:20:32.649779+00:00,s2-eth5,586,2574,7,35,0,0,0,0
2026-01-21T12:20:32.864804+00:00,s1-eth1,10131,86649,120,172,0,0,0,0
2026-01-21T12:20:32.864804+00:00,s1-eth2,85966,9782,146,113,0,0,0,0
2026-01-21T12:20:32.864804+00:00,s1-eth3,1007,3217,13,44,0,0,0,0
2026-01-21T12:20:32.864804+00:00,s1-eth4,1139,3325,15,46,0,0,0,0
2026-01-21T12:20:32.864804+00:00,s1-eth5,1007,3307,13,45,0,0,0,0
2026-01-21T12:20:32.864804+00:00,s2-eth1,87891,10131,173,120,0,0,0,0
2026-01-21T12:20:32.864804+00:00,s2-eth2,8715,89307,102,191,0,0,0,0
2026-01-21T12:20:32.864804+00:00,s2-eth3,656,2820,8,38,0,0,0,0
2026-01-21T12:20:32.864804+00:00,s2-eth4,656,2820,8,38,0,0,0,0
2026-01-21T12:20:32.864804+00:00,s2-eth5,586,2644,7,36,0,0,0,0
2026-01-21T12:20:33.051641+00:00,s1-eth1,10229,92957,121,178,0,0,0,0
2026-01-21T12:20:33.051641+00:00,s1-eth2,91032,9880,151,114,0,0,0,0
2026-01-21T12:20:33.051641+00:00,s1-eth3,1007,3217,13,44,0,0,0,0
2026-01-21T12:20:33.051641+00:00,s1-eth4,1139,3325,15,46,0,0,0,0
2026-01-21T12:20:33.051641+00:00,s1-eth5,1007,3307,13,45,0,0,0,0
2026-01-21T12:20:33.051641+00:00,s2-eth1,94199,10229,179,121,0,0,0,0
2026-01-21T12:20:33.051641+00:00,s2-eth2,8813,95615,103,197,0,0,0,0
2026-01-21T12:20:33.051641+00:00,s2-eth3,656,2820,8,38,0,0,0,0
2026-01-21T12:20:33.051641+00:00,s2-eth4,656,2820,8,38,0,0,0,0
2026-01-21T12:20:33.051641+00:00,s2-eth5,586,2644,7,36,0,0,0,0
2026-01-21T12:20:33.302269+00:00,s1-eth1,10327,101749,122,186,0,0,0,0
2026-01-21T12:20:33.302269+00:00,s1-eth2,99824,9978,159,115,0,0,0,0
2026-01-21T12:20:33.302269+00:00,s1-eth3,1007,3217,13,44,0,0,0,0
2026-01-21T12:20:33.302269+00:00,s1-eth4,1139,3325,15,46,0,0,0,0
2026-01-21T12:20:33.302269+00:00,s1-eth5,1007,3307,13,45,0,0,0,0
2026-01-21T12:20:33.302269+00:00,s2-eth1,101749,10327,186,122,0,0,0,0
2026-01-21T12:20:33.302269+00:00,s2-eth2,8911,103165,104,204,0,0,0,0
2026-01-21T12:20:33.302269+00:00,s2-eth3,656,2820,8,38,0,0,0,0
2026-01-21T12:20:33.302269+00:00,s2-eth4,656,2820,8,38,0,0,0,0
2026-01-21T12:20:33.302269+00:00,s2-eth5,586,2644,7,36,0,0,0,0
2026-01-21T12:20:33.506272+00:00,s1-eth1,10425,108057,123,192,0,0,0,0
2026-01-21T12:20:33.506272+00:00,s1-eth2,106132,10076,165,116,0,0,70,1
2026-01-21T12:20:33.506272+00:00,s1-eth3,1007,3287,13,45,0,0,0,0
2026-01-21T12:20:33.506272+00:00,s1-eth4,1139,3395,15,47,0,0,0,0
2026-01-21T12:20:33.506272+00:00,s1-eth5,1007,3377,13,46,0,0,0,0
2026-01-21T12:20:33.506272+00:00,s2-eth1,108057,10495,192,124,0,0,0,0
2026-01-21T12:20:33.506272+00:00,s2-eth2,9009,109543,105,211,0,0,0,0
2026-01-21T12:20:33.506272+00:00,s2-eth3,656,2890,8,39,0,0,0,0
2026-01-21T12:20:33.506272+00:00,s2-eth4,656,2890,8,39,0,0,0,0
2026-01-21T12:20:33.506272+00:00,s2-eth5,656,2644,8,36,0,0,0,0
2026-01-21T12:20:33.690630+00:00,s1-eth1,10593,114365,125,198,0,0,0,0
2026-01-21T12:20:33.690630+00:00,s1-eth2,112440,10244,171,118,0,0,0,0
2026-01-21T12:20:33.690630+00:00,s1-eth3,1007,3287,13,45,0,0,0,0
2026-01-21T12:20:33.690630+00:00,s1-eth4,1139,3395,15,47,0,0,0,0
2026-01-21T12:20:33.690630+00:00,s1-eth5,1007,3377,13,46,0,0,0,0
2026-01-21T12:20:33.690630+00:00,s2-eth1,114365,10593,198,125,0,0,0,0
2026-01-21T12:20:33.690630+00:00,s2-eth2,9107,115851,106,217,0,0,0,0
2026-01-21T12:20:33.690630+00:00,s2-eth3,656,2890,8,39,0,0,0,0
2026-01-21T12:20:33.690630+00:00,s2-eth4,656,2890,8,39,0,0,0,0
2026-01-21T12:20:33.690630+00:00,s2-eth5,656,2644,8,36,0,0,0,0
2026-01-21T12:20:33.855169+00:00,s1-eth1,10691,119431,126,203,0,0,0,0
2026-01-21T12:20:33.855169+00:00,s1-eth2,117506,10342,176,119,0,0,0,0
2026-01-21T12:20:33.855169+00:00,s1-eth3,1007,3287,13,45,0,0,0,0
2026-01-21T12:20:33.855169+00:00,s1-eth4,1139,3395,15,47,0,0,0,0
2026-01-21T12:20:33.855169+00:00,s1-eth5,1007,3377,13,46,0,0,0,0
2026-01-21T12:20:33.855169+00:00,s2-eth1,119431,10691,203,126,0,0,0,0
2026-01-21T12:20:33.855169+00:00,s2-eth2,9205,122159,107,223,0,0,0,0
2026-01-21T12:20:33.855169+00:00,s2-eth3,656,2890,8,39,0,0,0,0
2026-01-21T12:20:33.855169+00:00,s2-eth4,656,2890,8,39,0,0,0,0
2026-01-21T12:20:33.855169+00:00,s2-eth5,656,2644,8,36,0,0,0,0
2026-01-21T12:20:34.051791+00:00,s1-eth1,10789,125739,127,209,0,0,0,0
2026-01-21T12:20:34.051791+00:00,s1-eth2,123814,10440,182,120,0,0,0,0
2026-01-21T12:20:34.051791+00:00,s1-eth3,1007,3287,13,45,0,0,0,0
2026-01-21T12:20:34.051791+00:00,s1-eth4,1139,3395,15,47,0,0,0,0
2026-01-21T12:20:34.051791+00:00,s1-eth5,1007,3377,13,46,0,0,0,0
2026-01-21T12:20:34.051791+00:00,s2-eth1,126981,10789,210,127,0,0,0,0
2026-01-21T12:20:34.051791+00:00,s2-eth2,9303,128467,108,229,0,0,0,0
2026-01-21T12:20:34.051791+00:00,s2-eth3,656,2890,8,39,0,0,0,0
2026-01-21T12:20:34.051791+00:00,s2-eth4,656,2890,8,39,0,0,0,0
2026-01-21T12:20:34.051791+00:00,s2-eth5,656,2714,8,37,0,0,0,0
2026-01-21T12:20:34.251731+00:00,s1-eth1,10887,133289,128,216,0,0,0,0
2026-01-21T12:20:34.251731+00:00,s1-eth2,131364,10538,189,121,0,0,0,0
2026-01-21T12:20:34.251731+00:00,s1-eth3,1007,3287,13,45,0,0,0,0
2026-01-21T12:20:34.251731+00:00,s1-eth4,1139,3395,15,47,0,0,0,0
2026-01-21T12:20:34.251731+00:00,s1-eth5,1007,3377,13,46,0,0,0,0
2026-01-21T12:20:34.251731+00:00,s2-eth1,133289,10887,216,128,0,0,0,0
2026-01-21T12:20:34.251731+00:00,s2-eth2,9401,134775,109,235,0,0,0,0
2026-01-21T12:20:34.251731+00:00,s2-eth3,656,2890,8,39,0,0,0,0
2026-01-21T12:20:34.251731+00:00,s2-eth4,656,2890,8,39,0,0,0,0
2026-01-21T12:20:34.251731+00:00,s2-eth5,656,2714,8,37,0,0,0,0
2026-01-21T12:20:34.453737+00:00,s1-eth1,10985,139597,129,222,0,0,0,0
2026-01-21T12:20:34.453737+00:00,s1-eth2,137672,10636,195,122,0,0,0,0
2026-01-21T12:20:34.453737+00:00,s1-eth3,1007,3287,13,45,0,0,0,0
2026-01-21T12:20:34.453737+00:00,s1-eth4,1139,3395,15,47,0,0,0,0
2026-01-21T12:20:34.453737+00:00,s1-eth5,1007,3377,13,46,0,0,0,0
2026-01-21T12:20:34.453737+00:00,s2-eth1,139597,10985,222,129,0,0,0,0
2026-01-21T12:20:34.453737+00:00,s2-eth2,9499,141083,110,241,0,0,0,0
2026-01-21T12:20:34.453737+00:00,s2-eth3,656,2890,8,39,0,0,0,0
2026-01-21T12:20:34.453737+00:00,s2-eth4,656,2890,8,39,0,0,0,0
2026-01-21T12:20:34.453737+00:00,s2-eth5,656,2714,8,37,0,0,0,0
2026-01-21T12:20:34.649965+00:00,s1-eth1,11083,145905,130,228,0,0,0,0
2026-01-21T12:20:34.649965+00:00,s1-eth2,143980,10734,201,123,0,0,0,0
2026-01-21T12:20:34.649965+00:00,s1-eth3,1007,3287,13,45,0,0,0,0
2026-01-21T12:20:34.649965+00:00,s1-eth4,1139,3395,15,47,0,0,0,0
2026-01-21T12:20:34.649965+00:00,s1-eth5,1007,3377,13,46,0,0,0,0
2026-01-21T12:20:34.649965+00:00,s2-eth1,145905,11083,228,130,0,0,0,0
2026-01-21T12:20:34.649965+00:00,s2-eth2,9597,147391,111,247,0,0,0,0
2026-01-21T12:20:34.649965+00:00,s2-eth3,656,2890,8,39,0,0,0,0
2026-01-21T12:20:34.649965+00:00,s2-eth4,656,2890,8,39,0,0,0,0
2026-01-21T12:20:34.649965+00:00,s2-eth5,656,2714,8,37,0,0,0,0
2026-01-21T12:20:34.850585+00:00,s1-eth1,11181,152213,131,234,0,0,0,0
2026-01-21T12:20:34.850585+00:00,s1-eth2,150288,10832,207,124,0,0,0,0
2026-01-21T12:20:34.850585+00:00,s1-eth3,1007,3287,13,45,0,0,0,0
2026-01-21T12:20:34.850585+00:00,s1-eth4,1139,3395,15,47,0,0,0,0
2026-01-21T12:20:34.850585+00:00,s1-eth5,1007,3377,13,46,0,0,0,0
2026-01-21T12:20:34.850585+00:00,s2-eth1,152213,11181,234,131,0,0,0,0
2026-01-21T12:20:34.850585+00:00,s2-eth2,9695,153699,112,253,0,0,1242,1
2026-01-21T12:20:34.850585+00:00,s2-eth3,656,2890,8,39,0,0,0,0
2026-01-21T12:20:34.850585+00:00,s2-eth4,656,2890,8,39,0,0,0,0
2026-01-21T12:20:34.850585+00:00,s2-eth5,656,2714,8,37,0,0,0,0
2026-01-21T12:20:35.051411+00:00,s1-eth1,11279,158521,132,240,0,0,0,0
2026-01-21T12:20:35.051411+00:00,s1-eth2,156596,10930,213,125,0,0,0,0
2026-01-21T12:20:35.051411+00:00,s1-eth3,1007,3287,13,45,0,0,0,0
2026-01-21T12:20:35.051411+00:00,s1-eth4,1139,3395,15,47,0,0,0,0
2026-01-21T12:20:35.051411+00:00,s1-eth5,1007,3377,13,46,0,0,0,0
2026-01-21T12:20:35.051411+00:00,s2-eth1,159763,11279,241,132,0,0,0,0
2026-01-21T12:20:35.051411+00:00,s2-eth2,9793,161249,113,260,0,0,0,0
2026-01-21T12:20:35.051411+00:00,s2-eth3,656,2890,8,39,0,0,0,0
2026-01-21T12:20:35.051411+00:00,s2-eth4,656,2890,8,39,0,0,0,0
2026-01-21T12:20:35.051411+00:00,s2-eth5,656,2714,8,37,0,0,0,0
2026-01-21T12:20:35.250511+00:00,s1-eth1,11377,166071,133,247,0,0,0,0
2026-01-21T12:20:35.250511+00:00,s1-eth2,164146,11028,220,126,0,0,0,0
2026-01-21T12:20:35.250511+00:00,s1-eth3,1007,3287,13,45,0,0,0,0
2026-01-21T12:20:35.250511+00:00,s1-eth4,1139,3395,15,47,0,0,0,0
2026-01-21T12:20:35.250511+00:00,s1-eth5,1007,3377,13,46,0,0,0,0
2026-01-21T12:20:35.250511+00:00,s2-eth1,166071,11377,247,133,0,0,0,0
2026-01-21T12:20:35.250511+00:00,s2-eth2,9891,167557,114,266,0,0,0,0
2026-01-21T12:20:35.250511+00:00,s2-eth3,656,2890,8,39,0,0,0,0
2026-01-21T12:20:35.250511+00:00,s2-eth4,656,2890,8,39,0,0,0,0
2026-01-21T12:20:35.250511+00:00,s2-eth5,656,2714,8,37,0,0,0,0
2026-01-21T12:20:35.449797+00:00,s1-eth1,11475,172379,134,253,0,0,0,0
2026-01-21T12:20:35.449797+00:00,s1-eth2,170454,11126,226,127,0,0,0,0
2026-01-21T12:20:35.449797+00:00,s1-eth3,1007,3287,13,45,0,0,0,0
2026-01-21T12:20:35.449797+00:00,s1-eth4,1139,3395,15,47,0,0,0,0
2026-01-21T12:20:35.449797+00:00,s1-eth5,1007,3377,13,46,0,0,0,0
2026-01-21T12:20:35.449797+00:00,s2-eth1,172379,11475,253,134,0,0,0,0
2026-01-21T12:20:35.449797+00:00,s2-eth2,9989,173865,115,272,0,0,0,0
2026-01-21T12:20:35.449797+00:00,s2-eth3,656,2890,8,39,0,0,0,0
2026-01-21T12:20:35.449797+00:00,s2-eth4,656,2890,8,39,0,0,0,0
2026-01-21T12:20:35.449797+00:00,s2-eth5,656,2714,8,37,0,0,0,0
2026-01-21T12:20:35.650021+00:00,s1-eth1,11699,178813,138,262,0,0,0,0
2026-01-21T12:20:35.650021+00:00,s1-eth2,176762,11224,232,128,0,0,0,0
2026-01-21T12:20:35.650021+00:00,s1-eth3,1049,3329,14,46,0,0,0,0
2026-01-21T12:20:35.650021+00:00,s1-eth4,1181,3437,16,48,0,0,0,0
2026-01-21T12:20:35.650021+00:00,s1-eth5,1049,3419,14,47,0,0,0,0
2026-01-21T12:20:35.650021+00:00,s2-eth1,178813,11699,262,138,0,0,0,0
2026-01-21T12:20:35.650021+00:00,s2-eth2,10213,180299,119,281,0,0,0,0
2026-01-21T12:20:35.650021+00:00,s2-eth3,656,2890,8,39,0,0,0,0
2026-01-21T12:20:35.650021+00:00,s2-eth4,656,2890,8,39,0,0,0,0
2026-01-21T12:20:35.650021+00:00,s2-eth5,656,2714,8,37,0,0,0,0
2026-01-21T12:20:35.864313+00:00,s1-eth1,11797,186363,139,269,0,0,0,0
2026-01-21T12:20:35.864313+00:00,s1-eth2,184312,11322,239,129,0,0,0,0
2026-01-21T12:20:35.864313+00:00,s1-eth3,1049,3329,14,46,0,0,0,0
2026-01-21T12:20:35.864313+00:00,s1-eth4,1181,3437,16,48,0,0,0,0
2026-01-21T12:20:35.864313+00:00,s1-eth5,1049,3419,14,47,0,0,0,0
2026-01-21T12:20:35.864313+00:00,s2-eth1,186363,11797,269,139,0,0,0,0
2026-01-21T12:20:35.864313+00:00,s2-eth2,10311,187849,120,288,0,0,0,0
2026-01-21T12:20:35.864313+00:00,s2-eth3,656,2890,8,39,0,0,0,0
2026-01-21T12:20:35.864313+00:00,s2-eth4,656,2890,8,39,0,0,0,0
2026-01-21T12:20:35.864313+00:00,s2-eth5,656,2714,8,37,0,0,0,0
2026-01-21T12:20:36.051204+00:00,s1-eth1,11895,191429,140,274,0,0,0,0
2026-01-21T12:20:36.051204+00:00,s1-eth2,190620,11420,245,130,0,0,0,0
2026-01-21T12:20:36.051204+00:00,s1-eth3,1049,3329,14,46,0,0,0,0
2026-01-21T12:20:36.051204+00:00,s1-eth4,1181,3437,16,48,0,0,0,0
2026-01-21T12:20:36.051204+00:00,s1-eth5,1049,3419,14,47,0,0,0,0
2026-01-21T12:20:36.051204+00:00,s2-eth1,192671,11895,275,140,0,0,0,0
2026-01-21T12:20:36.051204+00:00,s2-eth2,10409,194157,121,294,0,0,0,0
2026-01-21T12:20:36.051204+00:00,s2-eth3,656,2890,8,39,0,0,0,0
2026-01-21T12:20:36.051204+00:00,s2-eth4,656,2890,8,39,0,0,0,0
2026-01-21T12:20:36.051204+00:00,s2-eth5,656,2714,8,37,0,0,0,0
2026-01-21T12:20:36.258432+00:00,s1-eth1,11993,198979,141,281,0,0,0,0
2026-01-21T12:20:36.258432+00:00,s1-eth2,196928,11518,251,131,0,0,0,0
2026-01-21T12:20:36.258432+00:00,s1-eth3,1049,3329,14,46,0,0,0,0
2026-01-21T12:20:36.258432+00:00,s1-eth4,1181,3437,16,48,0,0,0,0
2026-01-21T12:20:36.258432+00:00,s1-eth5,1049,3419,14,47,0,0,0,0
2026-01-21T12:20:36.258432+00:00,s2-eth1,198979,11993,281,141,0,0,0,0
2026-01-21T12:20:36.258432+00:00,s2-eth2,10507,200465,122,300,0,0,0,0
2026-01-21T12:20:36.258432+00:00,s2-eth3,656,2890,8,39,0,0,0,0
2026-01-21T12:20:36.258432+00:00,s2-eth4,656,2890,8,39,0,0,0,0
2026-01-21T12:20:36.258432+00:00,s2-eth5,656,2714,8,37,0,0,0,0
2026-01-21T12:20:36.455481+00:00,s1-eth1,12091,205287,142,287,0,0,0,0
2026-01-21T12:20:36.455481+00:00,s1-eth2,203236,11616,257,132,0,0,0,0
2026-01-21T12:20:36.455481+00:00,s1-eth3,1049,3329,14,46,0,0,0,0
2026-01-21T12:20:36.455481+00:00,s1-eth4,1181,3437,16,48,0,0,0,0
2026-01-21T12:20:36.455481+00:00,s1-eth5,1049,3419,14,47,0,0,0,0
2026-01-21T12:20:36.455481+00:00,s2-eth1,205287,12091,287,142,0,0,0,0
2026-01-21T12:20:36.455481+00:00,s2-eth2,10605,206773,123,306,0,0,0,0
2026-01-21T12:20:36.455481+00:00,s2-eth3,656,2890,8,39,0,0,0,0
2026-01-21T12:20:36.455481+00:00,s2-eth4,656,2890,8,39,0,0,0,0
2026-01-21T12:20:36.455481+00:00,s2-eth5,656,2714,8,37,0,0,0,0
2026-01-21T12:20:36.705502+00:00,s1-eth1,12189,212837,143,294,0,0,0,0
2026-01-21T12:20:36.705502+00:00,s1-eth2,212028,11714,265,133,0,0,0,0
2026-01-21T12:20:36.705502+00:00,s1-eth3,1049,3329,14,46,0,0,0,0
2026-01-21T12:20:36.705502+00:00,s1-eth4,1181,3437,16,48,0,0,0,0
2026-01-21T12:20:36.705502+00:00,s1-eth5,1049,3419,14,47,0,0,0,0
2026-01-21T12:20:36.705502+00:00,s2-eth1,214079,12189,295,143,0,0,0,0
2026-01-21T12:20:36.705502+00:00,s2-eth2,10703,215565,124,314,0,0,0,0
2026-01-21T12:20:36.705502+00:00,s2-eth3,656,2890,8,39,0,0,0,0
2026-01-21T12:20:36.705502+00:00,s2-eth4,656,2890,8,39,0,0,0,0
2026-01-21T12:20:36.705502+00:00,s2-eth5,656,2714,8,37,0,0,0,0
2026-01-21T12:20:36.948067+00:00,s1-eth1,12287,221629,144,302,0,0,0,0
2026-01-21T12:20:36.948067+00:00,s1-eth2,219578,11812,272,134,0,0,0,0
2026-01-21T12:20:36.948067+00:00,s1-eth3,1049,3329,14,46,0,0,0,0
2026-01-21T12:20:36.948067+00:00,s1-eth4,1181,3437,16,48,0,0,0,0
2026-01-21T12:20:36.948067+00:00,s1-eth5,1049,3419,14,47,0,0,0,0
2026-01-21T12:20:36.948067+00:00,s2-eth1,221629,12287,302,144,0,0,0,0
2026-01-21T12:20:36.948067+00:00,s2-eth2,10801,223115,125,321,0,0,0,0
2026-01-21T12:20:36.948067+00:00,s2-eth3,656,2890,8,39,0,0,0,0
2026-01-21T12:20:36.948067+00:00,s2-eth4,656,2890,8,39,0,0,0,0
2026-01-21T12:20:36.948067+00:00,s2-eth5,656,2714,8,37,0,0,0,0
2026-01-21T12:20:37.070905+00:00,s1-eth1,12385,225453,145,306,0,0,0,0
2026-01-21T12:20:37.070905+00:00,s1-eth2,223402,11910,276,135,0,0,0,0
2026-01-21T12:20:37.070905+00:00,s1-eth3,1049,3329,14,46,0,0,0,0
2026-01-21T12:20:37.070905+00:00,s1-eth4,1181,3437,16,48,0,0,0,0
2026-01-21T12:20:37.070905+00:00,s1-eth5,1049,3419,14,47,0,0,0,0
2026-01-21T12:20:37.070905+00:00,s2-eth1,225453,12385,306,145,0,0,0,0
2026-01-21T12:20:37.070905+00:00,s2-eth2,10899,226939,126,325,0,0,0,0
2026-01-21T12:20:37.070905+00:00,s2-eth3,656,2890,8,39,0,0,0,0
2026-01-21T12:20:37.070905+00:00,s2-eth4,656,2890,8,39,0,0,0,0
2026-01-21T12:20:37.070905+00:00,s2-eth5,656,2714,8,37,0,0,0,0
2026-01-21T12:20:37.302886+00:00,s1-eth1,12385,232905,145,312,0,0,0,0
2026-01-21T12:20:37.302886+00:00,s1-eth2,230952,11910,283,135,0,0,0,0
2026-01-21T12:20:37.302886+00:00,s1-eth3,1049,3329,14,46,0,0,0,0
2026-01-21T12:20:37.302886+00:00,s1-eth4,1181,3437,16,48,0,0,0,0
2026-01-21T12:20:37.302886+00:00,s1-eth5,1049,3419,14,47,0,0,0,0
2026-01-21T12:20:37.302886+00:00,s2-eth1,233003,12483,313,146,0,0,0,0
2026-01-21T12:20:37.302886+00:00,s2-eth2,10997,234489,127,332,0,0,0,0
2026-01-21T12:20:37.302886+00:00,s2-eth3,656,2890,8,39,0,0,0,0
2026-01-21T12:20:37.302886+00:00,s2-eth4,656,2890,8,39,0,0,0,0
2026-01-21T12:20:37.302886+00:00,s2-eth5,656,2714,8,37,0,0,0,0
2026-01-21T12:20:37.455424+00:00,s1-eth1,12483,237971,146,317,0,0,0,0
2026-01-21T12:20:37.455424+00:00,s1-eth2,235920,12008,287,136,0,0,0,0
2026-01-21T12:20:37.455424+00:00,s1-eth3,1049,3329,14,46,0,0,0,0
2026-01-21T12:20:37.455424+00:00,s1-eth4,1181,3437,16,48,0,0,0,0
2026-01-21T12:20:37.455424+00:00,s1-eth5,1049,3419,14,47,0,0,0,0
2026-01-21T12:20:37.455424+00:00,s2-eth1,237971,12483,317,146,0,0,0,0
2026-01-21T12:20:37.455424+00:00,s2-eth2,10997,239457,127,336,0,0,0,0
2026-01-21T12:20:37.455424+00:00,s2-eth3,656,2890,8,39,0,0,0,0
2026-01-21T12:20:37.455424+00:00,s2-eth4,656,2890,8,39,0,0,0,0
2026-01-21T12:20:37.455424+00:00,s2-eth5,656,2714,8,37,0,0,0,0
2026-01-21T12:20:37.726672+00:00,s1-eth1,12581,246763,147,325,0,0,0,0
2026-01-21T12:20:37.726672+00:00,s1-eth2,244810,12106,296,137,0,0,98,1
2026-01-21T12:20:37.726672+00:00,s1-eth3,1049,3329,14,46,0,0,0,0
2026-01-21T12:20:37.726672+00:00,s1-eth4,1181,3437,16,48,0,0,0,0
2026-01-21T12:20:37.726672+00:00,s1-eth5,1049,3419,14,47,0,0,0,0
2026-01-21T12:20:37.726672+00:00,s2-eth1,246861,12679,326,148,0,0,0,0
2026-01-21T12:20:37.726672+00:00,s2-eth2,11193,248347,129,345,0,0,0,0
2026-01-21T12:20:37.726672+00:00,s2-eth3,656,2890,8,39,0,0,0,0
2026-01-21T12:20:37.726672+00:00,s2-eth4,656,2890,8,39,0,0,0,0
2026-01-21T12:20:37.726672+00:00,s2-eth5,656,2714,8,37,0,0,0,0
2026-01-21T12:20:37.850527+00:00,s1-eth1,12679,250587,148,329,0,0,0,0
2026-01-21T12:20:37.850527+00:00,s1-eth2,248536,12204,299,138,0,0,0,0
2026-01-21T12:20:37.850527+00:00,s1-eth3,1049,3329,14,46,0,0,0,0
2026-01-21T12:20:37.850527+00:00,s1-eth4,1181,3437,16,48,0,0,0,0
2026-01-21T12:20:37.850527+00:00,s1-eth5,1049,3419,14,47,0,0,0,0
2026-01-21T12:20:37.850527+00:00,s2-eth1,251829,12679,330,148,0,0,0,0
2026-01-21T12:20:37.850527+00:00,s2-eth2,11193,253315,129,349,0,0,0,0
2026-01-21T12:20:37.850527+00:00,s2-eth3,656,2890,8,39,0,0,0,0
2026-01-21T12:20:37.850527+00:00,s2-eth4,656,2890,8,39,0,0,0,0
2026-01-21T12:20:37.850527+00:00,s2-eth5,656,2714,8,37,0,0,0,0
2026-01-21T12:20:38.050666+00:00,s1-eth1,12777,258137,149,336,0,0,0,0
2026-01-21T12:20:38.050666+00:00,s1-eth2,256086,12302,306,139,0,0,0,0
2026-01-21T12:20:38.050666+00:00,s1-eth3,1049,3329,14,46,0,0,0,0
2026-01-21T12:20:38.050666+00:00,s1-eth4,1181,3437,16,48,0,0,0,0
2026-01-21T12:20:38.050666+00:00,s1-eth5,1049,3419,14,47,0,0,0,0
2026-01-21T12:20:38.050666+00:00,s2-eth1,258137,12777,336,149,0,0,0,0
2026-01-21T12:20:38.050666+00:00,s2-eth2,11291,259623,130,355,0,0,0,0
2026-01-21T12:20:38.050666+00:00,s2-eth3,656,2890,8,39,0,0,0,0
2026-01-21T12:20:38.050666+00:00,s2-eth4,656,2890,8,39,0,0,0,0
2026-01-21T12:20:38.050666+00:00,s2-eth5,656,2714,8,37,0,0,0,0
2026-01-21T12:20:38.318442+00:00,s1-eth1,12875,265687,150,343,0,0,0,0
2026-01-21T12:20:38.318442+00:00,s1-eth2,264878,12400,314,140,0,0,0,0
2026-01-21T12:20:38.318442+00:00,s1-eth3,1049,3329,14,46,0,0,0,0
2026-01-21T12:20:38.318442+00:00,s1-eth4,1181,3437,16,48,0,0,0,0
2026-01-21T12:20:38.318442+00:00,s1-eth5,1049,3419,14,47,0,0,0,0
2026-01-21T12:20:38.318442+00:00,s2-eth1,266929,12875,344,150,0,0,0,0
2026-01-21T12:20:38.318442+00:00,s2-eth2,11389,268415,131,363,0,0,0,0
2026-01-21T12:20:38.318442+00:00,s2-eth3,656,2890,8,39,0,0,0,0
2026-01-21T12:20:38.318442+00:00,s2-eth4,656,2890,8,39,0,0,0,0
2026-01-21T12:20:38.318442+00:00,s2-eth5,656,2714,8,37,0,0,0,0
2026-01-21T12:20:38.502829+00:00,s1-eth1,12973,271995,151,349,0,0,0,0
2026-01-21T12:20:38.502829+00:00,s1-eth2,269944,12498,319,141,0,0,0,0
2026-01-21T12:20:38.502829+00:00,s1-eth3,1049,3329,14,46,0,0,0,0
2026-01-21T12:20:38.502829+00:00,s1-eth4,1181,3437,16,48,0,0,0,0
2026-01-21T12:20:38.502829+00:00,s1-eth5,1049,3419,14,47,0,0,0,0
2026-01-21T12:20:38.502829+00:00,s2-eth1,273237,12973,350,151,0,0,0,0
2026-01-21T12:20:38.502829+00:00,s2-eth2,11487,274723,132,369,0,0,0,0
2026-01-21T12:20:38.502829+00:00,s2-eth3,656,2890,8,39,0,0,0,0
2026-01-21T12:20:38.502829+00:00,s2-eth4,656,2890,8,39,0,0,0,0
2026-01-21T12:20:38.502829+00:00,s2-eth5,656,2714,8,37,0,0,0,0
2026-01-21T12:20:38.650058+00:00,s1-eth1,13071,277061,152,354,0,0,0,0
2026-01-21T12:20:38.650058+00:00,s1-eth2,275010,12596,324,142,0,0,0,0
2026-01-21T12:20:38.650058+00:00,s1-eth3,1049,3329,14,46,0,0,0,0
2026-01-21T12:20:38.650058+00:00,s1-eth4,1181,3437,16,48,0,0,0,0
2026-01-21T12:20:38.650058+00:00,s1-eth5,1049,3419,14,47,0,0,0,0
2026-01-21T12:20:38.650058+00:00,s2-eth1,277061,13071,354,152,0,0,0,0
2026-01-21T12:20:38.650058+00:00,s2-eth2,11585,278547,133,373,0,0,1242,1
2026-01-21T12:20:38.650058+00:00,s2-eth3,656,2890,8,39,0,0,0,0
2026-01-21T12:20:38.650058+00:00,s2-eth4,656,2890,8,39,0,0,0,0
2026-01-21T12:20:38.650058+00:00,s2-eth5,656,2714,8,37,0,0,0,0
2026-01-21T12:20:38.871107+00:00,s1-eth1,13169,284611,153,361,0,0,0,0
2026-01-21T12:20:38.871107+00:00,s1-eth2,282560,12694,331,143,0,0,0,0
2026-01-21T12:20:38.871107+00:00,s1-eth3,1049,3329,14,46,0,0,0,0
2026-01-21T12:20:38.871107+00:00,s1-eth4,1181,3437,16,48,0,0,0,0
2026-01-21T12:20:38.871107+00:00,s1-eth5,1049,3419,14,47,0,0,0,0
2026-01-21T12:20:38.871107+00:00,s2-eth1,284611,13169,361,153,0,0,0,0
2026-01-21T12:20:38.871107+00:00,s2-eth2,11683,286097,134,380,0,0,0,0
2026-01-21T12:20:38.871107+00:00,s2-eth3,656,2890,8,39,0,0,0,0
2026-01-21T12:20:38.871107+00:00,s2-eth4,656,2890,8,39,0,0,0,0
2026-01-21T12:20:38.871107+00:00,s2-eth5,656,2714,8,37,0,0,0,0
2026-01-21T12:20:39.092956+00:00,s1-eth1,13267,292161,154,368,0,0,0,0
2026-01-21T12:20:39.092956+00:00,s1-eth2,290110,12792,338,144,0,0,0,0
2026-01-21T12:20:39.092956+00:00,s1-eth3,1049,3329,14,46,0,0,0,0
2026-01-21T12:20:39.092956+00:00,s1-eth4,1181,3437,16,48,0,0,0,0
2026-01-21T12:20:39.092956+00:00,s1-eth5,1049,3419,14,47,0,0,0,0
2026-01-21T12:20:39.092956+00:00,s2-eth1,292161,13267,368,154,0,0,0,0
2026-01-21T12:20:39.092956+00:00,s2-eth2,11781,293647,135,387,0,0,0,0
2026-01-21T12:20:39.092956+00:00,s2-eth3,656,2890,8,39,0,0,0,0
2026-01-21T12:20:39.092956+00:00,s2-eth4,656,2890,8,39,0,0,0,0
2026-01-21T12:20:39.092956+00:00,s2-eth5,656,2714,8,37,0,0,0,0
2026-01-21T12:20:39.260758+00:00,s1-eth1,13365,297227,155,373,0,0,0,0
2026-01-21T12:20:39.260758+00:00,s1-eth2,295176,12890,343,145,0,0,0,0
2026-01-21T12:20:39.260758+00:00,s1-eth3,1049,3329,14,46,0,0,0,0
2026-01-21T12:20:39.260758+00:00,s1-eth4,1181,3437,16,48,0,0,0,0
2026-01-21T12:20:39.260758+00:00,s1-eth5,1049,3419,14,47,0,0,0,0
2026-01-21T12:20:39.260758+00:00,s2-eth1,297227,13365,373,155,0,0,0,0
2026-01-21T12:20:39.260758+00:00,s2-eth2,11879,298713,136,392,0,0,0,0
2026-01-21T12:20:39.260758+00:00,s2-eth3,656,2890,8,39,0,0,0,0
2026-01-21T12:20:39.260758+00:00,s2-eth4,656,2890,8,39,0,0,0,0
2026-01-21T12:20:39.260758+00:00,s2-eth5,656,2714,8,37,0,0,0,0
2026-01-21T12:20:39.494422+00:00,s1-eth1,13463,304777,156,380,0,0,0,0
2026-01-21T12:20:39.494422+00:00,s1-eth2,302726,12988,350,146,0,0,0,0
2026-01-21T12:20:39.494422+00:00,s1-eth3,1049,3329,14,46,0,0,0,0
2026-01-21T12:20:39.494422+00:00,s1-eth4,1181,3437,16,48,0,0,0,0
2026-01-21T12:20:39.494422+00:00,s1-eth5,1049,3419,14,47,0,0,0,0
2026-01-21T12:20:39.494422+00:00,s2-eth1,304777,13463,380,156,0,0,0,0
2026-01-21T12:20:39.494422+00:00,s2-eth2,11977,306263,137,399,0,0,0,0
2026-01-21T12:20:39.494422+00:00,s2-eth3,656,2890,8,39,0,0,0,0
2026-01-21T12:20:39.494422+00:00,s2-eth4,656,2890,8,39,0,0,0,0
2026-01-21T12:20:39.494422+00:00,s2-eth5,656,2714,8,37,0,0,0,0
2026-01-21T12:20:39.655323+00:00,s1-eth1,13561,309843,157,385,0,0,0,0
2026-01-21T12:20:39.655323+00:00,s1-eth2,307792,13086,355,147,0,0,0,0
2026-01-21T12:20:39.655323+00:00,s1-eth3,1049,3329,14,46,0,0,0,0
2026-01-21T12:20:39.655323+00:00,s1-eth4,1181,3437,16,48,0,0,0,0
2026-01-21T12:20:39.655323+00:00,s1-eth5,1049,3419,14,47,0,0,0,0
2026-01-21T12:20:39.655323+00:00,s2-eth1,311085,13561,386,157,0,0,0,0
2026-01-21T12:20:39.655323+00:00,s2-eth2,12075,312571,138,405,0,0,0,0
2026-01-21T12:20:39.655323+00:00,s2-eth3,656,2890,8,39,0,0,0,0
2026-01-21T12:20:39.655323+00:00,s2-eth4,656,2890,8,39,0,0,0,0
2026-01-21T12:20:39.655323+00:00,s2-eth5,656,2714,8,37,0,0,0,0
2026-01-21T12:20:39.859209+00:00,s1-eth1,13659,317393,158,392,0,0,0,0
2026-01-21T12:20:39.859209+00:00,s1-eth2,315342,13184,362,148,0,0,0,0
2026-01-21T12:20:39.859209+00:00,s1-eth3,1049,3329,14,46,0,0,0,0
2026-01-21T12:20:39.859209+00:00,s1-eth4,1181,3437,16,48,0,0,0,0
2026-01-21T12:20:39.859209+00:00,s1-eth5,1049,3419,14,47,0,0,0,0
2026-01-21T12:20:39.859209+00:00,s2-eth1,317393,13659,392,158,0,0,0,0
2026-01-21T12:20:39.859209+00:00,s2-eth2,12173,318879,139,411,0,0,0,0
2026-01-21T12:20:39.859209+00:00,s2-eth3,656,2890,8,39,0,0,0,0
2026-01-21T12:20:39.859209+00:00,s2-eth4,656,2890,8,39,0,0,0,0
2026-01-21T12:20:39.859209+00:00,s2-eth5,656,2714,8,37,0,0,0,0
2026-01-21T12:20:40.070318+00:00,s1-eth1,13757,323701,159,398,0,0,0,0
2026-01-21T12:20:40.070318+00:00,s1-eth2,321650,13282,368,149,0,0,0,0
2026-01-21T12:20:40.070318+00:00,s1-eth3,1049,3329,14,46,0,0,0,0
2026-01-21T12:20:40.070318+00:00,s1-eth4,1181,3437,16,48,0,0,0,0
2026-01-21T12:20:40.070318+00:00,s1-eth5,1049,3419,14,47,0,0,0,0
2026-01-21T12:20:40.070318+00:00,s2-eth1,323701,13757,398,159,0,0,0,0
2026-01-21T12:20:40.070318+00:00,s2-eth2,12271,325187,140,417,0,0,0,0
2026-01-21T12:20:40.070318+00:00,s2-eth3,656,2890,8,39,0,0,0,0
2026-01-21T12:20:40.070318+00:00,s2-eth4,656,2890,8,39,0,0,0,0
2026-01-21T12:20:40.070318+00:00,s2-eth5,656,2714,8,37,0,0,0,0
2026-01-21T12:20:40.250227+00:00,s1-eth1,13855,330009,160,404,0,0,0,0
2026-01-21T12:20:40.250227+00:00,s1-eth2,327958,13380,374,150,0,0,0,0
2026-01-21T12:20:40.250227+00:00,s1-eth3,1049,3329,14,46,0,0,0,0
2026-01-21T12:20:40.250227+00:00,s1-eth4,1181,3437,16,48,0,0,0,0
2026-01-21T12:20:40.250227+00:00,s1-eth5,1049,3419,14,47,0,0,0,0
2026-01-21T12:20:40.250227+00:00,s2-eth1,330009,13855,404,160,0,0,0,0
2026-01-21T12:20:40.250227+00:00,s2-eth2,12369,331495,141,423,0,0,0,0
2026-01-21T12:20:40.250227+00:00,s2-eth3,656,2890,8,39,0,0,0,0
2026-01-21T12:20:40.250227+00:00,s2-eth4,656,2890,8,39,0,0,0,0
2026-01-21T12:20:40.250227+00:00,s2-eth5,656,2714,8,37,0,0,0,0
2026-01-21T12:20:40.452440+00:00,s1-eth1,13953,336317,161,410,0,0,0,0
2026-01-21T12:20:40.452440+00:00,s1-eth2,334266,13478,380,151,0,0,0,0
2026-01-21T12:20:40.452440+00:00,s1-eth3,1049,3329,14,46,0,0,0,0
2026-01-21T12:20:40.452440+00:00,s1-eth4,1181,3437,16,48,0,0,0,0
2026-01-21T12:20:40.452440+00:00,s1-eth5,1049,3419,14,47,0,0,0,0
2026-01-21T12:20:40.452440+00:00,s2-eth1,336317,13953,410,161,0,0,0,0
2026-01-21T12:20:40.452440+00:00,s2-eth2,12467,337803,142,429,0,0,0,0
2026-01-21T12:20:40.452440+00:00,s2-eth3,656,2890,8,39,0,0,0,0
2026-01-21T12:20:40.452440+00:00,s2-eth4,656,2890,8,39,0,0,0,0
2026-01-21T12:20:40.452440+00:00,s2-eth5,656,2714,8,37,0,0,0,0
2026-01-21T12:20:40.649957+00:00,s1-eth1,14051,342625,162,416,0,0,0,0
2026-01-21T12:20:40.649957+00:00,s1-eth2,340574,13576,386,152,0,0,0,0
2026-01-21T12:20:40.649957+00:00,s1-eth3,1049,3329,14,46,0,0,0,0
2026-01-21T12:20:40.649957+00:00,s1-eth4,1181,3437,16,48,0,0,0,0
2026-01-21T12:20:40.649957+00:00,s1-eth5,1049,3419,14,47,0,0,0,0
2026-01-21T12:20:40.649957+00:00,s2-eth1,342625,14051,416,162,0,0,0,0
2026-01-21T12:20:40.649957+00:00,s2-eth2,12565,345353,143,436,0,0,0,0
2026-01-21T12:20:40.649957+00:00,s2-eth3,656,2890,8,39,0,0,0,0
2026-01-21T12:20:40.649957+00:00,s2-eth4,656,2890,8,39,0,0,0,0
2026-01-21T12:20:40.649957+00:00,s2-eth5,656,2714,8,37,0,0,0,0
2026-01-21T12:20:40.866548+00:00,s1-eth1,14149,350175,163,423,0,0,0,0
2026-01-21T12:20:40.866548+00:00,s1-eth2,348124,13674,393,153,0,0,0,0
2026-01-21T12:20:40.866548+00:00,s1-eth3,1049,3329,14,46,0,0,0,0
2026-01-21T12:20:40.866548+00:00,s1-eth4,1181,3437,16,48,0,0,0,0
2026-01-21T12:20:40.866548+00:00,s1-eth5,1049,3419,14,47,0,0,0,0
2026-01-21T12:20:40.866548+00:00,s2-eth1,350175,14149,423,163,0,0,0,0
2026-01-21T12:20:40.866548+00:00,s2-eth2,12663,351661,144,442,0,0,0,0
2026-01-21T12:20:40.866548+00:00,s2-eth3,656,2890,8,39,0,0,0,0
2026-01-21T12:20:40.866548+00:00,s2-eth4,656,2890,8,39,0,0,0,0
2026-01-21T12:20:40.866548+00:00,s2-eth5,656,2714,8,37,0,0,0,0
2026-01-21T12:20:41.075071+00:00,s1-eth1,14247,356483,164,429,0,0,0,0
2026-01-21T12:20:41.075071+00:00,s1-eth2,354432,13772,399,154,0,0,0,0
2026-01-21T12:20:41.075071+00:00,s1-eth3,1049,3329,14,46,0,0,0,0
2026-01-21T12:20:41.075071+00:00,s1-eth4,1181,3437,16,48,0,0,0,0
2026-01-21T12:20:41.075071+00:00,s1-eth5,1049,3419,14,47,0,0,0,0
2026-01-21T12:20:41.075071+00:00,s2-eth1,357725,14247,430,164,0,0,0,0
2026-01-21T12:20:41.075071+00:00,s2-eth2,12761,359211,145,449,0,0,0,0
2026-01-21T12:20:41.075071+00:00,s2-eth3,656,2890,8,39,0,0,0,0
2026-01-21T12:20:41.075071+00:00,s2-eth4,656,2890,8,39,0,0,0,0
2026-01-21T12:20:41.075071+00:00,s2-eth5,656,2714,8,37,0,0,0,0
2026-01-21T12:20:41.319019+00:00,s1-eth1,14345,365275,165,437,0,0,0,0
2026-01-21T12:20:41.319019+00:00,s1-eth2,363224,13870,407,155,0,0,0,0
2026-01-21T12:20:41.319019+00:00,s1-eth3,1049,3329,14,46,0,0,0,0
2026-01-21T12:20:41.319019+00:00,s1-eth4,1181,3437,16,48,0,0,0,0
2026-01-21T12:20:41.319019+00:00,s1-eth5,1049,3419,14,47,0,0,0,0
2026-01-21T12:20:41.319019+00:00,s2-eth1,365275,14345,437,165,0,0,0,0
2026-01-21T12:20:41.319019+00:00,s2-eth2,12859,366761,146,456,0,0,0,0
2026-01-21T12:20:41.319019+00:00,s2-eth3,656,2890,8,39,0,0,0,0
2026-01-21T12:20:41.319019+00:00,s2-eth4,656,2890,8,39,0,0,0,0
2026-01-21T12:20:41.319019+00:00,s2-eth5,656,2714,8,37,0,0,0,0
2026-01-21T12:20:41.449892+00:00,s1-eth1,14443,369099,166,441,0,0,0,0
2026-01-21T12:20:41.449892+00:00,s1-eth2,367048,13968,411,156,0,0,0,0
2026-01-21T12:20:41.449892+00:00,s1-eth3,1049,3329,14,46,0,0,0,0
2026-01-21T12:20:41.449892+00:00,s1-eth4,1181,3437,16,48,0,0,0,0
2026-01-21T12:20:41.449892+00:00,s1-eth5,1049,3419,14,47,0,0,0,0
2026-01-21T12:20:41.449892+00:00,s2-eth1,369099,14443,441,166,0,0,0,0
2026-01-21T12:20:41.449892+00:00,s2-eth2,12957,370585,147,460,0,0,0,0
2026-01-21T12:20:41.449892+00:00,s2-eth3,656,2890,8,39,0,0,0,0
2026-01-21T12:20:41.449892+00:00,s2-eth4,656,2890,8,39,0,0,0,0
2026-01-21T12:20:41.449892+00:00,s2-eth5,656,2714,8,37,0,0,0,0
2026-01-21T12:20:41.649899+00:00,s1-eth1,14541,375407,167,447,0,0,0,0
2026-01-21T12:20:41.649899+00:00,s1-eth2,373356,14066,417,157,0,0,0,0
2026-01-21T12:20:41.649899+00:00,s1-eth3,1049,3329,14,46,0,0,0,0
2026-01-21T12:20:41.649899+00:00,s1-eth4,1181,3437,16,48,0,0,0,0
2026-01-21T12:20:41.649899+00:00,s1-eth5,1049,3419,14,47,0,0,0,0
2026-01-21T12:20:41.649899+00:00,s2-eth1,376649,14541,448,167,0,0,0,0
2026-01-21T12:20:41.649899+00:00,s2-eth2,13055,378135,148,467,0,0,0,0
2026-01-21T12:20:41.649899+00:00,s2-eth3,656,2890,8,39,0,0,0,0
2026-01-21T12:20:41.649899+00:00,s2-eth4,656,2890,8,39,0,0,0,0
2026-01-21T12:20:41.649899+00:00,s2-eth5,656,2714,8,37,0,0,0,0
2026-01-21T12:20:41.865340+00:00,s1-eth1,14639,382957,168,454,0,0,0,0
2026-01-21T12:20:41.865340+00:00,s1-eth2,380906,14164,424,158,0,0,0,0
2026-01-21T12:20:41.865340+00:00,s1-eth3,1049,3329,14,46,0,0,0,0
2026-01-21T12:20:41.865340+00:00,s1-eth4,1181,3437,16,48,0,0,0,0
2026-01-21T12:20:41.865340+00:00,s1-eth5,1049,3419,14,47,0,0,0,0
2026-01-21T12:20:41.865340+00:00,s2-eth1,382957,14639,454,168,0,0,0,0
2026-01-21T12:20:41.865340+00:00,s2-eth2,13153,384443,149,473,0,0,0,0
2026-01-21T12:20:41.865340+00:00,s2-eth3,656,2890,8,39,0,0,0,0
2026-01-21T12:20:41.865340+00:00,s2-eth4,656,2890,8,39,0,0,0,0
2026-01-21T12:20:41.865340+00:00,s2-eth5,656,2714,8,37,0,0,0,0
2026-01-21T12:20:42.061775+00:00,s1-eth1,14737,389265,169,460,0,0,0,0
2026-01-21T12:20:42.061775+00:00,s1-eth2,387214,14262,430,159,0,0,0,0
2026-01-21T12:20:42.061775+00:00,s1-eth3,1049,3329,14,46,0,0,0,0
2026-01-21T12:20:42.061775+00:00,s1-eth4,1181,3437,16,48,0,0,0,0
2026-01-21T12:20:42.061775+00:00,s1-eth5,1049,3419,14,47,0,0,0,0
2026-01-21T12:20:42.061775+00:00,s2-eth1,389265,14737,460,169,0,0,0,0
2026-01-21T12:20:42.061775+00:00,s2-eth2,13251,390751,150,479,0,0,0,0
2026-01-21T12:20:42.061775+00:00,s2-eth3,656,2890,8,39,0,0,0,0
2026-01-21T12:20:42.061775+00:00,s2-eth4,656,2890,8,39,0,0,0,0
2026-01-21T12:20:42.061775+00:00,s2-eth5,656,2714,8,37,0,0,0,0
2026-01-21T12:20:42.321727+00:00,s1-eth1,14835,398057,170,468,0,0,0,0
2026-01-21T12:20:42.321727+00:00,s1-eth2,396006,14360,438,160,0,0,0,0
2026-01-21T12:20:42.321727+00:00,s1-eth3,1049,3329,14,46,0,0,0,0
2026-01-21T12:20:42.321727+00:00,s1-eth4,1181,3437,16,48,0,0,0,0
2026-01-21T12:20:42.321727+00:00,s1-eth5,1049,3419,14,47,0,0,0,0
2026-01-21T12:20:42.321727+00:00,s2-eth1,398057,14835,468,170,0,0,0,0
2026-01-21T12:20:42.321727+00:00,s2-eth2,13349,399543,151,487,0,0,0,0
2026-01-21T12:20:42.321727+00:00,s2-eth3,656,2890,8,39,0,0,0,0
2026-01-21T12:20:42.321727+00:00,s2-eth4,656,2890,8,39,0,0,0,0
2026-01-21T12:20:42.321727+00:00,s2-eth5,656,2714,8,37,0,0,0,0
2026-01-21T12:20:42.450826+00:00,s1-eth1,14933,401881,171,472,0,0,0,0
2026-01-21T12:20:42.450826+00:00,s1-eth2,399830,14458,442,161,0,0,0,0
2026-01-21T12:20:42.450826+00:00,s1-eth3,1049,3329,14,46,0,0,0,0
2026-01-21T12:20:42.450826+00:00,s1-eth4,1181,3437,16,48,0,0,0,0
2026-01-21T12:20:42.450826+00:00,s1-eth5,1049,3419,14,47,0,0,0,0
2026-01-21T12:20:42.450826+00:00,s2-eth1,401881,14933,472,171,0,0,0,0
2026-01-21T12:20:42.450826+00:00,s2-eth2,13447,403367,152,491,0,0,0,0
2026-01-21T12:20:42.450826+00:00,s2-eth3,656,2890,8,39,0,0,0,0
2026-01-21T12:20:42.450826+00:00,s2-eth4,656,2890,8,39,0,0,0,0
2026-01-21T12:20:42.450826+00:00,s2-eth5,656,2714,8,37,0,0,0,0
2026-01-21T12:20:42.670162+00:00,s1-eth1,15031,409431,172,479,0,0,0,0
2026-01-21T12:20:42.670162+00:00,s1-eth2,407380,14556,449,162,0,0,0,0
2026-01-21T12:20:42.670162+00:00,s1-eth3,1049,3329,14,46,0,0,0,0
2026-01-21T12:20:42.670162+00:00,s1-eth4,1181,3437,16,48,0,0,0,0
2026-01-21T12:20:42.670162+00:00,s1-eth5,1049,3419,14,47,0,0,0,0
2026-01-21T12:20:42.670162+00:00,s2-eth1,409431,15031,479,172,0,0,0,0
2026-01-21T12:20:42.670162+00:00,s2-eth2,13545,410917,153,498,0,0,0,0
2026-01-21T12:20:42.670162+00:00,s2-eth3,656,2890,8,39,0,0,0,0
2026-01-21T12:20:42.670162+00:00,s2-eth4,656,2890,8,39,0,0,0,0
2026-01-21T12:20:42.670162+00:00,s2-eth5,656,2714,8,37,0,0,0,0
2026-01-21T12:20:42.867670+00:00,s1-eth1,15129,415739,173,485,0,0,0,0
2026-01-21T12:20:42.867670+00:00,s1-eth2,413688,14654,455,163,0,0,0,0
2026-01-21T12:20:42.867670+00:00,s1-eth3,1049,3329,14,46,0,0,0,0
2026-01-21T12:20:42.867670+00:00,s1-eth4,1181,3437,16,48,0,0,0,0
2026-01-21T12:20:42.867670+00:00,s1-eth5,1049,3419,14,47,0,0,0,0
2026-01-21T12:20:42.867670+00:00,s2-eth1,415739,15129,485,173,0,0,0,0
2026-01-21T12:20:42.867670+00:00,s2-eth2,13643,417225,154,504,0,0,0,0
2026-01-21T12:20:42.867670+00:00,s2-eth3,656,2890,8,39,0,0,0,0
2026-01-21T12:20:42.867670+00:00,s2-eth4,656,2890,8,39,0,0,0,0
2026-01-21T12:20:42.867670+00:00,s2-eth5,656,2714,8,37,0,0,0,0
2026-01-21T12:20:43.052769+00:00,s1-eth1,15227,422047,174,491,0,0,0,0
2026-01-21T12:20:43.052769+00:00,s1-eth2,419996,14752,461,164,0,0,0,0
2026-01-21T12:20:43.052769+00:00,s1-eth3,1049,3329,14,46,0,0,0,0
2026-01-21T12:20:43.052769+00:00,s1-eth4,1181,3437,16,48,0,0,0,0
2026-01-21T12:20:43.052769+00:00,s1-eth5,1049,3419,14,47,0,0,0,0
2026-01-21T12:20:43.052769+00:00,s2-eth1,422047,15227,491,174,0,0,0,0
2026-01-21T12:20:43.052769+00:00,s2-eth2,13741,423533,155,510,0,0,0,0
2026-01-21T12:20:43.052769+00:00,s2-eth3,656,2890,8,39,0,0,0,0
2026-01-21T12:20:43.052769+00:00,s2-eth4,656,2890,8,39,0,0,0,0
2026-01-21T12:20:43.052769+00:00,s2-eth5,656,2714,8,37,0,0,0,0
2026-01-21T12:20:43.261493+00:00,s1-eth1,15325,428355,175,497,0,0,0,0
2026-01-21T12:20:43.261493+00:00,s1-eth2,426304,14850,467,165,0,0,0,0
2026-01-21T12:20:43.261493+00:00,s1-eth3,1049,3329,14,46,0,0,0,0
2026-01-21T12:20:43.261493+00:00,s1-eth4,1181,3437,16,48,0,0,0,0
2026-01-21T12:20:43.261493+00:00,s1-eth5,1049,3419,14,47,0,0,0,0
2026-01-21T12:20:43.261493+00:00,s2-eth1,429597,15325,498,175,0,0,0,0
2026-01-21T12:20:43.261493+00:00,s2-eth2,13839,431083,156,517,0,0,0,0
2026-01-21T12:20:43.261493+00:00,s2-eth3,656,2890,8,39,0,0,0,0
2026-01-21T12:20:43.261493+00:00,s2-eth4,656,2890,8,39,0,0,0,0
2026-01-21T12:20:43.261493+00:00,s2-eth5,656,2714,8,37,0,0,0,0
2026-01-21T12:20:43.502017+00:00,s1-eth1,15423,435905,176,504,0,0,0,0
2026-01-21T12:20:43.502017+00:00,s1-eth2,435096,14948,475,166,0,0,0,0
2026-01-21T12:20:43.502017+00:00,s1-eth3,1049,3329,14,46,0,0,0,0
2026-01-21T12:20:43.502017+00:00,s1-eth4,1181,3437,16,48,0,0,0,0
2026-01-21T12:20:43.502017+00:00,s1-eth5,1049,3419,14,47,0,0,0,0
2026-01-21T12:20:43.502017+00:00,s2-eth1,437147,15423,505,176,0,0,0,0
2026-01-21T12:20:43.502017+00:00,s2-eth2,13937,438633,157,524,0,0,0,0
2026-01-21T12:20:43.502017+00:00,s2-eth3,656,2890,8,39,0,0,0,0
2026-01-21T12:20:43.502017+00:00,s2-eth4,656,2890,8,39,0,0,0,0
2026-01-21T12:20:43.502017+00:00,s2-eth5,656,2714,8,37,0,0,0,0
2026-01-21T12:20:43.649806+00:00,s1-eth1,15423,440873,176,508,0,0,0,0
2026-01-21T12:20:43.649806+00:00,s1-eth2,438822,14948,478,166,0,0,0,0
2026-01-21T12:20:43.649806+00:00,s1-eth3,1049,3329,14,46,0,0,0,0
2026-01-21T12:20:43.649806+00:00,s1-eth4,1181,3437,16,48,0,0,0,0
2026-01-21T12:20:43.649806+00:00,s1-eth5,1049,3419,14,47,0,0,0,0
2026-01-21T12:20:43.649806+00:00,s2-eth1,442115,15423,509,176,0,0,0,0
2026-01-21T12:20:43.649806+00:00,s2-eth2,13937,443601,157,528,0,0,0,0
2026-01-21T12:20:43.649806+00:00,s2-eth3,656,2890,8,39,0,0,0,0
2026-01-21T12:20:43.649806+00:00,s2-eth4,656,2890,8,39,0,0,0,0
2026-01-21T12:20:43.649806+00:00,s2-eth5,656,2714,8,37,0,0,0,0
2026-01-21T12:20:43.850842+00:00,s1-eth1,15521,448423,177,515,0,0,0,0
2026-01-21T12:20:43.850842+00:00,s1-eth2,446372,15046,485,167,0,0,0,0
2026-01-21T12:20:43.850842+00:00,s1-eth3,1049,3329,14,46,0,0,0,0
2026-01-21T12:20:43.850842+00:00,s1-eth4,1181,3437,16,48,0,0,0,0
2026-01-21T12:20:43.850842+00:00,s1-eth5,1049,3419,14,47,0,0,0,0
2026-01-21T12:20:43.850842+00:00,s2-eth1,448423,15521,515,177,0,0,0,0
2026-01-21T12:20:43.850842+00:00,s2-eth2,14035,449909,158,534,0,0,0,0
2026-01-21T12:20:43.850842+00:00,s2-eth3,656,2890,8,39,0,0,0,0
2026-01-21T12:20:43.850842+00:00,s2-eth4,656,2890,8,39,0,0,0,0
2026-01-21T12:20:43.850842+00:00,s2-eth5,656,2714,8,37,0,0,0,0
2026-01-21T12:20:44.053197+00:00,s1-eth1,15619,454731,178,521,0,0,0,0
2026-01-21T12:20:44.053197+00:00,s1-eth2,452680,15214,491,169,0,0,0,0
2026-01-21T12:20:44.053197+00:00,s1-eth3,1049,3329,14,46,0,0,0,0
2026-01-21T12:20:44.053197+00:00,s1-eth4,1181,3437,16,48,0,0,0,0
2026-01-21T12:20:44.053197+00:00,s1-eth5,1049,3419,14,47,0,0,0,0
2026-01-21T12:20:44.053197+00:00,s2-eth1,454731,15619,521,178,0,0,0,0
2026-01-21T12:20:44.053197+00:00,s2-eth2,14133,456217,159,540,0,0,0,0
2026-01-21T12:20:44.053197+00:00,s2-eth3,656,2890,8,39,0,0,0,0
2026-01-21T12:20:44.053197+00:00,s2-eth4,656,2890,8,39,0,0,0,0
2026-01-21T12:20:44.053197+00:00,s2-eth5,656,2714,8,37,0,0,0,0
2026-01-21T12:20:44.423436+00:00,s1-eth1,15815,466105,180,532,0,0,0,0
2026-01-21T12:20:44.423436+00:00,s1-eth2,465296,15410,503,171,0,0,0,0
2026-01-21T12:20:44.423436+00:00,s1-eth3,1049,3329,14,46,0,0,0,0
2026-01-21T12:20:44.423436+00:00,s1-eth4,1181,3437,16,48,0,0,0,0
2026-01-21T12:20:44.423436+00:00,s1-eth5,1049,3419,14,47,0,0,0,0
2026-01-21T12:20:44.423436+00:00,s2-eth1,467347,15815,533,180,0,0,0,0
2026-01-21T12:20:44.423436+00:00,s2-eth2,14329,468833,161,552,0,0,0,0
2026-01-21T12:20:44.423436+00:00,s2-eth3,656,2890,8,39,0,0,0,0
2026-01-21T12:20:44.423436+00:00,s2-eth4,656,2890,8,39,0,0,0,0
2026-01-21T12:20:44.423436+00:00,s2-eth5,656,2714,8,37,0,0,0,0
2026-01-21T12:20:44.450344+00:00,s1-eth1,15815,467347,180,533,0,0,0,0
2026-01-21T12:20:44.450344+00:00,s1-eth2,465296,15410,503,171,0,0,0,0
2026-01-21T12:20:44.450344+00:00,s1-eth3,1049,3329,14,46,0,0,0,0
2026-01-21T12:20:44.450344+00:00,s1-eth4,1181,3437,16,48,0,0,0,0
2026-01-21T12:20:44.450344+00:00,s1-eth5,1049,3419,14,47,0,0,0,0
2026-01-21T12:20:44.450344+00:00,s2-eth1,467347,15815,533,180,0,0,0,0
2026-01-21T12:20:44.450344+00:00,s2-eth2,14329,468833,161,552,0,0,0,0
2026-01-21T12:20:44.450344+00:00,s2-eth3,656,2890,8,39,0,0,0,0
2026-01-21T12:20:44.450344+00:00,s2-eth4,656,2890,8,39,0,0,0,0
2026-01-21T12:20:44.450344+00:00,s2-eth5,656,2714,8,37,0,0,0,0
2026-01-21T12:20:44.650158+00:00,s1-eth1,15913,473655,181,539,0,0,0,0
2026-01-21T12:20:44.650158+00:00,s1-eth2,471604,15508,509,172,0,0,0,0
2026-01-21T12:20:44.650158+00:00,s1-eth3,1049,3329,14,46,0,0,0,0
2026-01-21T12:20:44.650158+00:00,s1-eth4,1181,3437,16,48,0,0,0,0
2026-01-21T12:20:44.650158+00:00,s1-eth5,1049,3419,14,47,0,0,0,0
2026-01-21T12:20:44.650158+00:00,s2-eth1,474897,15913,540,181,0,0,0,0
2026-01-21T12:20:44.650158+00:00,s2-eth2,14427,476383,162,559,0,0,0,0
2026-01-21T12:20:44.650158+00:00,s2-eth3,656,2890,8,39,0,0,0,0
2026-01-21T12:20:44.650158+00:00,s2-eth4,656,2890,8,39,0,0,0,0
2026-01-21T12:20:44.650158+00:00,s2-eth5,656,2714,8,37,0,0,0,0
2026-01-21T12:20:44.849914+00:00,s1-eth1,16011,481205,182,546,0,0,0,0
2026-01-21T12:20:44.849914+00:00,s1-eth2,479154,15606,516,173,0,0,0,0
2026-01-21T12:20:44.849914+00:00,s1-eth3,1049,3329,14,46,0,0,0,0
2026-01-21T12:20:44.849914+00:00,s1-eth4,1181,3437,16,48,0,0,0,0
2026-01-21T12:20:44.849914+00:00,s1-eth5,1049,3419,14,47,0,0,0,0
2026-01-21T12:20:44.849914+00:00,s2-eth1,481205,16011,546,182,0,0,0,0
2026-01-21T12:20:44.849914+00:00,s2-eth2,14525,482691,163,565,0,0,0,0
2026-01-21T12:20:44.849914+00:00,s2-eth3,656,2890,8,39,0,0,0,0
2026-01-21T12:20:44.849914+00:00,s2-eth4,656,2890,8,39,0,0,0,0
2026-01-21T12:20:44.849914+00:00,s2-eth5,656,2714,8,37,0,0,0,0
2026-01-21T12:20:45.050038+00:00,s1-eth1,16109,487513,183,552,0,0,0,0
2026-01-21T12:20:45.050038+00:00,s1-eth2,485462,15704,522,174,0,0,0,0
2026-01-21T12:20:45.050038+00:00,s1-eth3,1049,3329,14,46,0,0,0,0
2026-01-21T12:20:45.050038+00:00,s1-eth4,1181,3437,16,48,0,0,0,0
2026-01-21T12:20:45.050038+00:00,s1-eth5,1049,3419,14,47,0,0,0,0
2026-01-21T12:20:45.050038+00:00,s2-eth1,487513,16109,552,183,0,0,0,0
2026-01-21T12:20:45.050038+00:00,s2-eth2,14623,488999,164,571,0,0,0,0
2026-01-21T12:20:45.050038+00:00,s2-eth3,656,2890,8,39,0,0,0,0
2026-01-21T12:20:45.050038+00:00,s2-eth4,656,2890,8,39,0,0,0,0
2026-01-21T12:20:45.050038+00:00,s2-eth5,656,2714,8,37,0,0,0,0
2026-01-21T12:20:45.313393+00:00,s1-eth1,16305,496473,185,562,0,0,0,0
2026-01-21T12:20:45.313393+00:00,s1-eth2,494352,15970,531,177,0,0,0,0
2026-01-21T12:20:45.313393+00:00,s1-eth3,1119,3329,15,46,0,0,0,0
2026-01-21T12:20:45.313393+00:00,s1-eth4,1181,3507,16,49,0,0,0,0
2026-01-21T12:20:45.313393+00:00,s1-eth5,1049,3489,14,48,0,0,0,0
2026-01-21T12:20:45.313393+00:00,s2-eth1,496473,16305,562,185,0,0,0,0
2026-01-21T12:20:45.313393+00:00,s2-eth2,14819,497959,166,581,0,0,0,0
2026-01-21T12:20:45.313393+00:00,s2-eth3,656,2960,8,40,0,0,0,0
2026-01-21T12:20:45.313393+00:00,s2-eth4,656,2960,8,40,0,0,0,0
2026-01-21T12:20:45.313393+00:00,s2-eth5,656,2784,8,38,0,0,0,0
2026-01-21T12:20:45.450118+00:00,s1-eth1,16305,500199,185,565,0,0,0,0
2026-01-21T12:20:45.450118+00:00,s1-eth2,498078,15970,534,177,0,0,0,0
2026-01-21T12:20:45.450118+00:00,s1-eth3,1119,3329,15,46,0,0,0,0
2026-01-21T12:20:45.450118+00:00,s1-eth4,1181,3507,16,49,0,0,0,0
2026-01-21T12:20:45.450118+00:00,s1-eth5,1049,3489,14,48,0,0,0,0
2026-01-21T12:20:45.450118+00:00,s2-eth1,500199,16305,565,185,0,0,0,0
2026-01-21T12:20:45.450118+00:00,s2-eth2,14819,501685,166,584,0,0,0,0
2026-01-21T12:20:45.450118+00:00,s2-eth3,656,2960,8,40,0,0,0,0
2026-01-21T12:20:45.450118+00:00,s2-eth4,656,2960,8,40,0,0,0,0
2026-01-21T12:20:45.450118+00:00,s2-eth5,656,2784,8,38,0,0,0,0
2026-01-21T12:20:45.664085+00:00,s1-eth1,16403,507819,186,573,0,0,0,0
2026-01-21T12:20:45.664085+00:00,s1-eth2,505628,16068,541,178,0,0,0,0
2026-01-21T12:20:45.664085+00:00,s1-eth3,1119,3329,15,46,0,0,0,0
2026-01-21T12:20:45.664085+00:00,s1-eth4,1181,3507,16,49,0,0,0,0
2026-01-21T12:20:45.664085+00:00,s1-eth5,1049,3489,14,48,0,0,0,0
2026-01-21T12:20:45.664085+00:00,s2-eth1,507819,16403,573,186,0,0,0,0
2026-01-21T12:20:45.664085+00:00,s2-eth2,14917,509305,167,592,0,0,0,0
2026-01-21T12:20:45.664085+00:00,s2-eth3,656,3030,8,41,0,0,0,0
2026-01-21T12:20:45.664085+00:00,s2-eth4,656,3030,8,41,0,0,0,0
2026-01-21T12:20:45.664085+00:00,s2-eth5,656,2854,8,39,0,0,0,0
2026-01-21T12:20:45.855877+00:00,s1-eth1,16571,514127,188,579,0,0,0,0
2026-01-21T12:20:45.855877+00:00,s1-eth2,511936,16236,547,180,0,0,0,0
2026-01-21T12:20:45.855877+00:00,s1-eth3,1119,3399,15,47,0,0,0,0
2026-01-21T12:20:45.855877+00:00,s1-eth4,1181,3577,16,50,0,0,0,0
2026-01-21T12:20:45.855877+00:00,s1-eth5,1049,3559,14,49,0,0,0,0
2026-01-21T12:20:45.855877+00:00,s2-eth1,514127,16571,579,188,0,0,0,0
2026-01-21T12:20:45.855877+00:00,s2-eth2,15015,515683,168,599,0,0,0,0
2026-01-21T12:20:45.855877+00:00,s2-eth3,656,3100,8,42,0,0,0,0
2026-01-21T12:20:45.855877+00:00,s2-eth4,726,3030,9,41,0,0,0,0
2026-01-21T12:20:45.855877+00:00,s2-eth5,656,2924,8,40,0,0,0,0
2026-01-21T12:20:46.069038+00:00,s1-eth1,16669,520435,189,585,0,0,0,0
2026-01-21T12:20:46.069038+00:00,s1-eth2,518244,16334,553,181,0,0,0,0
2026-01-21T12:20:46.069038+00:00,s1-eth3,1119,3399,15,47,0,0,0,0
2026-01-21T12:20:46.069038+00:00,s1-eth4,1181,3577,16,50,0,0,0,0
2026-01-21T12:20:46.069038+00:00,s1-eth5,1049,3559,14,49,0,0,0,0
2026-01-21T12:20:46.069038+00:00,s2-eth1,521677,16669,586,189,0,0,0,0
2026-01-21T12:20:46.069038+00:00,s2-eth2,15113,523233,169,606,0,0,0,0
2026-01-21T12:20:46.069038+00:00,s2-eth3,656,3100,8,42,0,0,0,0
2026-01-21T12:20:46.069038+00:00,s2-eth4,726,3030,9,41,0,0,0,0
2026-01-21T12:20:46.069038+00:00,s2-eth5,656,2924,8,40,0,0,0,0
2026-01-21T12:20:46.269324+00:00,s1-eth1,16767,527985,190,592,0,0,0,0
2026-01-21T12:20:46.269324+00:00,s1-eth2,525794,16432,560,182,0,0,0,0
2026-01-21T12:20:46.269324+00:00,s1-eth3,1119,3399,15,47,0,0,0,0
2026-01-21T12:20:46.269324+00:00,s1-eth4,1181,3577,16,50,0,0,0,0
2026-01-21T12:20:46.269324+00:00,s1-eth5,1049,3559,14,49,0,0,0,0
2026-01-21T12:20:46.269324+00:00,s2-eth1,527985,16767,592,190,0,0,0,0
2026-01-21T12:20:46.269324+00:00,s2-eth2,15211,529541,170,612,0,0,0,0
2026-01-21T12:20:46.269324+00:00,s2-eth3,656,3100,8,42,0,0,0,0
2026-01-21T12:20:46.269324+00:00,s2-eth4,726,3030,9,41,0,0,0,0
2026-01-21T12:20:46.269324+00:00,s2-eth5,656,2924,8,40,0,0,0,0
2026-01-21T12:20:46.451352+00:00,s1-eth1,16865,533121,191,598,0,0,0,0
2026-01-21T12:20:46.451352+00:00,s1-eth2,530860,16600,565,184,0,0,0,0
2026-01-21T12:20:46.451352+00:00,s1-eth3,1119,3539,15,49,0,0,0,0
2026-01-21T12:20:46.451352+00:00,s1-eth4,1181,3717,16,52,0,0,0,0
2026-01-21T12:20:46.451352+00:00,s1-eth5,1119,3559,15,49,0,0,0,0
2026-01-21T12:20:46.451352+00:00,s2-eth1,534363,16865,599,191,0,0,0,0
2026-01-21T12:20:46.451352+00:00,s2-eth2,15309,535919,171,619,0,0,0,0
2026-01-21T12:20:46.451352+00:00,s2-eth3,656,3170,8,43,0,0,0,0
2026-01-21T12:20:46.451352+00:00,s2-eth4,726,3100,9,42,0,0,0,0
2026-01-21T12:20:46.451352+00:00,s2-eth5,656,2994,8,41,0,0,0,0
2026-01-21T12:20:46.650320+00:00,s1-eth1,17033,539499,193,605,0,0,0,0
2026-01-21T12:20:46.650320+00:00,s1-eth2,538480,16768,573,186,0,0,0,0
2026-01-21T12:20:46.650320+00:00,s1-eth3,1119,3679,15,51,0,0,0,0
2026-01-21T12:20:46.650320+00:00,s1-eth4,1181,3857,16,54,0,0,0,0
2026-01-21T12:20:46.650320+00:00,s1-eth5,1119,3699,15,51,0,0,0,0
2026-01-21T12:20:46.650320+00:00,s2-eth1,540741,17033,606,193,0,0,0,0
2026-01-21T12:20:46.650320+00:00,s2-eth2,15477,542297,173,626,0,0,0,0
2026-01-21T12:20:46.650320+00:00,s2-eth3,656,3310,8,45,0,0,0,0
2026-01-21T12:20:46.650320+00:00,s2-eth4,726,3240,9,44,0,0,0,0
2026-01-21T12:20:46.650320+00:00,s2-eth5,656,3134,8,43,0,0,0,0
2026-01-21T12:20:46.849972+00:00,s1-eth1,17131,547119,194,613,0,0,0,0
2026-01-21T12:20:46.849972+00:00,s1-eth2,544788,16936,579,188,0,0,0,0
2026-01-21T12:20:46.849972+00:00,s1-eth3,1119,3749,15,52,0,0,0,0
2026-01-21T12:20:46.849972+00:00,s1-eth4,1251,3857,17,54,0,0,0,0
2026-01-21T12:20:46.849972+00:00,s1-eth5,1119,3769,15,52,0,0,0,0
2026-01-21T12:20:46.849972+00:00,s2-eth1,547119,17131,613,194,0,0,0,0
2026-01-21T12:20:46.849972+00:00,s2-eth2,15575,548675,174,633,0,0,0,0
2026-01-21T12:20:46.849972+00:00,s2-eth3,656,3380,8,46,0,0,0,0
2026-01-21T12:20:46.849972+00:00,s2-eth4,726,3310,9,45,0,0,0,0
2026-01-21T12:20:46.849972+00:00,s2-eth5,656,3204,8,44,0,0,0,0
2026-01-21T12:20:47.050135+00:00,s1-eth1,17229,553427,195,619,0,0,0,0
2026-01-21T12:20:47.050135+00:00,s1-eth2,551096,17034,585,189,0,0,0,0
2026-01-21T12:20:47.050135+00:00,s1-eth3,1119,3749,15,52,0,0,0,0
2026-01-21T12:20:47.050135+00:00,s1-eth4,1251,3857,17,54,0,0,0,0
2026-01-21T12:20:47.050135+00:00,s1-eth5,1119,3769,15,52,0,0,0,0
2026-01-21T12:20:47.050135+00:00,s2-eth1,553427,17229,619,195,0,0,0,0
2026-01-21T12:20:47.050135+00:00,s2-eth2,15673,554983,175,639,0,0,0,0
2026-01-21T12:20:47.050135+00:00,s2-eth3,656,3380,8,46,0,0,0,0
2026-01-21T12:20:47.050135+00:00,s2-eth4,726,3310,9,45,0,0,0,0
2026-01-21T12:20:47.050135+00:00,s2-eth5,656,3204,8,44,0,0,0,0
2026-01-21T12:20:47.262868+00:00,s1-eth1,17327,559735,196,625,0,0,0,0
2026-01-21T12:20:47.262868+00:00,s1-eth2,557404,17132,591,190,0,0,0,0
2026-01-21T12:20:47.262868+00:00,s1-eth3,1119,3749,15,52,0,0,0,0
2026-01-21T12:20:47.262868+00:00,s1-eth4,1251,3857,17,54,0,0,0,0
2026-01-21T12:20:47.262868+00:00,s1-eth5,1119,3769,15,52,0,0,0,0
2026-01-21T12:20:47.262868+00:00,s2-eth1,560977,17327,626,196,0,0,0,0
2026-01-21T12:20:47.262868+00:00,s2-eth2,15771,562533,176,646,0,0,0,0
2026-01-21T12:20:47.262868+00:00,s2-eth3,656,3380,8,46,0,0,0,0
2026-01-21T12:20:47.262868+00:00,s2-eth4,726,3310,9,45,0,0,0,0
2026-01-21T12:20:47.262868+00:00,s2-eth5,656,3204,8,44,0,0,0,0
2026-01-21T12:20:47.449926+00:00,s1-eth1,17425,566043,197,631,0,0,0,0
2026-01-21T12:20:47.449926+00:00,s1-eth2,563712,17230,597,191,0,0,0,0
2026-01-21T12:20:47.449926+00:00,s1-eth3,1119,3749,15,52,0,0,0,0
2026-01-21T12:20:47.449926+00:00,s1-eth4,1251,3857,17,54,0,0,0,0
2026-01-21T12:20:47.449926+00:00,s1-eth5,1119,3769,15,52,0,0,0,0
2026-01-21T12:20:47.449926+00:00,s2-eth1,567285,17425,632,197,0,0,0,0
2026-01-21T12:20:47.449926+00:00,s2-eth2,15869,568841,177,652,0,0,0,0
2026-01-21T12:20:47.449926+00:00,s2-eth3,656,3380,8,46,0,0,0,0
2026-01-21T12:20:47.449926+00:00,s2-eth4,726,3310,9,45,0,0,0,0
2026-01-21T12:20:47.449926+00:00,s2-eth5,656,3204,8,44,0,0,0,0
2026-01-21T12:20:47.676876+00:00,s1-eth1,17523,573593,198,638,0,0,0,0
2026-01-21T12:20:47.676876+00:00,s1-eth2,571262,17328,604,192,0,0,0,0
2026-01-21T12:20:47.676876+00:00,s1-eth3,1119,3749,15,52,0,0,0,0
2026-01-21T12:20:47.676876+00:00,s1-eth4,1251,3857,17,54,0,0,0,0
2026-01-21T12:20:47.676876+00:00,s1-eth5,1119,3769,15,52,0,0,0,0
2026-01-21T12:20:47.676876+00:00,s2-eth1,573593,17523,638,198,0,0,0,0
2026-01-21T12:20:47.676876+00:00,s2-eth2,15967,575149,178,658,0,0,0,0
2026-01-21T12:20:47.676876+00:00,s2-eth3,656,3380,8,46,0,0,0,0
2026-01-21T12:20:47.676876+00:00,s2-eth4,726,3310,9,45,0,0,0,0
2026-01-21T12:20:47.676876+00:00,s2-eth5,656,3204,8,44,0,0,0,0
2026-01-21T12:20:47.850253+00:00,s1-eth1,17621,579901,199,644,0,0,0,0
2026-01-21T12:20:47.850253+00:00,s1-eth2,577570,17426,610,193,0,0,0,0
2026-01-21T12:20:47.850253+00:00,s1-eth3,1119,3749,15,52,0,0,0,0
2026-01-21T12:20:47.850253+00:00,s1-eth4,1251,3857,17,54,0,0,0,0
2026-01-21T12:20:47.850253+00:00,s1-eth5,1119,3769,15,52,0,0,0,0
2026-01-21T12:20:47.850253+00:00,s2-eth1,579901,17621,644,199,0,0,0,0
2026-01-21T12:20:47.850253+00:00,s2-eth2,16065,581457,179,664,0,0,0,0
2026-01-21T12:20:47.850253+00:00,s2-eth3,656,3450,8,47,0,0,0,0
2026-01-21T12:20:47.850253+00:00,s2-eth4,726,3310,9,45,0,0,0,0
2026-01-21T12:20:47.850253+00:00,s2-eth5,656,3204,8,44,0,0,0,0
2026-01-21T12:20:48.066229+00:00,s1-eth1,17719,586209,200,650,0,0,0,0
2026-01-21T12:20:48.066229+00:00,s1-eth2,583878,17524,616,194,0,0,0,0
2026-01-21T12:20:48.066229+00:00,s1-eth3,1119,3749,15,52,0,0,0,0
2026-01-21T12:20:48.066229+00:00,s1-eth4,1251,3857,17,54,0,0,0,0
2026-01-21T12:20:48.066229+00:00,s1-eth5,1119,3769,15,52,0,0,0,0
2026-01-21T12:20:48.066229+00:00,s2-eth1,587451,17719,651,200,0,0,0,0
2026-01-21T12:20:48.066229+00:00,s2-eth2,16163,589007,180,671,0,0,0,0
2026-01-21T12:20:48.066229+00:00,s2-eth3,656,3450,8,47,0,0,0,0
2026-01-21T12:20:48.066229+00:00,s2-eth4,726,3310,9,45,0,0,0,0
2026-01-21T12:20:48.066229+00:00,s2-eth5,656,3204,8,44,0,0,0,0
2026-01-21T12:20:48.251185+00:00,s1-eth1,17817,592517,201,656,0,0,0,0
2026-01-21T12:20:48.251185+00:00,s1-eth2,590186,17622,622,195,0,0,0,0
2026-01-21T12:20:48.251185+00:00,s1-eth3,1119,3749,15,52,0,0,0,0
2026-01-21T12:20:48.251185+00:00,s1-eth4,1251,3857,17,54,0,0,0,0
2026-01-21T12:20:48.251185+00:00,s1-eth5,1119,3769,15,52,0,0,0,0
2026-01-21T12:20:48.251185+00:00,s2-eth1,592517,17817,656,201,0,0,0,0
2026-01-21T12:20:48.251185+00:00,s2-eth2,16261,595315,181,677,0,0,0,0
2026-01-21T12:20:48.251185+00:00,s2-eth3,656,3450,8,47,0,0,0,0
2026-01-21T12:20:48.251185+00:00,s2-eth4,726,3310,9,45,0,0,0,0
2026-01-21T12:20:48.251185+00:00,s2-eth5,656,3204,8,44,0,0,0,0
2026-01-21T12:20:48.452134+00:00,s1-eth1,17985,598825,203,662,0,0,0,0
2026-01-21T12:20:48.452134+00:00,s1-eth2,596494,17790,628,197,0,0,0,0
2026-01-21T12:20:48.452134+00:00,s1-eth3,1119,3819,15,53,0,0,0,0
2026-01-21T12:20:48.452134+00:00,s1-eth4,1251,3927,17,55,0,0,0,0
2026-01-21T12:20:48.452134+00:00,s1-eth5,1119,3839,15,53,0,0,0,0
2026-01-21T12:20:48.452134+00:00,s2-eth1,600067,17985,663,203,0,0,0,0
2026-01-21T12:20:48.452134+00:00,s2-eth2,16359,601693,182,684,0,0,0,0
2026-01-21T12:20:48.452134+00:00,s2-eth3,656,3450,8,47,0,0,0,0
2026-01-21T12:20:48.452134+00:00,s2-eth4,726,3380,9,46,0,0,0,0
2026-01-21T12:20:48.452134+00:00,s2-eth5,656,3204,8,44,0,0,0,0
2026-01-21T12:20:48.652645+00:00,s1-eth1,18083,606375,204,669,0,0,0,0
2026-01-21T12:20:48.652645+00:00,s1-eth2,604044,17888,635,198,0,0,0,0
2026-01-21T12:20:48.652645+00:00,s1-eth3,1119,3819,15,53,0,0,0,0
2026-01-21T12:20:48.652645+00:00,s1-eth4,1251,3927,17,55,0,0,0,0
2026-01-21T12:20:48.652645+00:00,s1-eth5,1119,3839,15,53,0,0,0,0
2026-01-21T12:20:48.652645+00:00,s2-eth1,606375,18083,669,204,0,0,0,0
2026-01-21T12:20:48.652645+00:00,s2-eth2,16457,608001,183,690,0,0,0,0
2026-01-21T12:20:48.652645+00:00,s2-eth3,656,3450,8,47,0,0,0,0
2026-01-21T12:20:48.652645+00:00,s2-eth4,726,3380,9,46,0,0,0,0
2026-01-21T12:20:48.652645+00:00,s2-eth5,656,3204,8,44,0,0,0,0
2026-01-21T12:20:48.874529+00:00,s1-eth1,18181,612683,205,675,0,0,0,0
2026-01-21T12:20:48.874529+00:00,s1-eth2,610352,17986,641,199,0,0,0,0
2026-01-21T12:20:48.874529+00:00,s1-eth3,1119,3819,15,53,0,0,0,0
2026-01-21T12:20:48.874529+00:00,s1-eth4,1251,3927,17,55,0,0,0,0
2026-01-21T12:20:48.874529+00:00,s1-eth5,1119,3839,15,53,0,0,0,0
2026-01-21T12:20:48.874529+00:00,s2-eth1,613925,18181,676,205,0,0,0,0
2026-01-21T12:20:48.874529+00:00,s2-eth2,16555,615551,184,697,0,0,0,0
2026-01-21T12:20:48.874529+00:00,s2-eth3,656,3450,8,47,0,0,0,0
2026-01-21T12:20:48.874529+00:00,s2-eth4,726,3380,9,46,0,0,0,0
2026-01-21T12:20:48.874529+00:00,s2-eth5,656,3204,8,44,0,0,0,0
2026-01-21T12:20:49.049990+00:00,s1-eth1,18279,618991,206,681,0,0,0,0
2026-01-21T12:20:49.049990+00:00,s1-eth2,616660,18084,647,200,0,0,0,0
2026-01-21T12:20:49.049990+00:00,s1-eth3,1119,3819,15,53,0,0,0,0
2026-01-21T12:20:49.049990+00:00,s1-eth4,1251,3927,17,55,0,0,0,0
2026-01-21T12:20:49.049990+00:00,s1-eth5,1119,3839,15,53,0,0,0,0
2026-01-21T12:20:49.049990+00:00,s2-eth1,618991,18279,681,206,0,0,0,0
2026-01-21T12:20:49.049990+00:00,s2-eth2,16653,620617,185,702,0,0,0,0
2026-01-21T12:20:49.049990+00:00,s2-eth3,656,3450,8,47,0,0,0,0
2026-01-21T12:20:49.049990+00:00,s2-eth4,726,3380,9,46,0,0,0,0
2026-01-21T12:20:49.049990+00:00,s2-eth5,656,3204,8,44,0,0,0,0
2026-01-21T12:20:49.250966+00:00,s1-eth1,18377,625299,207,687,0,0,0,0
2026-01-21T12:20:49.250966+00:00,s1-eth2,622968,18182,653,201,0,0,0,0
2026-01-21T12:20:49.250966+00:00,s1-eth3,1119,3819,15,53,0,0,0,0
2026-01-21T12:20:49.250966+00:00,s1-eth4,1251,3927,17,55,0,0,0,0
2026-01-21T12:20:49.250966+00:00,s1-eth5,1119,3839,15,53,0,0,0,0
2026-01-21T12:20:49.250966+00:00,s2-eth1,625299,18377,687,207,0,0,0,0
2026-01-21T12:20:49.250966+00:00,s2-eth2,16751,626925,186,708,0,0,0,0
2026-01-21T12:20:49.250966+00:00,s2-eth3,656,3450,8,47,0,0,0,0
2026-01-21T12:20:49.250966+00:00,s2-eth4,726,3380,9,46,0,0,0,0
2026-01-21T12:20:49.250966+00:00,s2-eth5,656,3204,8,44,0,0,0,0
2026-01-21T12:20:49.454022+00:00,s1-eth1,18475,631607,208,693,0,0,0,0
2026-01-21T12:20:49.454022+00:00,s1-eth2,630518,18280,660,202,0,0,0,0
2026-01-21T12:20:49.454022+00:00,s1-eth3,1119,3819,15,53,0,0,0,0
2026-01-21T12:20:49.454022+00:00,s1-eth4,1251,3927,17,55,0,0,0,0
2026-01-21T12:20:49.454022+00:00,s1-eth5,1119,3839,15,53,0,0,0,0
2026-01-21T12:20:49.454022+00:00,s2-eth1,632849,18475,694,208,0,0,0,0
2026-01-21T12:20:49.454022+00:00,s2-eth2,16849,634475,187,715,0,0,0,0
2026-01-21T12:20:49.454022+00:00,s2-eth3,656,3450,8,47,0,0,0,0
2026-01-21T12:20:49.454022+00:00,s2-eth4,726,3380,9,46,0,0,0,0
2026-01-21T12:20:49.454022+00:00,s2-eth5,656,3204,8,44,0,0,0,0
2026-01-21T12:20:49.653058+00:00,s1-eth1,18573,639157,209,700,0,0,0,0
2026-01-21T12:20:49.653058+00:00,s1-eth2,636826,18378,666,203,0,0,0,0
2026-01-21T12:20:49.653058+00:00,s1-eth3,1119,3819,15,53,0,0,0,0
2026-01-21T12:20:49.653058+00:00,s1-eth4,1251,3927,17,55,0,0,0,0
2026-01-21T12:20:49.653058+00:00,s1-eth5,1119,3839,15,53,0,0,0,0
2026-01-21T12:20:49.653058+00:00,s2-eth1,639157,18573,700,209,0,0,0,0
2026-01-21T12:20:49.653058+00:00,s2-eth2,16947,640783,188,721,0,0,0,0
2026-01-21T12:20:49.653058+00:00,s2-eth3,656,3450,8,47,0,0,0,0
2026-01-21T12:20:49.653058+00:00,s2-eth4,726,3380,9,46,0,0,0,0
2026-01-21T12:20:49.653058+00:00,s2-eth5,656,3204,8,44,0,0,0,0
2026-01-21T12:20:49.857707+00:00,s1-eth1,18671,645465,210,706,0,0,0,0
2026-01-21T12:20:49.857707+00:00,s1-eth2,643134,18476,672,204,0,0,0,0
2026-01-21T12:20:49.857707+00:00,s1-eth3,1119,3819,15,53,0,0,0,0
2026-01-21T12:20:49.857707+00:00,s1-eth4,1251,3927,17,55,0,0,0,0
2026-01-21T12:20:49.857707+00:00,s1-eth5,1119,3839,15,53,0,0,0,0
2026-01-21T12:20:49.857707+00:00,s2-eth1,645465,18671,706,210,0,0,0,0
2026-01-21T12:20:49.857707+00:00,s2-eth2,17045,647091,189,727,0,0,0,0
2026-01-21T12:20:49.857707+00:00,s2-eth3,656,3450,8,47,0,0,0,0
2026-01-21T12:20:49.857707+00:00,s2-eth4,726,3380,9,46,0,0,0,0
2026-01-21T12:20:49.857707+00:00,s2-eth5,656,3204,8,44,0,0,0,0
2026-01-21T12:20:50.079953+00:00,s1-eth1,18769,653015,211,713,0,0,0,0
2026-01-21T12:20:50.079953+00:00,s1-eth2,650684,18574,679,205,0,0,0,0
2026-01-21T12:20:50.079953+00:00,s1-eth3,1119,3819,15,53,0,0,0,0
2026-01-21T12:20:50.079953+00:00,s1-eth4,1251,3927,17,55,0,0,0,0
2026-01-21T12:20:50.079953+00:00,s1-eth5,1119,3839,15,53,0,0,0,0
2026-01-21T12:20:50.079953+00:00,s2-eth1,653015,18769,713,211,0,0,0,0
2026-01-21T12:20:50.079953+00:00,s2-eth2,17143,654641,190,734,0,0,0,0
2026-01-21T12:20:50.079953+00:00,s2-eth3,656,3450,8,47,0,0,0,0
2026-01-21T12:20:50.079953+00:00,s2-eth4,726,3380,9,46,0,0,0,0
2026-01-21T12:20:50.079953+00:00,s2-eth5,656,3204,8,44,0,0,0,0
2026-01-21T12:20:50.252922+00:00,s1-eth1,18867,658081,212,718,0,0,0,0
2026-01-21T12:20:50.252922+00:00,s1-eth2,655750,18672,684,206,0,0,0,0
2026-01-21T12:20:50.252922+00:00,s1-eth3,1119,3819,15,53,0,0,0,0
2026-01-21T12:20:50.252922+00:00,s1-eth4,1251,3927,17,55,0,0,0,0
2026-01-21T12:20:50.252922+00:00,s1-eth5,1119,3839,15,53,0,0,0,0
2026-01-21T12:20:50.252922+00:00,s2-eth1,659323,18867,719,212,0,0,0,0
2026-01-21T12:20:50.252922+00:00,s2-eth2,17241,660949,191,740,0,0,0,0
2026-01-21T12:20:50.252922+00:00,s2-eth3,656,3450,8,47,0,0,0,0
2026-01-21T12:20:50.252922+00:00,s2-eth4,726,3380,9,46,0,0,0,0
2026-01-21T12:20:50.252922+00:00,s2-eth5,656,3204,8,44,0,0,0,0
2026-01-21T12:20:50.451654+00:00,s1-eth1,19105,664389,215,724,0,0,0,0
2026-01-21T12:20:50.451654+00:00,s1-eth2,663300,18910,691,209,0,0,0,0
2026-01-21T12:20:50.451654+00:00,s1-eth3,1119,3959,15,55,0,0,0,0
2026-01-21T12:20:50.451654+00:00,s1-eth4,1251,4067,17,57,0,0,0,0
2026-01-21T12:20:50.451654+00:00,s1-eth5,1119,4049,15,56,0,0,0,0
2026-01-21T12:20:50.451654+00:00,s2-eth1,665631,19105,725,215,0,0,0,0
2026-01-21T12:20:50.451654+00:00,s2-eth2,17339,667397,192,748,0,0,0,0
2026-01-21T12:20:50.451654+00:00,s2-eth3,726,3520,9,48,0,0,0,0
2026-01-21T12:20:50.451654+00:00,s2-eth4,726,3520,9,48,0,0,0,0
2026-01-21T12:20:50.451654+00:00,s2-eth5,726,3274,9,45,0,0,0,0
2026-01-21T12:20:50.679187+00:00,s1-eth1,19203,671939,216,731,0,0,0,0
2026-01-21T12:20:50.679187+00:00,s1-eth2,669608,19008,697,210,0,0,0,0
2026-01-21T12:20:50.679187+00:00,s1-eth3,1119,3959,15,55,0,0,0,0
2026-01-21T12:20:50.679187+00:00,s1-eth4,1251,4067,17,57,0,0,0,0
2026-01-21T12:20:50.679187+00:00,s1-eth5,1119,4049,15,56,0,0,0,0
2026-01-21T12:20:50.679187+00:00,s2-eth1,673181,19203,732,216,0,0,0,0
2026-01-21T12:20:50.679187+00:00,s2-eth2,17437,674947,193,755,0,0,0,0
2026-01-21T12:20:50.679187+00:00,s2-eth3,726,3520,9,48,0,0,0,0
2026-01-21T12:20:50.679187+00:00,s2-eth4,726,3520,9,48,0,0,0,0
2026-01-21T12:20:50.679187+00:00,s2-eth5,726,3274,9,45,0,0,0,0
2026-01-21T12:20:50.994451+00:00,s1-eth1,19399,683313,218,742,0,0,0,0
2026-01-21T12:20:50.994451+00:00,s1-eth2,680982,19204,708,212,0,0,0,0
2026-01-21T12:20:50.994451+00:00,s1-eth3,1119,3959,15,55,0,0,0,0
2026-01-21T12:20:50.994451+00:00,s1-eth4,1251,4067,17,57,0,0,0,0
2026-01-21T12:20:50.994451+00:00,s1-eth5,1119,4049,15,56,0,0,0,0
2026-01-21T12:20:50.994451+00:00,s2-eth1,683313,19399,742,218,0,0,0,0
2026-01-21T12:20:50.994451+00:00,s2-eth2,17633,685079,195,765,0,0,0,0
2026-01-21T12:20:50.994451+00:00,s2-eth3,726,3520,9,48,0,0,0,0
2026-01-21T12:20:50.994451+00:00,s2-eth4,726,3520,9,48,0,0,0,0
2026-01-21T12:20:50.994451+00:00,s2-eth5,726,3274,9,45,0,0,0,0
2026-01-21T12:20:51.051150+00:00,s1-eth1,19399,684555,218,743,0,0,0,0
2026-01-21T12:20:51.051150+00:00,s1-eth2,682224,19204,709,212,0,0,0,0
2026-01-21T12:20:51.051150+00:00,s1-eth3,1119,3959,15,55,0,0,0,0
2026-01-21T12:20:51.051150+00:00,s1-eth4,1251,4067,17,57,0,0,0,0
2026-01-21T12:20:51.051150+00:00,s1-eth5,1119,4049,15,56,0,0,0,0
2026-01-21T12:20:51.051150+00:00,s2-eth1,684555,19399,743,218,0,0,0,0
2026-01-21T12:20:51.051150+00:00,s2-eth2,17633,686321,195,766,0,0,0,0
2026-01-21T12:20:51.051150+00:00,s2-eth3,726,3520,9,48,0,0,0,0
2026-01-21T12:20:51.051150+00:00,s2-eth4,726,3520,9,48,0,0,0,0
2026-01-21T12:20:51.051150+00:00,s2-eth5,726,3274,9,45,0,0,0,0
2026-01-21T12:20:51.249872+00:00,s1-eth1,19497,690863,219,749,0,0,0,0
2026-01-21T12:20:51.249872+00:00,s1-eth2,688532,19302,715,213,0,0,0,0
2026-01-21T12:20:51.249872+00:00,s1-eth3,1119,3959,15,55,0,0,0,0
2026-01-21T12:20:51.249872+00:00,s1-eth4,1251,4067,17,57,0,0,0,0
2026-01-21T12:20:51.249872+00:00,s1-eth5,1119,4049,15,56,0,0,0,0
2026-01-21T12:20:51.249872+00:00,s2-eth1,690863,19497,749,219,0,0,0,0
2026-01-21T12:20:51.249872+00:00,s2-eth2,17731,692629,196,772,0,0,0,0
2026-01-21T12:20:51.249872+00:00,s2-eth3,726,3520,9,48,0,0,0,0
2026-01-21T12:20:51.249872+00:00,s2-eth4,726,3520,9,48,0,0,0,0
2026-01-21T12:20:51.249872+00:00,s2-eth5,726,3274,9,45,0,0,0,0
2026-01-21T12:20:51.494732+00:00,s1-eth1,19595,699655,220,757,0,0,0,0
2026-01-21T12:20:51.494732+00:00,s1-eth2,697324,19400,723,214,0,0,0,0
2026-01-21T12:20:51.494732+00:00,s1-eth3,1119,3959,15,55,0,0,0,0
2026-01-21T12:20:51.494732+00:00,s1-eth4,1251,4067,17,57,0,0,0,0
2026-01-21T12:20:51.494732+00:00,s1-eth5,1119,4049,15,56,0,0,0,0
2026-01-21T12:20:51.494732+00:00,s2-eth1,699655,19595,757,220,0,0,0,0
2026-01-21T12:20:51.494732+00:00,s2-eth2,17829,701421,197,780,0,0,0,0
2026-01-21T12:20:51.494732+00:00,s2-eth3,726,3520,9,48,0,0,0,0
2026-01-21T12:20:51.494732+00:00,s2-eth4,726,3520,9,48,0,0,0,0
2026-01-21T12:20:51.494732+00:00,s2-eth5,726,3274,9,45,0,0,0,0
2026-01-21T12:20:51.669288+00:00,s1-eth1,19693,704721,221,762,0,0,0,0
2026-01-21T12:20:51.669288+00:00,s1-eth2,702390,19498,728,215,0,0,0,0
2026-01-21T12:20:51.669288+00:00,s1-eth3,1119,3959,15,55,0,0,0,0
2026-01-21T12:20:51.669288+00:00,s1-eth4,1251,4067,17,57,0,0,0,0
2026-01-21T12:20:51.669288+00:00,s1-eth5,1119,4049,15,56,0,0,0,0
2026-01-21T12:20:51.669288+00:00,s2-eth1,704721,19693,762,221,0,0,0,0
2026-01-21T12:20:51.669288+00:00,s2-eth2,17927,706487,198,785,0,0,0,0
2026-01-21T12:20:51.669288+00:00,s2-eth3,726,3520,9,48,0,0,0,0
2026-01-21T12:20:51.669288+00:00,s2-eth4,726,3520,9,48,0,0,0,0
2026-01-21T12:20:51.669288+00:00,s2-eth5,726,3274,9,45,0,0,0,0
2026-01-21T12:20:51.937675+00:00,s1-eth1,19791,713513,222,770,0,0,0,0
2026-01-21T12:20:51.937675+00:00,s1-eth2,711182,19596,736,216,0,0,0,0
2026-01-21T12:20:51.937675+00:00,s1-eth3,1119,3959,15,55,0,0,0,0
2026-01-21T12:20:51.937675+00:00,s1-eth4,1251,4067,17,57,0,0,0,0
2026-01-21T12:20:51.937675+00:00,s1-eth5,1119,4049,15,56,0,0,0,0
2026-01-21T12:20:51.937675+00:00,s2-eth1,713513,19791,770,222,0,0,0,0
2026-01-21T12:20:51.937675+00:00,s2-eth2,18025,715279,199,793,0,0,0,0
2026-01-21T12:20:51.937675+00:00,s2-eth3,726,3520,9,48,0,0,0,0
2026-01-21T12:20:51.937675+00:00,s2-eth4,726,3520,9,48,0,0,0,0
2026-01-21T12:20:51.937675+00:00,s2-eth5,726,3274,9,45,0,0,0,0
2026-01-21T12:20:52.052820+00:00,s1-eth1,19889,717337,223,774,0,0,0,0
2026-01-21T12:20:52.052820+00:00,s1-eth2,715006,19694,740,217,0,0,0,0
2026-01-21T12:20:52.052820+00:00,s1-eth3,1119,3959,15,55,0,0,0,0
2026-01-21T12:20:52.052820+00:00,s1-eth4,1251,4067,17,57,0,0,0,0
2026-01-21T12:20:52.052820+00:00,s1-eth5,1119,4049,15,56,0,0,0,0
2026-01-21T12:20:52.052820+00:00,s2-eth1,717337,19889,774,223,0,0,0,0
2026-01-21T12:20:52.052820+00:00,s2-eth2,18123,719103,200,797,0,0,1242,1
2026-01-21T12:20:52.052820+00:00,s2-eth3,726,3520,9,48,0,0,0,0
2026-01-21T12:20:52.052820+00:00,s2-eth4,726,3520,9,48,0,0,0,0
2026-01-21T12:20:52.052820+00:00,s2-eth5,726,3274,9,45,0,0,0,0
2026-01-21T12:20:52.249827+00:00,s1-eth1,19987,723645,224,780,0,0,0,0
2026-01-21T12:20:52.249827+00:00,s1-eth2,721314,19792,746,218,0,0,0,0
2026-01-21T12:20:52.249827+00:00,s1-eth3,1119,3959,15,55,0,0,0,0
2026-01-21T12:20:52.249827+00:00,s1-eth4,1251,4067,17,57,0,0,0,0
2026-01-21T12:20:52.249827+00:00,s1-eth5,1119,4049,15,56,0,0,0,0
2026-01-21T12:20:52.249827+00:00,s2-eth1,724887,19987,781,224,0,0,0,0
2026-01-21T12:20:52.249827+00:00,s2-eth2,18221,726653,201,804,0,0,0,0
2026-01-21T12:20:52.249827+00:00,s2-eth3,726,3520,9,48,0,0,0,0
2026-01-21T12:20:52.249827+00:00,s2-eth4,726,3520,9,48,0,0,0,0
2026-01-21T12:20:52.249827+00:00,s2-eth5,726,3274,9,45,0,0,0,0
2026-01-21T12:20:52.504423+00:00,s1-eth1,20085,732437,225,788,0,0,0,0
2026-01-21T12:20:52.504423+00:00,s1-eth2,730106,19890,754,219,0,0,0,0
2026-01-21T12:20:52.504423+00:00,s1-eth3,1119,3959,15,55,0,0,0,0
2026-01-21T12:20:52.504423+00:00,s1-eth4,1251,4067,17,57,0,0,0,0
2026-01-21T12:20:52.504423+00:00,s1-eth5,1119,4049,15,56,0,0,0,0
2026-01-21T12:20:52.504423+00:00,s2-eth1,732437,20085,788,225,0,0,0,0
2026-01-21T12:20:52.504423+00:00,s2-eth2,18319,734203,202,811,0,0,0,0
2026-01-21T12:20:52.504423+00:00,s2-eth3,726,3520,9,48,0,0,0,0
2026-01-21T12:20:52.504423+00:00,s2-eth4,726,3520,9,48,0,0,0,0
2026-01-21T12:20:52.504423+00:00,s2-eth5,726,3344,9,46,0,0,0,0
2026-01-21T12:20:52.655813+00:00,s1-eth1,20085,737405,225,792,0,0,0,0
2026-01-21T12:20:52.655813+00:00,s1-eth2,735074,19890,758,219,0,0,0,0
2026-01-21T12:20:52.655813+00:00,s1-eth3,1119,3959,15,55,0,0,0,0
2026-01-21T12:20:52.655813+00:00,s1-eth4,1251,4067,17,57,0,0,0,0
2026-01-21T12:20:52.655813+00:00,s1-eth5,1119,4049,15,56,0,0,0,0
2026-01-21T12:20:52.655813+00:00,s2-eth1,737405,20085,792,225,0,0,0,0
2026-01-21T12:20:52.655813+00:00,s2-eth2,18319,739171,202,815,0,0,0,0
2026-01-21T12:20:52.655813+00:00,s2-eth3,726,3520,9,48,0,0,0,0
2026-01-21T12:20:52.655813+00:00,s2-eth4,726,3520,9,48,0,0,0,0
2026-01-21T12:20:52.655813+00:00,s2-eth5,726,3344,9,46,0,0,0,0
2026-01-21T12:20:52.924263+00:00,s1-eth1,20183,746197,226,800,0,0,0,0
2026-01-21T12:20:52.924263+00:00,s1-eth2,743866,19988,766,220,0,0,0,0
2026-01-21T12:20:52.924263+00:00,s1-eth3,1119,3959,15,55,0,0,0,0
2026-01-21T12:20:52.924263+00:00,s1-eth4,1251,4067,17,57,0,0,0,0
2026-01-21T12:20:52.924263+00:00,s1-eth5,1119,4049,15,56,0,0,0,0
2026-01-21T12:20:52.924263+00:00,s2-eth1,746295,20183,801,226,0,0,0,0
2026-01-21T12:20:52.924263+00:00,s2-eth2,18515,748061,204,824,0,0,0,0
2026-01-21T12:20:52.924263+00:00,s2-eth3,726,3520,9,48,0,0,0,0
2026-01-21T12:20:52.924263+00:00,s2-eth4,726,3520,9,48,0,0,0,0
2026-01-21T12:20:52.924263+00:00,s2-eth5,726,3344,9,46,0,0,0,0
2026-01-21T12:20:53.049838+00:00,s1-eth1,20281,750021,227,804,0,0,0,0
2026-01-21T12:20:53.049838+00:00,s1-eth2,747690,20086,770,221,0,0,0,0
2026-01-21T12:20:53.049838+00:00,s1-eth3,1119,3959,15,55,0,0,0,0
2026-01-21T12:20:53.049838+00:00,s1-eth4,1251,4067,17,57,0,0,0,0
2026-01-21T12:20:53.049838+00:00,s1-eth5,1119,4049,15,56,0,0,0,0
2026-01-21T12:20:53.049838+00:00,s2-eth1,750021,20281,804,227,0,0,0,0
2026-01-21T12:20:53.049838+00:00,s2-eth2,18515,751787,204,827,0,0,0,0
2026-01-21T12:20:53.049838+00:00,s2-eth3,726,3520,9,48,0,0,0,0
2026-01-21T12:20:53.049838+00:00,s2-eth4,726,3520,9,48,0,0,0,0
2026-01-21T12:20:53.049838+00:00,s2-eth5,726,3344,9,46,0,0,0,0
2026-01-21T12:20:53.261928+00:00,s1-eth1,20379,757571,228,811,0,0,0,0
2026-01-21T12:20:53.261928+00:00,s1-eth2,755240,20184,777,222,0,0,0,0
2026-01-21T12:20:53.261928+00:00,s1-eth3,1119,3959,15,55,0,0,0,0
2026-01-21T12:20:53.261928+00:00,s1-eth4,1251,4067,17,57,0,0,0,0
2026-01-21T12:20:53.261928+00:00,s1-eth5,1119,4049,15,56,0,0,0,0
2026-01-21T12:20:53.261928+00:00,s2-eth1,757571,20379,811,228,0,0,0,0
2026-01-21T12:20:53.261928+00:00,s2-eth2,18613,759337,205,834,0,0,0,0
2026-01-21T12:20:53.261928+00:00,s2-eth3,726,3520,9,48,0,0,0,0
2026-01-21T12:20:53.261928+00:00,s2-eth4,726,3520,9,48,0,0,0,0
2026-01-21T12:20:53.261928+00:00,s2-eth5,726,3344,9,46,0,0,0,0
2026-01-21T12:20:53.457272+00:00,s1-eth1,20477,763879,229,817,0,0,0,0
2026-01-21T12:20:53.457272+00:00,s1-eth2,761548,20282,783,223,0,0,0,0
2026-01-21T12:20:53.457272+00:00,s1-eth3,1119,3959,15,55,0,0,0,0
2026-01-21T12:20:53.457272+00:00,s1-eth4,1251,4067,17,57,0,0,0,0
2026-01-21T12:20:53.457272+00:00,s1-eth5,1119,4049,15,56,0,0,0,0
2026-01-21T12:20:53.457272+00:00,s2-eth1,763879,20477,817,229,0,0,0,0
2026-01-21T12:20:53.457272+00:00,s2-eth2,18711,765645,206,840,0,0,0,0
2026-01-21T12:20:53.457272+00:00,s2-eth3,726,3520,9,48,0,0,0,0
2026-01-21T12:20:53.457272+00:00,s2-eth4,726,3520,9,48,0,0,0,0
2026-01-21T12:20:53.457272+00:00,s2-eth5,726,3344,9,46,0,0,0,0
2026-01-21T12:20:53.650302+00:00,s1-eth1,20575,770187,230,823,0,0,0,0
2026-01-21T12:20:53.650302+00:00,s1-eth2,767856,20380,789,224,0,0,0,0
2026-01-21T12:20:53.650302+00:00,s1-eth3,1119,3959,15,55,0,0,0,0
2026-01-21T12:20:53.650302+00:00,s1-eth4,1251,4067,17,57,0,0,0,0
2026-01-21T12:20:53.650302+00:00,s1-eth5,1119,4049,15,56,0,0,0,0
2026-01-21T12:20:53.650302+00:00,s2-eth1,770187,20575,823,230,0,0,0,0
2026-01-21T12:20:53.650302+00:00,s2-eth2,18809,771953,207,846,0,0,0,0
2026-01-21T12:20:53.650302+00:00,s2-eth3,726,3520,9,48,0,0,0,0
2026-01-21T12:20:53.650302+00:00,s2-eth4,726,3520,9,48,0,0,0,0
2026-01-21T12:20:53.650302+00:00,s2-eth5,726,3344,9,46,0,0,0,0
2026-01-21T12:20:53.863820+00:00,s1-eth1,20673,776495,231,829,0,0,0,0
2026-01-21T12:20:53.863820+00:00,s1-eth2,774164,20478,795,225,0,0,0,0
2026-01-21T12:20:53.863820+00:00,s1-eth3,1119,3959,15,55,0,0,0,0
2026-01-21T12:20:53.863820+00:00,s1-eth4,1251,4067,17,57,0,0,0,0
2026-01-21T12:20:53.863820+00:00,s1-eth5,1119,4049,15,56,0,0,0,0
2026-01-21T12:20:53.863820+00:00,s2-eth1,777737,20673,830,231,0,0,0,0
2026-01-21T12:20:53.863820+00:00,s2-eth2,18907,779503,208,853,0,0,0,0
2026-01-21T12:20:53.863820+00:00,s2-eth3,726,3520,9,48,0,0,0,0
2026-01-21T12:20:53.863820+00:00,s2-eth4,726,3520,9,48,0,0,0,0
2026-01-21T12:20:53.863820+00:00,s2-eth5,726,3344,9,46,0,0,0,0
2026-01-21T12:20:54.089637+00:00,s1-eth1,20771,784045,232,836,0,0,0,0
2026-01-21T12:20:54.089637+00:00,s1-eth2,781714,20576,802,226,0,0,0,0
2026-01-21T12:20:54.089637+00:00,s1-eth3,1119,3959,15,55,0,0,0,0
2026-01-21T12:20:54.089637+00:00,s1-eth4,1251,4067,17,57,0,0,0,0
2026-01-21T12:20:54.089637+00:00,s1-eth5,1119,4049,15,56,0,0,0,0
2026-01-21T12:20:54.089637+00:00,s2-eth1,785287,20771,837,232,0,0,0,0
2026-01-21T12:20:54.089637+00:00,s2-eth2,19005,787053,209,860,0,0,0,0
2026-01-21T12:20:54.089637+00:00,s2-eth3,726,3520,9,48,0,0,0,0
2026-01-21T12:20:54.089637+00:00,s2-eth4,726,3520,9,48,0,0,0,0
2026-01-21T12:20:54.089637+00:00,s2-eth5,726,3344,9,46,0,0,0,0
2026-01-21T12:20:54.250239+00:00,s1-eth1,20869,789111,233,841,0,0,0,0
2026-01-21T12:20:54.250239+00:00,s1-eth2,786780,20674,807,227,0,0,0,0
2026-01-21T12:20:54.250239+00:00,s1-eth3,1119,3959,15,55,0,0,0,0
2026-01-21T12:20:54.250239+00:00,s1-eth4,1251,4067,17,57,0,0,0,0
2026-01-21T12:20:54.250239+00:00,s1-eth5,1119,4049,15,56,0,0,0,0
2026-01-21T12:20:54.250239+00:00,s2-eth1,790353,20869,842,233,0,0,0,0
2026-01-21T12:20:54.250239+00:00,s2-eth2,19103,792119,210,865,0,0,0,0
2026-01-21T12:20:54.250239+00:00,s2-eth3,726,3520,9,48,0,0,0,0
2026-01-21T12:20:54.250239+00:00,s2-eth4,726,3520,9,48,0,0,0,0
2026-01-21T12:20:54.250239+00:00,s2-eth5,726,3344,9,46,0,0,0,0
2026-01-21T12:20:54.513894+00:00,s1-eth1,20967,797903,234,849,0,0,0,0
2026-01-21T12:20:54.513894+00:00,s1-eth2,795572,20772,815,228,0,0,0,0
2026-01-21T12:20:54.513894+00:00,s1-eth3,1119,3959,15,55,0,0,0,0
2026-01-21T12:20:54.513894+00:00,s1-eth4,1251,4067,17,57,0,0,0,0
2026-01-21T12:20:54.513894+00:00,s1-eth5,1119,4049,15,56,0,0,0,0
2026-01-21T12:20:54.513894+00:00,s2-eth1,799145,20967,850,234,0,0,0,0
2026-01-21T12:20:54.513894+00:00,s2-eth2,19201,800911,211,873,0,0,0,0
2026-01-21T12:20:54.513894+00:00,s2-eth3,726,3520,9,48,0,0,0,0
2026-01-21T12:20:54.513894+00:00,s2-eth4,726,3520,9,48,0,0,0,0
2026-01-21T12:20:54.513894+00:00,s2-eth5,726,3344,9,46,0,0,0,0
2026-01-21T12:20:54.652069+00:00,s1-eth1,21065,802969,235,854,0,0,0,0
2026-01-21T12:20:54.652069+00:00,s1-eth2,800638,20870,820,229,0,0,0,0
2026-01-21T12:20:54.652069+00:00,s1-eth3,1119,3959,15,55,0,0,0,0
2026-01-21T12:20:54.652069+00:00,s1-eth4,1251,4067,17,57,0,0,0,0
2026-01-21T12:20:54.652069+00:00,s1-eth5,1119,4049,15,56,0,0,0,0
2026-01-21T12:20:54.652069+00:00,s2-eth1,802969,21065,854,235,0,0,0,0
2026-01-21T12:20:54.652069+00:00,s2-eth2,19299,804735,212,877,0,0,0,0
2026-01-21T12:20:54.652069+00:00,s2-eth3,726,3520,9,48,0,0,0,0
2026-01-21T12:20:54.652069+00:00,s2-eth4,726,3520,9,48,0,0,0,0
2026-01-21T12:20:54.652069+00:00,s2-eth5,726,3344,9,46,0,0,0,0
2026-01-21T12:20:54.856380+00:00,s1-eth1,21163,809277,236,860,0,0,0,0
2026-01-21T12:20:54.856380+00:00,s1-eth2,806946,20968,826,230,0,0,0,0
2026-01-21T12:20:54.856380+00:00,s1-eth3,1119,3959,15,55,0,0,0,0
2026-01-21T12:20:54.856380+00:00,s1-eth4,1251,4067,17,57,0,0,0,0
2026-01-21T12:20:54.856380+00:00,s1-eth5,1119,4049,15,56,0,0,0,0
2026-01-21T12:20:54.856380+00:00,s2-eth1,809277,21163,860,236,0,0,0,0
2026-01-21T12:20:54.856380+00:00,s2-eth2,19397,812285,213,884,0,0,0,0
2026-01-21T12:20:54.856380+00:00,s2-eth3,726,3520,9,48,0,0,0,0
2026-01-21T12:20:54.856380+00:00,s2-eth4,726,3520,9,48,0,0,0,0
2026-01-21T12:20:54.856380+00:00,s2-eth5,726,3344,9,46,0,0,0,0
2026-01-21T12:20:55.059787+00:00,s1-eth1,21261,815585,237,866,0,0,0,0
2026-01-21T12:20:55.059787+00:00,s1-eth2,814496,21066,833,231,0,0,0,0
2026-01-21T12:20:55.059787+00:00,s1-eth3,1119,3959,15,55,0,0,0,0
2026-01-21T12:20:55.059787+00:00,s1-eth4,1251,4067,17,57,0,0,0,0
2026-01-21T12:20:55.059787+00:00,s1-eth5,1119,4049,15,56,0,0,0,0
2026-01-21T12:20:55.059787+00:00,s2-eth1,816827,21261,867,237,0,0,0,0
2026-01-21T12:20:55.059787+00:00,s2-eth2,19495,818593,214,890,0,0,0,0
2026-01-21T12:20:55.059787+00:00,s2-eth3,726,3520,9,48,0,0,0,0
2026-01-21T12:20:55.059787+00:00,s2-eth4,726,3520,9,48,0,0,0,0
2026-01-21T12:20:55.059787+00:00,s2-eth5,726,3344,9,46,0,0,0,0
2026-01-21T12:20:55.252452+00:00,s1-eth1,21359,821893,238,872,0,0,0,0
2026-01-21T12:20:55.252452+00:00,s1-eth2,820804,21164,839,232,0,0,0,0
2026-01-21T12:20:55.252452+00:00,s1-eth3,1119,3959,15,55,0,0,0,0
2026-01-21T12:20:55.252452+00:00,s1-eth4,1251,4067,17,57,0,0,0,0
2026-01-21T12:20:55.252452+00:00,s1-eth5,1119,4049,15,56,0,0,0,0
2026-01-21T12:20:55.252452+00:00,s2-eth1,823135,21359,873,238,0,0,0,0
2026-01-21T12:20:55.252452+00:00,s2-eth2,19593,824901,215,896,0,0,0,0
2026-01-21T12:20:55.252452+00:00,s2-eth3,726,3520,9,48,0,0,0,0
2026-01-21T12:20:55.252452+00:00,s2-eth4,726,3520,9,48,0,0,0,0
2026-01-21T12:20:55.252452+00:00,s2-eth5,726,3344,9,46,0,0,0,0
2026-01-21T12:20:55.450264+00:00,s1-eth1,21457,829443,239,879,0,0,0,0
2026-01-21T12:20:55.450264+00:00,s1-eth2,827112,21262,845,233,0,0,0,0
2026-01-21T12:20:55.450264+00:00,s1-eth3,1119,3959,15,55,0,0,0,0
2026-01-21T12:20:55.450264+00:00,s1-eth4,1251,4067,17,57,0,0,0,0
2026-01-21T12:20:55.450264+00:00,s1-eth5,1119,4049,15,56,0,0,0,0
2026-01-21T12:20:55.450264+00:00,s2-eth1,829443,21457,879,239,0,0,0,0
2026-01-21T12:20:55.450264+00:00,s2-eth2,19691,831209,216,902,0,0,0,0
2026-01-21T12:20:55.450264+00:00,s2-eth3,726,3520,9,48,0,0,0,0
2026-01-21T12:20:55.450264+00:00,s2-eth4,726,3520,9,48,0,0,0,0
2026-01-21T12:20:55.450264+00:00,s2-eth5,726,3344,9,46,0,0,0,0
2026-01-21T12:20:55.666172+00:00,s1-eth1,21555,835751,240,885,0,0,0,0
2026-01-21T12:20:55.666172+00:00,s1-eth2,833420,21360,851,234,0,0,0,0
2026-01-21T12:20:55.666172+00:00,s1-eth3,1119,3959,15,55,0,0,0,0
2026-01-21T12:20:55.666172+00:00,s1-eth4,1251,4067,17,57,0,0,0,0
2026-01-21T12:20:55.666172+00:00,s1-eth5,1119,4049,15,56,0,0,0,0
2026-01-21T12:20:55.666172+00:00,s2-eth1,836993,21555,886,240,0,0,0,0
2026-01-21T12:20:55.666172+00:00,s2-eth2,19789,838759,217,909,0,0,0,0
2026-01-21T12:20:55.666172+00:00,s2-eth3,726,3520,9,48,0,0,0,0
2026-01-21T12:20:55.666172+00:00,s2-eth4,726,3520,9,48,0,0,0,0
2026-01-21T12:20:55.666172+00:00,s2-eth5,726,3344,9,46,0,0,0,0
2026-01-21T12:20:55.849813+00:00,s1-eth1,21653,842059,241,891,0,0,0,0
2026-01-21T12:20:55.849813+00:00,s1-eth2,839728,21458,857,235,0,0,0,0
2026-01-21T12:20:55.849813+00:00,s1-eth3,1119,3959,15,55,0,0,0,0
2026-01-21T12:20:55.849813+00:00,s1-eth4,1251,4067,17,57,0,0,0,0
2026-01-21T12:20:55.849813+00:00,s1-eth5,1119,4049,15,56,0,0,0,0
2026-01-21T12:20:55.849813+00:00,s2-eth1,842059,21653,891,241,0,0,0,0
2026-01-21T12:20:55.849813+00:00,s2-eth2,19887,843825,218,914,0,0,0,0
2026-01-21T12:20:55.849813+00:00,s2-eth3,726,3520,9,48,0,0,0,0
2026-01-21T12:20:55.849813+00:00,s2-eth4,726,3520,9,48,0,0,0,0
2026-01-21T12:20:55.849813+00:00,s2-eth5,726,3344,9,46,0,0,0,0
2026-01-21T12:20:56.050051+00:00,s1-eth1,21751,848367,242,897,0,0,0,0
2026-01-21T12:20:56.050051+00:00,s1-eth2,846036,21556,863,236,0,0,0,0
2026-01-21T12:20:56.050051+00:00,s1-eth3,1119,3959,15,55,0,0,0,0
2026-01-21T12:20:56.050051+00:00,s1-eth4,1251,4067,17,57,0,0,0,0
2026-01-21T12:20:56.050051+00:00,s1-eth5,1119,4049,15,56,0,0,0,0
2026-01-21T12:20:56.050051+00:00,s2-eth1,848367,21751,897,242,0,0,0,0
2026-01-21T12:20:56.050051+00:00,s2-eth2,19985,850133,219,920,0,0,0,0
2026-01-21T12:20:56.050051+00:00,s2-eth3,726,3520,9,48,0,0,0,0
2026-01-21T12:20:56.050051+00:00,s2-eth4,726,3520,9,48,0,0,0,0
2026-01-21T12:20:56.050051+00:00,s2-eth5,726,3344,9,46,0,0,0,0
2026-01-21T12:20:56.271530+00:00,s1-eth1,21849,855917,243,904,0,0,0,0
2026-01-21T12:20:56.271530+00:00,s1-eth2,853586,21654,870,237,0,0,0,0
2026-01-21T12:20:56.271530+00:00,s1-eth3,1119,3959,15,55,0,0,0,0
2026-01-21T12:20:56.271530+00:00,s1-eth4,1251,4067,17,57,0,0,0,0
2026-01-21T12:20:56.271530+00:00,s1-eth5,1119,4049,15,56,0,0,0,0
2026-01-21T12:20:56.271530+00:00,s2-eth1,855917,21849,904,243,0,0,0,0
2026-01-21T12:20:56.271530+00:00,s2-eth2,20083,857683,220,927,0,0,0,0
2026-01-21T12:20:56.271530+00:00,s2-eth3,726,3520,9,48,0,0,0,0
2026-01-21T12:20:56.271530+00:00,s2-eth4,726,3520,9,48,0,0,0,0
2026-01-21T12:20:56.271530+00:00,s2-eth5,726,3344,9,46,0,0,0,0
2026-01-21T12:20:56.450491+00:00,s1-eth1,21947,862225,244,910,0,0,0,0
2026-01-21T12:20:56.450491+00:00,s1-eth2,859894,21752,876,238,0,0,0,0
2026-01-21T12:20:56.450491+00:00,s1-eth3,1119,3959,15,55,0,0,0,0
2026-01-21T12:20:56.450491+00:00,s1-eth4,1251,4067,17,57,0,0,0,0
2026-01-21T12:20:56.450491+00:00,s1-eth5,1119,4049,15,56,0,0,0,0
2026-01-21T12:20:56.450491+00:00,s2-eth1,862225,21947,910,244,0,0,0,0
2026-01-21T12:20:56.450491+00:00,s2-eth2,20181,863991,221,933,0,0,0,0
2026-01-21T12:20:56.450491+00:00,s2-eth3,726,3520,9,48,0,0,0,0
2026-01-21T12:20:56.450491+00:00,s2-eth4,726,3520,9,48,0,0,0,0
2026-01-21T12:20:56.450491+00:00,s2-eth5,726,3344,9,46,0,0,0,0
2026-01-21T12:20:56.672648+00:00,s1-eth1,22045,868533,245,916,0,0,0,0
2026-01-21T12:20:56.672648+00:00,s1-eth2,867444,21850,883,239,0,0,0,0
2026-01-21T12:20:56.672648+00:00,s1-eth3,1119,3959,15,55,0,0,0,0
2026-01-21T12:20:56.672648+00:00,s1-eth4,1251,4067,17,57,0,0,0,0
2026-01-21T12:20:56.672648+00:00,s1-eth5,1119,4049,15,56,0,0,0,0
2026-01-21T12:20:56.672648+00:00,s2-eth1,869775,22045,917,245,0,0,0,0
2026-01-21T12:20:56.672648+00:00,s2-eth2,20279,871541,222,940,0,0,0,0
2026-01-21T12:20:56.672648+00:00,s2-eth3,726,3520,9,48,0,0,0,0
2026-01-21T12:20:56.672648+00:00,s2-eth4,726,3520,9,48,0,0,0,0
2026-01-21T12:20:56.672648+00:00,s2-eth5,726,3344,9,46,0,0,0,0
2026-01-21T12:20:56.851803+00:00,s1-eth1,22143,874841,246,922,0,0,0,0
2026-01-21T12:20:56.851803+00:00,s1-eth2,872510,21948,888,240,0,0,0,0
2026-01-21T12:20:56.851803+00:00,s1-eth3,1119,3959,15,55,0,0,0,0
2026-01-21T12:20:56.851803+00:00,s1-eth4,1251,4067,17,57,0,0,0,0
2026-01-21T12:20:56.851803+00:00,s1-eth5,1119,4049,15,56,0,0,0,0
2026-01-21T12:20:56.851803+00:00,s2-eth1,874841,22143,922,246,0,0,0,0
2026-01-21T12:20:56.851803+00:00,s2-eth2,20377,876607,223,945,0,0,0,0
2026-01-21T12:20:56.851803+00:00,s2-eth3,726,3520,9,48,0,0,0,0
2026-01-21T12:20:56.851803+00:00,s2-eth4,726,3520,9,48,0,0,0,0
2026-01-21T12:20:56.851803+00:00,s2-eth5,726,3344,9,46,0,0,0,0
2026-01-21T12:20:57.056947+00:00,s1-eth1,22143,881051,246,927,0,0,0,0
2026-01-21T12:20:57.056947+00:00,s1-eth2,879962,21948,894,240,0,0,0,0
2026-01-21T12:20:57.056947+00:00,s1-eth3,1119,3959,15,55,0,0,0,0
2026-01-21T12:20:57.056947+00:00,s1-eth4,1251,4067,17,57,0,0,0,0
2026-01-21T12:20:57.056947+00:00,s1-eth5,1119,4049,15,56,0,0,0,0
2026-01-21T12:20:57.056947+00:00,s2-eth1,882293,22143,928,246,0,0,0,0
2026-01-21T12:20:57.056947+00:00,s2-eth2,20377,884059,223,951,0,0,0,0
2026-01-21T12:20:57.056947+00:00,s2-eth3,726,3520,9,48,0,0,0,0
2026-01-21T12:20:57.056947+00:00,s2-eth4,726,3520,9,48,0,0,0,0
2026-01-21T12:20:57.056947+00:00,s2-eth5,726,3344,9,46,0,0,0,0
2026-01-21T12:20:57.278512+00:00,s1-eth1,22241,888601,247,934,0,0,0,0
2026-01-21T12:20:57.278512+00:00,s1-eth2,886270,22046,900,241,0,0,0,0
2026-01-21T12:20:57.278512+00:00,s1-eth3,1119,3959,15,55,0,0,0,0
2026-01-21T12:20:57.278512+00:00,s1-eth4,1251,4067,17,57,0,0,0,0
2026-01-21T12:20:57.278512+00:00,s1-eth5,1119,4049,15,56,0,0,0,0
2026-01-21T12:20:57.278512+00:00,s2-eth1,889843,22241,935,247,0,0,0,0
2026-01-21T12:20:57.278512+00:00,s2-eth2,20475,891609,224,958,0,0,0,0
2026-01-21T12:20:57.278512+00:00,s2-eth3,726,3520,9,48,0,0,0,0
2026-01-21T12:20:57.278512+00:00,s2-eth4,726,3520,9,48,0,0,0,0
2026-01-21T12:20:57.278512+00:00,s2-eth5,726,3344,9,46,0,0,0,0
2026-01-21T12:20:57.475621+00:00,s1-eth1,22339,894909,248,940,0,0,0,0
2026-01-21T12:20:57.475621+00:00,s1-eth2,892578,22144,906,242,0,0,0,0
2026-01-21T12:20:57.475621+00:00,s1-eth3,1119,3959,15,55,0,0,0,0
2026-01-21T12:20:57.475621+00:00,s1-eth4,1251,4067,17,57,0,0,0,0
2026-01-21T12:20:57.475621+00:00,s1-eth5,1119,4049,15,56,0,0,0,0
2026-01-21T12:20:57.475621+00:00,s2-eth1,896151,22339,941,248,0,0,0,0
2026-01-21T12:20:57.475621+00:00,s2-eth2,20573,897917,225,964,0,0,0,0
2026-01-21T12:20:57.475621+00:00,s2-eth3,726,3520,9,48,0,0,0,0
2026-01-21T12:20:57.475621+00:00,s2-eth4,726,3520,9,48,0,0,0,0
2026-01-21T12:20:57.475621+00:00,s2-eth5,726,3344,9,46,0,0,0,0
2026-01-21T12:20:57.738537+00:00,s1-eth1,22535,903799,250,949,0,0,0,0
2026-01-21T12:20:57.738537+00:00,s1-eth2,901468,22340,915,244,0,0,0,0
2026-01-21T12:20:57.738537+00:00,s1-eth3,1119,3959,15,55,0,0,0,0
2026-01-21T12:20:57.738537+00:00,s1-eth4,1251,4067,17,57,0,0,0,0
2026-01-21T12:20:57.738537+00:00,s1-eth5,1119,4049,15,56,0,0,0,0
2026-01-21T12:20:57.738537+00:00,s2-eth1,903799,22535,949,250,0,0,0,0
2026-01-21T12:20:57.738537+00:00,s2-eth2,20769,906807,227,973,0,0,0,0
2026-01-21T12:20:57.738537+00:00,s2-eth3,726,3520,9,48,0,0,0,0
2026-01-21T12:20:57.738537+00:00,s2-eth4,726,3520,9,48,0,0,0,0
2026-01-21T12:20:57.738537+00:00,s2-eth5,726,3344,9,46,0,0,0,0
2026-01-21T12:20:57.880782+00:00,s1-eth1,22535,908767,250,953,0,0,0,0
2026-01-21T12:20:57.880782+00:00,s1-eth2,906436,22340,919,244,0,0,0,0
2026-01-21T12:20:57.880782+00:00,s1-eth3,1119,3959,15,55,0,0,0,0
2026-01-21T12:20:57.880782+00:00,s1-eth4,1251,4067,17,57,0,0,0,0
2026-01-21T12:20:57.880782+00:00,s1-eth5,1119,4049,15,56,0,0,0,0
2026-01-21T12:20:57.880782+00:00,s2-eth1,908767,22535,953,250,0,0,0,0
2026-01-21T12:20:57.880782+00:00,s2-eth2,20769,910533,227,976,0,0,0,0
2026-01-21T12:20:57.880782+00:00,s2-eth3,726,3520,9,48,0,0,0,0
2026-01-21T12:20:57.880782+00:00,s2-eth4,726,3520,9,48,0,0,0,0
2026-01-21T12:20:57.880782+00:00,s2-eth5,726,3344,9,46,0,0,0,0
2026-01-21T12:20:58.122078+00:00,s1-eth1,22731,916415,252,961,0,0,0,0
2026-01-21T12:20:58.122078+00:00,s1-eth2,914084,22536,927,246,0,0,0,0
2026-01-21T12:20:58.122078+00:00,s1-eth3,1119,3959,15,55,0,0,0,0
2026-01-21T12:20:58.122078+00:00,s1-eth4,1251,4067,17,57,0,0,0,0
2026-01-21T12:20:58.122078+00:00,s1-eth5,1119,4049,15,56,0,0,0,0
2026-01-21T12:20:58.122078+00:00,s2-eth1,916415,22731,961,252,0,0,0,0
2026-01-21T12:20:58.122078+00:00,s2-eth2,20965,918181,229,984,0,0,0,0
2026-01-21T12:20:58.122078+00:00,s2-eth3,726,3520,9,48,0,0,0,0
2026-01-21T12:20:58.122078+00:00,s2-eth4,726,3520,9,48,0,0,0,0
2026-01-21T12:20:58.122078+00:00,s2-eth5,726,3344,9,46,0,0,0,0
2026-01-21T12:20:58.255976+00:00,s1-eth1,22731,921383,252,965,0,0,0,0
2026-01-21T12:20:58.255976+00:00,s1-eth2,919052,22536,931,246,0,0,0,0
2026-01-21T12:20:58.255976+00:00,s1-eth3,1119,3959,15,55,0,0,0,0
2026-01-21T12:20:58.255976+00:00,s1-eth4,1251,4067,17,57,0,0,0,0
2026-01-21T12:20:58.255976+00:00,s1-eth5,1119,4049,15,56,0,0,0,0
2026-01-21T12:20:58.255976+00:00,s2-eth1,921383,22731,965,252,0,0,0,0
2026-01-21T12:20:58.255976+00:00,s2-eth2,20965,923149,229,988,0,0,0,0
2026-01-21T12:20:58.255976+00:00,s2-eth3,726,3520,9,48,0,0,0,0
2026-01-21T12:20:58.255976+00:00,s2-eth4,726,3520,9,48,0,0,0,0
2026-01-21T12:20:58.255976+00:00,s2-eth5,726,3344,9,46,0,0,0,0
2026-01-21T12:20:58.450625+00:00,s1-eth1,22829,927691,253,971,0,0,0,0
2026-01-21T12:20:58.450625+00:00,s1-eth2,925360,22634,937,247,0,0,0,0
2026-01-21T12:20:58.450625+00:00,s1-eth3,1119,3959,15,55,0,0,0,0
2026-01-21T12:20:58.450625+00:00,s1-eth4,1251,4067,17,57,0,0,0,0
2026-01-21T12:20:58.450625+00:00,s1-eth5,1119,4049,15,56,0,0,0,0
2026-01-21T12:20:58.450625+00:00,s2-eth1,927691,22829,971,253,0,0,0,0
2026-01-21T12:20:58.450625+00:00,s2-eth2,21063,929457,230,994,0,0,0,0
2026-01-21T12:20:58.450625+00:00,s2-eth3,726,3520,9,48,0,0,0,0
2026-01-21T12:20:58.450625+00:00,s2-eth4,726,3520,9,48,0,0,0,0
2026-01-21T12:20:58.450625+00:00,s2-eth5,726,3344,9,46,0,0,0,0
2026-01-21T12:20:58.765195+00:00,s1-eth1,22927,937725,254,980,0,0,0,0
2026-01-21T12:20:58.765195+00:00,s1-eth2,935394,22732,946,248,0,0,0,0
2026-01-21T12:20:58.765195+00:00,s1-eth3,1119,3959,15,55,0,0,0,0
2026-01-21T12:20:58.765195+00:00,s1-eth4,1251,4067,17,57,0,0,0,0
2026-01-21T12:20:58.765195+00:00,s1-eth5,1119,4049,15,56,0,0,0,0
2026-01-21T12:20:58.765195+00:00,s2-eth1,937725,22927,980,254,0,0,0,0
2026-01-21T12:20:58.765195+00:00,s2-eth2,21161,939491,231,1003,0,0,0,0
2026-01-21T12:20:58.765195+00:00,s2-eth3,726,3520,9,48,0,0,0,0
2026-01-21T12:20:58.765195+00:00,s2-eth4,726,3520,9,48,0,0,0,0
2026-01-21T12:20:58.765195+00:00,s2-eth5,726,3344,9,46,0,0,0,0
2026-01-21T12:20:58.849780+00:00,s1-eth1,23025,940307,255,983,0,0,0,0
2026-01-21T12:20:58.849780+00:00,s1-eth2,937976,22830,949,249,0,0,0,0
2026-01-21T12:20:58.849780+00:00,s1-eth3,1119,3959,15,55,0,0,0,0
2026-01-21T12:20:58.849780+00:00,s1-eth4,1251,4067,17,57,0,0,0,0
2026-01-21T12:20:58.849780+00:00,s1-eth5,1119,4049,15,56,0,0,0,0
2026-01-21T12:20:58.849780+00:00,s2-eth1,940307,23025,983,255,0,0,0,0
2026-01-21T12:20:58.849780+00:00,s2-eth2,21259,942073,232,1006,0,0,1242,1
2026-01-21T12:20:58.849780+00:00,s2-eth3,726,3520,9,48,0,0,0,0
2026-01-21T12:20:58.849780+00:00,s2-eth4,726,3520,9,48,0,0,0,0
2026-01-21T12:20:58.849780+00:00,s2-eth5,726,3344,9,46,0,0,0,0
2026-01-21T12:20:59.050619+00:00,s1-eth1,23123,946615,256,989,0,0,0,0
2026-01-21T12:20:59.050619+00:00,s1-eth2,944284,22928,955,250,0,0,0,0
2026-01-21T12:20:59.050619+00:00,s1-eth3,1119,3959,15,55,0,0,0,0
2026-01-21T12:20:59.050619+00:00,s1-eth4,1251,4067,17,57,0,0,0,0
2026-01-21T12:20:59.050619+00:00,s1-eth5,1119,4049,15,56,0,0,0,0
2026-01-21T12:20:59.050619+00:00,s2-eth1,947857,23123,990,256,0,0,0,0
2026-01-21T12:20:59.050619+00:00,s2-eth2,21357,949623,233,1013,0,0,0,0
2026-01-21T12:20:59.050619+00:00,s2-eth3,726,3520,9,48,0,0,0,0
2026-01-21T12:20:59.050619+00:00,s2-eth4,726,3520,9,48,0,0,0,0
2026-01-21T12:20:59.050619+00:00,s2-eth5,726,3344,9,46,0,0,0,0
2026-01-21T12:20:59.275920+00:00,s1-eth1,23221,954165,257,996,0,0,0,0
2026-01-21T12:20:59.275920+00:00,s1-eth2,951834,23026,962,251,0,0,0,0
2026-01-21T12:20:59.275920+00:00,s1-eth3,1119,3959,15,55,0,0,0,0
2026-01-21T12:20:59.275920+00:00,s1-eth4,1251,4067,17,57,0,0,0,0
2026-01-21T12:20:59.275920+00:00,s1-eth5,1119,4049,15,56,0,0,0,0
2026-01-21T12:20:59.275920+00:00,s2-eth1,955407,23221,997,257,0,0,0,0
2026-01-21T12:20:59.275920+00:00,s2-eth2,21455,957173,234,1020,0,0,0,0
2026-01-21T12:20:59.275920+00:00,s2-eth3,726,3520,9,48,0,0,0,0
2026-01-21T12:20:59.275920+00:00,s2-eth4,726,3520,9,48,0,0,0,0
2026-01-21T12:20:59.275920+00:00,s2-eth5,726,3344,9,46,0,0,0,0
2026-01-21T12:20:59.450330+00:00,s1-eth1,23319,960473,258,1002,0,0,0,0
2026-01-21T12:20:59.450330+00:00,s1-eth2,958142,23124,968,252,0,0,0,0
2026-01-21T12:20:59.450330+00:00,s1-eth3,1119,3959,15,55,0,0,0,0
2026-01-21T12:20:59.450330+00:00,s1-eth4,1251,4067,17,57,0,0,0,0
2026-01-21T12:20:59.450330+00:00,s1-eth5,1119,4049,15,56,0,0,0,0
2026-01-21T12:20:59.450330+00:00,s2-eth1,960473,23319,1002,258,0,0,0,0
2026-01-21T12:20:59.450330+00:00,s2-eth2,21553,962239,235,1025,0,0,0,0
2026-01-21T12:20:59.450330+00:00,s2-eth3,726,3520,9,48,0,0,0,0
2026-01-21T12:20:59.450330+00:00,s2-eth4,726,3520,9,48,0,0,0,0
2026-01-21T12:20:59.450330+00:00,s2-eth5,726,3344,9,46,0,0,0,0
2026-01-21T12:20:59.651233+00:00,s1-eth1,23417,966781,259,1008,0,0,0,0
2026-01-21T12:20:59.651233+00:00,s1-eth2,964450,23222,974,253,0,0,0,0
2026-01-21T12:20:59.651233+00:00,s1-eth3,1119,3959,15,55,0,0,0,0
2026-01-21T12:20:59.651233+00:00,s1-eth4,1251,4067,17,57,0,0,0,0
2026-01-21T12:20:59.651233+00:00,s1-eth5,1119,4049,15,56,0,0,0,0
2026-01-21T12:20:59.651233+00:00,s2-eth1,966781,23417,1008,259,0,0,0,0
2026-01-21T12:20:59.651233+00:00,s2-eth2,21651,968547,236,1031,0,0,0,0
2026-01-21T12:20:59.651233+00:00,s2-eth3,726,3520,9,48,0,0,0,0
2026-01-21T12:20:59.651233+00:00,s2-eth4,726,3520,9,48,0,0,0,0
2026-01-21T12:20:59.651233+00:00,s2-eth5,726,3344,9,46,0,0,0,0
2026-01-21T12:20:59.849818+00:00,s1-eth1,23417,973089,259,1014,0,0,0,0
2026-01-21T12:20:59.849818+00:00,s1-eth2,970758,23222,980,253,0,0,0,0
2026-01-21T12:20:59.849818+00:00,s1-eth3,1119,3959,15,55,0,0,0,0
2026-01-21T12:20:59.849818+00:00,s1-eth4,1251,4067,17,57,0,0,0,0
2026-01-21T12:20:59.849818+00:00,s1-eth5,1119,4049,15,56,0,0,0,0
2026-01-21T12:20:59.849818+00:00,s2-eth1,973089,23515,1014,260,0,0,0,0
2026-01-21T12:20:59.849818+00:00,s2-eth2,21749,976097,237,1038,0,0,0,0
2026-01-21T12:20:59.849818+00:00,s2-eth3,726,3520,9,48,0,0,0,0
2026-01-21T12:20:59.849818+00:00,s2-eth4,726,3520,9,48,0,0,0,0
2026-01-21T12:20:59.849818+00:00,s2-eth5,726,3344,9,46,0,0,0,0
2026-01-21T12:21:00.050791+00:00,s1-eth1,23515,979397,260,1020,0,0,0,0
2026-01-21T12:21:00.050791+00:00,s1-eth2,978308,23320,987,254,0,0,98,1
2026-01-21T12:21:00.050791+00:00,s1-eth3,1119,3959,15,55,0,0,0,0
2026-01-21T12:21:00.050791+00:00,s1-eth4,1251,4067,17,57,0,0,0,0
2026-01-21T12:21:00.050791+00:00,s1-eth5,1119,4049,15,56,0,0,0,0
2026-01-21T12:21:00.050791+00:00,s2-eth1,980639,23613,1021,261,0,0,0,0
2026-01-21T12:21:00.050791+00:00,s2-eth2,21847,982405,238,1044,0,0,0,0
2026-01-21T12:21:00.050791+00:00,s2-eth3,726,3520,9,48,0,0,0,0
2026-01-21T12:21:00.050791+00:00,s2-eth4,726,3520,9,48,0,0,0,0
2026-01-21T12:21:00.050791+00:00,s2-eth5,726,3344,9,46,0,0,0,0
2026-01-21T12:21:00.256394+00:00,s1-eth1,23613,986849,261,1026,0,0,0,0
2026-01-21T12:21:00.256394+00:00,s1-eth2,984518,23418,992,255,0,0,0,0
2026-01-21T12:21:00.256394+00:00,s1-eth3,1119,3959,15,55,0,0,0,0
2026-01-21T12:21:00.256394+00:00,s1-eth4,1251,4067,17,57,0,0,0,0
2026-01-21T12:21:00.256394+00:00,s1-eth5,1119,4049,15,56,0,0,0,0
2026-01-21T12:21:00.256394+00:00,s2-eth1,986849,23613,1026,261,0,0,0,0
2026-01-21T12:21:00.256394+00:00,s2-eth2,21847,988615,238,1049,0,0,0,0
2026-01-21T12:21:00.256394+00:00,s2-eth3,726,3520,9,48,0,0,0,0
2026-01-21T12:21:00.256394+00:00,s2-eth4,726,3520,9,48,0,0,0,0
2026-01-21T12:21:00.256394+00:00,s2-eth5,726,3344,9,46,0,0,0,0
2026-01-21T12:21:00.459038+00:00,s1-eth1,23711,993157,262,1032,0,0,0,0
2026-01-21T12:21:00.459038+00:00,s1-eth2,990826,23516,998,256,0,0,0,0
2026-01-21T12:21:00.459038+00:00,s1-eth3,1119,3959,15,55,0,0,0,0
2026-01-21T12:21:00.459038+00:00,s1-eth4,1251,4067,17,57,0,0,0,0
2026-01-21T12:21:00.459038+00:00,s1-eth5,1119,4049,15,56,0,0,0,0
2026-01-21T12:21:00.459038+00:00,s2-eth1,993157,23711,1032,262,0,0,0,0
2026-01-21T12:21:00.459038+00:00,s2-eth2,21945,994923,239,1055,0,0,0,0
2026-01-21T12:21:00.459038+00:00,s2-eth3,726,3520,9,48,0,0,0,0
2026-01-21T12:21:00.459038+00:00,s2-eth4,726,3520,9,48,0,0,0,0
2026-01-21T12:21:00.459038+00:00,s2-eth5,726,3344,9,46,0,0,0,0
2026-01-21T12:21:00.650501+00:00,s1-eth1,24544,995359,270,1043,0,0,0,0
2026-01-21T12:21:00.650501+00:00,s1-eth2,993028,24349,1009,264,0,0,0,0
2026-01-21T12:21:00.650501+00:00,s1-eth3,1119,3959,15,55,0,0,0,0
2026-01-21T12:21:00.650501+00:00,s1-eth4,1251,4067,17,57,0,0,0,0
2026-01-21T12:21:00.650501+00:00,s1-eth5,1119,4049,15,56,0,0,0,0
2026-01-21T12:21:00.650501+00:00,s2-eth1,995359,24544,1043,270,0,0,0,0
2026-01-21T12:21:00.650501+00:00,s2-eth2,22778,997125,247,1066,0,0,0,0
2026-01-21T12:21:00.650501+00:00,s2-eth3,726,3520,9,48,0,0,0,0
2026-01-21T12:21:00.650501+00:00,s2-eth4,726,3520,9,48,0,0,0,0
2026-01-21T12:21:00.650501+00:00,s2-eth5,726,3344,9,46,0,0,0,0
2026-01-21T12:21:00.850743+00:00,s1-eth1,24642,995457,271,1044,0,0,0,0
2026-01-21T12:21:00.850743+00:00,s1-eth2,993126,24447,1010,265,0,0,0,0
2026-01-21T12:21:00.850743+00:00,s1-eth3,1119,3959,15,55,0,0,0,0
2026-01-21T12:21:00.850743+00:00,s1-eth4,1251,4067,17,57,0,0,0,0
2026-01-21T12:21:00.850743+00:00,s1-eth5,1119,4049,15,56,0,0,0,0
2026-01-21T12:21:00.850743+00:00,s2-eth1,995457,24642,1044,271,0,0,0,0
2026-01-21T12:21:00.850743+00:00,s2-eth2,22876,997223,248,1067,0,0,0,0
2026-01-21T12:21:00.850743+00:00,s2-eth3,726,3520,9,48,0,0,0,0
2026-01-21T12:21:00.850743+00:00,s2-eth4,726,3520,9,48,0,0,0,0
2026-01-21T12:21:00.850743+00:00,s2-eth5,726,3344,9,46,0,0,0,0
2026-01-21T12:21:02.029260+00:00,s1-eth1,25360,996604,281,1057,0,0,0,0
2026-01-21T12:21:02.029260+00:00,s1-eth2,994069,24951,1019,272,0,0,0,0
2026-01-21T12:21:02.029260+00:00,s1-eth3,1362,4099,18,57,0,0,0,0
2026-01-21T12:21:02.029260+00:00,s1-eth4,1597,4141,21,58,0,0,0,0
2026-01-21T12:21:02.029260+00:00,s1-eth5,1193,4049,16,56,0,0,0,0
2026-01-21T12:21:02.029260+00:00,s2-eth1,997063,25360,1061,281,0,0,0,0
2026-01-21T12:21:02.029260+00:00,s2-eth2,23594,998370,258,1080,0,0,459,4
2026-01-21T12:21:02.029260+00:00,s2-eth3,726,3520,9,48,0,0,0,0
2026-01-21T12:21:02.029260+00:00,s2-eth4,726,3520,9,48,0,0,0,0
2026-01-21T12:21:02.029260+00:00,s2-eth5,726,3344,9,46,0,0,0,0
2026-01-21T12:21:02.046129+00:00,s1-eth1,25360,997063,281,1061,0,0,0,0
2026-01-21T12:21:02.046129+00:00,s1-eth2,994069,24951,1019,272,0,0,0,0
2026-01-21T12:21:02.046129+00:00,s1-eth3,1362,4099,18,57,0,0,0,0
2026-01-21T12:21:02.046129+00:00,s1-eth4,1597,4141,21,58,0,0,0,0
2026-01-21T12:21:02.046129+00:00,s1-eth5,1193,4049,16,56,0,0,0,0
2026-01-21T12:21:02.046129+00:00,s2-eth1,997063,25360,1061,281,0,0,0,0
2026-01-21T12:21:02.046129+00:00,s2-eth2,23594,998370,258,1080,0,0,459,4
2026-01-21T12:21:02.046129+00:00,s2-eth3,726,3520,9,48,0,0,0,0
2026-01-21T12:21:02.046129+00:00,s2-eth4,726,3520,9,48,0,0,0,0
2026-01-21T12:21:02.046129+00:00,s2-eth5,726,3344,9,46,0,0,0,0
2026-01-21T12:21:02.061555+00:00,s1-eth1,25360,997063,281,1061,0,0,0,0
2026-01-21T12:21:02.061555+00:00,s1-eth2,994069,24951,1019,272,0,0,0,0
2026-01-21T12:21:02.061555+00:00,s1-eth3,1362,4099,18,57,0,0,0,0
2026-01-21T12:21:02.061555+00:00,s1-eth4,1597,4141,21,58,0,0,0,0
2026-01-21T12:21:02.061555+00:00,s1-eth5,1193,4049,16,56,0,0,0,0
2026-01-21T12:21:02.061555+00:00,s2-eth1,997063,25360,1061,281,0,0,0,0
2026-01-21T12:21:02.061555+00:00,s2-eth2,23594,998370,258,1080,0,0,459,4
2026-01-21T12:21:02.061555+00:00,s2-eth3,726,3520,9,48,0,0,0,0
2026-01-21T12:21:02.061555+00:00,s2-eth4,726,3520,9,48,0,0,0,0
2026-01-21T12:21:02.061555+00:00,s2-eth5,726,3344,9,46,0,0,0,0
2026-01-21T12:21:02.075898+00:00,s1-eth1,25360,997063,281,1061,0,0,0,0
2026-01-21T12:21:02.075898+00:00,s1-eth2,994069,24951,1019,272,0,0,0,0
2026-01-21T12:21:02.075898+00:00,s1-eth3,1362,4099,18,57,0,0,0,0
2026-01-21T12:21:02.075898+00:00,s1-eth4,1597,4141,21,58,0,0,0,0
2026-01-21T12:21:02.075898+00:00,s1-eth5,1193,4049,16,56,0,0,0,0
2026-01-21T12:21:02.075898+00:00,s2-eth1,997063,25360,1061,281,0,0,0,0
2026-01-21T12:21:02.075898+00:00,s2-eth2,23594,998370,258,1080,0,0,459,4
2026-01-21T12:21:02.075898+00:00,s2-eth3,726,3520,9,48,0,0,0,0
2026-01-21T12:21:02.075898+00:00,s2-eth4,726,3520,9,48,0,0,0,0
2026-01-21T12:21:02.075898+00:00,s2-eth5,726,3344,9,46,0,0,0,0
2026-01-21T12:21:02.090683+00:00,s1-eth1,25360,997063,281,1061,0,0,0,0
2026-01-21T12:21:02.090683+00:00,s1-eth2,994069,24951,1019,272,0,0,0,0
2026-01-21T12:21:02.090683+00:00,s1-eth3,1362,4099,18,57,0,0,0,0
2026-01-21T12:21:02.090683+00:00,s1-eth4,1597,4141,21,58,0,0,0,0
2026-01-21T12:21:02.090683+00:00,s1-eth5,1193,4049,16,56,0,0,0,0
2026-01-21T12:21:02.090683+00:00,s2-eth1,997063,25360,1061,281,0,0,0,0
2026-01-21T12:21:02.090683+00:00,s2-eth2,23594,998370,258,1080,0,0,459,4
2026-01-21T12:21:02.090683+00:00,s2-eth3,726,3520,9,48,0,0,0,0
2026-01-21T12:21:02.090683+00:00,s2-eth4,726,3520,9,48,0,0,0,0
2026-01-21T12:21:02.090683+00:00,s2-eth5,726,3344,9,46,0,0,0,0
2026-01-21T12:21:02.106481+00:00,s1-eth1,25360,997063,281,1061,0,0,0,0
2026-01-21T12:21:02.106481+00:00,s1-eth2,994069,24951,1019,272,0,0,0,0
2026-01-21T12:21:02.106481+00:00,s1-eth3,1362,4099,18,57,0,0,0,0
2026-01-21T12:21:02.106481+00:00,s1-eth4,1597,4141,21,58,0,0,0,0
2026-01-21T12:21:02.106481+00:00,s1-eth5,1193,4049,16,56,0,0,0,0
2026-01-21T12:21:02.106481+00:00,s2-eth1,997063,25360,1061,281,0,0,0,0
2026-01-21T12:21:02.106481+00:00,s2-eth2,23594,998370,258,1080,0,0,459,4
2026-01-21T12:21:02.106481+00:00,s2-eth3,726,3520,9,48,0,0,0,0
2026-01-21T12:21:02.106481+00:00,s2-eth4,726,3520,9,48,0,0,0,0
2026-01-21T12:21:02.106481+00:00,s2-eth5,726,3344,9,46,0,0,0,0
2026-01-21T12:21:03.027734+00:00,s1-eth1,25360,997232,282,1063,0,0,0,0
2026-01-21T12:21:03.027734+00:00,s1-eth2,994279,25018,1022,273,0,0,176,2
2026-01-21T12:21:03.027734+00:00,s1-eth3,1362,4099,18,57,0,0,0,0
2026-01-21T12:21:03.027734+00:00,s1-eth4,1700,4207,22,59,0,0,78,1
2026-01-21T12:21:03.027734+00:00,s1-eth5,1267,4049,17,56,0,0,74,1
2026-01-21T12:21:03.027734+00:00,s2-eth1,997450,25821,1066,287,0,0,0,0
2026-01-21T12:21:03.027734+00:00,s2-eth2,24055,998998,264,1086,0,0,218,3
2026-01-21T12:21:03.027734+00:00,s2-eth3,726,3520,9,48,0,0,0,0
2026-01-21T12:21:03.027734+00:00,s2-eth4,726,3520,9,48,0,0,0,0
2026-01-21T12:21:03.027734+00:00,s2-eth5,726,3344,9,46,0,0,0,0
2026-01-21T12:21:03.048119+00:00,s1-eth1,25821,997450,287,1066,0,0,0,0
2026-01-21T12:21:03.048119+00:00,s1-eth2,994279,25018,1022,273,0,0,176,2
2026-01-21T12:21:03.048119+00:00,s1-eth3,1362,4099,18,57,0,0,0,0
2026-01-21T12:21:03.048119+00:00,s1-eth4,1700,4207,22,59,0,0,78,1
2026-01-21T12:21:03.048119+00:00,s1-eth5,1267,4049,17,56,0,0,74,1
2026-01-21T12:21:03.048119+00:00,s2-eth1,997450,25821,1066,287,0,0,0,0
2026-01-21T12:21:03.048119+00:00,s2-eth2,24055,998998,264,1086,0,0,218,3
2026-01-21T12:21:03.048119+00:00,s2-eth3,726,3520,9,48,0,0,0,0
2026-01-21T12:21:03.048119+00:00,s2-eth4,726,3520,9,48,0,0,0,0
2026-01-21T12:21:03.048119+00:00,s2-eth5,726,3344,9,46,0,0,0,0
2026-01-21T12:21:03.063772+00:00,s1-eth1,25821,997450,287,1066,0,0,0,0
2026-01-21T12:21:03.063772+00:00,s1-eth2,994279,25018,1022,273,0,0,176,2
2026-01-21T12:21:03.063772+00:00,s1-eth3,1362,4099,18,57,0,0,0,0
2026-01-21T12:21:03.063772+00:00,s1-eth4,1700,4207,22,59,0,0,78,1
2026-01-21T12:21:03.063772+00:00,s1-eth5,1267,4049,17,56,0,0,74,1
2026-01-21T12:21:03.063772+00:00,s2-eth1,997450,25821,1066,287,0,0,0,0
2026-01-21T12:21:03.063772+00:00,s2-eth2,24055,998998,264,1086,0,0,218,3
2026-01-21T12:21:03.063772+00:00,s2-eth3,726,3520,9,48,0,0,0,0
2026-01-21T12:21:03.063772+00:00,s2-eth4,726,3520,9,48,0,0,0,0
2026-01-21T12:21:03.063772+00:00,s2-eth5,726,3344,9,46,0,0,0,0
2026-01-21T12:21:03.079300+00:00,s1-eth1,25821,997450,287,1066,0,0,0,0
2026-01-21T12:21:03.079300+00:00,s1-eth2,994279,25018,1022,273,0,0,176,2
2026-01-21T12:21:03.079300+00:00,s1-eth3,1362,4099,18,57,0,0,0,0
2026-01-21T12:21:03.079300+00:00,s1-eth4,1700,4207,22,59,0,0,78,1
2026-01-21T12:21:03.079300+00:00,s1-eth5,1267,4049,17,56,0,0,74,1
2026-01-21T12:21:03.079300+00:00,s2-eth1,997450,25821,1066,287,0,0,0,0
2026-01-21T12:21:03.079300+00:00,s2-eth2,24055,998998,264,1086,0,0,218,3
2026-01-21T12:21:03.079300+00:00,s2-eth3,726,3520,9,48,0,0,0,0
2026-01-21T12:21:03.079300+00:00,s2-eth4,726,3520,9,48,0,0,0,0
2026-01-21T12:21:03.079300+00:00,s2-eth5,726,3344,9,46,0,0,0,0
2026-01-21T12:21:03.094660+00:00,s1-eth1,25821,997450,287,1066,0,0,0,0
2026-01-21T12:21:03.094660+00:00,s1-eth2,994279,25018,1022,273,0,0,176,2
2026-01-21T12:21:03.094660+00:00,s1-eth3,1362,4099,18,57,0,0,0,0
2026-01-21T12:21:03.094660+00:00,s1-eth4,1700,4207,22,59,0,0,78,1
2026-01-21T12:21:03.094660+00:00,s1-eth5,1267,4049,17,56,0,0,74,1
2026-01-21T12:21:03.094660+00:00,s2-eth1,997450,25821,1066,287,0,0,0,0
2026-01-21T12:21:03.094660+00:00,s2-eth2,24055,998998,264,1086,0,0,218,3
2026-01-21T12:21:03.094660+00:00,s2-eth3,726,3520,9,48,0,0,0,0
2026-01-21T12:21:03.094660+00:00,s2-eth4,726,3520,9,48,0,0,0,0
2026-01-21T12:21:03.094660+00:00,s2-eth5,726,3344,9,46,0,0,0,0
2026-01-21T12:21:04.027861+00:00,s1-eth1,25899,997528,288,1067,0,0,0,0
2026-01-21T12:21:04.027861+00:00,s1-eth2,994587,25472,1026,279,0,0,0,0
2026-01-21T12:21:04.027861+00:00,s1-eth3,1428,4232,19,59,0,0,54,1
2026-01-21T12:21:04.027861+00:00,s1-eth4,1766,4550,23,64,0,0,0,0
2026-01-21T12:21:04.027861+00:00,s1-eth5,1568,4450,21,62,0,0,0,0
2026-01-21T12:21:04.027861+00:00,s2-eth1,1000675,27030,1078,305,0,0,0,0
2026-01-21T12:21:04.027861+00:00,s2-eth2,25264,1002441,282,1101,0,0,0,0
2026-01-21T12:21:04.027861+00:00,s2-eth3,726,3520,9,48,0,0,0,0
2026-01-21T12:21:04.027861+00:00,s2-eth4,726,3520,9,48,0,0,0,0
2026-01-21T12:21:04.027861+00:00,s2-eth5,726,3344,9,46,0,0,0,0
2026-01-21T12:21:04.047838+00:00,s1-eth1,27030,1005643,305,1082,0,0,0,0
2026-01-21T12:21:04.047838+00:00,s1-eth2,1002039,25570,1032,280,0,0,0,0
2026-01-21T12:21:04.047838+00:00,s1-eth3,1428,4286,19,60,0,0,0,0
2026-01-21T12:21:04.047838+00:00,s1-eth4,1766,4550,23,64,0,0,0,0
2026-01-21T12:21:04.047838+00:00,s1-eth5,1568,4504,21,63,0,0,0,0
2026-01-21T12:21:04.047838+00:00,s2-eth1,1006885,27030,1083,305,0,0,0,0
2026-01-21T12:21:04.047838+00:00,s2-eth2,25264,1008651,282,1106,0,0,1242,1
2026-01-21T12:21:04.047838+00:00,s2-eth3,726,3520,9,48,0,0,0,0
2026-01-21T12:21:04.047838+00:00,s2-eth4,726,3520,9,48,0,0,0,0
2026-01-21T12:21:04.047838+00:00,s2-eth5,726,3344,9,46,0,0,0,0
2026-01-21T12:21:04.065442+00:00,s1-eth1,27030,1009369,305,1085,0,0,3726,3
2026-01-21T12:21:04.065442+00:00,s1-eth2,1010733,25570,1039,280,0,0,0,0
2026-01-21T12:21:04.065442+00:00,s1-eth3,1428,4286,19,60,0,0,0,0
2026-01-21T12:21:04.065442+00:00,s1-eth4,1766,4550,23,64,0,0,0,0
2026-01-21T12:21:04.065442+00:00,s1-eth5,1568,4504,21,63,0,0,0,0
2026-01-21T12:21:04.065442+00:00,s2-eth1,1011853,27030,1087,305,0,0,0,0
2026-01-21T12:21:04.065442+00:00,s2-eth2,25264,1013619,282,1110,0,0,0,0
2026-01-21T12:21:04.065442+00:00,s2-eth3,726,3520,9,48,0,0,0,0
2026-01-21T12:21:04.065442+00:00,s2-eth4,726,3520,9,48,0,0,0,0
2026-01-21T12:21:04.065442+00:00,s2-eth5,726,3344,9,46,0,0,0,0
2026-01-21T12:21:04.084084+00:00,s1-eth1,27030,1014337,305,1089,0,0,7452,6
2026-01-21T12:21:04.084084+00:00,s1-eth2,1018185,25570,1045,280,0,0,0,0
2026-01-21T12:21:04.084084+00:00,s1-eth3,1428,4286,19,60,0,0,0,0
2026-01-21T12:21:04.084084+00:00,s1-eth4,1766,4550,23,64,0,0,0,0
2026-01-21T12:21:04.084084+00:00,s1-eth5,1568,4504,21,63,0,0,0,0
2026-01-21T12:21:04.084084+00:00,s2-eth1,1016821,27030,1091,305,0,0,0,0
2026-01-21T12:21:04.084084+00:00,s2-eth2,25264,1018587,282,1114,0,0,1242,1
2026-01-21T12:21:04.084084+00:00,s2-eth3,726,3520,9,48,0,0,0,0
2026-01-21T12:21:04.084084+00:00,s2-eth4,726,3520,9,48,0,0,0,0
2026-01-21T12:21:04.084084+00:00,s2-eth5,726,3344,9,46,0,0,0,0
2026-01-21T12:21:04.102231+00:00,s1-eth1,27030,1019305,305,1093,0,0,11178,9
2026-01-21T12:21:04.102231+00:00,s1-eth2,1026879,25570,1052,280,0,0,0,0
2026-01-21T12:21:04.102231+00:00,s1-eth3,1428,4286,19,60,0,0,0,0
2026-01-21T12:21:04.102231+00:00,s1-eth4,1766,4550,23,64,0,0,0,0
2026-01-21T12:21:04.102231+00:00,s1-eth5,1568,4504,21,63,0,0,0,0
2026-01-21T12:21:04.102231+00:00,s2-eth1,1021789,27030,1095,305,0,0,0,0
2026-01-21T12:21:04.102231+00:00,s2-eth2,25264,1023555,282,1118,0,0,0,0
2026-01-21T12:21:04.102231+00:00,s2-eth3,726,3520,9,48,0,0,0,0
2026-01-21T12:21:04.102231+00:00,s2-eth4,726,3520,9,48,0,0,0,0
2026-01-21T12:21:04.102231+00:00,s2-eth5,726,3344,9,46,0,0,0,0
2026-01-21T12:21:04.249842+00:00,s1-eth1,27030,1055323,305,1122,0,0,41084,34
2026-01-21T12:21:04.249842+00:00,s1-eth2,1094045,25570,1107,280,0,0,0,0
2026-01-21T12:21:04.249842+00:00,s1-eth3,1428,4286,19,60,0,0,0,0
2026-01-21T12:21:04.249842+00:00,s1-eth4,1766,4550,23,64,0,0,0,0
2026-01-21T12:21:04.249842+00:00,s1-eth5,1568,4504,21,63,0,0,0,0
2026-01-21T12:21:04.249842+00:00,s2-eth1,1057807,27030,1124,305,0,0,0,0
2026-01-21T12:21:04.249842+00:00,s2-eth2,25264,1060815,282,1148,0,0,0,0
2026-01-21T12:21:04.249842+00:00,s2-eth3,726,3520,9,48,0,0,0,0
2026-01-21T12:21:04.249842+00:00,s2-eth4,726,3520,9,48,0,0,0,0
2026-01-21T12:21:04.249842+00:00,s2-eth5,726,3344,9,46,0,0,0,0
2026-01-21T12:21:04.449941+00:00,s1-eth1,27128,1105101,306,1163,0,0,82070,67
2026-01-21T12:21:04.449941+00:00,s1-eth2,1184809,25668,1181,281,0,0,0,0
2026-01-21T12:21:04.449941+00:00,s1-eth3,1428,4286,19,60,0,0,0,0
2026-01-21T12:21:04.449941+00:00,s1-eth4,1766,4550,23,64,0,0,0,0
2026-01-21T12:21:04.449941+00:00,s1-eth5,1568,4504,21,63,0,0,0,0
2026-01-21T12:21:04.449941+00:00,s2-eth1,1107585,27128,1165,306,0,0,0,0
2026-01-21T12:21:04.449941+00:00,s2-eth2,25362,1109351,283,1188,0,0,0,0
2026-01-21T12:21:04.449941+00:00,s2-eth3,726,3520,9,48,0,0,0,0
2026-01-21T12:21:04.449941+00:00,s2-eth4,726,3520,9,48,0,0,0,0
2026-01-21T12:21:04.449941+00:00,s2-eth5,726,3344,9,46,0,0,0,0
2026-01-21T12:21:04.650569+00:00,s1-eth1,27128,1156023,306,1204,0,0,103282,85
2026-01-21T12:21:04.650569+00:00,s1-eth2,1275573,25668,1255,281,0,0,0,0
2026-01-21T12:21:04.650569+00:00,s1-eth3,1428,4286,19,60,0,0,0,0
2026-01-21T12:21:04.650569+00:00,s1-eth4,1766,4550,23,64,0,0,0,0
2026-01-21T12:21:04.650569+00:00,s1-eth5,1568,4504,21,63,0,0,0,0
2026-01-21T12:21:04.650569+00:00,s2-eth1,1158507,27128,1206,306,0,0,0,0
2026-01-21T12:21:04.650569+00:00,s2-eth2,25362,1160273,283,1229,0,0,0,0
2026-01-21T12:21:04.650569+00:00,s2-eth3,726,3520,9,48,0,0,0,0
2026-01-21T12:21:04.650569+00:00,s2-eth4,726,3520,9,48,0,0,0,0
2026-01-21T12:21:04.650569+00:00,s2-eth5,726,3344,9,46,0,0,0,0
2026-01-21T12:21:04.849844+00:00,s1-eth1,27226,1205801,307,1245,0,0,103282,85
2026-01-21T12:21:04.849844+00:00,s1-eth2,1367579,25766,1330,282,0,0,0,0
2026-01-21T12:21:04.849844+00:00,s1-eth3,1428,4286,19,60,0,0,0,0
2026-01-21T12:21:04.849844+00:00,s1-eth4,1766,4550,23,64,0,0,0,0
2026-01-21T12:21:04.849844+00:00,s1-eth5,1568,4504,21,63,0,0,0,0
2026-01-21T12:21:04.849844+00:00,s2-eth1,1208285,27226,1247,307,0,0,0,0
2026-01-21T12:21:04.849844+00:00,s2-eth2,25460,1210051,284,1270,0,0,0,0
2026-01-21T12:21:04.849844+00:00,s2-eth3,726,3520,9,48,0,0,0,0
2026-01-21T12:21:04.849844+00:00,s2-eth4,726,3520,9,48,0,0,0,0
2026-01-21T12:21:04.849844+00:00,s2-eth5,726,3344,9,46,0,0,0,0
2026-01-21T12:21:05.050068+00:00,s1-eth1,27226,1255579,307,1286,0,0,103282,85
2026-01-21T12:21:05.050068+00:00,s1-eth2,1457101,25766,1403,282,0,0,0,0
2026-01-21T12:21:05.050068+00:00,s1-eth3,1428,4286,19,60,0,0,0,0
2026-01-21T12:21:05.050068+00:00,s1-eth4,1766,4550,23,64,0,0,0,0
2026-01-21T12:21:05.050068+00:00,s1-eth5,1568,4504,21,63,0,0,0,0
2026-01-21T12:21:05.050068+00:00,s2-eth1,1258063,27324,1288,308,0,0,0,0
2026-01-21T12:21:05.050068+00:00,s2-eth2,25558,1259829,285,1311,0,0,0,0
2026-01-21T12:21:05.050068+00:00,s2-eth3,726,3520,9,48,0,0,0,0
2026-01-21T12:21:05.050068+00:00,s2-eth4,726,3520,9,48,0,0,0,0
2026-01-21T12:21:05.050068+00:00,s2-eth5,726,3344,9,46,0,0,0,0
2026-01-21T12:21:05.250258+00:00,s1-eth1,27324,1305259,308,1326,0,0,102040,84
2026-01-21T12:21:05.250258+00:00,s1-eth2,1547865,25864,1477,283,0,0,98,1
2026-01-21T12:21:05.250258+00:00,s1-eth3,1428,4286,19,60,0,0,0,0
2026-01-21T12:21:05.250258+00:00,s1-eth4,1766,4550,23,64,0,0,0,0
2026-01-21T12:21:05.250258+00:00,s1-eth5,1568,4504,21,63,0,0,0,0
2026-01-21T12:21:05.250258+00:00,s2-eth1,1307841,27422,1329,309,0,0,0,0
2026-01-21T12:21:05.250258+00:00,s2-eth2,25656,1309607,286,1352,0,0,0,0
2026-01-21T12:21:05.250258+00:00,s2-eth3,726,3520,9,48,0,0,0,0
2026-01-21T12:21:05.250258+00:00,s2-eth4,726,3520,9,48,0,0,0,0
2026-01-21T12:21:05.250258+00:00,s2-eth5,726,3344,9,46,0,0,0,0
2026-01-21T12:21:05.450306+00:00,s1-eth1,27422,1355037,309,1367,0,0,103380,86
2026-01-21T12:21:05.450306+00:00,s1-eth2,1638629,25962,1551,284,0,0,0,0
2026-01-21T12:21:05.450306+00:00,s1-eth3,1428,4286,19,60,0,0,0,0
2026-01-21T12:21:05.450306+00:00,s1-eth4,1766,4550,23,64,0,0,0,0
2026-01-21T12:21:05.450306+00:00,s1-eth5,1568,4504,21,63,0,0,0,0
2026-01-21T12:21:05.450306+00:00,s2-eth1,1357619,27520,1370,310,0,0,0,0
2026-01-21T12:21:05.450306+00:00,s2-eth2,25754,1359385,287,1393,0,0,0,0
2026-01-21T12:21:05.450306+00:00,s2-eth3,726,3520,9,48,0,0,0,0
2026-01-21T12:21:05.450306+00:00,s2-eth4,726,3520,9,48,0,0,0,0
2026-01-21T12:21:05.450306+00:00,s2-eth5,726,3344,9,46,0,0,0,0
2026-01-21T12:21:05.650704+00:00,s1-eth1,27520,1406057,310,1409,0,0,103380,86
2026-01-21T12:21:05.650704+00:00,s1-eth2,1729393,26060,1625,285,0,0,0,0
2026-01-21T12:21:05.650704+00:00,s1-eth3,1428,4286,19,60,0,0,0,0
2026-01-21T12:21:05.650704+00:00,s1-eth4,1766,4550,23,64,0,0,0,0
2026-01-21T12:21:05.650704+00:00,s1-eth5,1568,4504,21,63,0,0,0,0
2026-01-21T12:21:05.650704+00:00,s2-eth1,1408639,27618,1412,311,0,0,0,0
2026-01-21T12:21:05.650704+00:00,s2-eth2,25852,1410405,288,1435,0,0,0,0
2026-01-21T12:21:05.650704+00:00,s2-eth3,726,3520,9,48,0,0,0,0
2026-01-21T12:21:05.650704+00:00,s2-eth4,726,3520,9,48,0,0,0,0
2026-01-21T12:21:05.650704+00:00,s2-eth5,726,3344,9,46,0,0,0,0
2026-01-21T12:21:05.849822+00:00,s1-eth1,27618,1455835,311,1450,0,0,103380,86
2026-01-21T12:21:05.849822+00:00,s1-eth2,1820157,26158,1699,286,0,0,0,0
2026-01-21T12:21:05.849822+00:00,s1-eth3,1428,4286,19,60,0,0,0,0
2026-01-21T12:21:05.849822+00:00,s1-eth4,1766,4550,23,64,0,0,0,0
2026-01-21T12:21:05.849822+00:00,s1-eth5,1568,4504,21,63,0,0,0,0
2026-01-21T12:21:05.849822+00:00,s2-eth1,1458417,27618,1453,311,0,0,0,0
2026-01-21T12:21:05.849822+00:00,s2-eth2,25950,1460183,289,1476,0,0,0,0
2026-01-21T12:21:05.849822+00:00,s2-eth3,726,3520,9,48,0,0,0,0
2026-01-21T12:21:05.849822+00:00,s2-eth4,726,3520,9,48,0,0,0,0
2026-01-21T12:21:05.849822+00:00,s2-eth5,726,3344,9,46,0,0,0,0
2026-01-21T12:21:06.061647+00:00,s1-eth1,27814,1508195,313,1494,0,0,103282,85
2026-01-21T12:21:06.061647+00:00,s1-eth2,1910921,26354,1773,288,0,0,0,0
2026-01-21T12:21:06.061647+00:00,s1-eth3,1428,4286,19,60,0,0,0,0
2026-01-21T12:21:06.061647+00:00,s1-eth4,1766,4550,23,64,0,0,0,0
2026-01-21T12:21:06.061647+00:00,s1-eth5,1568,4504,21,63,0,0,0,0
2026-01-21T12:21:06.061647+00:00,s2-eth1,1510679,27814,1496,313,0,0,0,0
2026-01-21T12:21:06.061647+00:00,s2-eth2,26048,1512445,290,1519,0,0,0,0
2026-01-21T12:21:06.061647+00:00,s2-eth3,726,3520,9,48,0,0,0,0
2026-01-21T12:21:06.061647+00:00,s2-eth4,726,3520,9,48,0,0,0,0
2026-01-21T12:21:06.061647+00:00,s2-eth5,726,3344,9,46,0,0,0,0
2026-01-21T12:21:06.250544+00:00,s1-eth1,27814,1555391,313,1532,0,0,102138,85
2026-01-21T12:21:06.250544+00:00,s1-eth2,2001685,26354,1847,288,0,0,0,0
2026-01-21T12:21:06.250544+00:00,s1-eth3,1428,4286,19,60,0,0,0,0
2026-01-21T12:21:06.250544+00:00,s1-eth4,1766,4550,23,64,0,0,0,0
2026-01-21T12:21:06.250544+00:00,s1-eth5,1568,4504,21,63,0,0,0,0
2026-01-21T12:21:06.250544+00:00,s2-eth1,1557973,27912,1535,314,0,0,0,0
2026-01-21T12:21:06.250544+00:00,s2-eth2,26146,1559739,291,1558,0,0,1242,1
2026-01-21T12:21:06.250544+00:00,s2-eth3,726,3520,9,48,0,0,0,0
2026-01-21T12:21:06.250544+00:00,s2-eth4,726,3520,9,48,0,0,0,0
2026-01-21T12:21:06.250544+00:00,s2-eth5,726,3344,9,46,0,0,0,0
2026-01-21T12:21:06.480266+00:00,s1-eth1,28010,1612719,315,1580,0,0,103282,85
2026-01-21T12:21:06.480266+00:00,s1-eth2,2106111,26550,1932,290,0,0,0,0
2026-01-21T12:21:06.480266+00:00,s1-eth3,1428,4286,19,60,0,0,0,0
2026-01-21T12:21:06.480266+00:00,s1-eth4,1766,4550,23,64,0,0,0,0
2026-01-21T12:21:06.480266+00:00,s1-eth5,1568,4504,21,63,0,0,0,0
2026-01-21T12:21:06.480266+00:00,s2-eth1,1615203,28010,1582,315,0,0,0,0
2026-01-21T12:21:06.480266+00:00,s2-eth2,26244,1616969,292,1605,0,0,0,0
2026-01-21T12:21:06.480266+00:00,s2-eth3,726,3520,9,48,0,0,0,0
2026-01-21T12:21:06.480266+00:00,s2-eth4,726,3520,9,48,0,0,0,0
2026-01-21T12:21:06.480266+00:00,s2-eth5,726,3344,9,46,0,0,0,0
2026-01-21T12:21:06.650103+00:00,s1-eth1,28010,1654947,315,1614,0,0,103282,85
2026-01-21T12:21:06.650103+00:00,s1-eth2,2181873,26550,1993,290,0,0,0,0
2026-01-21T12:21:06.650103+00:00,s1-eth3,1428,4286,19,60,0,0,0,0
2026-01-21T12:21:06.650103+00:00,s1-eth4,1766,4550,23,64,0,0,0,0
2026-01-21T12:21:06.650103+00:00,s1-eth5,1568,4504,21,63,0,0,0,0
2026-01-21T12:21:06.650103+00:00,s2-eth1,1657431,28010,1616,315,0,0,0,0
2026-01-21T12:21:06.650103+00:00,s2-eth2,26244,1659197,292,1639,0,0,1242,1
2026-01-21T12:21:06.650103+00:00,s2-eth3,726,3520,9,48,0,0,0,0
2026-01-21T12:21:06.650103+00:00,s2-eth4,726,3520,9,48,0,0,0,0
2026-01-21T12:21:06.650103+00:00,s2-eth5,726,3344,9,46,0,0,0,0
2026-01-21T12:21:06.850225+00:00,s1-eth1,28108,1704725,316,1655,0,0,103282,85
2026-01-21T12:21:06.850225+00:00,s1-eth2,2272637,26648,2067,291,0,0,0,0
2026-01-21T12:21:06.850225+00:00,s1-eth3,1428,4286,19,60,0,0,0,0
2026-01-21T12:21:06.850225+00:00,s1-eth4,1766,4550,23,64,0,0,0,0
2026-01-21T12:21:06.850225+00:00,s1-eth5,1568,4504,21,63,0,0,0,0
2026-01-21T12:21:06.850225+00:00,s2-eth1,1707209,28108,1657,316,0,0,0,0
2026-01-21T12:21:06.850225+00:00,s2-eth2,26342,1708975,293,1680,0,0,0,0
2026-01-21T12:21:06.850225+00:00,s2-eth3,726,3520,9,48,0,0,0,0
2026-01-21T12:21:06.850225+00:00,s2-eth4,726,3520,9,48,0,0,0,0
2026-01-21T12:21:06.850225+00:00,s2-eth5,726,3344,9,46,0,0,0,0
2026-01-21T12:21:07.049853+00:00,s1-eth1,28206,1754503,317,1696,0,0,103282,85
2026-01-21T12:21:07.049853+00:00,s1-eth2,2363401,26746,2141,292,0,0,0,0
2026-01-21T12:21:07.049853+00:00,s1-eth3,1428,4286,19,60,0,0,0,0
2026-01-21T12:21:07.049853+00:00,s1-eth4,1766,4550,23,64,0,0,0,0
2026-01-21T12:21:07.049853+00:00,s1-eth5,1568,4504,21,63,0,0,0,0
2026-01-21T12:21:07.049853+00:00,s2-eth1,1758229,28206,1699,317,0,0,0,0
2026-01-21T12:21:07.049853+00:00,s2-eth2,26440,1759995,294,1722,0,0,0,0
2026-01-21T12:21:07.049853+00:00,s2-eth3,726,3520,9,48,0,0,0,0
2026-01-21T12:21:07.049853+00:00,s2-eth4,726,3520,9,48,0,0,0,0
2026-01-21T12:21:07.049853+00:00,s2-eth5,726,3344,9,46,0,0,0,0
2026-01-21T12:21:07.319764+00:00,s1-eth1,28402,1821767,319,1752,0,0,103282,85
2026-01-21T12:21:07.319764+00:00,s1-eth2,2485313,26942,2241,294,0,0,0,0
2026-01-21T12:21:07.319764+00:00,s1-eth3,1428,4286,19,60,0,0,0,0
2026-01-21T12:21:07.319764+00:00,s1-eth4,1766,4550,23,64,0,0,0,0
2026-01-21T12:21:07.319764+00:00,s1-eth5,1568,4504,21,63,0,0,0,0
2026-01-21T12:21:07.319764+00:00,s2-eth1,1824251,28402,1754,319,0,0,0,0
2026-01-21T12:21:07.319764+00:00,s2-eth2,26636,1826017,296,1777,0,0,1242,1
2026-01-21T12:21:07.319764+00:00,s2-eth3,726,3520,9,48,0,0,0,0
2026-01-21T12:21:07.319764+00:00,s2-eth4,726,3520,9,48,0,0,0,0
2026-01-21T12:21:07.319764+00:00,s2-eth5,726,3344,9,46,0,0,0,0
2026-01-21T12:21:07.513779+00:00,s1-eth1,28500,1870303,320,1792,0,0,102040,84
2026-01-21T12:21:07.513779+00:00,s1-eth2,2574835,27040,2314,295,0,0,0,0
2026-01-21T12:21:07.513779+00:00,s1-eth3,1428,4286,19,60,0,0,0,0
2026-01-21T12:21:07.513779+00:00,s1-eth4,1766,4550,23,64,0,0,0,0
2026-01-21T12:21:07.513779+00:00,s1-eth5,1568,4504,21,63,0,0,0,0
2026-01-21T12:21:07.513779+00:00,s2-eth1,1872787,28500,1794,320,0,0,0,0
2026-01-21T12:21:07.513779+00:00,s2-eth2,26734,1874553,297,1817,0,0,1242,1
2026-01-21T12:21:07.513779+00:00,s2-eth3,726,3520,9,48,0,0,0,0
2026-01-21T12:21:07.513779+00:00,s2-eth4,726,3520,9,48,0,0,0,0
2026-01-21T12:21:07.513779+00:00,s2-eth5,726,3344,9,46,0,0,0,0
2026-01-21T12:21:07.650146+00:00,s1-eth1,28500,1905079,320,1820,0,0,103282,85
2026-01-21T12:21:07.650146+00:00,s1-eth2,2635693,27040,2363,295,0,0,0,0
2026-01-21T12:21:07.650146+00:00,s1-eth3,1428,4286,19,60,0,0,0,0
2026-01-21T12:21:07.650146+00:00,s1-eth4,1766,4550,23,64,0,0,0,0
2026-01-21T12:21:07.650146+00:00,s1-eth5,1568,4504,21,63,0,0,0,0
2026-01-21T12:21:07.650146+00:00,s2-eth1,1907563,28500,1822,320,0,0,0,0
2026-01-21T12:21:07.650146+00:00,s2-eth2,26734,1909329,297,1845,0,0,0,0
2026-01-21T12:21:07.650146+00:00,s2-eth3,726,3520,9,48,0,0,0,0
2026-01-21T12:21:07.650146+00:00,s2-eth4,726,3520,9,48,0,0,0,0
2026-01-21T12:21:07.650146+00:00,s2-eth5,726,3344,9,46,0,0,0,0
2026-01-21T12:21:07.849869+00:00,s1-eth1,28598,1954857,321,1861,0,0,103282,85
2026-01-21T12:21:07.849869+00:00,s1-eth2,2726457,27138,2437,296,0,0,0,0
2026-01-21T12:21:07.849869+00:00,s1-eth3,1428,4286,19,60,0,0,0,0
2026-01-21T12:21:07.849869+00:00,s1-eth4,1766,4550,23,64,0,0,0,0
2026-01-21T12:21:07.849869+00:00,s1-eth5,1568,4504,21,63,0,0,0,0
2026-01-21T12:21:07.849869+00:00,s2-eth1,1957341,28598,1863,321,0,0,0,0
2026-01-21T12:21:07.849869+00:00,s2-eth2,26832,1959107,298,1886,0,0,1242,1
2026-01-21T12:21:07.849869+00:00,s2-eth3,726,3520,9,48,0,0,0,0
2026-01-21T12:21:07.849869+00:00,s2-eth4,726,3520,9,48,0,0,0,0
2026-01-21T12:21:07.849869+00:00,s2-eth5,726,3344,9,46,0,0,0,0
2026-01-21T12:21:08.050081+00:00,s1-eth1,28696,2004635,322,1902,0,0,102040,84
2026-01-21T12:21:08.050081+00:00,s1-eth2,2817221,27236,2511,297,0,0,0,0
2026-01-21T12:21:08.050081+00:00,s1-eth3,1428,4286,19,60,0,0,0,0
2026-01-21T12:21:08.050081+00:00,s1-eth4,1766,4550,23,64,0,0,0,0
2026-01-21T12:21:08.050081+00:00,s1-eth5,1568,4504,21,63,0,0,0,0
2026-01-21T12:21:08.050081+00:00,s2-eth1,2007119,28696,1904,322,0,0,0,0
2026-01-21T12:21:08.050081+00:00,s2-eth2,26930,2008885,299,1927,0,0,1242,1
2026-01-21T12:21:08.050081+00:00,s2-eth3,726,3520,9,48,0,0,0,0
2026-01-21T12:21:08.050081+00:00,s2-eth4,726,3520,9,48,0,0,0,0
2026-01-21T12:21:08.050081+00:00,s2-eth5,726,3344,9,46,0,0,0,0
2026-01-21T12:21:08.255558+00:00,s1-eth1,28794,2055655,323,1944,0,0,103282,85
2026-01-21T12:21:08.255558+00:00,s1-eth2,2910469,27334,2587,298,0,0,0,0
2026-01-21T12:21:08.255558+00:00,s1-eth3,1428,4286,19,60,0,0,0,0
2026-01-21T12:21:08.255558+00:00,s1-eth4,1766,4550,23,64,0,0,0,0
2026-01-21T12:21:08.255558+00:00,s1-eth5,1568,4504,21,63,0,0,0,0
2026-01-21T12:21:08.255558+00:00,s2-eth1,2059381,28794,1947,323,0,0,0,0
2026-01-21T12:21:08.255558+00:00,s2-eth2,27028,2061147,300,1970,0,0,0,0
2026-01-21T12:21:08.255558+00:00,s2-eth3,726,3520,9,48,0,0,0,0
2026-01-21T12:21:08.255558+00:00,s2-eth4,726,3520,9,48,0,0,0,0
2026-01-21T12:21:08.255558+00:00,s2-eth5,726,3344,9,46,0,0,0,0
2026-01-21T12:21:08.449961+00:00,s1-eth1,28892,2104191,324,1984,0,0,103282,85
2026-01-21T12:21:08.449961+00:00,s1-eth2,2998749,27432,2659,299,0,0,0,0
2026-01-21T12:21:08.449961+00:00,s1-eth3,1428,4286,19,60,0,0,0,0
2026-01-21T12:21:08.449961+00:00,s1-eth4,1766,4550,23,64,0,0,0,0
2026-01-21T12:21:08.449961+00:00,s1-eth5,1568,4504,21,63,0,0,0,0
2026-01-21T12:21:08.449961+00:00,s2-eth1,2107917,28892,1987,324,0,0,0,0
2026-01-21T12:21:08.449961+00:00,s2-eth2,27126,2108441,301,2009,0,0,0,0
2026-01-21T12:21:08.449961+00:00,s2-eth3,726,3520,9,48,0,0,0,0
2026-01-21T12:21:08.449961+00:00,s2-eth4,726,3520,9,48,0,0,0,0
2026-01-21T12:21:08.449961+00:00,s2-eth5,726,3344,9,46,0,0,0,0
2026-01-21T12:21:08.649976+00:00,s1-eth1,28990,2155211,325,2026,0,0,102040,84
2026-01-21T12:21:08.649976+00:00,s1-eth2,3089513,27530,2733,300,0,0,0,0
2026-01-21T12:21:08.649976+00:00,s1-eth3,1428,4286,19,60,0,0,0,0
2026-01-21T12:21:08.649976+00:00,s1-eth4,1766,4550,23,64,0,0,0,0
2026-01-21T12:21:08.649976+00:00,s1-eth5,1568,4504,21,63,0,0,0,0
2026-01-21T12:21:08.649976+00:00,s2-eth1,2157695,28990,2028,325,0,0,0,0
2026-01-21T12:21:08.649976+00:00,s2-eth2,27224,2159461,302,2051,0,0,0,0
2026-01-21T12:21:08.649976+00:00,s2-eth3,726,3520,9,48,0,0,0,0
2026-01-21T12:21:08.649976+00:00,s2-eth4,726,3520,9,48,0,0,0,0
2026-01-21T12:21:08.649976+00:00,s2-eth5,726,3344,9,46,0,0,0,0
2026-01-21T12:21:08.894542+00:00,s1-eth1,29186,2216265,327,2077,0,0,103282,85
2026-01-21T12:21:08.894542+00:00,s1-eth2,3199005,27726,2823,302,0,0,0,0
2026-01-21T12:21:08.894542+00:00,s1-eth3,1428,4286,19,60,0,0,0,0
2026-01-21T12:21:08.894542+00:00,s1-eth4,1766,4550,23,64,0,0,0,0
2026-01-21T12:21:08.894542+00:00,s1-eth5,1568,4504,21,63,0,0,0,0
2026-01-21T12:21:08.894542+00:00,s2-eth1,2218749,29186,2079,327,0,0,0,0
2026-01-21T12:21:08.894542+00:00,s2-eth2,27420,2220515,304,2102,0,0,0,0
2026-01-21T12:21:08.894542+00:00,s2-eth3,726,3520,9,48,0,0,0,0
2026-01-21T12:21:08.894542+00:00,s2-eth4,726,3520,9,48,0,0,0,0
2026-01-21T12:21:08.894542+00:00,s2-eth5,726,3344,9,46,0,0,0,0
2026-01-21T12:21:09.050069+00:00,s1-eth1,29186,2254767,327,2108,0,0,103282,85
2026-01-21T12:21:09.050069+00:00,s1-eth2,3271041,27726,2881,302,0,0,0,0
2026-01-21T12:21:09.050069+00:00,s1-eth3,1428,4286,19,60,0,0,0,0
2026-01-21T12:21:09.050069+00:00,s1-eth4,1766,4550,23,64,0,0,0,0
2026-01-21T12:21:09.050069+00:00,s1-eth5,1568,4504,21,63,0,0,0,0
2026-01-21T12:21:09.050069+00:00,s2-eth1,2257251,29186,2110,327,0,0,0,0
2026-01-21T12:21:09.050069+00:00,s2-eth2,27420,2259017,304,2133,0,0,1242,1
2026-01-21T12:21:09.050069+00:00,s2-eth3,726,3520,9,48,0,0,0,0
2026-01-21T12:21:09.050069+00:00,s2-eth4,726,3520,9,48,0,0,0,0
2026-01-21T12:21:09.050069+00:00,s2-eth5,726,3344,9,46,0,0,0,0
2026-01-21T12:21:09.260221+00:00,s1-eth1,29284,2307029,328,2151,0,0,103282,85
2026-01-21T12:21:09.260221+00:00,s1-eth2,3365531,27824,2958,303,0,0,0,0
2026-01-21T12:21:09.260221+00:00,s1-eth3,1428,4286,19,60,0,0,0,0
2026-01-21T12:21:09.260221+00:00,s1-eth4,1766,4550,23,64,0,0,0,0
2026-01-21T12:21:09.260221+00:00,s1-eth5,1568,4504,21,63,0,0,0,0
2026-01-21T12:21:09.260221+00:00,s2-eth1,2309513,29284,2153,328,0,0,0,0
2026-01-21T12:21:09.260221+00:00,s2-eth2,27518,2311279,305,2176,0,0,0,0
2026-01-21T12:21:09.260221+00:00,s2-eth3,726,3520,9,48,0,0,0,0
2026-01-21T12:21:09.260221+00:00,s2-eth4,726,3520,9,48,0,0,0,0
2026-01-21T12:21:09.260221+00:00,s2-eth5,726,3344,9,46,0,0,0,0
2026-01-21T12:21:09.450696+00:00,s1-eth1,29382,2354323,329,2190,0,0,103282,85
2026-01-21T12:21:09.450696+00:00,s1-eth2,3452569,27922,3029,304,0,0,0,0
2026-01-21T12:21:09.450696+00:00,s1-eth3,1428,4286,19,60,0,0,0,0
2026-01-21T12:21:09.450696+00:00,s1-eth4,1766,4550,23,64,0,0,0,0
2026-01-21T12:21:09.450696+00:00,s1-eth5,1568,4504,21,63,0,0,0,0
2026-01-21T12:21:09.450696+00:00,s2-eth1,2356807,29382,2192,329,0,0,0,0
2026-01-21T12:21:09.450696+00:00,s2-eth2,27616,2358573,306,2215,0,0,0,0
2026-01-21T12:21:09.450696+00:00,s2-eth3,726,3520,9,48,0,0,0,0
2026-01-21T12:21:09.450696+00:00,s2-eth4,726,3520,9,48,0,0,0,0
2026-01-21T12:21:09.450696+00:00,s2-eth5,726,3344,9,46,0,0,0,0
2026-01-21T12:21:09.658013+00:00,s1-eth1,29480,2406585,330,2233,0,0,102040,84
2026-01-21T12:21:09.658013+00:00,s1-eth2,3545817,28020,3105,305,0,0,0,0
2026-01-21T12:21:09.658013+00:00,s1-eth3,1428,4286,19,60,0,0,0,0
2026-01-21T12:21:09.658013+00:00,s1-eth4,1766,4550,23,64,0,0,0,0
2026-01-21T12:21:09.658013+00:00,s1-eth5,1568,4504,21,63,0,0,0,0
2026-01-21T12:21:09.658013+00:00,s2-eth1,2409069,29480,2235,330,0,0,0,0
2026-01-21T12:21:09.658013+00:00,s2-eth2,27714,2410835,307,2258,0,0,0,0
2026-01-21T12:21:09.658013+00:00,s2-eth3,726,3520,9,48,0,0,0,0
2026-01-21T12:21:09.658013+00:00,s2-eth4,726,3520,9,48,0,0,0,0
2026-01-21T12:21:09.658013+00:00,s2-eth5,726,3344,9,46,0,0,0,0
2026-01-21T12:21:09.849872+00:00,s1-eth1,29578,2455121,331,2273,0,0,103282,85
2026-01-21T12:21:09.849872+00:00,s1-eth2,3632855,28118,3176,306,0,0,0,0
2026-01-21T12:21:09.849872+00:00,s1-eth3,1428,4286,19,60,0,0,0,0
2026-01-21T12:21:09.849872+00:00,s1-eth4,1766,4550,23,64,0,0,0,0
2026-01-21T12:21:09.849872+00:00,s1-eth5,1568,4504,21,63,0,0,0,0
2026-01-21T12:21:09.849872+00:00,s2-eth1,2457605,29578,2275,331,0,0,0,0
2026-01-21T12:21:09.849872+00:00,s2-eth2,27812,2459371,308,2298,0,0,0,0
2026-01-21T12:21:09.849872+00:00,s2-eth3,726,3520,9,48,0,0,0,0
2026-01-21T12:21:09.849872+00:00,s2-eth4,726,3520,9,48,0,0,0,0
2026-01-21T12:21:09.849872+00:00,s2-eth5,726,3344,9,46,0,0,0,0
2026-01-21T12:21:10.050501+00:00,s1-eth1,29676,2504899,332,2314,0,0,103282,85
2026-01-21T12:21:10.050501+00:00,s1-eth2,3723619,28216,3250,307,0,0,0,0
2026-01-21T12:21:10.050501+00:00,s1-eth3,1428,4286,19,60,0,0,0,0
2026-01-21T12:21:10.050501+00:00,s1-eth4,1766,4550,23,64,0,0,0,0
2026-01-21T12:21:10.050501+00:00,s1-eth5,1568,4504,21,63,0,0,0,0
2026-01-21T12:21:10.050501+00:00,s2-eth1,2507383,29676,2316,332,0,0,0,0
2026-01-21T12:21:10.050501+00:00,s2-eth2,27910,2509149,309,2339,0,0,0,0
2026-01-21T12:21:10.050501+00:00,s2-eth3,726,3520,9,48,0,0,0,0
2026-01-21T12:21:10.050501+00:00,s2-eth4,726,3520,9,48,0,0,0,0
2026-01-21T12:21:10.050501+00:00,s2-eth5,726,3344,9,46,0,0,0,0
2026-01-21T12:21:10.258529+00:00,s1-eth1,29774,2557161,333,2357,0,0,103282,85
2026-01-21T12:21:10.258529+00:00,s1-eth2,3818109,28314,3327,308,0,0,0,0
2026-01-21T12:21:10.258529+00:00,s1-eth3,1428,4286,19,60,0,0,0,0
2026-01-21T12:21:10.258529+00:00,s1-eth4,1766,4550,23,64,0,0,0,0
2026-01-21T12:21:10.258529+00:00,s1-eth5,1568,4504,21,63,0,0,0,0
2026-01-21T12:21:10.258529+00:00,s2-eth1,2559645,29774,2359,333,0,0,0,0
2026-01-21T12:21:10.258529+00:00,s2-eth2,28008,2561411,310,2382,0,0,1242,1
2026-01-21T12:21:10.258529+00:00,s2-eth3,726,3520,9,48,0,0,0,0
2026-01-21T12:21:10.258529+00:00,s2-eth4,726,3520,9,48,0,0,0,0
2026-01-21T12:21:10.258529+00:00,s2-eth5,726,3344,9,46,0,0,0,0
2026-01-21T12:21:10.449854+00:00,s1-eth1,29872,2604455,334,2396,0,0,103282,85
2026-01-21T12:21:10.449854+00:00,s1-eth2,3905147,28412,3398,309,0,0,0,0
2026-01-21T12:21:10.449854+00:00,s1-eth3,1428,4286,19,60,0,0,0,0
2026-01-21T12:21:10.449854+00:00,s1-eth4,1766,4550,23,64,0,0,0,0
2026-01-21T12:21:10.449854+00:00,s1-eth5,1568,4504,21,63,0,0,0,0
2026-01-21T12:21:10.449854+00:00,s2-eth1,2606939,29872,2398,334,0,0,0,0
2026-01-21T12:21:10.449854+00:00,s2-eth2,28106,2608705,311,2421,0,0,0,0
2026-01-21T12:21:10.449854+00:00,s2-eth3,726,3520,9,48,0,0,0,0
2026-01-21T12:21:10.449854+00:00,s2-eth4,726,3520,9,48,0,0,0,0
2026-01-21T12:21:10.449854+00:00,s2-eth5,726,3344,9,46,0,0,0,0
2026-01-21T12:21:10.650627+00:00,s1-eth1,29970,2655475,335,2438,0,0,103282,85
2026-01-21T12:21:10.650627+00:00,s1-eth2,3995911,28510,3472,310,0,0,0,0
2026-01-21T12:21:10.650627+00:00,s1-eth3,1428,4286,19,60,0,0,0,0
2026-01-21T12:21:10.650627+00:00,s1-eth4,1766,4550,23,64,0,0,0,0
2026-01-21T12:21:10.650627+00:00,s1-eth5,1568,4504,21,63,0,0,0,0
2026-01-21T12:21:10.650627+00:00,s2-eth1,2656717,29970,2439,335,0,0,0,0
2026-01-21T12:21:10.650627+00:00,s2-eth2,28204,2659725,312,2463,0,0,0,0
2026-01-21T12:21:10.650627+00:00,s2-eth3,726,3520,9,48,0,0,0,0
2026-01-21T12:21:10.650627+00:00,s2-eth4,726,3520,9,48,0,0,0,0
2026-01-21T12:21:10.650627+00:00,s2-eth5,726,3344,9,46,0,0,0,0
2026-01-21T12:21:10.849914+00:00,s1-eth1,30068,2705253,336,2479,0,0,103282,85
2026-01-21T12:21:10.849914+00:00,s1-eth2,4086675,28608,3546,311,0,0,0,0
2026-01-21T12:21:10.849914+00:00,s1-eth3,1428,4286,19,60,0,0,0,0
2026-01-21T12:21:10.849914+00:00,s1-eth4,1766,4550,23,64,0,0,0,0
2026-01-21T12:21:10.849914+00:00,s1-eth5,1568,4504,21,63,0,0,0,0
2026-01-21T12:21:10.849914+00:00,s2-eth1,2707737,30068,2481,336,0,0,0,0
2026-01-21T12:21:10.849914+00:00,s2-eth2,28302,2709503,313,2504,0,0,0,0
2026-01-21T12:21:10.849914+00:00,s2-eth3,726,3520,9,48,0,0,0,0
2026-01-21T12:21:10.849914+00:00,s2-eth4,726,3520,9,48,0,0,0,0
2026-01-21T12:21:10.849914+00:00,s2-eth5,726,3344,9,46,0,0,0,0
2026-01-21T12:21:11.050175+00:00,s1-eth1,30166,2755031,337,2520,0,0,102040,84
2026-01-21T12:21:11.050175+00:00,s1-eth2,4177439,28706,3620,312,0,0,0,0
2026-01-21T12:21:11.050175+00:00,s1-eth3,1428,4286,19,60,0,0,0,0
2026-01-21T12:21:11.050175+00:00,s1-eth4,1766,4550,23,64,0,0,0,0
2026-01-21T12:21:11.050175+00:00,s1-eth5,1568,4504,21,63,0,0,0,0
2026-01-21T12:21:11.050175+00:00,s2-eth1,2757515,30166,2522,337,0,0,0,0
2026-01-21T12:21:11.050175+00:00,s2-eth2,28400,2759281,314,2545,0,0,0,0
2026-01-21T12:21:11.050175+00:00,s2-eth3,726,3520,9,48,0,0,0,0
2026-01-21T12:21:11.050175+00:00,s2-eth4,726,3520,9,48,0,0,0,0
2026-01-21T12:21:11.050175+00:00,s2-eth5,726,3344,9,46,0,0,0,0
2026-01-21T12:21:11.275069+00:00,s1-eth1,30264,2811019,338,2566,0,0,103282,85
2026-01-21T12:21:11.275069+00:00,s1-eth2,4279381,28804,3703,313,0,0,0,0
2026-01-21T12:21:11.275069+00:00,s1-eth3,1428,4286,19,60,0,0,0,0
2026-01-21T12:21:11.275069+00:00,s1-eth4,1766,4550,23,64,0,0,0,0
2026-01-21T12:21:11.275069+00:00,s1-eth5,1568,4504,21,63,0,0,0,0
2026-01-21T12:21:11.275069+00:00,s2-eth1,2813503,30264,2568,338,0,0,0,0
2026-01-21T12:21:11.275069+00:00,s2-eth2,28498,2815269,315,2591,0,0,0,0
2026-01-21T12:21:11.275069+00:00,s2-eth3,726,3520,9,48,0,0,0,0
2026-01-21T12:21:11.275069+00:00,s2-eth4,726,3520,9,48,0,0,0,0
2026-01-21T12:21:11.275069+00:00,s2-eth5,726,3344,9,46,0,0,0,0
2026-01-21T12:21:11.450054+00:00,s1-eth1,30362,2854587,339,2602,0,0,103282,85
2026-01-21T12:21:11.450054+00:00,s1-eth2,4357725,28902,3767,314,0,0,0,0
2026-01-21T12:21:11.450054+00:00,s1-eth3,1428,4286,19,60,0,0,0,0
2026-01-21T12:21:11.450054+00:00,s1-eth4,1766,4550,23,64,0,0,0,0
2026-01-21T12:21:11.450054+00:00,s1-eth5,1568,4504,21,63,0,0,0,0
2026-01-21T12:21:11.450054+00:00,s2-eth1,2857071,30362,2604,339,0,0,0,0
2026-01-21T12:21:11.450054+00:00,s2-eth2,28596,2858837,316,2627,0,0,1242,1
2026-01-21T12:21:11.450054+00:00,s2-eth3,726,3520,9,48,0,0,0,0
2026-01-21T12:21:11.450054+00:00,s2-eth4,726,3520,9,48,0,0,0,0
2026-01-21T12:21:11.450054+00:00,s2-eth5,726,3344,9,46,0,0,0,0
2026-01-21T12:21:11.651566+00:00,s1-eth1,30460,2903123,340,2642,0,0,103282,85
2026-01-21T12:21:11.651566+00:00,s1-eth2,4449731,29000,3842,315,0,0,0,0
2026-01-21T12:21:11.651566+00:00,s1-eth3,1428,4286,19,60,0,0,0,0
2026-01-21T12:21:11.651566+00:00,s1-eth4,1766,4550,23,64,0,0,0,0
2026-01-21T12:21:11.651566+00:00,s1-eth5,1568,4504,21,63,0,0,0,0
2026-01-21T12:21:11.651566+00:00,s2-eth1,2905607,30460,2644,340,0,0,0,0
2026-01-21T12:21:11.651566+00:00,s2-eth2,28694,2908615,317,2668,0,0,0,0
2026-01-21T12:21:11.651566+00:00,s2-eth3,726,3520,9,48,0,0,0,0
2026-01-21T12:21:11.651566+00:00,s2-eth4,726,3520,9,48,0,0,0,0
2026-01-21T12:21:11.651566+00:00,s2-eth5,726,3344,9,46,0,0,0,0
2026-01-21T12:21:11.850083+00:00,s1-eth1,30558,2952901,341,2683,0,0,102040,84
2026-01-21T12:21:11.850083+00:00,s1-eth2,4539253,29098,3915,316,0,0,0,0
2026-01-21T12:21:11.850083+00:00,s1-eth3,1428,4286,19,60,0,0,0,0
2026-01-21T12:21:11.850083+00:00,s1-eth4,1766,4550,23,64,0,0,0,0
2026-01-21T12:21:11.850083+00:00,s1-eth5,1568,4504,21,63,0,0,0,0
2026-01-21T12:21:11.850083+00:00,s2-eth1,2955385,30558,2685,341,0,0,0,0
2026-01-21T12:21:11.850083+00:00,s2-eth2,28792,2957151,318,2708,0,0,0,0
2026-01-21T12:21:11.850083+00:00,s2-eth3,726,3520,9,48,0,0,0,0
2026-01-21T12:21:11.850083+00:00,s2-eth4,726,3520,9,48,0,0,0,0
2026-01-21T12:21:11.850083+00:00,s2-eth5,726,3344,9,46,0,0,0,0
2026-01-21T12:21:12.050048+00:00,s1-eth1,30656,3002679,342,2724,0,0,102040,84
2026-01-21T12:21:12.050048+00:00,s1-eth2,4630017,29196,3989,317,0,0,0,0
2026-01-21T12:21:12.050048+00:00,s1-eth3,1428,4286,19,60,0,0,0,0
2026-01-21T12:21:12.050048+00:00,s1-eth4,1766,4550,23,64,0,0,0,0
2026-01-21T12:21:12.050048+00:00,s1-eth5,1568,4504,21,63,0,0,0,0
2026-01-21T12:21:12.050048+00:00,s2-eth1,3006405,30656,2727,342,0,0,0,0
2026-01-21T12:21:12.050048+00:00,s2-eth2,28890,3008171,319,2750,0,0,0,0
2026-01-21T12:21:12.050048+00:00,s2-eth3,726,3520,9,48,0,0,0,0
2026-01-21T12:21:12.050048+00:00,s2-eth4,726,3520,9,48,0,0,0,0
2026-01-21T12:21:12.050048+00:00,s2-eth5,726,3344,9,46,0,0,0,0
2026-01-21T12:21:12.251750+00:00,s1-eth1,30754,3053699,343,2766,0,0,103282,85
2026-01-21T12:21:12.251750+00:00,s1-eth2,4720781,29294,4063,318,0,0,0,0
2026-01-21T12:21:12.251750+00:00,s1-eth3,1428,4286,19,60,0,0,0,0
2026-01-21T12:21:12.251750+00:00,s1-eth4,1766,4550,23,64,0,0,0,0
2026-01-21T12:21:12.251750+00:00,s1-eth5,1568,4504,21,63,0,0,0,0
2026-01-21T12:21:12.251750+00:00,s2-eth1,3056183,30754,2768,343,0,0,0,0
2026-01-21T12:21:12.251750+00:00,s2-eth2,28988,3057949,320,2791,0,0,0,0
2026-01-21T12:21:12.251750+00:00,s2-eth3,726,3520,9,48,0,0,0,0
2026-01-21T12:21:12.251750+00:00,s2-eth4,726,3520,9,48,0,0,0,0
2026-01-21T12:21:12.251750+00:00,s2-eth5,726,3344,9,46,0,0,0,0
2026-01-21T12:21:12.482697+00:00,s1-eth1,30852,3110929,344,2813,0,0,103282,85
2026-01-21T12:21:12.482697+00:00,s1-eth2,4826449,29392,4149,319,0,0,0,0
2026-01-21T12:21:12.482697+00:00,s1-eth3,1428,4286,19,60,0,0,0,0
2026-01-21T12:21:12.482697+00:00,s1-eth4,1766,4550,23,64,0,0,0,0
2026-01-21T12:21:12.482697+00:00,s1-eth5,1568,4504,21,63,0,0,0,0
2026-01-21T12:21:12.482697+00:00,s2-eth1,3113413,30852,2815,344,0,0,0,0
2026-01-21T12:21:12.482697+00:00,s2-eth2,29086,3115179,321,2838,0,0,0,0
2026-01-21T12:21:12.482697+00:00,s2-eth3,726,3520,9,48,0,0,0,0
2026-01-21T12:21:12.482697+00:00,s2-eth4,726,3520,9,48,0,0,0,0
2026-01-21T12:21:12.482697+00:00,s2-eth5,726,3344,9,46,0,0,0,0
2026-01-21T12:21:12.650041+00:00,s1-eth1,30950,3153255,345,2848,0,0,103282,85
2026-01-21T12:21:12.650041+00:00,s1-eth2,4902309,29490,4211,320,0,0,0,0
2026-01-21T12:21:12.650041+00:00,s1-eth3,1428,4286,19,60,0,0,0,0
2026-01-21T12:21:12.650041+00:00,s1-eth4,1766,4550,23,64,0,0,0,0
2026-01-21T12:21:12.650041+00:00,s1-eth5,1568,4504,21,63,0,0,0,0
2026-01-21T12:21:12.650041+00:00,s2-eth1,3155739,30950,2850,345,0,0,0,0
2026-01-21T12:21:12.650041+00:00,s2-eth2,29184,3157505,322,2873,0,0,1242,1
2026-01-21T12:21:12.650041+00:00,s2-eth3,726,3520,9,48,0,0,0,0
2026-01-21T12:21:12.650041+00:00,s2-eth4,726,3520,9,48,0,0,0,0
2026-01-21T12:21:12.650041+00:00,s2-eth5,726,3344,9,46,0,0,0,0
2026-01-21T12:21:12.923485+00:00,s1-eth1,31048,3221663,346,2904,0,0,103282,85
2026-01-21T12:21:12.923485+00:00,s1-eth2,5025365,29658,4311,322,0,0,0,0
2026-01-21T12:21:12.923485+00:00,s1-eth3,1428,4286,19,60,0,0,0,0
2026-01-21T12:21:12.923485+00:00,s1-eth4,1766,4550,23,64,0,0,0,0
2026-01-21T12:21:12.923485+00:00,s1-eth5,1568,4504,21,63,0,0,0,0
2026-01-21T12:21:12.923485+00:00,s2-eth1,3224147,31048,2906,346,0,0,0,0
2026-01-21T12:21:12.923485+00:00,s2-eth2,29282,3225913,323,2929,0,0,0,0
2026-01-21T12:21:12.923485+00:00,s2-eth3,726,3520,9,48,0,0,0,0
2026-01-21T12:21:12.923485+00:00,s2-eth4,726,3520,9,48,0,0,0,0
2026-01-21T12:21:12.923485+00:00,s2-eth5,726,3344,9,46,0,0,0,0
2026-01-21T12:21:13.053120+00:00,s1-eth1,31146,3254053,347,2931,0,0,103282,85
2026-01-21T12:21:13.053120+00:00,s1-eth2,5085079,29756,4360,323,0,0,0,0
2026-01-21T12:21:13.053120+00:00,s1-eth3,1428,4286,19,60,0,0,0,0
2026-01-21T12:21:13.053120+00:00,s1-eth4,1766,4550,23,64,0,0,0,0
2026-01-21T12:21:13.053120+00:00,s1-eth5,1568,4504,21,63,0,0,0,0
2026-01-21T12:21:13.053120+00:00,s2-eth1,3256537,31146,2933,347,0,0,0,0
2026-01-21T12:21:13.053120+00:00,s2-eth2,29380,3258303,324,2956,0,0,1242,1
2026-01-21T12:21:13.053120+00:00,s2-eth3,726,3520,9,48,0,0,0,0
2026-01-21T12:21:13.053120+00:00,s2-eth4,726,3520,9,48,0,0,0,0
2026-01-21T12:21:13.053120+00:00,s2-eth5,726,3344,9,46,0,0,0,0
2026-01-21T12:21:13.249874+00:00,s1-eth1,31244,3302589,348,2971,0,0,103282,85
2026-01-21T12:21:13.249874+00:00,s1-eth2,5174601,29854,4433,324,0,0,0,0
2026-01-21T12:21:13.249874+00:00,s1-eth3,1428,4286,19,60,0,0,0,0
2026-01-21T12:21:13.249874+00:00,s1-eth4,1766,4550,23,64,0,0,0,0
2026-01-21T12:21:13.249874+00:00,s1-eth5,1568,4504,21,63,0,0,0,0
2026-01-21T12:21:13.249874+00:00,s2-eth1,3305073,31244,2973,348,0,0,0,0
2026-01-21T12:21:13.249874+00:00,s2-eth2,29478,3306839,325,2996,0,0,0,0
2026-01-21T12:21:13.249874+00:00,s2-eth3,726,3520,9,48,0,0,0,0
2026-01-21T12:21:13.249874+00:00,s2-eth4,726,3520,9,48,0,0,0,0
2026-01-21T12:21:13.249874+00:00,s2-eth5,726,3344,9,46,0,0,0,0
2026-01-21T12:21:13.449972+00:00,s1-eth1,31342,3353609,349,3013,0,0,103282,85
2026-01-21T12:21:13.449972+00:00,s1-eth2,5265365,29952,4507,325,0,0,0,0
2026-01-21T12:21:13.449972+00:00,s1-eth3,1428,4286,19,60,0,0,0,0
2026-01-21T12:21:13.449972+00:00,s1-eth4,1766,4550,23,64,0,0,0,0
2026-01-21T12:21:13.449972+00:00,s1-eth5,1568,4504,21,63,0,0,0,0
2026-01-21T12:21:13.449972+00:00,s2-eth1,3356093,31342,3015,349,0,0,0,0
2026-01-21T12:21:13.449972+00:00,s2-eth2,29576,3357859,326,3038,0,0,0,0
2026-01-21T12:21:13.449972+00:00,s2-eth3,726,3520,9,48,0,0,0,0
2026-01-21T12:21:13.449972+00:00,s2-eth4,726,3520,9,48,0,0,0,0
2026-01-21T12:21:13.449972+00:00,s2-eth5,726,3344,9,46,0,0,0,0
2026-01-21T12:21:13.652068+00:00,s1-eth1,31440,3403387,350,3054,0,0,103282,85
2026-01-21T12:21:13.652068+00:00,s1-eth2,5356129,30050,4581,326,0,0,0,0
2026-01-21T12:21:13.652068+00:00,s1-eth3,1428,4286,19,60,0,0,0,0
2026-01-21T12:21:13.652068+00:00,s1-eth4,1766,4550,23,64,0,0,0,0
2026-01-21T12:21:13.652068+00:00,s1-eth5,1568,4504,21,63,0,0,0,0
2026-01-21T12:21:13.652068+00:00,s2-eth1,3405871,31440,3056,350,0,0,0,0
2026-01-21T12:21:13.652068+00:00,s2-eth2,29674,3407637,327,3079,0,0,0,0
2026-01-21T12:21:13.652068+00:00,s2-eth3,726,3520,9,48,0,0,0,0
2026-01-21T12:21:13.652068+00:00,s2-eth4,726,3520,9,48,0,0,0,0
2026-01-21T12:21:13.652068+00:00,s2-eth5,726,3344,9,46,0,0,0,0
2026-01-21T12:21:13.925897+00:00,s1-eth1,31538,3469311,351,3108,0,0,102040,84
2026-01-21T12:21:13.925897+00:00,s1-eth2,5480427,30148,4682,327,0,0,0,0
2026-01-21T12:21:13.925897+00:00,s1-eth3,1428,4286,19,60,0,0,0,0
2026-01-21T12:21:13.925897+00:00,s1-eth4,1766,4550,23,64,0,0,0,0
2026-01-21T12:21:13.925897+00:00,s1-eth5,1568,4504,21,63,0,0,0,0
2026-01-21T12:21:13.925897+00:00,s2-eth1,3473037,31538,3111,351,0,0,0,0
2026-01-21T12:21:13.925897+00:00,s2-eth2,29772,3474803,328,3134,0,0,0,0
2026-01-21T12:21:13.925897+00:00,s2-eth3,726,3520,9,48,0,0,0,0
2026-01-21T12:21:13.925897+00:00,s2-eth4,726,3520,9,48,0,0,0,0
2026-01-21T12:21:13.925897+00:00,s2-eth5,726,3344,9,46,0,0,0,0
2026-01-21T12:21:14.059868+00:00,s1-eth1,31636,3502943,352,3136,0,0,103282,85
2026-01-21T12:21:14.059868+00:00,s1-eth2,5538899,30246,4730,328,0,0,0,0
2026-01-21T12:21:14.059868+00:00,s1-eth3,1428,4286,19,60,0,0,0,0
2026-01-21T12:21:14.059868+00:00,s1-eth4,1766,4550,23,64,0,0,0,0
2026-01-21T12:21:14.059868+00:00,s1-eth5,1568,4504,21,63,0,0,0,0
2026-01-21T12:21:14.059868+00:00,s2-eth1,3505427,31636,3138,352,0,0,0,0
2026-01-21T12:21:14.059868+00:00,s2-eth2,29870,3507193,329,3161,0,0,0,0
2026-01-21T12:21:14.059868+00:00,s2-eth3,726,3520,9,48,0,0,0,0
2026-01-21T12:21:14.059868+00:00,s2-eth4,726,3520,9,48,0,0,0,0
2026-01-21T12:21:14.059868+00:00,s2-eth5,726,3344,9,46,0,0,0,0
2026-01-21T12:21:14.249793+00:00,s1-eth1,31734,3550237,353,3175,0,0,102040,84
2026-01-21T12:21:14.249793+00:00,s1-eth2,5627179,30344,4802,329,0,0,0,0
2026-01-21T12:21:14.249793+00:00,s1-eth3,1428,4286,19,60,0,0,0,0
2026-01-21T12:21:14.249793+00:00,s1-eth4,1766,4550,23,64,0,0,0,0
2026-01-21T12:21:14.249793+00:00,s1-eth5,1568,4504,21,63,0,0,0,0
2026-01-21T12:21:14.249793+00:00,s2-eth1,3552721,31734,3177,353,0,0,0,0
2026-01-21T12:21:14.249793+00:00,s2-eth2,29968,3554487,330,3200,0,0,0,0
2026-01-21T12:21:14.249793+00:00,s2-eth3,726,3520,9,48,0,0,0,0
2026-01-21T12:21:14.249793+00:00,s2-eth4,726,3520,9,48,0,0,0,0
2026-01-21T12:21:14.249793+00:00,s2-eth5,726,3344,9,46,0,0,0,0
2026-01-21T12:21:14.450011+00:00,s1-eth1,31832,3600015,354,3216,0,0,103282,85
2026-01-21T12:21:14.450011+00:00,s1-eth2,5717943,30442,4876,330,0,0,0,0
2026-01-21T12:21:14.450011+00:00,s1-eth3,1428,4286,19,60,0,0,0,0
2026-01-21T12:21:14.450011+00:00,s1-eth4,1766,4550,23,64,0,0,0,0
2026-01-21T12:21:14.450011+00:00,s1-eth5,1568,4504,21,63,0,0,0,0
2026-01-21T12:21:14.450011+00:00,s2-eth1,3603741,31832,3219,354,0,0,0,0
2026-01-21T12:21:14.450011+00:00,s2-eth2,30066,3605507,331,3242,0,0,0,0
2026-01-21T12:21:14.450011+00:00,s2-eth3,726,3520,9,48,0,0,0,0
2026-01-21T12:21:14.450011+00:00,s2-eth4,726,3520,9,48,0,0,0,0
2026-01-21T12:21:14.450011+00:00,s2-eth5,726,3344,9,46,0,0,0,0
2026-01-21T12:21:14.696170+00:00,s1-eth1,31930,3662213,355,3267,0,0,103282,85
2026-01-21T12:21:14.696170+00:00,s1-eth2,5829821,30540,4967,331,0,0,0,0
2026-01-21T12:21:14.696170+00:00,s1-eth3,1428,4286,19,60,0,0,0,0
2026-01-21T12:21:14.696170+00:00,s1-eth4,1766,4550,23,64,0,0,0,0
2026-01-21T12:21:14.696170+00:00,s1-eth5,1568,4504,21,63,0,0,0,0
2026-01-21T12:21:14.696170+00:00,s2-eth1,3664697,31930,3269,355,0,0,0,0
2026-01-21T12:21:14.696170+00:00,s2-eth2,30164,3666463,332,3292,0,0,1242,1
2026-01-21T12:21:14.696170+00:00,s2-eth3,726,3520,9,48,0,0,0,0
2026-01-21T12:21:14.696170+00:00,s2-eth4,726,3520,9,48,0,0,0,0
2026-01-21T12:21:14.696170+00:00,s2-eth5,726,3344,9,46,0,0,0,0
2026-01-21T12:21:14.850369+00:00,s1-eth1,32028,3700813,356,3299,0,0,103282,85
2026-01-21T12:21:14.850369+00:00,s1-eth2,5899471,30638,5024,332,0,0,0,0
2026-01-21T12:21:14.850369+00:00,s1-eth3,1428,4286,19,60,0,0,0,0
2026-01-21T12:21:14.850369+00:00,s1-eth4,1766,4550,23,64,0,0,0,0
2026-01-21T12:21:14.850369+00:00,s1-eth5,1568,4504,21,63,0,0,0,0
2026-01-21T12:21:14.850369+00:00,s2-eth1,3703297,32028,3301,356,0,0,0,0
2026-01-21T12:21:14.850369+00:00,s2-eth2,30262,3705063,333,3324,0,0,1242,1
2026-01-21T12:21:14.850369+00:00,s2-eth3,726,3520,9,48,0,0,0,0
2026-01-21T12:21:14.850369+00:00,s2-eth4,726,3520,9,48,0,0,0,0
2026-01-21T12:21:14.850369+00:00,s2-eth5,726,3344,9,46,0,0,0,0
2026-01-21T12:21:15.050174+00:00,s1-eth1,32196,3750591,358,3340,0,0,103352,86
2026-01-21T12:21:15.050174+00:00,s1-eth2,5990235,30876,5098,335,0,0,0,0
2026-01-21T12:21:15.050174+00:00,s1-eth3,1498,4356,20,61,0,0,0,0
2026-01-21T12:21:15.050174+00:00,s1-eth4,1766,4690,23,66,0,0,0,0
2026-01-21T12:21:15.050174+00:00,s1-eth5,1568,4644,21,65,0,0,0,0
2026-01-21T12:21:15.050174+00:00,s2-eth1,3753075,32196,3342,358,0,0,0,0
2026-01-21T12:21:15.050174+00:00,s2-eth2,30360,3754911,334,3366,0,0,1242,1
2026-01-21T12:21:15.050174+00:00,s2-eth3,726,3590,9,49,0,0,0,0
2026-01-21T12:21:15.050174+00:00,s2-eth4,796,3520,10,48,0,0,0,0
2026-01-21T12:21:15.050174+00:00,s2-eth5,726,3414,9,47,0,0,0,0
2026-01-21T12:21:15.250958+00:00,s1-eth1,32294,3800369,359,3381,0,0,103352,86
2026-01-21T12:21:15.250958+00:00,s1-eth2,6080999,30974,5172,336,0,0,0,0
2026-01-21T12:21:15.250958+00:00,s1-eth3,1498,4356,20,61,0,0,0,0
2026-01-21T12:21:15.250958+00:00,s1-eth4,1766,4690,23,66,0,0,0,0
2026-01-21T12:21:15.250958+00:00,s1-eth5,1568,4644,21,65,0,0,0,0
2026-01-21T12:21:15.250958+00:00,s2-eth1,3802853,32294,3383,359,0,0,0,0
2026-01-21T12:21:15.250958+00:00,s2-eth2,30458,3804689,335,3407,0,0,0,0
2026-01-21T12:21:15.250958+00:00,s2-eth3,726,3590,9,49,0,0,0,0
2026-01-21T12:21:15.250958+00:00,s2-eth4,796,3520,10,48,0,0,0,0
2026-01-21T12:21:15.250958+00:00,s2-eth5,726,3414,9,47,0,0,0,0
2026-01-21T12:21:15.451790+00:00,s1-eth1,32392,3851459,360,3424,0,0,103282,85
2026-01-21T12:21:15.451790+00:00,s1-eth2,6173005,31072,5247,337,0,0,0,0
2026-01-21T12:21:15.451790+00:00,s1-eth3,1498,4356,20,61,0,0,0,0
2026-01-21T12:21:15.451790+00:00,s1-eth4,1766,4690,23,66,0,0,0,0
2026-01-21T12:21:15.451790+00:00,s1-eth5,1568,4644,21,65,0,0,0,0
2026-01-21T12:21:15.451790+00:00,s2-eth1,3853943,32392,3426,360,0,0,0,0
2026-01-21T12:21:15.451790+00:00,s2-eth2,30556,3855779,336,3450,0,0,0,0
2026-01-21T12:21:15.451790+00:00,s2-eth3,726,3660,9,50,0,0,0,0
2026-01-21T12:21:15.451790+00:00,s2-eth4,796,3590,10,49,0,0,0,0
2026-01-21T12:21:15.451790+00:00,s2-eth5,726,3484,9,48,0,0,0,0
2026-01-21T12:21:15.649976+00:00,s1-eth1,32490,3899995,361,3464,0,0,103282,85
2026-01-21T12:21:15.649976+00:00,s1-eth2,6262527,31170,5320,338,0,0,0,0
2026-01-21T12:21:15.649976+00:00,s1-eth3,1498,4356,20,61,0,0,0,0
2026-01-21T12:21:15.649976+00:00,s1-eth4,1766,4690,23,66,0,0,0,0
2026-01-21T12:21:15.649976+00:00,s1-eth5,1568,4644,21,65,0,0,0,0
2026-01-21T12:21:15.649976+00:00,s2-eth1,3903721,32490,3467,361,0,0,0,0
2026-01-21T12:21:15.649976+00:00,s2-eth2,30654,3905557,337,3491,0,0,0,0
2026-01-21T12:21:15.649976+00:00,s2-eth3,726,3660,9,50,0,0,0,0
2026-01-21T12:21:15.649976+00:00,s2-eth4,796,3590,10,49,0,0,0,0
2026-01-21T12:21:15.649976+00:00,s2-eth5,726,3484,9,48,0,0,0,0
2026-01-21T12:21:15.849921+00:00,s1-eth1,32588,3951015,362,3506,0,0,103282,85
2026-01-21T12:21:15.849921+00:00,s1-eth2,6352049,31268,5394,339,0,0,0,0
2026-01-21T12:21:15.849921+00:00,s1-eth3,1498,4356,20,61,0,0,0,0
2026-01-21T12:21:15.849921+00:00,s1-eth4,1766,4690,23,66,0,0,0,0
2026-01-21T12:21:15.849921+00:00,s1-eth5,1568,4644,21,65,0,0,0,0
2026-01-21T12:21:15.849921+00:00,s2-eth1,3953499,32588,3508,362,0,0,0,0
2026-01-21T12:21:15.849921+00:00,s2-eth2,30752,3955335,338,3532,0,0,0,0
2026-01-21T12:21:15.849921+00:00,s2-eth3,726,3660,9,50,0,0,0,0
2026-01-21T12:21:15.849921+00:00,s2-eth4,796,3590,10,49,0,0,0,0
2026-01-21T12:21:15.849921+00:00,s2-eth5,726,3484,9,48,0,0,0,0
2026-01-21T12:21:16.049919+00:00,s1-eth1,32686,4000793,363,3547,0,0,103282,85
2026-01-21T12:21:16.049919+00:00,s1-eth2,6442813,31366,5467,340,0,0,0,0
2026-01-21T12:21:16.049919+00:00,s1-eth3,1498,4356,20,61,0,0,0,0
2026-01-21T12:21:16.049919+00:00,s1-eth4,1766,4690,23,66,0,0,0,0
2026-01-21T12:21:16.049919+00:00,s1-eth5,1568,4644,21,65,0,0,0,0
2026-01-21T12:21:16.049919+00:00,s2-eth1,4003277,32686,3549,363,0,0,0,0
2026-01-21T12:21:16.049919+00:00,s2-eth2,30850,4005113,339,3573,0,0,0,0
2026-01-21T12:21:16.049919+00:00,s2-eth3,726,3660,9,50,0,0,0,0
2026-01-21T12:21:16.049919+00:00,s2-eth4,796,3590,10,49,0,0,0,0
2026-01-21T12:21:16.049919+00:00,s2-eth5,726,3484,9,48,0,0,0,0
2026-01-21T12:21:16.250521+00:00,s1-eth1,32784,4050571,364,3588,0,0,103282,85
2026-01-21T12:21:16.250521+00:00,s1-eth2,6534819,31464,5542,341,0,0,0,0
2026-01-21T12:21:16.250521+00:00,s1-eth3,1498,4356,20,61,0,0,0,0
2026-01-21T12:21:16.250521+00:00,s1-eth4,1766,4690,23,66,0,0,0,0
2026-01-21T12:21:16.250521+00:00,s1-eth5,1568,4644,21,65,0,0,0,0
2026-01-21T12:21:16.250521+00:00,s2-eth1,4053055,32784,3590,364,0,0,0,0
2026-01-21T12:21:16.250521+00:00,s2-eth2,30948,4054891,340,3614,0,0,0,0
2026-01-21T12:21:16.250521+00:00,s2-eth3,726,3660,9,50,0,0,0,0
2026-01-21T12:21:16.250521+00:00,s2-eth4,796,3590,10,49,0,0,0,0
2026-01-21T12:21:16.250521+00:00,s2-eth5,726,3484,9,48,0,0,0,0
2026-01-21T12:21:16.450185+00:00,s1-eth1,32882,4100349,365,3629,0,0,102040,84
2026-01-21T12:21:16.450185+00:00,s1-eth2,6624341,31562,5615,342,0,0,0,0
2026-01-21T12:21:16.450185+00:00,s1-eth3,1498,4356,20,61,0,0,0,0
2026-01-21T12:21:16.450185+00:00,s1-eth4,1766,4690,23,66,0,0,0,0
2026-01-21T12:21:16.450185+00:00,s1-eth5,1568,4644,21,65,0,0,0,0
2026-01-21T12:21:16.450185+00:00,s2-eth1,4102833,32882,3631,365,0,0,0,0
2026-01-21T12:21:16.450185+00:00,s2-eth2,31046,4104669,341,3655,0,0,0,0
2026-01-21T12:21:16.450185+00:00,s2-eth3,726,3660,9,50,0,0,0,0
2026-01-21T12:21:16.450185+00:00,s2-eth4,796,3590,10,49,0,0,0,0
2026-01-21T12:21:16.450185+00:00,s2-eth5,726,3484,9,48,0,0,0,0
2026-01-21T12:21:16.654337+00:00,s1-eth1,32980,4147643,366,3668,0,0,103282,85
2026-01-21T12:21:16.654337+00:00,s1-eth2,6717589,31660,5691,343,0,0,0,0
2026-01-21T12:21:16.654337+00:00,s1-eth3,1498,4356,20,61,0,0,0,0
2026-01-21T12:21:16.654337+00:00,s1-eth4,1766,4690,23,66,0,0,0,0
2026-01-21T12:21:16.654337+00:00,s1-eth5,1568,4644,21,65,0,0,0,0
2026-01-21T12:21:16.654337+00:00,s2-eth1,4150127,32980,3670,366,0,0,0,0
2026-01-21T12:21:16.654337+00:00,s2-eth2,31144,4153205,342,3695,0,0,0,0
2026-01-21T12:21:16.654337+00:00,s2-eth3,726,3660,9,50,0,0,0,0
2026-01-21T12:21:16.654337+00:00,s2-eth4,796,3590,10,49,0,0,0,0
2026-01-21T12:21:16.654337+00:00,s2-eth5,726,3484,9,48,0,0,0,0
2026-01-21T12:21:16.850888+00:00,s1-eth1,33078,4197421,367,3709,0,0,103282,85
2026-01-21T12:21:16.850888+00:00,s1-eth2,6807111,31758,5764,344,0,0,0,0
2026-01-21T12:21:16.850888+00:00,s1-eth3,1498,4356,20,61,0,0,0,0
2026-01-21T12:21:16.850888+00:00,s1-eth4,1766,4690,23,66,0,0,0,0
2026-01-21T12:21:16.850888+00:00,s1-eth5,1568,4644,21,65,0,0,0,0
2026-01-21T12:21:16.850888+00:00,s2-eth1,4199905,33078,3711,367,0,0,0,0
2026-01-21T12:21:16.850888+00:00,s2-eth2,31242,4201741,343,3735,0,0,0,0
2026-01-21T12:21:16.850888+00:00,s2-eth3,726,3660,9,50,0,0,0,0
2026-01-21T12:21:16.850888+00:00,s2-eth4,796,3590,10,49,0,0,0,0
2026-01-21T12:21:16.850888+00:00,s2-eth5,726,3484,9,48,0,0,0,0
2026-01-21T12:21:17.050031+00:00,s1-eth1,33246,4247199,369,3750,0,0,103352,86
2026-01-21T12:21:17.050031+00:00,s1-eth2,6896633,31926,5837,346,0,0,0,0
2026-01-21T12:21:17.050031+00:00,s1-eth3,1498,4426,20,62,0,0,0,0
2026-01-21T12:21:17.050031+00:00,s1-eth4,1766,4830,23,68,0,0,0,0
2026-01-21T12:21:17.050031+00:00,s1-eth5,1568,4714,21,66,0,0,0,0
2026-01-21T12:21:17.050031+00:00,s2-eth1,4249683,33246,3752,369,0,0,0,0
2026-01-21T12:21:17.050031+00:00,s2-eth2,31410,4251519,345,3776,0,0,0,0
2026-01-21T12:21:17.050031+00:00,s2-eth3,726,3730,9,51,0,0,0,0
2026-01-21T12:21:17.050031+00:00,s2-eth4,796,3660,10,50,0,0,0,0
2026-01-21T12:21:17.050031+00:00,s2-eth5,726,3554,9,49,0,0,0,0
2026-01-21T12:21:17.292561+00:00,s1-eth1,33344,4306913,370,3799,0,0,103352,86
2026-01-21T12:21:17.292561+00:00,s1-eth2,7007269,32024,5927,347,0,0,0,0
2026-01-21T12:21:17.292561+00:00,s1-eth3,1498,4426,20,62,0,0,0,0
2026-01-21T12:21:17.292561+00:00,s1-eth4,1766,4830,23,68,0,0,0,0
2026-01-21T12:21:17.292561+00:00,s1-eth5,1568,4714,21,66,0,0,0,0
2026-01-21T12:21:17.292561+00:00,s2-eth1,4310639,33344,3802,370,0,0,0,0
2026-01-21T12:21:17.292561+00:00,s2-eth2,31508,4312475,346,3826,0,0,0,0
2026-01-21T12:21:17.292561+00:00,s2-eth3,726,3730,9,51,0,0,0,0
2026-01-21T12:21:17.292561+00:00,s2-eth4,796,3660,10,50,0,0,0,0
2026-01-21T12:21:17.292561+00:00,s2-eth5,726,3554,9,49,0,0,0,0
2026-01-21T12:21:17.449864+00:00,s1-eth1,33442,4346825,371,3833,0,0,103282,85
2026-01-21T12:21:17.449864+00:00,s1-eth2,7078161,32122,5985,348,0,0,0,0
2026-01-21T12:21:17.449864+00:00,s1-eth3,1498,4426,20,62,0,0,0,0
2026-01-21T12:21:17.449864+00:00,s1-eth4,1766,4830,23,68,0,0,0,0
2026-01-21T12:21:17.449864+00:00,s1-eth5,1568,4714,21,66,0,0,0,0
2026-01-21T12:21:17.449864+00:00,s2-eth1,4349309,33442,3835,371,0,0,0,0
2026-01-21T12:21:17.449864+00:00,s2-eth2,31606,4351145,347,3859,0,0,0,0
2026-01-21T12:21:17.449864+00:00,s2-eth3,726,3800,9,52,0,0,0,0
2026-01-21T12:21:17.449864+00:00,s2-eth4,796,3730,10,51,0,0,0,0
2026-01-21T12:21:17.449864+00:00,s2-eth5,726,3624,9,50,0,0,0,0
2026-01-21T12:21:17.651535+00:00,s1-eth1,33540,4396603,372,3874,0,0,103282,85
2026-01-21T12:21:17.651535+00:00,s1-eth2,7168925,32220,6060,349,0,0,0,0
2026-01-21T12:21:17.651535+00:00,s1-eth3,1498,4426,20,62,0,0,0,0
2026-01-21T12:21:17.651535+00:00,s1-eth4,1766,4830,23,68,0,0,0,0
2026-01-21T12:21:17.651535+00:00,s1-eth5,1568,4714,21,66,0,0,0,0
2026-01-21T12:21:17.651535+00:00,s2-eth1,4399087,33540,3876,372,0,0,0,0
2026-01-21T12:21:17.651535+00:00,s2-eth2,31704,4400923,348,3900,0,0,0,0
2026-01-21T12:21:17.651535+00:00,s2-eth3,726,3800,9,52,0,0,0,0
2026-01-21T12:21:17.651535+00:00,s2-eth4,796,3730,10,51,0,0,0,0
2026-01-21T12:21:17.651535+00:00,s2-eth5,726,3624,9,50,0,0,0,0
2026-01-21T12:21:17.853000+00:00,s1-eth1,33638,4447623,373,3916,0,0,103282,85
2026-01-21T12:21:17.853000+00:00,s1-eth2,7260931,32318,6134,350,0,0,0,0
2026-01-21T12:21:17.853000+00:00,s1-eth3,1498,4426,20,62,0,0,0,0
2026-01-21T12:21:17.853000+00:00,s1-eth4,1766,4830,23,68,0,0,0,0
2026-01-21T12:21:17.853000+00:00,s1-eth5,1568,4714,21,66,0,0,0,0
2026-01-21T12:21:17.853000+00:00,s2-eth1,4450107,33638,3918,373,0,0,0,0
2026-01-21T12:21:17.853000+00:00,s2-eth2,31802,4451943,349,3942,0,0,1242,1
2026-01-21T12:21:17.853000+00:00,s2-eth3,726,3800,9,52,0,0,0,0
2026-01-21T12:21:17.853000+00:00,s2-eth4,796,3730,10,51,0,0,0,0
2026-01-21T12:21:17.853000+00:00,s2-eth5,726,3624,9,50,0,0,0,0
2026-01-21T12:21:18.050334+00:00,s1-eth1,33736,4497401,374,3957,0,0,103282,85
2026-01-21T12:21:18.050334+00:00,s1-eth2,7350453,32416,6207,351,0,0,0,0
2026-01-21T12:21:18.050334+00:00,s1-eth3,1498,4426,20,62,0,0,0,0
2026-01-21T12:21:18.050334+00:00,s1-eth4,1766,4830,23,68,0,0,0,0
2026-01-21T12:21:18.050334+00:00,s1-eth5,1568,4714,21,66,0,0,0,0
2026-01-21T12:21:18.050334+00:00,s2-eth1,4499885,33736,3959,374,0,0,0,0
2026-01-21T12:21:18.050334+00:00,s2-eth2,31900,4501721,350,3983,0,0,0,0
2026-01-21T12:21:18.050334+00:00,s2-eth3,726,3800,9,52,0,0,0,0
2026-01-21T12:21:18.050334+00:00,s2-eth4,796,3730,10,51,0,0,0,0
2026-01-21T12:21:18.050334+00:00,s2-eth5,726,3624,9,50,0,0,0,0
2026-01-21T12:21:18.249993+00:00,s1-eth1,33736,4547179,374,3998,0,0,103282,85
2026-01-21T12:21:18.249993+00:00,s1-eth2,7441217,32416,6281,351,0,0,0,0
2026-01-21T12:21:18.249993+00:00,s1-eth3,1498,4426,20,62,0,0,0,0
2026-01-21T12:21:18.249993+00:00,s1-eth4,1766,4830,23,68,0,0,0,0
2026-01-21T12:21:18.249993+00:00,s1-eth5,1568,4714,21,66,0,0,0,0
2026-01-21T12:21:18.249993+00:00,s2-eth1,4549663,33834,4000,375,0,0,0,0
2026-01-21T12:21:18.249993+00:00,s2-eth2,31998,4551499,351,4024,0,0,0,0
2026-01-21T12:21:18.249993+00:00,s2-eth3,726,3800,9,52,0,0,0,0
2026-01-21T12:21:18.249993+00:00,s2-eth4,796,3730,10,51,0,0,0,0
2026-01-21T12:21:18.249993+00:00,s2-eth5,726,3624,9,50,0,0,0,0
2026-01-21T12:21:18.453974+00:00,s1-eth1,33932,4598199,376,4040,0,0,103282,85
2026-01-21T12:21:18.453974+00:00,s1-eth2,7533223,32612,6356,353,0,0,0,0
2026-01-21T12:21:18.453974+00:00,s1-eth3,1498,4426,20,62,0,0,0,0
2026-01-21T12:21:18.453974+00:00,s1-eth4,1766,4830,23,68,0,0,0,0
2026-01-21T12:21:18.453974+00:00,s1-eth5,1568,4714,21,66,0,0,0,0
2026-01-21T12:21:18.453974+00:00,s2-eth1,4600683,33932,4042,376,0,0,0,0
2026-01-21T12:21:18.453974+00:00,s2-eth2,32096,4602519,352,4066,0,0,0,0
2026-01-21T12:21:18.453974+00:00,s2-eth3,726,3800,9,52,0,0,0,0
2026-01-21T12:21:18.453974+00:00,s2-eth4,796,3730,10,51,0,0,0,0
2026-01-21T12:21:18.453974+00:00,s2-eth5,726,3624,9,50,0,0,0,0
2026-01-21T12:21:18.682622+00:00,s1-eth1,34030,4655429,377,4087,0,0,103282,85
2026-01-21T12:21:18.682622+00:00,s1-eth2,7636407,32710,6440,354,0,0,0,0
2026-01-21T12:21:18.682622+00:00,s1-eth3,1498,4426,20,62,0,0,0,0
2026-01-21T12:21:18.682622+00:00,s1-eth4,1766,4830,23,68,0,0,0,0
2026-01-21T12:21:18.682622+00:00,s1-eth5,1568,4714,21,66,0,0,0,0
2026-01-21T12:21:18.682622+00:00,s2-eth1,4657913,34030,4089,377,0,0,0,0
2026-01-21T12:21:18.682622+00:00,s2-eth2,32194,4659749,353,4113,0,0,0,0
2026-01-21T12:21:18.682622+00:00,s2-eth3,726,3800,9,52,0,0,0,0
2026-01-21T12:21:18.682622+00:00,s2-eth4,796,3730,10,51,0,0,0,0
2026-01-21T12:21:18.682622+00:00,s2-eth5,726,3624,9,50,0,0,0,0
2026-01-21T12:21:18.925449+00:00,s1-eth1,34128,4715143,378,4136,0,0,103282,85
2026-01-21T12:21:18.925449+00:00,s1-eth2,7747043,32808,6530,355,0,0,0,0
2026-01-21T12:21:18.925449+00:00,s1-eth3,1498,4426,20,62,0,0,0,0
2026-01-21T12:21:18.925449+00:00,s1-eth4,1766,4830,23,68,0,0,0,0
2026-01-21T12:21:18.925449+00:00,s1-eth5,1568,4714,21,66,0,0,0,0
2026-01-21T12:21:18.925449+00:00,s2-eth1,4717627,34128,4138,378,0,0,0,0
2026-01-21T12:21:18.925449+00:00,s2-eth2,32292,4719463,354,4162,0,0,0,0
2026-01-21T12:21:18.925449+00:00,s2-eth3,726,3800,9,52,0,0,0,0
2026-01-21T12:21:18.925449+00:00,s2-eth4,796,3730,10,51,0,0,0,0
2026-01-21T12:21:18.925449+00:00,s2-eth5,726,3624,9,50,0,0,0,0
2026-01-21T12:21:19.049876+00:00,s1-eth1,34128,4746193,378,4161,0,0,103282,85
2026-01-21T12:21:19.049876+00:00,s1-eth2,7802933,32808,6575,355,0,0,0,0
2026-01-21T12:21:19.049876+00:00,s1-eth3,1498,4426,20,62,0,0,0,0
2026-01-21T12:21:19.049876+00:00,s1-eth4,1766,4830,23,68,0,0,0,0
2026-01-21T12:21:19.049876+00:00,s1-eth5,1568,4714,21,66,0,0,0,0
2026-01-21T12:21:19.049876+00:00,s2-eth1,4748775,34226,4164,379,0,0,0,0
2026-01-21T12:21:19.049876+00:00,s2-eth2,32390,4750611,355,4188,0,0,1242,1
2026-01-21T12:21:19.049876+00:00,s2-eth3,726,3870,9,53,0,0,0,0
2026-01-21T12:21:19.049876+00:00,s2-eth4,796,3730,10,51,0,0,0,0
2026-01-21T12:21:19.049876+00:00,s2-eth5,726,3624,9,50,0,0,0,0
2026-01-21T12:21:19.298567+00:00,s1-eth1,34324,4808489,380,4213,0,0,0,0
2026-01-21T12:21:19.298567+00:00,s1-eth2,7916221,33074,6669,358,0,0,0,0
2026-01-21T12:21:19.298567+00:00,s1-eth3,1498,4636,20,65,0,0,0,0
2026-01-21T12:21:19.298567+00:00,s1-eth4,1766,4970,23,70,0,0,0,0
2026-01-21T12:21:19.298567+00:00,s1-eth5,1638,4784,22,67,0,0,0,0
2026-01-21T12:21:19.298567+00:00,s2-eth1,4810973,34324,4215,380,0,0,0,0
2026-01-21T12:21:19.298567+00:00,s2-eth2,32488,4812809,356,4239,0,0,1242,1
2026-01-21T12:21:19.298567+00:00,s2-eth3,726,3870,9,53,0,0,0,0
2026-01-21T12:21:19.298567+00:00,s2-eth4,796,3730,10,51,0,0,0,0
2026-01-21T12:21:19.298567+00:00,s2-eth5,726,3624,9,50,0,0,0,0
2026-01-21T12:21:19.454151+00:00,s1-eth1,34324,4846991,380,4244,0,0,0,0
2026-01-21T12:21:19.454151+00:00,s1-eth2,7987015,33074,6726,358,0,0,0,0
2026-01-21T12:21:19.454151+00:00,s1-eth3,1498,4636,20,65,0,0,0,0
2026-01-21T12:21:19.454151+00:00,s1-eth4,1766,4970,23,70,0,0,0,0
2026-01-21T12:21:19.454151+00:00,s1-eth5,1638,4784,22,67,0,0,0,0
2026-01-21T12:21:19.454151+00:00,s2-eth1,4849475,34324,4246,380,0,0,0,0
2026-01-21T12:21:19.454151+00:00,s2-eth2,32488,4851311,356,4270,0,0,0,0
2026-01-21T12:21:19.454151+00:00,s2-eth3,726,3870,9,53,0,0,0,0
2026-01-21T12:21:19.454151+00:00,s2-eth4,796,3730,10,51,0,0,0,0
2026-01-21T12:21:19.454151+00:00,s2-eth5,726,3624,9,50,0,0,0,0
2026-01-21T12:21:19.649983+00:00,s1-eth1,34422,4895667,381,4286,0,0,103282,85
2026-01-21T12:21:19.649983+00:00,s1-eth2,8075295,33172,6798,359,0,0,0,0
2026-01-21T12:21:19.649983+00:00,s1-eth3,1498,4636,20,65,0,0,0,0
2026-01-21T12:21:19.649983+00:00,s1-eth4,1766,4970,23,70,0,0,0,0
2026-01-21T12:21:19.649983+00:00,s1-eth5,1638,4784,22,67,0,0,0,0
2026-01-21T12:21:19.649983+00:00,s2-eth1,4898151,34422,4288,381,0,0,0,0
2026-01-21T12:21:19.649983+00:00,s2-eth2,32586,4901229,357,4313,0,0,0,0
2026-01-21T12:21:19.649983+00:00,s2-eth3,726,4010,9,55,0,0,0,0
2026-01-21T12:21:19.649983+00:00,s2-eth4,796,3870,10,53,0,0,0,0
2026-01-21T12:21:19.649983+00:00,s2-eth5,726,3764,9,52,0,0,0,0
2026-01-21T12:21:19.944987+00:00,s1-eth1,34618,4970383,383,4348,0,0,103282,85
2026-01-21T12:21:19.944987+00:00,s1-eth2,8209627,33368,6908,361,0,0,0,0
2026-01-21T12:21:19.944987+00:00,s1-eth3,1498,4636,20,65,0,0,0,0
2026-01-21T12:21:19.944987+00:00,s1-eth4,1766,4970,23,70,0,0,0,0
2026-01-21T12:21:19.944987+00:00,s1-eth5,1638,4784,22,67,0,0,0,0
2026-01-21T12:21:19.944987+00:00,s2-eth1,4972867,34618,4350,383,0,0,0,0
2026-01-21T12:21:19.944987+00:00,s2-eth2,32782,4974703,359,4374,0,0,0,0
2026-01-21T12:21:19.944987+00:00,s2-eth3,726,4010,9,55,0,0,0,0
2026-01-21T12:21:19.944987+00:00,s2-eth4,796,3870,10,53,0,0,0,0
2026-01-21T12:21:19.944987+00:00,s2-eth5,726,3764,9,52,0,0,0,0
2026-01-21T12:21:20.050103+00:00,s1-eth1,34618,4996465,383,4369,0,0,103282,85
2026-01-21T12:21:20.050103+00:00,s1-eth2,8256823,33368,6946,361,0,0,0,0
2026-01-21T12:21:20.050103+00:00,s1-eth3,1498,4636,20,65,0,0,0,0
2026-01-21T12:21:20.050103+00:00,s1-eth4,1766,4970,23,70,0,0,0,0
2026-01-21T12:21:20.050103+00:00,s1-eth5,1638,4784,22,67,0,0,0,0
2026-01-21T12:21:20.050103+00:00,s2-eth1,4998949,34618,4371,383,0,0,0,0
2026-01-21T12:21:20.050103+00:00,s2-eth2,32782,5000785,359,4395,0,0,1242,1
2026-01-21T12:21:20.050103+00:00,s2-eth3,726,4010,9,55,0,0,0,0
2026-01-21T12:21:20.050103+00:00,s2-eth4,796,3870,10,53,0,0,0,0
2026-01-21T12:21:20.050103+00:00,s2-eth5,726,3764,9,52,0,0,0,0
2026-01-21T12:21:20.283084+00:00,s1-eth1,34716,5054937,384,4417,0,0,103282,85
2026-01-21T12:21:20.283084+00:00,s1-eth2,8362491,33466,7032,362,0,0,0,0
2026-01-21T12:21:20.283084+00:00,s1-eth3,1498,4636,20,65,0,0,0,0
2026-01-21T12:21:20.283084+00:00,s1-eth4,1766,4970,23,70,0,0,0,0
2026-01-21T12:21:20.283084+00:00,s1-eth5,1638,4784,22,67,0,0,0,0
2026-01-21T12:21:20.283084+00:00,s2-eth1,5056179,34716,4418,384,0,0,0,0
2026-01-21T12:21:20.283084+00:00,s2-eth2,32880,5058015,360,4442,0,0,0,0
2026-01-21T12:21:20.283084+00:00,s2-eth3,726,4010,9,55,0,0,0,0
2026-01-21T12:21:20.283084+00:00,s2-eth4,796,3870,10,53,0,0,0,0
2026-01-21T12:21:20.283084+00:00,s2-eth5,726,3764,9,52,0,0,0,0
2026-01-21T12:21:20.450626+00:00,s1-eth1,34814,5096021,385,4451,0,0,103282,85
2026-01-21T12:21:20.450626+00:00,s1-eth2,8438351,33564,7094,363,0,0,0,0
2026-01-21T12:21:20.450626+00:00,s1-eth3,1498,4636,20,65,0,0,0,0
2026-01-21T12:21:20.450626+00:00,s1-eth4,1766,4970,23,70,0,0,0,0
2026-01-21T12:21:20.450626+00:00,s1-eth5,1638,4784,22,67,0,0,0,0
2026-01-21T12:21:20.450626+00:00,s2-eth1,5098505,34814,4453,385,0,0,0,0
2026-01-21T12:21:20.450626+00:00,s2-eth2,32978,5100341,361,4477,0,0,0,0
2026-01-21T12:21:20.450626+00:00,s2-eth3,726,4010,9,55,0,0,0,0
2026-01-21T12:21:20.450626+00:00,s2-eth4,796,3870,10,53,0,0,0,0
2026-01-21T12:21:20.450626+00:00,s2-eth5,726,3764,9,52,0,0,0,0
2026-01-21T12:21:20.654034+00:00,s1-eth1,34912,5147041,386,4493,0,0,102040,84
2026-01-21T12:21:20.654034+00:00,s1-eth2,8530357,33662,7169,364,0,0,0,0
2026-01-21T12:21:20.654034+00:00,s1-eth3,1498,4636,20,65,0,0,0,0
2026-01-21T12:21:20.654034+00:00,s1-eth4,1766,4970,23,70,0,0,0,0
2026-01-21T12:21:20.654034+00:00,s1-eth5,1638,4784,22,67,0,0,0,0
2026-01-21T12:21:20.654034+00:00,s2-eth1,5149525,34912,4495,386,0,0,0,0
2026-01-21T12:21:20.654034+00:00,s2-eth2,33076,5151361,362,4519,0,0,0,0
2026-01-21T12:21:20.654034+00:00,s2-eth3,726,4010,9,55,0,0,0,0
2026-01-21T12:21:20.654034+00:00,s2-eth4,796,3870,10,53,0,0,0,0
2026-01-21T12:21:20.654034+00:00,s2-eth5,726,3764,9,52,0,0,0,0
2026-01-21T12:21:20.850102+00:00,s1-eth1,35010,5194335,387,4532,0,0,102040,84
2026-01-21T12:21:20.850102+00:00,s1-eth2,8618637,33760,7241,365,0,0,0,0
2026-01-21T12:21:20.850102+00:00,s1-eth3,1498,4636,20,65,0,0,0,0
2026-01-21T12:21:20.850102+00:00,s1-eth4,1766,4970,23,70,0,0,0,0
2026-01-21T12:21:20.850102+00:00,s1-eth5,1638,4784,22,67,0,0,0,0
2026-01-21T12:21:20.850102+00:00,s2-eth1,5196819,35010,4534,387,0,0,0,0
2026-01-21T12:21:20.850102+00:00,s2-eth2,33174,5198655,363,4558,0,0,0,0
2026-01-21T12:21:20.850102+00:00,s2-eth3,726,4010,9,55,0,0,0,0
2026-01-21T12:21:20.850102+00:00,s2-eth4,796,3870,10,53,0,0,0,0
2026-01-21T12:21:20.850102+00:00,s2-eth5,726,3764,9,52,0,0,0,0
2026-01-21T12:21:21.050764+00:00,s1-eth1,35108,5245355,388,4574,0,0,103282,85
2026-01-21T12:21:21.050764+00:00,s1-eth2,8709401,33858,7315,366,0,0,0,0
2026-01-21T12:21:21.050764+00:00,s1-eth3,1498,4636,20,65,0,0,0,0
2026-01-21T12:21:21.050764+00:00,s1-eth4,1766,4970,23,70,0,0,0,0
2026-01-21T12:21:21.050764+00:00,s1-eth5,1638,4784,22,67,0,0,0,0
2026-01-21T12:21:21.050764+00:00,s2-eth1,5247839,35108,4576,388,0,0,0,0
2026-01-21T12:21:21.050764+00:00,s2-eth2,33272,5249675,364,4600,0,0,0,0
2026-01-21T12:21:21.050764+00:00,s2-eth3,726,4010,9,55,0,0,0,0
2026-01-21T12:21:21.050764+00:00,s2-eth4,796,3870,10,53,0,0,0,0
2026-01-21T12:21:21.050764+00:00,s2-eth5,726,3764,9,52,0,0,0,0
2026-01-21T12:21:21.251350+00:00,s1-eth1,35206,5295133,389,4615,0,0,103352,86
2026-01-21T12:21:21.251350+00:00,s1-eth2,8801407,34026,7390,368,0,0,0,0
2026-01-21T12:21:21.251350+00:00,s1-eth3,1498,4706,20,66,0,0,0,0
2026-01-21T12:21:21.251350+00:00,s1-eth4,1836,4970,24,70,0,0,0,0
2026-01-21T12:21:21.251350+00:00,s1-eth5,1638,4854,22,68,0,0,0,0
2026-01-21T12:21:21.251350+00:00,s2-eth1,5297617,35206,4617,389,0,0,0,0
2026-01-21T12:21:21.251350+00:00,s2-eth2,33370,5299523,365,4642,0,0,0,0
2026-01-21T12:21:21.251350+00:00,s2-eth3,726,4010,9,55,0,0,0,0
2026-01-21T12:21:21.251350+00:00,s2-eth4,796,3940,10,54,0,0,0,0
2026-01-21T12:21:21.251350+00:00,s2-eth5,726,3764,9,52,0,0,0,0
2026-01-21T12:21:21.449883+00:00,s1-eth1,35304,5344911,390,4656,0,0,103352,86
2026-01-21T12:21:21.449883+00:00,s1-eth2,8890929,34124,7463,369,0,0,0,0
2026-01-21T12:21:21.449883+00:00,s1-eth3,1498,4706,20,66,0,0,0,0
2026-01-21T12:21:21.449883+00:00,s1-eth4,1836,4970,24,70,0,0,0,0
2026-01-21T12:21:21.449883+00:00,s1-eth5,1638,4854,22,68,0,0,0,0
2026-01-21T12:21:21.449883+00:00,s2-eth1,5347395,35304,4658,390,0,0,0,0
2026-01-21T12:21:21.449883+00:00,s2-eth2,33468,5349301,366,4683,0,0,1242,1
2026-01-21T12:21:21.449883+00:00,s2-eth3,726,4010,9,55,0,0,0,0
2026-01-21T12:21:21.449883+00:00,s2-eth4,796,3940,10,54,0,0,0,0
2026-01-21T12:21:21.449883+00:00,s2-eth5,726,3764,9,52,0,0,0,0
2026-01-21T12:21:21.655505+00:00,s1-eth1,35402,5396001,391,4699,0,0,103282,85
2026-01-21T12:21:21.655505+00:00,s1-eth2,8984177,34222,7539,370,0,0,0,0
2026-01-21T12:21:21.655505+00:00,s1-eth3,1498,4706,20,66,0,0,0,0
2026-01-21T12:21:21.655505+00:00,s1-eth4,1836,4970,24,70,0,0,0,0
2026-01-21T12:21:21.655505+00:00,s1-eth5,1638,4854,22,68,0,0,0,0
2026-01-21T12:21:21.655505+00:00,s2-eth1,5398485,35402,4701,391,0,0,0,0
2026-01-21T12:21:21.655505+00:00,s2-eth2,33566,5400391,367,4726,0,0,1242,1
2026-01-21T12:21:21.655505+00:00,s2-eth3,726,4080,9,56,0,0,0,0
2026-01-21T12:21:21.655505+00:00,s2-eth4,796,4010,10,55,0,0,0,0
2026-01-21T12:21:21.655505+00:00,s2-eth5,726,3834,9,53,0,0,0,0
2026-01-21T12:21:21.850990+00:00,s1-eth1,35500,5444537,392,4739,0,0,102040,84
2026-01-21T12:21:21.850990+00:00,s1-eth2,9072457,34320,7611,371,0,0,0,0
2026-01-21T12:21:21.850990+00:00,s1-eth3,1498,4706,20,66,0,0,0,0
2026-01-21T12:21:21.850990+00:00,s1-eth4,1836,4970,24,70,0,0,0,0
2026-01-21T12:21:21.850990+00:00,s1-eth5,1638,4854,22,68,0,0,0,0
2026-01-21T12:21:21.850990+00:00,s2-eth1,5447021,35500,4741,392,0,0,0,0
2026-01-21T12:21:21.850990+00:00,s2-eth2,33664,5448927,368,4766,0,0,0,0
2026-01-21T12:21:21.850990+00:00,s2-eth3,726,4080,9,56,0,0,0,0
2026-01-21T12:21:21.850990+00:00,s2-eth4,796,4010,10,55,0,0,0,0
2026-01-21T12:21:21.850990+00:00,s2-eth5,726,3834,9,53,0,0,0,0
2026-01-21T12:21:22.050040+00:00,s1-eth1,35598,5494315,393,4780,0,0,102040,84
2026-01-21T12:21:22.050040+00:00,s1-eth2,9163221,34418,7685,372,0,0,0,0
2026-01-21T12:21:22.050040+00:00,s1-eth3,1498,4706,20,66,0,0,0,0
2026-01-21T12:21:22.050040+00:00,s1-eth4,1836,4970,24,70,0,0,0,0
2026-01-21T12:21:22.050040+00:00,s1-eth5,1638,4854,22,68,0,0,0,0
2026-01-21T12:21:22.050040+00:00,s2-eth1,5496799,35598,4782,393,0,0,0,0
2026-01-21T12:21:22.050040+00:00,s2-eth2,33762,5498705,369,4807,0,0,0,0
2026-01-21T12:21:22.050040+00:00,s2-eth3,726,4080,9,56,0,0,0,0
2026-01-21T12:21:22.050040+00:00,s2-eth4,796,4010,10,55,0,0,0,0
2026-01-21T12:21:22.050040+00:00,s2-eth5,726,3834,9,53,0,0,0,0
2026-01-21T12:21:22.249982+00:00,s1-eth1,35696,5544093,394,4821,0,0,103282,85
2026-01-21T12:21:22.249982+00:00,s1-eth2,9253985,34516,7759,373,0,0,0,0
2026-01-21T12:21:22.249982+00:00,s1-eth3,1498,4706,20,66,0,0,0,0
2026-01-21T12:21:22.249982+00:00,s1-eth4,1836,4970,24,70,0,0,0,0
2026-01-21T12:21:22.249982+00:00,s1-eth5,1638,4854,22,68,0,0,0,0
2026-01-21T12:21:22.249982+00:00,s2-eth1,5547819,35696,4824,394,0,0,0,0
2026-01-21T12:21:22.249982+00:00,s2-eth2,33860,5549725,370,4849,0,0,0,0
2026-01-21T12:21:22.249982+00:00,s2-eth3,726,4080,9,56,0,0,0,0
2026-01-21T12:21:22.249982+00:00,s2-eth4,796,4010,10,55,0,0,0,0
2026-01-21T12:21:22.249982+00:00,s2-eth5,726,3834,9,53,0,0,0,0
2026-01-21T12:21:22.476956+00:00,s1-eth1,35794,5601323,395,4868,0,0,103282,85
2026-01-21T12:21:22.476956+00:00,s1-eth2,9357169,34614,7843,374,0,0,0,0
2026-01-21T12:21:22.476956+00:00,s1-eth3,1498,4706,20,66,0,0,0,0
2026-01-21T12:21:22.476956+00:00,s1-eth4,1836,4970,24,70,0,0,0,0
2026-01-21T12:21:22.476956+00:00,s1-eth5,1638,4854,22,68,0,0,0,0
2026-01-21T12:21:22.476956+00:00,s2-eth1,5603807,35794,4870,395,0,0,0,0
2026-01-21T12:21:22.476956+00:00,s2-eth2,33958,5605713,371,4895,0,0,1242,1
2026-01-21T12:21:22.476956+00:00,s2-eth3,726,4080,9,56,0,0,0,0
2026-01-21T12:21:22.476956+00:00,s2-eth4,796,4010,10,55,0,0,0,0
2026-01-21T12:21:22.476956+00:00,s2-eth5,726,3834,9,53,0,0,0,0
2026-01-21T12:21:22.651256+00:00,s1-eth1,35892,5644891,396,4904,0,0,103282,85
2026-01-21T12:21:22.651256+00:00,s1-eth2,9435513,34712,7907,375,0,0,0,0
2026-01-21T12:21:22.651256+00:00,s1-eth3,1498,4706,20,66,0,0,0,0
2026-01-21T12:21:22.651256+00:00,s1-eth4,1836,4970,24,70,0,0,0,0
2026-01-21T12:21:22.651256+00:00,s1-eth5,1638,4854,22,68,0,0,0,0
2026-01-21T12:21:22.651256+00:00,s2-eth1,5647375,35892,4906,396,0,0,0,0
2026-01-21T12:21:22.651256+00:00,s2-eth2,34056,5649281,372,4931,0,0,1242,1
2026-01-21T12:21:22.651256+00:00,s2-eth3,726,4080,9,56,0,0,0,0
2026-01-21T12:21:22.651256+00:00,s2-eth4,796,4010,10,55,0,0,0,0
2026-01-21T12:21:22.651256+00:00,s2-eth5,726,3834,9,53,0,0,0,0
2026-01-21T12:21:22.850108+00:00,s1-eth1,35990,5694669,397,4945,0,0,103282,85
2026-01-21T12:21:22.850108+00:00,s1-eth2,9526277,34810,7981,376,0,0,0,0
2026-01-21T12:21:22.850108+00:00,s1-eth3,1498,4706,20,66,0,0,0,0
2026-01-21T12:21:22.850108+00:00,s1-eth4,1836,4970,24,70,0,0,0,0
2026-01-21T12:21:22.850108+00:00,s1-eth5,1638,4854,22,68,0,0,0,0
2026-01-21T12:21:22.850108+00:00,s2-eth1,5697153,35990,4947,397,0,0,0,0
2026-01-21T12:21:22.850108+00:00,s2-eth2,34154,5700301,373,4973,0,0,0,0
2026-01-21T12:21:22.850108+00:00,s2-eth3,726,4080,9,56,0,0,0,0
2026-01-21T12:21:22.850108+00:00,s2-eth4,796,4010,10,55,0,0,0,0
2026-01-21T12:21:22.850108+00:00,s2-eth5,726,3834,9,53,0,0,0,0
2026-01-21T12:21:23.052338+00:00,s1-eth1,36088,5745689,398,4987,0,0,103282,85
2026-01-21T12:21:23.052338+00:00,s1-eth2,9617041,34908,8055,377,0,0,0,0
2026-01-21T12:21:23.052338+00:00,s1-eth3,1498,4706,20,66,0,0,0,0
2026-01-21T12:21:23.052338+00:00,s1-eth4,1836,4970,24,70,0,0,0,0
2026-01-21T12:21:23.052338+00:00,s1-eth5,1638,4854,22,68,0,0,0,0
2026-01-21T12:21:23.052338+00:00,s2-eth1,5748173,36088,4989,398,0,0,0,0
2026-01-21T12:21:23.052338+00:00,s2-eth2,34252,5750079,374,5014,0,0,0,0
2026-01-21T12:21:23.052338+00:00,s2-eth3,726,4080,9,56,0,0,0,0
2026-01-21T12:21:23.052338+00:00,s2-eth4,796,4010,10,55,0,0,0,0
2026-01-21T12:21:23.052338+00:00,s2-eth5,726,3834,9,53,0,0,0,0
2026-01-21T12:21:23.251569+00:00,s1-eth1,36396,5795467,402,5028,0,0,103282,85
2026-01-21T12:21:23.251569+00:00,s1-eth2,9707805,35216,8129,381,0,0,0,0
2026-01-21T12:21:23.251569+00:00,s1-eth3,1498,4916,20,69,0,0,0,0
2026-01-21T12:21:23.251569+00:00,s1-eth4,1836,5180,24,73,0,0,0,0
2026-01-21T12:21:23.251569+00:00,s1-eth5,1638,5064,22,71,0,0,0,0
2026-01-21T12:21:23.251569+00:00,s2-eth1,5797951,36396,5030,402,0,0,0,0
2026-01-21T12:21:23.251569+00:00,s2-eth2,34350,5799997,375,5057,0,0,0,0
2026-01-21T12:21:23.251569+00:00,s2-eth3,796,4150,10,57,0,0,0,0
2026-01-21T12:21:23.251569+00:00,s2-eth4,796,4150,10,57,0,0,0,0
2026-01-21T12:21:23.251569+00:00,s2-eth5,796,3904,10,54,0,0,0,0
2026-01-21T12:21:23.449861+00:00,s1-eth1,36494,5845245,403,5069,0,0,103282,85
2026-01-21T12:21:23.449861+00:00,s1-eth2,9797327,35314,8202,382,0,0,0,0
2026-01-21T12:21:23.449861+00:00,s1-eth3,1498,4916,20,69,0,0,0,0
2026-01-21T12:21:23.449861+00:00,s1-eth4,1836,5180,24,73,0,0,0,0
2026-01-21T12:21:23.449861+00:00,s1-eth5,1638,5064,22,71,0,0,0,0
2026-01-21T12:21:23.449861+00:00,s2-eth1,5846487,36494,5070,403,0,0,0,0
2026-01-21T12:21:23.449861+00:00,s2-eth2,34448,5849775,376,5098,0,0,0,0
2026-01-21T12:21:23.449861+00:00,s2-eth3,796,4150,10,57,0,0,0,0
2026-01-21T12:21:23.449861+00:00,s2-eth4,796,4150,10,57,0,0,0,0
2026-01-21T12:21:23.449861+00:00,s2-eth5,796,3904,10,54,0,0,0,0
2026-01-21T12:21:23.729431+00:00,s1-eth1,36592,5914895,404,5126,0,0,103282,85
2026-01-21T12:21:23.729431+00:00,s1-eth2,9925351,35412,8306,383,0,0,0,0
2026-01-21T12:21:23.729431+00:00,s1-eth3,1498,4916,20,69,0,0,0,0
2026-01-21T12:21:23.729431+00:00,s1-eth4,1836,5180,24,73,0,0,0,0
2026-01-21T12:21:23.729431+00:00,s1-eth5,1638,5064,22,71,0,0,0,0
2026-01-21T12:21:23.729431+00:00,s2-eth1,5917379,36592,5128,404,0,0,0,0
2026-01-21T12:21:23.729431+00:00,s2-eth2,34546,5919425,377,5155,0,0,0,0
2026-01-21T12:21:23.729431+00:00,s2-eth3,796,4150,10,57,0,0,0,0
2026-01-21T12:21:23.729431+00:00,s2-eth4,796,4150,10,57,0,0,0,0
2026-01-21T12:21:23.729431+00:00,s2-eth5,796,3904,10,54,0,0,0,0
2026-01-21T12:21:23.850156+00:00,s1-eth1,36690,5944801,405,5151,0,0,103184,84
2026-01-21T12:21:23.850156+00:00,s1-eth2,9978757,35510,8349,384,0,0,0,0
2026-01-21T12:21:23.850156+00:00,s1-eth3,1498,4916,20,69,0,0,0,0
2026-01-21T12:21:23.850156+00:00,s1-eth4,1836,5180,24,73,0,0,0,0
2026-01-21T12:21:23.850156+00:00,s1-eth5,1638,5064,22,71,0,0,0,0
2026-01-21T12:21:23.850156+00:00,s2-eth1,5947285,36690,5153,405,0,0,0,0
2026-01-21T12:21:23.850156+00:00,s2-eth2,34644,5949331,378,5180,0,0,1242,1
2026-01-21T12:21:23.850156+00:00,s2-eth3,796,4150,10,57,0,0,0,0
2026-01-21T12:21:23.850156+00:00,s2-eth4,796,4150,10,57,0,0,0,0
2026-01-21T12:21:23.850156+00:00,s2-eth5,796,3904,10,54,0,0,0,0
2026-01-21T12:21:24.049920+00:00,s1-eth1,36690,5994481,405,5191,0,0,102040,84
2026-01-21T12:21:24.049920+00:00,s1-eth2,10069521,35510,8423,384,0,0,0,0
2026-01-21T12:21:24.049920+00:00,s1-eth3,1498,4916,20,69,0,0,0,0
2026-01-21T12:21:24.049920+00:00,s1-eth4,1836,5180,24,73,0,0,0,0
2026-01-21T12:21:24.049920+00:00,s1-eth5,1638,5064,22,71,0,0,0,0
2026-01-21T12:21:24.049920+00:00,s2-eth1,5996965,36690,5193,405,0,0,0,0
2026-01-21T12:21:24.049920+00:00,s2-eth2,34644,5999011,378,5220,0,0,0,0
2026-01-21T12:21:24.049920+00:00,s2-eth3,796,4150,10,57,0,0,0,0
2026-01-21T12:21:24.049920+00:00,s2-eth4,796,4150,10,57,0,0,0,0
2026-01-21T12:21:24.049920+00:00,s2-eth5,796,3904,10,54,0,0,0,0
2026-01-21T12:21:24.250281+00:00,s1-eth1,36788,6044259,406,5232,0,0,102040,84
2026-01-21T12:21:24.250281+00:00,s1-eth2,10160285,35608,8497,385,0,0,0,0
2026-01-21T12:21:24.250281+00:00,s1-eth3,1498,4916,20,69,0,0,0,0
2026-01-21T12:21:24.250281+00:00,s1-eth4,1836,5180,24,73,0,0,0,0
2026-01-21T12:21:24.250281+00:00,s1-eth5,1638,5064,22,71,0,0,0,0
2026-01-21T12:21:24.250281+00:00,s2-eth1,6046743,36788,5234,406,0,0,0,0
2026-01-21T12:21:24.250281+00:00,s2-eth2,34742,6048789,379,5261,0,0,0,0
2026-01-21T12:21:24.250281+00:00,s2-eth3,796,4150,10,57,0,0,0,0
2026-01-21T12:21:24.250281+00:00,s2-eth4,796,4150,10,57,0,0,0,0
2026-01-21T12:21:24.250281+00:00,s2-eth5,796,3904,10,54,0,0,0,0
2026-01-21T12:21:24.450481+00:00,s1-eth1,36886,6095279,407,5274,0,0,103282,85
2026-01-21T12:21:24.450481+00:00,s1-eth2,10251049,35706,8571,386,0,0,0,0
2026-01-21T12:21:24.450481+00:00,s1-eth3,1498,4916,20,69,0,0,0,0
2026-01-21T12:21:24.450481+00:00,s1-eth4,1836,5180,24,73,0,0,0,0
2026-01-21T12:21:24.450481+00:00,s1-eth5,1638,5064,22,71,0,0,0,0
2026-01-21T12:21:24.450481+00:00,s2-eth1,6097763,36886,5276,407,0,0,0,0
2026-01-21T12:21:24.450481+00:00,s2-eth2,34840,6099809,380,5303,0,0,0,0
2026-01-21T12:21:24.450481+00:00,s2-eth3,796,4150,10,57,0,0,0,0
2026-01-21T12:21:24.450481+00:00,s2-eth4,796,4150,10,57,0,0,0,0
2026-01-21T12:21:24.450481+00:00,s2-eth5,796,3904,10,54,0,0,0,0
2026-01-21T12:21:24.705567+00:00,s1-eth1,37082,6158817,409,5327,0,0,103282,85
2026-01-21T12:21:24.705567+00:00,s1-eth2,10366751,35902,8666,388,0,0,0,0
2026-01-21T12:21:24.705567+00:00,s1-eth3,1498,4916,20,69,0,0,0,0
2026-01-21T12:21:24.705567+00:00,s1-eth4,1836,5180,24,73,0,0,0,0
2026-01-21T12:21:24.705567+00:00,s1-eth5,1638,5064,22,71,0,0,0,0
2026-01-21T12:21:24.705567+00:00,s2-eth1,6161301,37082,5329,409,0,0,0,0
2026-01-21T12:21:24.705567+00:00,s2-eth2,35036,6163347,382,5356,0,0,0,0
2026-01-21T12:21:24.705567+00:00,s2-eth3,796,4150,10,57,0,0,0,0
2026-01-21T12:21:24.705567+00:00,s2-eth4,796,4150,10,57,0,0,0,0
2026-01-21T12:21:24.705567+00:00,s2-eth5,796,3904,10,54,0,0,0,0
2026-01-21T12:21:24.908918+00:00,s1-eth1,37180,6209837,410,5369,0,0,103282,85
2026-01-21T12:21:24.908918+00:00,s1-eth2,10458757,36000,8741,389,0,0,0,0
2026-01-21T12:21:24.908918+00:00,s1-eth3,1498,4916,20,69,0,0,0,0
2026-01-21T12:21:24.908918+00:00,s1-eth4,1836,5180,24,73,0,0,0,0
2026-01-21T12:21:24.908918+00:00,s1-eth5,1638,5064,22,71,0,0,0,0
2026-01-21T12:21:24.908918+00:00,s2-eth1,6211079,37180,5370,410,0,0,0,0
2026-01-21T12:21:24.908918+00:00,s2-eth2,35134,6213125,383,5397,0,0,1242,1
2026-01-21T12:21:24.908918+00:00,s2-eth3,796,4150,10,57,0,0,0,0
2026-01-21T12:21:24.908918+00:00,s2-eth4,796,4150,10,57,0,0,0,0
2026-01-21T12:21:24.908918+00:00,s2-eth5,796,3904,10,54,0,0,0,0
2026-01-21T12:21:25.085767+00:00,s1-eth1,37180,6253307,410,5404,0,0,103282,85
2026-01-21T12:21:25.085767+00:00,s1-eth2,10539487,36000,8806,389,0,0,0,0
2026-01-21T12:21:25.085767+00:00,s1-eth3,1498,4916,20,69,0,0,0,0
2026-01-21T12:21:25.085767+00:00,s1-eth4,1836,5180,24,73,0,0,0,0
2026-01-21T12:21:25.085767+00:00,s1-eth5,1638,5064,22,71,0,0,0,0
2026-01-21T12:21:25.085767+00:00,s2-eth1,6255791,37180,5406,410,0,0,0,0
2026-01-21T12:21:25.085767+00:00,s2-eth2,35134,6259079,383,5434,0,0,0,0
2026-01-21T12:21:25.085767+00:00,s2-eth3,796,4150,10,57,0,0,0,0
2026-01-21T12:21:25.085767+00:00,s2-eth4,796,4150,10,57,0,0,0,0
2026-01-21T12:21:25.085767+00:00,s2-eth5,796,3904,10,54,0,0,0,0
2026-01-21T12:21:25.251325+00:00,s1-eth1,37278,6293149,411,5437,0,0,103282,85
2026-01-21T12:21:25.251325+00:00,s1-eth2,10614105,36098,8867,390,0,0,0,0
2026-01-21T12:21:25.251325+00:00,s1-eth3,1498,4916,20,69,0,0,0,0
2026-01-21T12:21:25.251325+00:00,s1-eth4,1836,5180,24,73,0,0,0,0
2026-01-21T12:21:25.251325+00:00,s1-eth5,1638,5134,22,72,0,0,0,0
2026-01-21T12:21:25.251325+00:00,s2-eth1,6295633,37278,5439,411,0,0,0,0
2026-01-21T12:21:25.251325+00:00,s2-eth2,35232,6297679,384,5466,0,0,0,0
2026-01-21T12:21:25.251325+00:00,s2-eth3,796,4150,10,57,0,0,0,0
2026-01-21T12:21:25.251325+00:00,s2-eth4,796,4150,10,57,0,0,0,0
2026-01-21T12:21:25.251325+00:00,s2-eth5,796,3904,10,54,0,0,0,0
2026-01-21T12:21:25.452347+00:00,s1-eth1,37376,6344169,412,5479,0,0,103282,85
2026-01-21T12:21:25.452347+00:00,s1-eth2,10704869,36196,8941,391,0,0,0,0
2026-01-21T12:21:25.452347+00:00,s1-eth3,1498,4916,20,69,0,0,0,0
2026-01-21T12:21:25.452347+00:00,s1-eth4,1836,5180,24,73,0,0,0,0
2026-01-21T12:21:25.452347+00:00,s1-eth5,1638,5134,22,72,0,0,0,0
2026-01-21T12:21:25.452347+00:00,s2-eth1,6346653,37376,5481,412,0,0,0,0
2026-01-21T12:21:25.452347+00:00,s2-eth2,35330,6348699,385,5508,0,0,0,0
2026-01-21T12:21:25.452347+00:00,s2-eth3,796,4150,10,57,0,0,0,0
2026-01-21T12:21:25.452347+00:00,s2-eth4,796,4150,10,57,0,0,0,0
2026-01-21T12:21:25.452347+00:00,s2-eth5,796,3904,10,54,0,0,0,0
2026-01-21T12:21:25.653445+00:00,s1-eth1,37474,6393947,413,5520,0,0,103282,85
2026-01-21T12:21:25.653445+00:00,s1-eth2,10796875,36294,9016,392,0,0,0,0
2026-01-21T12:21:25.653445+00:00,s1-eth3,1498,4916,20,69,0,0,0,0
2026-01-21T12:21:25.653445+00:00,s1-eth4,1836,5180,24,73,0,0,0,0
2026-01-21T12:21:25.653445+00:00,s1-eth5,1638,5134,22,72,0,0,0,0
2026-01-21T12:21:25.653445+00:00,s2-eth1,6396431,37474,5522,413,0,0,0,0
2026-01-21T12:21:25.653445+00:00,s2-eth2,35428,6398477,386,5549,0,0,0,0
2026-01-21T12:21:25.653445+00:00,s2-eth3,796,4150,10,57,0,0,0,0
2026-01-21T12:21:25.653445+00:00,s2-eth4,796,4150,10,57,0,0,0,0
2026-01-21T12:21:25.653445+00:00,s2-eth5,796,3904,10,54,0,0,0,0
2026-01-21T12:21:25.947040+00:00,s1-eth1,37670,6467421,415,5581,0,0,102040,84
2026-01-21T12:21:25.947040+00:00,s1-eth2,10929965,36490,9125,394,0,0,0,0
2026-01-21T12:21:25.947040+00:00,s1-eth3,1498,4916,20,69,0,0,0,0
2026-01-21T12:21:25.947040+00:00,s1-eth4,1836,5180,24,73,0,0,0,0
2026-01-21T12:21:25.947040+00:00,s1-eth5,1638,5134,22,72,0,0,0,0
2026-01-21T12:21:25.947040+00:00,s2-eth1,6469905,37670,5583,415,0,0,0,0
2026-01-21T12:21:25.947040+00:00,s2-eth2,35624,6471951,388,5610,0,0,1242,1
2026-01-21T12:21:25.947040+00:00,s2-eth3,796,4150,10,57,0,0,0,0
2026-01-21T12:21:25.947040+00:00,s2-eth4,796,4150,10,57,0,0,0,0
2026-01-21T12:21:25.947040+00:00,s2-eth5,796,3904,10,54,0,0,0,0
2026-01-21T12:21:26.064901+00:00,s1-eth1,37670,6497229,415,5605,0,0,103282,85
2026-01-21T12:21:26.064901+00:00,s1-eth2,10983371,36490,9168,394,0,0,0,0
2026-01-21T12:21:26.064901+00:00,s1-eth3,1498,4916,20,69,0,0,0,0
2026-01-21T12:21:26.064901+00:00,s1-eth4,1836,5180,24,73,0,0,0,0
2026-01-21T12:21:26.064901+00:00,s1-eth5,1638,5134,22,72,0,0,0,0
2026-01-21T12:21:26.064901+00:00,s2-eth1,6499713,37670,5607,415,0,0,0,0
2026-01-21T12:21:26.064901+00:00,s2-eth2,35624,6501759,388,5634,0,0,1242,1
2026-01-21T12:21:26.064901+00:00,s2-eth3,796,4150,10,57,0,0,0,0
2026-01-21T12:21:26.064901+00:00,s2-eth4,796,4150,10,57,0,0,0,0
2026-01-21T12:21:26.064901+00:00,s2-eth5,796,3904,10,54,0,0,0,0
2026-01-21T12:21:26.250158+00:00,s1-eth1,37768,6543281,416,5643,0,0,103282,85
2026-01-21T12:21:26.250158+00:00,s1-eth2,11067925,36588,9237,395,0,0,0,0
2026-01-21T12:21:26.250158+00:00,s1-eth3,1498,4916,20,69,0,0,0,0
2026-01-21T12:21:26.250158+00:00,s1-eth4,1836,5180,24,73,0,0,0,0
2026-01-21T12:21:26.250158+00:00,s1-eth5,1638,5134,22,72,0,0,0,0
2026-01-21T12:21:26.250158+00:00,s2-eth1,6545765,37768,5645,416,0,0,0,0
2026-01-21T12:21:26.250158+00:00,s2-eth2,35722,6547811,389,5672,0,0,1242,1
2026-01-21T12:21:26.250158+00:00,s2-eth3,796,4150,10,57,0,0,0,0
2026-01-21T12:21:26.250158+00:00,s2-eth4,796,4150,10,57,0,0,0,0
2026-01-21T12:21:26.250158+00:00,s2-eth5,796,3904,10,54,0,0,0,0
2026-01-21T12:21:26.480493+00:00,s1-eth1,37866,6600511,417,5690,0,0,102040,84
2026-01-21T12:21:26.480493+00:00,s1-eth2,11171109,36686,9321,396,0,0,0,0
2026-01-21T12:21:26.480493+00:00,s1-eth3,1498,4916,20,69,0,0,0,0
2026-01-21T12:21:26.480493+00:00,s1-eth4,1836,5180,24,73,0,0,0,0
2026-01-21T12:21:26.480493+00:00,s1-eth5,1638,5134,22,72,0,0,0,0
2026-01-21T12:21:26.480493+00:00,s2-eth1,6602995,37866,5692,417,0,0,0,0
2026-01-21T12:21:26.480493+00:00,s2-eth2,35820,6605041,390,5719,0,0,0,0
2026-01-21T12:21:26.480493+00:00,s2-eth3,796,4150,10,57,0,0,0,0
2026-01-21T12:21:26.480493+00:00,s2-eth4,796,4150,10,57,0,0,0,0
2026-01-21T12:21:26.480493+00:00,s2-eth5,796,3904,10,54,0,0,0,0
2026-01-21T12:21:26.651513+00:00,s1-eth1,37964,6644079,418,5726,0,0,103282,85
2026-01-21T12:21:26.651513+00:00,s1-eth2,11249453,36784,9385,397,0,0,0,0
2026-01-21T12:21:26.651513+00:00,s1-eth3,1498,4916,20,69,0,0,0,0
2026-01-21T12:21:26.651513+00:00,s1-eth4,1836,5180,24,73,0,0,0,0
2026-01-21T12:21:26.651513+00:00,s1-eth5,1638,5134,22,72,0,0,0,0
2026-01-21T12:21:26.651513+00:00,s2-eth1,6645321,37964,5727,418,0,0,0,0
2026-01-21T12:21:26.651513+00:00,s2-eth2,35918,6648609,391,5755,0,0,0,0
2026-01-21T12:21:26.651513+00:00,s2-eth3,796,4150,10,57,0,0,0,0
2026-01-21T12:21:26.651513+00:00,s2-eth4,796,4150,10,57,0,0,0,0
2026-01-21T12:21:26.651513+00:00,s2-eth5,796,3904,10,54,0,0,0,0
2026-01-21T12:21:26.857682+00:00,s1-eth1,38062,6695099,419,5768,0,0,103282,85
2026-01-21T12:21:26.857682+00:00,s1-eth2,11342701,36882,9461,398,0,0,0,0
2026-01-21T12:21:26.857682+00:00,s1-eth3,1498,4916,20,69,0,0,0,0
2026-01-21T12:21:26.857682+00:00,s1-eth4,1836,5180,24,73,0,0,0,0
2026-01-21T12:21:26.857682+00:00,s1-eth5,1638,5134,22,72,0,0,0,0
2026-01-21T12:21:26.857682+00:00,s2-eth1,6697583,38062,5770,419,0,0,0,0
2026-01-21T12:21:26.857682+00:00,s2-eth2,36016,6699629,392,5797,0,0,0,0
2026-01-21T12:21:26.857682+00:00,s2-eth3,796,4150,10,57,0,0,0,0
2026-01-21T12:21:26.857682+00:00,s2-eth4,796,4150,10,57,0,0,0,0
2026-01-21T12:21:26.857682+00:00,s2-eth5,796,3904,10,54,0,0,0,0
2026-01-21T12:21:27.051502+00:00,s1-eth1,38160,6743635,420,5808,0,0,103282,85
2026-01-21T12:21:27.051502+00:00,s1-eth2,11430981,36980,9533,399,0,0,0,0
2026-01-21T12:21:27.051502+00:00,s1-eth3,1498,4916,20,69,0,0,0,0
2026-01-21T12:21:27.051502+00:00,s1-eth4,1836,5180,24,73,0,0,0,0
2026-01-21T12:21:27.051502+00:00,s1-eth5,1638,5134,22,72,0,0,0,0
2026-01-21T12:21:27.051502+00:00,s2-eth1,6746119,38160,5810,420,0,0,0,0
2026-01-21T12:21:27.051502+00:00,s2-eth2,36114,6746923,393,5836,0,0,0,0
2026-01-21T12:21:27.051502+00:00,s2-eth3,796,4150,10,57,0,0,0,0
2026-01-21T12:21:27.051502+00:00,s2-eth4,796,4150,10,57,0,0,0,0
2026-01-21T12:21:27.051502+00:00,s2-eth5,796,3904,10,54,0,0,0,0
2026-01-21T12:21:27.256455+00:00,s1-eth1,38258,6794655,421,5850,0,0,103282,85
2026-01-21T12:21:27.256455+00:00,s1-eth2,11522987,37078,9608,400,0,0,0,0
2026-01-21T12:21:27.256455+00:00,s1-eth3,1498,4916,20,69,0,0,0,0
2026-01-21T12:21:27.256455+00:00,s1-eth4,1836,5180,24,73,0,0,0,0
2026-01-21T12:21:27.256455+00:00,s1-eth5,1638,5134,22,72,0,0,0,0
2026-01-21T12:21:27.256455+00:00,s2-eth1,6797139,38258,5852,421,0,0,0,0
2026-01-21T12:21:27.256455+00:00,s2-eth2,36212,6799185,394,5879,0,0,1242,1
2026-01-21T12:21:27.256455+00:00,s2-eth3,796,4150,10,57,0,0,0,0
2026-01-21T12:21:27.256455+00:00,s2-eth4,796,4150,10,57,0,0,0,0
2026-01-21T12:21:27.256455+00:00,s2-eth5,796,3904,10,54,0,0,0,0
2026-01-21T12:21:27.454855+00:00,s1-eth1,38356,6844433,422,5891,0,0,103282,85
2026-01-21T12:21:27.454855+00:00,s1-eth2,11613751,37176,9682,401,0,0,0,0
2026-01-21T12:21:27.454855+00:00,s1-eth3,1498,4916,20,69,0,0,0,0
2026-01-21T12:21:27.454855+00:00,s1-eth4,1836,5180,24,73,0,0,0,0
2026-01-21T12:21:27.454855+00:00,s1-eth5,1638,5134,22,72,0,0,0,0
2026-01-21T12:21:27.454855+00:00,s2-eth1,6846917,38356,5893,422,0,0,0,0
2026-01-21T12:21:27.454855+00:00,s2-eth2,36310,6848963,395,5920,0,0,1242,1
2026-01-21T12:21:27.454855+00:00,s2-eth3,796,4150,10,57,0,0,0,0
2026-01-21T12:21:27.454855+00:00,s2-eth4,796,4150,10,57,0,0,0,0
2026-01-21T12:21:27.454855+00:00,s2-eth5,796,3904,10,54,0,0,0,0
2026-01-21T12:21:27.657857+00:00,s1-eth1,38454,6895453,423,5933,0,0,103282,85
2026-01-21T12:21:27.657857+00:00,s1-eth2,11704515,37274,9756,402,0,0,0,0
2026-01-21T12:21:27.657857+00:00,s1-eth3,1498,4916,20,69,0,0,0,0
2026-01-21T12:21:27.657857+00:00,s1-eth4,1836,5180,24,73,0,0,0,0
2026-01-21T12:21:27.657857+00:00,s1-eth5,1638,5134,22,72,0,0,0,0
2026-01-21T12:21:27.657857+00:00,s2-eth1,6896695,38454,5934,423,0,0,0,0
2026-01-21T12:21:27.657857+00:00,s2-eth2,36408,6899983,396,5962,0,0,0,0
2026-01-21T12:21:27.657857+00:00,s2-eth3,796,4150,10,57,0,0,0,0
2026-01-21T12:21:27.657857+00:00,s2-eth4,796,4150,10,57,0,0,0,0
2026-01-21T12:21:27.657857+00:00,s2-eth5,796,3904,10,54,0,0,0,0
2026-01-21T12:21:27.857626+00:00,s1-eth1,38552,6943989,424,5973,0,0,102040,84
2026-01-21T12:21:27.857626+00:00,s1-eth2,11795279,37372,9830,403,0,0,0,0
2026-01-21T12:21:27.857626+00:00,s1-eth3,1498,4916,20,69,0,0,0,0
2026-01-21T12:21:27.857626+00:00,s1-eth4,1836,5180,24,73,0,0,0,0
2026-01-21T12:21:27.857626+00:00,s1-eth5,1638,5134,22,72,0,0,0,0
2026-01-21T12:21:27.857626+00:00,s2-eth1,6946473,38552,5975,424,0,0,0,0
2026-01-21T12:21:27.857626+00:00,s2-eth2,36506,6948519,397,6002,0,0,0,0
2026-01-21T12:21:27.857626+00:00,s2-eth3,796,4150,10,57,0,0,0,0
2026-01-21T12:21:27.857626+00:00,s2-eth4,796,4150,10,57,0,0,0,0
2026-01-21T12:21:27.857626+00:00,s2-eth5,796,3904,10,54,0,0,0,0
2026-01-21T12:21:28.050351+00:00,s1-eth1,38650,6992525,425,6013,0,0,103282,85
2026-01-21T12:21:28.050351+00:00,s1-eth2,11883559,37470,9902,404,0,0,0,0
2026-01-21T12:21:28.050351+00:00,s1-eth3,1498,4916,20,69,0,0,0,0
2026-01-21T12:21:28.050351+00:00,s1-eth4,1836,5180,24,73,0,0,0,0
2026-01-21T12:21:28.050351+00:00,s1-eth5,1638,5134,22,72,0,0,0,0
2026-01-21T12:21:28.050351+00:00,s2-eth1,6995009,38650,6015,425,0,0,0,0
2026-01-21T12:21:28.050351+00:00,s2-eth2,36604,6997055,398,6042,0,0,1242,1
2026-01-21T12:21:28.050351+00:00,s2-eth3,796,4150,10,57,0,0,0,0
2026-01-21T12:21:28.050351+00:00,s2-eth4,796,4150,10,57,0,0,0,0
2026-01-21T12:21:28.050351+00:00,s2-eth5,796,3904,10,54,0,0,0,0
2026-01-21T12:21:28.256336+00:00,s1-eth1,38748,7043545,426,6055,0,0,103282,85
2026-01-21T12:21:28.256336+00:00,s1-eth2,11976807,37568,9978,405,0,0,0,0
2026-01-21T12:21:28.256336+00:00,s1-eth3,1498,4916,20,69,0,0,0,0
2026-01-21T12:21:28.256336+00:00,s1-eth4,1836,5180,24,73,0,0,0,0
2026-01-21T12:21:28.256336+00:00,s1-eth5,1638,5134,22,72,0,0,0,0
2026-01-21T12:21:28.256336+00:00,s2-eth1,7046029,38748,6057,426,0,0,0,0
2026-01-21T12:21:28.256336+00:00,s2-eth2,36702,7048075,399,6084,0,0,0,0
2026-01-21T12:21:28.256336+00:00,s2-eth3,796,4150,10,57,0,0,0,0
2026-01-21T12:21:28.256336+00:00,s2-eth4,796,4150,10,57,0,0,0,0
2026-01-21T12:21:28.256336+00:00,s2-eth5,796,3904,10,54,0,0,0,0
2026-01-21T12:21:28.456067+00:00,s1-eth1,38846,7094565,427,6097,0,0,103282,85
2026-01-21T12:21:28.456067+00:00,s1-eth2,12066329,37666,10051,406,0,0,0,0
2026-01-21T12:21:28.456067+00:00,s1-eth3,1498,4916,20,69,0,0,0,0
2026-01-21T12:21:28.456067+00:00,s1-eth4,1836,5180,24,73,0,0,0,0
2026-01-21T12:21:28.456067+00:00,s1-eth5,1638,5134,22,72,0,0,0,0
2026-01-21T12:21:28.456067+00:00,s2-eth1,7097049,38846,6099,427,0,0,0,0
2026-01-21T12:21:28.456067+00:00,s2-eth2,36800,7099095,400,6126,0,0,0,0
2026-01-21T12:21:28.456067+00:00,s2-eth3,796,4150,10,57,0,0,0,0
2026-01-21T12:21:28.456067+00:00,s2-eth4,796,4150,10,57,0,0,0,0
2026-01-21T12:21:28.456067+00:00,s2-eth5,796,3904,10,54,0,0,0,0
2026-01-21T12:21:28.650933+00:00,s1-eth1,38944,7143101,428,6137,0,0,103282,85
2026-01-21T12:21:28.650933+00:00,s1-eth2,12155851,37764,10124,407,0,0,0,0
2026-01-21T12:21:28.650933+00:00,s1-eth3,1498,4916,20,69,0,0,0,0
2026-01-21T12:21:28.650933+00:00,s1-eth4,1836,5180,24,73,0,0,0,0
2026-01-21T12:21:28.650933+00:00,s1-eth5,1638,5134,22,72,0,0,0,0
2026-01-21T12:21:28.650933+00:00,s2-eth1,7145585,38944,6139,428,0,0,0,0
2026-01-21T12:21:28.650933+00:00,s2-eth2,36898,7147631,401,6166,0,0,0,0
2026-01-21T12:21:28.650933+00:00,s2-eth3,796,4150,10,57,0,0,0,0
2026-01-21T12:21:28.650933+00:00,s2-eth4,796,4150,10,57,0,0,0,0
2026-01-21T12:21:28.650933+00:00,s2-eth5,796,3904,10,54,0,0,0,0
2026-01-21T12:21:28.849757+00:00,s1-eth1,39042,7192879,429,6178,0,0,103282,85
2026-01-21T12:21:28.849757+00:00,s1-eth2,12245373,37862,10197,408,0,0,0,0
2026-01-21T12:21:28.849757+00:00,s1-eth3,1498,4916,20,69,0,0,0,0
2026-01-21T12:21:28.849757+00:00,s1-eth4,1836,5180,24,73,0,0,0,0
2026-01-21T12:21:28.849757+00:00,s1-eth5,1638,5134,22,72,0,0,0,0
2026-01-21T12:21:28.849757+00:00,s2-eth1,7195363,39042,6180,429,0,0,0,0
2026-01-21T12:21:28.849757+00:00,s2-eth2,36996,7197409,402,6207,0,0,0,0
2026-01-21T12:21:28.849757+00:00,s2-eth3,796,4150,10,57,0,0,0,0
2026-01-21T12:21:28.849757+00:00,s2-eth4,796,4150,10,57,0,0,0,0
2026-01-21T12:21:28.849757+00:00,s2-eth5,796,3904,10,54,0,0,0,0
2026-01-21T12:21:29.111245+00:00,s1-eth1,39140,7257561,430,6231,0,0,103282,85
2026-01-21T12:21:29.111245+00:00,s1-eth2,12363461,37960,10293,409,0,0,0,0
2026-01-21T12:21:29.111245+00:00,s1-eth3,1498,4916,20,69,0,0,0,0
2026-01-21T12:21:29.111245+00:00,s1-eth4,1836,5180,24,73,0,0,0,0
2026-01-21T12:21:29.111245+00:00,s1-eth5,1638,5134,22,72,0,0,0,0
2026-01-21T12:21:29.111245+00:00,s2-eth1,7260045,39140,6233,430,0,0,0,0
2026-01-21T12:21:29.111245+00:00,s2-eth2,37094,7262091,403,6260,0,0,0,0
2026-01-21T12:21:29.111245+00:00,s2-eth3,796,4150,10,57,0,0,0,0
2026-01-21T12:21:29.111245+00:00,s2-eth4,796,4150,10,57,0,0,0,0
2026-01-21T12:21:29.111245+00:00,s2-eth5,796,3904,10,54,0,0,0,0
2026-01-21T12:21:29.251937+00:00,s1-eth1,39238,7292435,431,6260,0,0,103282,85
2026-01-21T12:21:29.251937+00:00,s1-eth2,12428143,38058,10346,410,0,0,0,0
2026-01-21T12:21:29.251937+00:00,s1-eth3,1498,4916,20,69,0,0,0,0
2026-01-21T12:21:29.251937+00:00,s1-eth4,1836,5180,24,73,0,0,0,0
2026-01-21T12:21:29.251937+00:00,s1-eth5,1638,5134,22,72,0,0,0,0
2026-01-21T12:21:29.251937+00:00,s2-eth1,7294919,39238,6262,431,0,0,0,0
2026-01-21T12:21:29.251937+00:00,s2-eth2,37192,7296965,404,6289,0,0,0,0
2026-01-21T12:21:29.251937+00:00,s2-eth3,796,4150,10,57,0,0,0,0
2026-01-21T12:21:29.251937+00:00,s2-eth4,796,4150,10,57,0,0,0,0
2026-01-21T12:21:29.251937+00:00,s2-eth5,796,3904,10,54,0,0,0,0
2026-01-21T12:21:29.451634+00:00,s1-eth1,39336,7343455,432,6302,0,0,103282,85
2026-01-21T12:21:29.451634+00:00,s1-eth2,12517665,38156,10419,411,0,0,0,0
2026-01-21T12:21:29.451634+00:00,s1-eth3,1498,4916,20,69,0,0,0,0
2026-01-21T12:21:29.451634+00:00,s1-eth4,1836,5180,24,73,0,0,0,0
2026-01-21T12:21:29.451634+00:00,s1-eth5,1638,5134,22,72,0,0,0,0
2026-01-21T12:21:29.451634+00:00,s2-eth1,7345939,39336,6304,432,0,0,0,0
2026-01-21T12:21:29.451634+00:00,s2-eth2,37290,7347985,405,6331,0,0,0,0
2026-01-21T12:21:29.451634+00:00,s2-eth3,796,4150,10,57,0,0,0,0
2026-01-21T12:21:29.451634+00:00,s2-eth4,796,4150,10,57,0,0,0,0
2026-01-21T12:21:29.451634+00:00,s2-eth5,796,3974,10,55,0,0,0,0
2026-01-21T12:21:29.650045+00:00,s1-eth1,39434,7391991,433,6342,0,0,103282,85
2026-01-21T12:21:29.650045+00:00,s1-eth2,12608429,38254,10493,412,0,0,0,0
2026-01-21T12:21:29.650045+00:00,s1-eth3,1498,4916,20,69,0,0,0,0
2026-01-21T12:21:29.650045+00:00,s1-eth4,1836,5180,24,73,0,0,0,0
2026-01-21T12:21:29.650045+00:00,s1-eth5,1638,5134,22,72,0,0,0,0
2026-01-21T12:21:29.650045+00:00,s2-eth1,7394475,39434,6344,433,0,0,0,0
2026-01-21T12:21:29.650045+00:00,s2-eth2,37388,7397763,406,6372,0,0,0,0
2026-01-21T12:21:29.650045+00:00,s2-eth3,796,4150,10,57,0,0,0,0
2026-01-21T12:21:29.650045+00:00,s2-eth4,796,4150,10,57,0,0,0,0
2026-01-21T12:21:29.650045+00:00,s2-eth5,796,3974,10,55,0,0,0,0
2026-01-21T12:21:29.849835+00:00,s1-eth1,39532,7443011,434,6384,0,0,103282,85
2026-01-21T12:21:29.849835+00:00,s1-eth2,12699193,38352,10567,413,0,0,0,0
2026-01-21T12:21:29.849835+00:00,s1-eth3,1498,4916,20,69,0,0,0,0
2026-01-21T12:21:29.849835+00:00,s1-eth4,1836,5180,24,73,0,0,0,0
2026-01-21T12:21:29.849835+00:00,s1-eth5,1638,5134,22,72,0,0,0,0
2026-01-21T12:21:29.849835+00:00,s2-eth1,7445495,39532,6386,434,0,0,0,0
2026-01-21T12:21:29.849835+00:00,s2-eth2,37486,7447541,407,6413,0,0,1242,1
2026-01-21T12:21:29.849835+00:00,s2-eth3,796,4150,10,57,0,0,0,0
2026-01-21T12:21:29.849835+00:00,s2-eth4,796,4150,10,57,0,0,0,0
2026-01-21T12:21:29.849835+00:00,s2-eth5,796,3974,10,55,0,0,0,0
2026-01-21T12:21:30.051980+00:00,s1-eth1,39630,7492789,435,6425,0,0,103282,85
2026-01-21T12:21:30.051980+00:00,s1-eth2,12789957,38450,10641,414,0,0,0,0
2026-01-21T12:21:30.051980+00:00,s1-eth3,1498,4916,20,69,0,0,0,0
2026-01-21T12:21:30.051980+00:00,s1-eth4,1836,5180,24,73,0,0,0,0
2026-01-21T12:21:30.051980+00:00,s1-eth5,1638,5134,22,72,0,0,0,0
2026-01-21T12:21:30.051980+00:00,s2-eth1,7495273,39630,6427,435,0,0,0,0
2026-01-21T12:21:30.051980+00:00,s2-eth2,37584,7497319,408,6454,0,0,0,0
2026-01-21T12:21:30.051980+00:00,s2-eth3,796,4150,10,57,0,0,0,0
2026-01-21T12:21:30.051980+00:00,s2-eth4,796,4150,10,57,0,0,0,0
2026-01-21T12:21:30.051980+00:00,s2-eth5,796,3974,10,55,0,0,0,0
2026-01-21T12:21:30.249779+00:00,s1-eth1,39728,7542567,436,6466,0,0,103282,85
2026-01-21T12:21:30.249779+00:00,s1-eth2,12880721,38548,10715,415,0,0,0,0
2026-01-21T12:21:30.249779+00:00,s1-eth3,1498,4916,20,69,0,0,0,0
2026-01-21T12:21:30.249779+00:00,s1-eth4,1836,5180,24,73,0,0,0,0
2026-01-21T12:21:30.249779+00:00,s1-eth5,1638,5134,22,72,0,0,0,0
2026-01-21T12:21:30.249779+00:00,s2-eth1,7545051,39728,6468,436,0,0,0,0
2026-01-21T12:21:30.249779+00:00,s2-eth2,37682,7547097,409,6495,0,0,0,0
2026-01-21T12:21:30.249779+00:00,s2-eth3,796,4150,10,57,0,0,0,0
2026-01-21T12:21:30.249779+00:00,s2-eth4,796,4150,10,57,0,0,0,0
2026-01-21T12:21:30.249779+00:00,s2-eth5,796,3974,10,55,0,0,0,0
2026-01-21T12:21:30.449978+00:00,s1-eth1,39826,7592345,437,6507,0,0,102040,84
2026-01-21T12:21:30.449978+00:00,s1-eth2,12970243,38646,10788,416,0,0,0,0
2026-01-21T12:21:30.449978+00:00,s1-eth3,1498,4916,20,69,0,0,0,0
2026-01-21T12:21:30.449978+00:00,s1-eth4,1836,5180,24,73,0,0,0,0
2026-01-21T12:21:30.449978+00:00,s1-eth5,1638,5134,22,72,0,0,0,0
2026-01-21T12:21:30.449978+00:00,s2-eth1,7594829,39826,6509,437,0,0,0,0
2026-01-21T12:21:30.449978+00:00,s2-eth2,37780,7596875,410,6536,0,0,0,0
2026-01-21T12:21:30.449978+00:00,s2-eth3,796,4150,10,57,0,0,0,0
2026-01-21T12:21:30.449978+00:00,s2-eth4,796,4150,10,57,0,0,0,0
2026-01-21T12:21:30.449978+00:00,s2-eth5,796,3974,10,55,0,0,0,0
2026-01-21T12:21:30.650280+00:00,s1-eth1,39924,7642123,438,6548,0,0,103282,85
2026-01-21T12:21:30.650280+00:00,s1-eth2,13062249,38744,10863,417,0,0,0,0
2026-01-21T12:21:30.650280+00:00,s1-eth3,1498,4916,20,69,0,0,0,0
2026-01-21T12:21:30.650280+00:00,s1-eth4,1836,5180,24,73,0,0,0,0
2026-01-21T12:21:30.650280+00:00,s1-eth5,1638,5134,22,72,0,0,0,0
2026-01-21T12:21:30.650280+00:00,s2-eth1,7644607,39924,6550,438,0,0,0,0
2026-01-21T12:21:30.650280+00:00,s2-eth2,37878,7646653,411,6577,0,0,0,0
2026-01-21T12:21:30.650280+00:00,s2-eth3,796,4150,10,57,0,0,0,0
2026-01-21T12:21:30.650280+00:00,s2-eth4,796,4150,10,57,0,0,0,0
2026-01-21T12:21:30.650280+00:00,s2-eth5,796,3974,10,55,0,0,0,0
2026-01-21T12:21:30.855901+00:00,s1-eth1,40022,7693143,439,6590,0,0,103282,85
2026-01-21T12:21:30.855901+00:00,s1-eth2,13155497,38842,10939,418,0,0,0,0
2026-01-21T12:21:30.855901+00:00,s1-eth3,1498,4916,20,69,0,0,0,0
2026-01-21T12:21:30.855901+00:00,s1-eth4,1836,5180,24,73,0,0,0,0
2026-01-21T12:21:30.855901+00:00,s1-eth5,1638,5134,22,72,0,0,0,0
2026-01-21T12:21:30.855901+00:00,s2-eth1,7695627,40022,6592,439,0,0,0,0
2026-01-21T12:21:30.855901+00:00,s2-eth2,37976,7697673,412,6619,0,0,0,0
2026-01-21T12:21:30.855901+00:00,s2-eth3,796,4150,10,57,0,0,0,0
2026-01-21T12:21:30.855901+00:00,s2-eth4,796,4150,10,57,0,0,0,0
2026-01-21T12:21:30.855901+00:00,s2-eth5,796,3974,10,55,0,0,0,0
2026-01-21T12:21:31.050685+00:00,s1-eth1,40120,7741679,440,6630,0,0,103282,85
2026-01-21T12:21:31.050685+00:00,s1-eth2,13243777,38940,11011,419,0,0,0,0
2026-01-21T12:21:31.050685+00:00,s1-eth3,1498,4916,20,69,0,0,0,0
2026-01-21T12:21:31.050685+00:00,s1-eth4,1836,5180,24,73,0,0,0,0
2026-01-21T12:21:31.050685+00:00,s1-eth5,1638,5134,22,72,0,0,0,0
2026-01-21T12:21:31.050685+00:00,s2-eth1,7744163,40120,6632,440,0,0,0,0
2026-01-21T12:21:31.050685+00:00,s2-eth2,38074,7746209,413,6659,0,0,0,0
2026-01-21T12:21:31.050685+00:00,s2-eth3,796,4150,10,57,0,0,0,0
2026-01-21T12:21:31.050685+00:00,s2-eth4,796,4150,10,57,0,0,0,0
2026-01-21T12:21:31.050685+00:00,s2-eth5,796,3974,10,55,0,0,0,0
2026-01-21T12:21:31.258636+00:00,s1-eth1,40218,7792699,441,6672,0,0,103282,85
2026-01-21T12:21:31.258636+00:00,s1-eth2,13337025,39038,11087,420,0,0,0,0
2026-01-21T12:21:31.258636+00:00,s1-eth3,1498,4916,20,69,0,0,0,0
2026-01-21T12:21:31.258636+00:00,s1-eth4,1836,5180,24,73,0,0,0,0
2026-01-21T12:21:31.258636+00:00,s1-eth5,1638,5134,22,72,0,0,0,0
2026-01-21T12:21:31.258636+00:00,s2-eth1,7796425,40218,6675,441,0,0,0,0
2026-01-21T12:21:31.258636+00:00,s2-eth2,38172,7798471,414,6702,0,0,0,0
2026-01-21T12:21:31.258636+00:00,s2-eth3,796,4150,10,57,0,0,0,0
2026-01-21T12:21:31.258636+00:00,s2-eth4,796,4150,10,57,0,0,0,0
2026-01-21T12:21:31.258636+00:00,s2-eth5,796,3974,10,55,0,0,0,0
2026-01-21T12:21:31.449789+00:00,s1-eth1,40316,7841235,442,6712,0,0,103282,85
2026-01-21T12:21:31.449789+00:00,s1-eth2,13424063,39136,11158,421,0,0,0,0
2026-01-21T12:21:31.449789+00:00,s1-eth3,1498,4916,20,69,0,0,0,0
2026-01-21T12:21:31.449789+00:00,s1-eth4,1836,5180,24,73,0,0,0,0
2026-01-21T12:21:31.449789+00:00,s1-eth5,1638,5134,22,72,0,0,0,0
2026-01-21T12:21:31.449789+00:00,s2-eth1,7843719,40316,6714,442,0,0,0,0
2026-01-21T12:21:31.449789+00:00,s2-eth2,38270,7845765,415,6741,0,0,0,0
2026-01-21T12:21:31.449789+00:00,s2-eth3,796,4150,10,57,0,0,0,0
2026-01-21T12:21:31.449789+00:00,s2-eth4,796,4150,10,57,0,0,0,0
2026-01-21T12:21:31.449789+00:00,s2-eth5,796,3974,10,55,0,0,0,0
2026-01-21T12:21:31.650365+00:00,s1-eth1,40414,7891013,443,6753,0,0,102040,84
2026-01-21T12:21:31.650365+00:00,s1-eth2,13514827,39234,11232,422,0,0,0,0
2026-01-21T12:21:31.650365+00:00,s1-eth3,1498,4916,20,69,0,0,0,0
2026-01-21T12:21:31.650365+00:00,s1-eth4,1836,5180,24,73,0,0,0,0
2026-01-21T12:21:31.650365+00:00,s1-eth5,1638,5134,22,72,0,0,0,0
2026-01-21T12:21:31.650365+00:00,s2-eth1,7893497,40414,6755,443,0,0,0,0
2026-01-21T12:21:31.650365+00:00,s2-eth2,38368,7895543,416,6782,0,0,0,0
2026-01-21T12:21:31.650365+00:00,s2-eth3,796,4150,10,57,0,0,0,0
2026-01-21T12:21:31.650365+00:00,s2-eth4,796,4150,10,57,0,0,0,0
2026-01-21T12:21:31.650365+00:00,s2-eth5,796,3974,10,55,0,0,0,0
2026-01-21T12:21:31.850853+00:00,s1-eth1,40512,7940791,444,6794,0,0,103282,85
2026-01-21T12:21:31.850853+00:00,s1-eth2,13605591,39332,11306,423,0,0,0,0
2026-01-21T12:21:31.850853+00:00,s1-eth3,1498,4916,20,69,0,0,0,0
2026-01-21T12:21:31.850853+00:00,s1-eth4,1836,5180,24,73,0,0,0,0
2026-01-21T12:21:31.850853+00:00,s1-eth5,1638,5134,22,72,0,0,0,0
2026-01-21T12:21:31.850853+00:00,s2-eth1,7943275,40512,6796,444,0,0,0,0
2026-01-21T12:21:31.850853+00:00,s2-eth2,38466,7946563,417,6824,0,0,0,0
2026-01-21T12:21:31.850853+00:00,s2-eth3,796,4150,10,57,0,0,0,0
2026-01-21T12:21:31.850853+00:00,s2-eth4,796,4150,10,57,0,0,0,0
2026-01-21T12:21:31.850853+00:00,s2-eth5,796,3974,10,55,0,0,0,0
2026-01-21T12:21:32.058846+00:00,s1-eth1,40610,7993053,445,6837,0,0,102040,84
2026-01-21T12:21:32.058846+00:00,s1-eth2,13700081,39430,11383,424,0,0,0,0
2026-01-21T12:21:32.058846+00:00,s1-eth3,1498,4916,20,69,0,0,0,0
2026-01-21T12:21:32.058846+00:00,s1-eth4,1836,5180,24,73,0,0,0,0
2026-01-21T12:21:32.058846+00:00,s1-eth5,1638,5134,22,72,0,0,0,0
2026-01-21T12:21:32.058846+00:00,s2-eth1,7995537,40610,6839,445,0,0,0,0
2026-01-21T12:21:32.058846+00:00,s2-eth2,38564,7997583,418,6866,0,0,0,0
2026-01-21T12:21:32.058846+00:00,s2-eth3,796,4150,10,57,0,0,0,0
2026-01-21T12:21:32.058846+00:00,s2-eth4,796,4150,10,57,0,0,0,0
2026-01-21T12:21:32.058846+00:00,s2-eth5,796,3974,10,55,0,0,0,0
2026-01-21T12:21:32.250697+00:00,s1-eth1,40708,8041589,446,6877,0,0,103282,85
2026-01-21T12:21:32.250697+00:00,s1-eth2,13787119,39528,11454,425,0,0,0,0
2026-01-21T12:21:32.250697+00:00,s1-eth3,1498,4916,20,69,0,0,0,0
2026-01-21T12:21:32.250697+00:00,s1-eth4,1836,5180,24,73,0,0,0,0
2026-01-21T12:21:32.250697+00:00,s1-eth5,1638,5134,22,72,0,0,0,0
2026-01-21T12:21:32.250697+00:00,s2-eth1,8044073,40708,6879,446,0,0,0,0
2026-01-21T12:21:32.250697+00:00,s2-eth2,38662,8046119,419,6906,0,0,1242,1
2026-01-21T12:21:32.250697+00:00,s2-eth3,796,4150,10,57,0,0,0,0
2026-01-21T12:21:32.250697+00:00,s2-eth4,796,4150,10,57,0,0,0,0
2026-01-21T12:21:32.250697+00:00,s2-eth5,796,3974,10,55,0,0,0,0
2026-01-21T12:21:32.449954+00:00,s1-eth1,40806,8091367,447,6918,0,0,103282,85
2026-01-21T12:21:32.449954+00:00,s1-eth2,13877883,39626,11528,426,0,0,0,0
2026-01-21T12:21:32.449954+00:00,s1-eth3,1498,4916,20,69,0,0,0,0
2026-01-21T12:21:32.449954+00:00,s1-eth4,1836,5180,24,73,0,0,0,0
2026-01-21T12:21:32.449954+00:00,s1-eth5,1638,5134,22,72,0,0,0,0
2026-01-21T12:21:32.449954+00:00,s2-eth1,8093851,40806,6920,447,0,0,0,0
2026-01-21T12:21:32.449954+00:00,s2-eth2,38760,8095897,420,6947,0,0,1242,1
2026-01-21T12:21:32.449954+00:00,s2-eth3,796,4150,10,57,0,0,0,0
2026-01-21T12:21:32.449954+00:00,s2-eth4,796,4150,10,57,0,0,0,0
2026-01-21T12:21:32.449954+00:00,s2-eth5,796,3974,10,55,0,0,0,0
2026-01-21T12:21:32.655147+00:00,s1-eth1,40904,8142387,448,6960,0,0,103282,85
2026-01-21T12:21:32.655147+00:00,s1-eth2,13969889,39724,11603,427,0,0,0,0
2026-01-21T12:21:32.655147+00:00,s1-eth3,1498,4916,20,69,0,0,0,0
2026-01-21T12:21:32.655147+00:00,s1-eth4,1836,5180,24,73,0,0,0,0
2026-01-21T12:21:32.655147+00:00,s1-eth5,1638,5134,22,72,0,0,0,0
2026-01-21T12:21:32.655147+00:00,s2-eth1,8144871,40904,6962,448,0,0,0,0
2026-01-21T12:21:32.655147+00:00,s2-eth2,38858,8146917,421,6989,0,0,1242,1
2026-01-21T12:21:32.655147+00:00,s2-eth3,796,4150,10,57,0,0,0,0
2026-01-21T12:21:32.655147+00:00,s2-eth4,796,4150,10,57,0,0,0,0
2026-01-21T12:21:32.655147+00:00,s2-eth5,796,3974,10,55,0,0,0,0
2026-01-21T12:21:32.852218+00:00,s1-eth1,41002,8189681,449,6999,0,0,103282,85
2026-01-21T12:21:32.852218+00:00,s1-eth2,14059411,39822,11676,428,0,0,0,0
2026-01-21T12:21:32.852218+00:00,s1-eth3,1498,4916,20,69,0,0,0,0
2026-01-21T12:21:32.852218+00:00,s1-eth4,1836,5180,24,73,0,0,0,0
2026-01-21T12:21:32.852218+00:00,s1-eth5,1638,5134,22,72,0,0,0,0
2026-01-21T12:21:32.852218+00:00,s2-eth1,8192165,41002,7001,449,0,0,0,0
2026-01-21T12:21:32.852218+00:00,s2-eth2,38956,8194211,422,7028,0,0,1242,1
2026-01-21T12:21:32.852218+00:00,s2-eth3,796,4150,10,57,0,0,0,0
2026-01-21T12:21:32.852218+00:00,s2-eth4,796,4150,10,57,0,0,0,0
2026-01-21T12:21:32.852218+00:00,s2-eth5,796,3974,10,55,0,0,0,0
2026-01-21T12:21:33.051294+00:00,s1-eth1,41002,8239361,449,7039,0,0,103380,86
2026-01-21T12:21:33.051294+00:00,s1-eth2,14150175,39822,11750,428,0,0,0,0
2026-01-21T12:21:33.051294+00:00,s1-eth3,1498,4916,20,69,0,0,0,0
2026-01-21T12:21:33.051294+00:00,s1-eth4,1836,5180,24,73,0,0,0,0
2026-01-21T12:21:33.051294+00:00,s1-eth5,1638,5134,22,72,0,0,0,0
2026-01-21T12:21:33.051294+00:00,s2-eth1,8241943,41100,7042,450,0,0,0,0
2026-01-21T12:21:33.051294+00:00,s2-eth2,39054,8243989,423,7069,0,0,1242,1
2026-01-21T12:21:33.051294+00:00,s2-eth3,796,4150,10,57,0,0,0,0
2026-01-21T12:21:33.051294+00:00,s2-eth4,796,4150,10,57,0,0,0,0
2026-01-21T12:21:33.051294+00:00,s2-eth5,796,3974,10,55,0,0,0,0
2026-01-21T12:21:33.279179+00:00,s1-eth1,41198,8296689,451,7087,0,0,103282,85
2026-01-21T12:21:33.279179+00:00,s1-eth2,14253359,40018,11834,430,0,0,0,0
2026-01-21T12:21:33.279179+00:00,s1-eth3,1498,4916,20,69,0,0,0,0
2026-01-21T12:21:33.279179+00:00,s1-eth4,1836,5180,24,73,0,0,0,0
2026-01-21T12:21:33.279179+00:00,s1-eth5,1638,5134,22,72,0,0,0,0
2026-01-21T12:21:33.279179+00:00,s2-eth1,8299173,41198,7089,451,0,0,0,0
2026-01-21T12:21:33.279179+00:00,s2-eth2,39152,8301219,424,7116,0,0,1242,1
2026-01-21T12:21:33.279179+00:00,s2-eth3,796,4150,10,57,0,0,0,0
2026-01-21T12:21:33.279179+00:00,s2-eth4,796,4150,10,57,0,0,0,0
2026-01-21T12:21:33.279179+00:00,s2-eth5,796,3974,10,55,0,0,0,0
2026-01-21T12:21:33.454178+00:00,s1-eth1,41198,8340159,451,7122,0,0,102040,84
2026-01-21T12:21:33.454178+00:00,s1-eth2,14332847,40018,11898,430,0,0,0,0
2026-01-21T12:21:33.454178+00:00,s1-eth3,1498,4916,20,69,0,0,0,0
2026-01-21T12:21:33.454178+00:00,s1-eth4,1836,5180,24,73,0,0,0,0
2026-01-21T12:21:33.454178+00:00,s1-eth5,1638,5134,22,72,0,0,0,0
2026-01-21T12:21:33.454178+00:00,s2-eth1,8342741,41296,7125,452,0,0,0,0
2026-01-21T12:21:33.454178+00:00,s2-eth2,39250,8344787,425,7152,0,0,0,0
2026-01-21T12:21:33.454178+00:00,s2-eth3,796,4150,10,57,0,0,0,0
2026-01-21T12:21:33.454178+00:00,s2-eth4,796,4150,10,57,0,0,0,0
2026-01-21T12:21:33.454178+00:00,s2-eth5,796,3974,10,55,0,0,0,0
2026-01-21T12:21:33.658611+00:00,s1-eth1,41296,8391179,452,7164,0,0,102040,84
2026-01-21T12:21:33.658611+00:00,s1-eth2,14424853,40116,11973,431,0,0,0,0
2026-01-21T12:21:33.658611+00:00,s1-eth3,1498,4916,20,69,0,0,0,0
2026-01-21T12:21:33.658611+00:00,s1-eth4,1836,5180,24,73,0,0,0,0
2026-01-21T12:21:33.658611+00:00,s1-eth5,1638,5134,22,72,0,0,0,0
2026-01-21T12:21:33.658611+00:00,s2-eth1,8393663,41296,7166,452,0,0,0,0
2026-01-21T12:21:33.658611+00:00,s2-eth2,39250,8395709,425,7193,0,0,0,0
2026-01-21T12:21:33.658611+00:00,s2-eth3,796,4150,10,57,0,0,0,0
2026-01-21T12:21:33.658611+00:00,s2-eth4,796,4150,10,57,0,0,0,0
2026-01-21T12:21:33.658611+00:00,s2-eth5,796,3974,10,55,0,0,0,0
2026-01-21T12:21:33.850427+00:00,s1-eth1,41394,8439715,453,7204,0,0,103282,85
2026-01-21T12:21:33.850427+00:00,s1-eth2,14513133,40214,12045,432,0,0,0,0
2026-01-21T12:21:33.850427+00:00,s1-eth3,1498,4916,20,69,0,0,0,0
2026-01-21T12:21:33.850427+00:00,s1-eth4,1836,5180,24,73,0,0,0,0
2026-01-21T12:21:33.850427+00:00,s1-eth5,1638,5134,22,72,0,0,0,0
2026-01-21T12:21:33.850427+00:00,s2-eth1,8442199,41394,7206,453,0,0,0,0
2026-01-21T12:21:33.850427+00:00,s2-eth2,39348,8444245,426,7233,0,0,0,0
2026-01-21T12:21:33.850427+00:00,s2-eth3,796,4150,10,57,0,0,0,0
2026-01-21T12:21:33.850427+00:00,s2-eth4,796,4150,10,57,0,0,0,0
2026-01-21T12:21:33.850427+00:00,s2-eth5,796,3974,10,55,0,0,0,0
2026-01-21T12:21:34.105455+00:00,s1-eth1,41590,8503253,455,7257,0,0,103282,85
2026-01-21T12:21:34.105455+00:00,s1-eth2,14627593,40410,12139,434,0,0,0,0
2026-01-21T12:21:34.105455+00:00,s1-eth3,1498,4916,20,69,0,0,0,0
2026-01-21T12:21:34.105455+00:00,s1-eth4,1836,5180,24,73,0,0,0,0
2026-01-21T12:21:34.105455+00:00,s1-eth5,1638,5134,22,72,0,0,0,0
2026-01-21T12:21:34.105455+00:00,s2-eth1,8505737,41590,7259,455,0,0,0,0
2026-01-21T12:21:34.105455+00:00,s2-eth2,39544,8507783,428,7286,0,0,1242,1
2026-01-21T12:21:34.105455+00:00,s2-eth3,796,4150,10,57,0,0,0,0
2026-01-21T12:21:34.105455+00:00,s2-eth4,796,4150,10,57,0,0,0,0
2026-01-21T12:21:34.105455+00:00,s2-eth5,796,3974,10,55,0,0,0,0
2026-01-21T12:21:34.304409+00:00,s1-eth1,41688,8553031,456,7298,0,0,103282,85
2026-01-21T12:21:34.304409+00:00,s1-eth2,14718357,40508,12213,435,0,0,0,0
2026-01-21T12:21:34.304409+00:00,s1-eth3,1498,4916,20,69,0,0,0,0
2026-01-21T12:21:34.304409+00:00,s1-eth4,1836,5180,24,73,0,0,0,0
2026-01-21T12:21:34.304409+00:00,s1-eth5,1638,5134,22,72,0,0,0,0
2026-01-21T12:21:34.304409+00:00,s2-eth1,8555515,41688,7300,456,0,0,0,0
2026-01-21T12:21:34.304409+00:00,s2-eth2,39642,8557561,429,7327,0,0,0,0
2026-01-21T12:21:34.304409+00:00,s2-eth3,796,4150,10,57,0,0,0,0
2026-01-21T12:21:34.304409+00:00,s2-eth4,796,4150,10,57,0,0,0,0
2026-01-21T12:21:34.304409+00:00,s2-eth5,796,3974,10,55,0,0,0,0
2026-01-21T12:21:34.468259+00:00,s1-eth1,41688,8594017,456,7331,0,0,103282,85
2026-01-21T12:21:34.468259+00:00,s1-eth2,14791635,40508,12272,435,0,0,0,0
2026-01-21T12:21:34.468259+00:00,s1-eth3,1498,4916,20,69,0,0,0,0
2026-01-21T12:21:34.468259+00:00,s1-eth4,1836,5180,24,73,0,0,0,0
2026-01-21T12:21:34.468259+00:00,s1-eth5,1638,5134,22,72,0,0,0,0
2026-01-21T12:21:34.468259+00:00,s2-eth1,8596501,41688,7333,456,0,0,0,0
2026-01-21T12:21:34.468259+00:00,s2-eth2,39642,8598547,429,7360,0,0,0,0
2026-01-21T12:21:34.468259+00:00,s2-eth3,796,4150,10,57,0,0,0,0
2026-01-21T12:21:34.468259+00:00,s2-eth4,796,4150,10,57,0,0,0,0
2026-01-21T12:21:34.468259+00:00,s2-eth5,796,3974,10,55,0,0,0,0
2026-01-21T12:21:34.650002+00:00,s1-eth1,41786,8638827,457,7368,0,0,103282,85
2026-01-21T12:21:34.650002+00:00,s1-eth2,14874947,40606,12340,436,0,0,0,0
2026-01-21T12:21:34.650002+00:00,s1-eth3,1498,4916,20,69,0,0,0,0
2026-01-21T12:21:34.650002+00:00,s1-eth4,1836,5180,24,73,0,0,0,0
2026-01-21T12:21:34.650002+00:00,s1-eth5,1638,5134,22,72,0,0,0,0
2026-01-21T12:21:34.650002+00:00,s2-eth1,8641311,41786,7370,457,0,0,0,0
2026-01-21T12:21:34.650002+00:00,s2-eth2,39740,8644599,430,7398,0,0,0,0
2026-01-21T12:21:34.650002+00:00,s2-eth3,796,4150,10,57,0,0,0,0
2026-01-21T12:21:34.650002+00:00,s2-eth4,796,4150,10,57,0,0,0,0
2026-01-21T12:21:34.650002+00:00,s2-eth5,796,3974,10,55,0,0,0,0
2026-01-21T12:21:34.854233+00:00,s1-eth1,41884,8689847,458,7410,0,0,103282,85
2026-01-21T12:21:34.854233+00:00,s1-eth2,14966953,40704,12415,437,0,0,0,0
2026-01-21T12:21:34.854233+00:00,s1-eth3,1498,4916,20,69,0,0,0,0
2026-01-21T12:21:34.854233+00:00,s1-eth4,1836,5180,24,73,0,0,0,0
2026-01-21T12:21:34.854233+00:00,s1-eth5,1638,5134,22,72,0,0,0,0
2026-01-21T12:21:34.854233+00:00,s2-eth1,8692331,41884,7412,458,0,0,0,0
2026-01-21T12:21:34.854233+00:00,s2-eth2,39838,8694377,431,7439,0,0,0,0
2026-01-21T12:21:34.854233+00:00,s2-eth3,796,4150,10,57,0,0,0,0
2026-01-21T12:21:34.854233+00:00,s2-eth4,796,4150,10,57,0,0,0,0
2026-01-21T12:21:34.854233+00:00,s2-eth5,796,3974,10,55,0,0,0,0
2026-01-21T12:21:35.052266+00:00,s1-eth1,41982,8739625,459,7451,0,0,103282,85
2026-01-21T12:21:35.052266+00:00,s1-eth2,15056475,40802,12488,438,0,0,0,0
2026-01-21T12:21:35.052266+00:00,s1-eth3,1498,4916,20,69,0,0,0,0
2026-01-21T12:21:35.052266+00:00,s1-eth4,1836,5180,24,73,0,0,0,0
2026-01-21T12:21:35.052266+00:00,s1-eth5,1638,5134,22,72,0,0,0,0
2026-01-21T12:21:35.052266+00:00,s2-eth1,8742109,41982,7453,459,0,0,0,0
2026-01-21T12:21:35.052266+00:00,s2-eth2,39936,8744155,432,7480,0,0,0,0
2026-01-21T12:21:35.052266+00:00,s2-eth3,796,4150,10,57,0,0,0,0
2026-01-21T12:21:35.052266+00:00,s2-eth4,796,4150,10,57,0,0,0,0
2026-01-21T12:21:35.052266+00:00,s2-eth5,796,3974,10,55,0,0,0,0
2026-01-21T12:21:35.251451+00:00,s1-eth1,42080,8789403,460,7492,0,0,102040,84
2026-01-21T12:21:35.251451+00:00,s1-eth2,15147239,40900,12562,439,0,0,0,0
2026-01-21T12:21:35.251451+00:00,s1-eth3,1498,4916,20,69,0,0,0,0
2026-01-21T12:21:35.251451+00:00,s1-eth4,1836,5180,24,73,0,0,0,0
2026-01-21T12:21:35.251451+00:00,s1-eth5,1638,5134,22,72,0,0,0,0
2026-01-21T12:21:35.251451+00:00,s2-eth1,8791887,42080,7494,460,0,0,0,0
2026-01-21T12:21:35.251451+00:00,s2-eth2,40034,8793933,433,7521,0,0,0,0
2026-01-21T12:21:35.251451+00:00,s2-eth3,796,4150,10,57,0,0,0,0
2026-01-21T12:21:35.251451+00:00,s2-eth4,796,4150,10,57,0,0,0,0
2026-01-21T12:21:35.251451+00:00,s2-eth5,796,3974,10,55,0,0,0,0
2026-01-21T12:21:35.474927+00:00,s1-eth1,42178,8845391,461,7538,0,0,103282,85
2026-01-21T12:21:35.474927+00:00,s1-eth2,15249181,40998,12645,440,0,0,0,0
2026-01-21T12:21:35.474927+00:00,s1-eth3,1498,4916,20,69,0,0,0,0
2026-01-21T12:21:35.474927+00:00,s1-eth4,1836,5180,24,73,0,0,0,0
2026-01-21T12:21:35.474927+00:00,s1-eth5,1638,5134,22,72,0,0,0,0
2026-01-21T12:21:35.474927+00:00,s2-eth1,8847875,42178,7540,461,0,0,0,0
2026-01-21T12:21:35.474927+00:00,s2-eth2,40132,8849921,434,7567,0,0,1242,1
2026-01-21T12:21:35.474927+00:00,s2-eth3,796,4150,10,57,0,0,0,0
2026-01-21T12:21:35.474927+00:00,s2-eth4,796,4150,10,57,0,0,0,0
2026-01-21T12:21:35.474927+00:00,s2-eth5,796,3974,10,55,0,0,0,0
2026-01-21T12:21:35.658063+00:00,s1-eth1,42276,8891443,462,7576,0,0,103282,85
2026-01-21T12:21:35.658063+00:00,s1-eth2,15331251,41096,12712,441,0,0,0,0
2026-01-21T12:21:35.658063+00:00,s1-eth3,1498,4916,20,69,0,0,0,0
2026-01-21T12:21:35.658063+00:00,s1-eth4,1836,5180,24,73,0,0,0,0
2026-01-21T12:21:35.658063+00:00,s1-eth5,1638,5134,22,72,0,0,0,0
2026-01-21T12:21:35.658063+00:00,s2-eth1,8893927,42276,7578,462,0,0,0,0
2026-01-21T12:21:35.658063+00:00,s2-eth2,40230,8895973,435,7605,0,0,1242,1
2026-01-21T12:21:35.658063+00:00,s2-eth3,796,4150,10,57,0,0,0,0
2026-01-21T12:21:35.658063+00:00,s2-eth4,796,4150,10,57,0,0,0,0
2026-01-21T12:21:35.658063+00:00,s2-eth5,796,3974,10,55,0,0,0,0
2026-01-21T12:21:35.850114+00:00,s1-eth1,42374,8939979,463,7616,0,0,102040,84
2026-01-21T12:21:35.850114+00:00,s1-eth2,15418289,41194,12783,442,0,0,0,0
2026-01-21T12:21:35.850114+00:00,s1-eth3,1498,4916,20,69,0,0,0,0
2026-01-21T12:21:35.850114+00:00,s1-eth4,1836,5180,24,73,0,0,0,0
2026-01-21T12:21:35.850114+00:00,s1-eth5,1638,5134,22,72,0,0,0,0
2026-01-21T12:21:35.850114+00:00,s2-eth1,8942463,42374,7618,463,0,0,0,0
2026-01-21T12:21:35.850114+00:00,s2-eth2,40328,8944509,436,7645,0,0,0,0
2026-01-21T12:21:35.850114+00:00,s2-eth3,796,4150,10,57,0,0,0,0
2026-01-21T12:21:35.850114+00:00,s2-eth4,796,4150,10,57,0,0,0,0
2026-01-21T12:21:35.850114+00:00,s2-eth5,796,3974,10,55,0,0,0,0
2026-01-21T12:21:36.049816+00:00,s1-eth1,42472,8989757,464,7657,0,0,103282,85
2026-01-21T12:21:36.049816+00:00,s1-eth2,15509053,41292,12857,443,0,0,0,0
2026-01-21T12:21:36.049816+00:00,s1-eth3,1498,4916,20,69,0,0,0,0
2026-01-21T12:21:36.049816+00:00,s1-eth4,1836,5180,24,73,0,0,0,0
2026-01-21T12:21:36.049816+00:00,s1-eth5,1638,5134,22,72,0,0,0,0
2026-01-21T12:21:36.049816+00:00,s2-eth1,8992241,42472,7659,464,0,0,0,0
2026-01-21T12:21:36.049816+00:00,s2-eth2,40426,8994287,437,7686,0,0,0,0
2026-01-21T12:21:36.049816+00:00,s2-eth3,796,4150,10,57,0,0,0,0
2026-01-21T12:21:36.049816+00:00,s2-eth4,796,4150,10,57,0,0,0,0
2026-01-21T12:21:36.049816+00:00,s2-eth5,796,3974,10,55,0,0,0,0
2026-01-21T12:21:36.345328+00:00,s1-eth1,42668,9063231,466,7718,0,0,103282,85
2026-01-21T12:21:36.345328+00:00,s1-eth2,15643385,41488,12967,445,0,0,0,0
2026-01-21T12:21:36.345328+00:00,s1-eth3,1498,4916,20,69,0,0,0,0
2026-01-21T12:21:36.345328+00:00,s1-eth4,1836,5180,24,73,0,0,0,0
2026-01-21T12:21:36.345328+00:00,s1-eth5,1638,5134,22,72,0,0,0,0
2026-01-21T12:21:36.345328+00:00,s2-eth1,9064473,42668,7719,466,0,0,0,0
2026-01-21T12:21:36.345328+00:00,s2-eth2,40622,9066519,439,7746,0,0,1242,1
2026-01-21T12:21:36.345328+00:00,s2-eth3,796,4150,10,57,0,0,0,0
2026-01-21T12:21:36.345328+00:00,s2-eth4,796,4150,10,57,0,0,0,0
2026-01-21T12:21:36.345328+00:00,s2-eth5,796,3974,10,55,0,0,0,0
2026-01-21T12:21:36.484053+00:00,s1-eth1,42668,9079377,466,7731,0,0,103282,85
2026-01-21T12:21:36.484053+00:00,s1-eth2,15681887,41488,12998,445,0,0,0,0
2026-01-21T12:21:36.484053+00:00,s1-eth3,1498,4916,20,69,0,0,0,0
2026-01-21T12:21:36.484053+00:00,s1-eth4,1836,5180,24,73,0,0,0,0
2026-01-21T12:21:36.484053+00:00,s1-eth5,1638,5134,22,72,0,0,0,0
2026-01-21T12:21:36.484053+00:00,s2-eth1,9081861,42668,7733,466,0,0,0,0
2026-01-21T12:21:36.484053+00:00,s2-eth2,40622,9083907,439,7760,0,0,0,0
2026-01-21T12:21:36.484053+00:00,s2-eth3,796,4150,10,57,0,0,0,0
2026-01-21T12:21:36.484053+00:00,s2-eth4,796,4150,10,57,0,0,0,0
2026-01-21T12:21:36.484053+00:00,s2-eth5,796,3974,10,55,0,0,0,0
2026-01-21T12:21:36.649880+00:00,s1-eth1,42766,9120461,467,7765,0,0,102040,84
2026-01-21T12:21:36.649880+00:00,s1-eth2,15781345,41586,13079,446,0,0,0,0
2026-01-21T12:21:36.649880+00:00,s1-eth3,1498,4916,20,69,0,0,0,0
2026-01-21T12:21:36.649880+00:00,s1-eth4,1836,5180,24,73,0,0,0,0
2026-01-21T12:21:36.649880+00:00,s1-eth5,1638,5134,22,72,0,0,0,0
2026-01-21T12:21:36.649880+00:00,s2-eth1,9122945,42766,7767,467,0,0,0,0
2026-01-21T12:21:36.649880+00:00,s2-eth2,40720,9124991,440,7794,0,0,0,0
2026-01-21T12:21:36.649880+00:00,s2-eth3,796,4150,10,57,0,0,0,0
2026-01-21T12:21:36.649880+00:00,s2-eth4,796,4150,10,57,0,0,0,0
2026-01-21T12:21:36.649880+00:00,s2-eth5,796,3974,10,55,0,0,0,0
2026-01-21T12:21:36.857633+00:00,s1-eth1,42864,9172723,468,7808,0,0,103282,85
2026-01-21T12:21:36.857633+00:00,s1-eth2,15875835,41684,13156,447,0,0,0,0
2026-01-21T12:21:36.857633+00:00,s1-eth3,1498,4916,20,69,0,0,0,0
2026-01-21T12:21:36.857633+00:00,s1-eth4,1836,5180,24,73,0,0,0,0
2026-01-21T12:21:36.857633+00:00,s1-eth5,1638,5134,22,72,0,0,0,0
2026-01-21T12:21:36.857633+00:00,s2-eth1,9175207,42864,7810,468,0,0,0,0
2026-01-21T12:21:36.857633+00:00,s2-eth2,40818,9177253,441,7837,0,0,0,0
2026-01-21T12:21:36.857633+00:00,s2-eth3,796,4150,10,57,0,0,0,0
2026-01-21T12:21:36.857633+00:00,s2-eth4,796,4150,10,57,0,0,0,0
2026-01-21T12:21:36.857633+00:00,s2-eth5,796,3974,10,55,0,0,0,0
2026-01-21T12:21:37.051356+00:00,s1-eth1,42962,9221259,469,7848,0,0,103282,85
2026-01-21T12:21:37.051356+00:00,s1-eth2,15962873,41782,13227,448,0,0,0,0
2026-01-21T12:21:37.051356+00:00,s1-eth3,1498,4916,20,69,0,0,0,0
2026-01-21T12:21:37.051356+00:00,s1-eth4,1836,5180,24,73,0,0,0,0
2026-01-21T12:21:37.051356+00:00,s1-eth5,1638,5134,22,72,0,0,0,0
2026-01-21T12:21:37.051356+00:00,s2-eth1,9223743,42962,7850,469,0,0,0,0
2026-01-21T12:21:37.051356+00:00,s2-eth2,40916,9225789,442,7877,0,0,0,0
2026-01-21T12:21:37.051356+00:00,s2-eth3,796,4150,10,57,0,0,0,0
2026-01-21T12:21:37.051356+00:00,s2-eth4,796,4150,10,57,0,0,0,0
2026-01-21T12:21:37.051356+00:00,s2-eth5,796,3974,10,55,0,0,0,0
2026-01-21T12:21:37.250075+00:00,s1-eth1,43060,9271037,470,7889,0,0,102040,84
2026-01-21T12:21:37.250075+00:00,s1-eth2,16052395,41880,13300,449,0,0,0,0
2026-01-21T12:21:37.250075+00:00,s1-eth3,1498,4916,20,69,0,0,0,0
2026-01-21T12:21:37.250075+00:00,s1-eth4,1836,5180,24,73,0,0,0,0
2026-01-21T12:21:37.250075+00:00,s1-eth5,1638,5134,22,72,0,0,0,0
2026-01-21T12:21:37.250075+00:00,s2-eth1,9273521,43060,7891,470,0,0,0,0
2026-01-21T12:21:37.250075+00:00,s2-eth2,41014,9275567,443,7918,0,0,0,0
2026-01-21T12:21:37.250075+00:00,s2-eth3,796,4150,10,57,0,0,0,0
2026-01-21T12:21:37.250075+00:00,s2-eth4,796,4150,10,57,0,0,0,0
2026-01-21T12:21:37.250075+00:00,s2-eth5,796,3974,10,55,0,0,0,0
2026-01-21T12:21:37.449996+00:00,s1-eth1,43158,9320815,471,7930,0,0,103282,85
2026-01-21T12:21:37.449996+00:00,s1-eth2,16144401,41978,13375,450,0,0,0,0
2026-01-21T12:21:37.449996+00:00,s1-eth3,1498,4916,20,69,0,0,0,0
2026-01-21T12:21:37.449996+00:00,s1-eth4,1836,5180,24,73,0,0,0,0
2026-01-21T12:21:37.449996+00:00,s1-eth5,1638,5134,22,72,0,0,0,0
2026-01-21T12:21:37.449996+00:00,s2-eth1,9323299,43158,7932,471,0,0,0,0
2026-01-21T12:21:37.449996+00:00,s2-eth2,41112,9325345,444,7959,0,0,0,0
2026-01-21T12:21:37.449996+00:00,s2-eth3,796,4150,10,57,0,0,0,0
2026-01-21T12:21:37.449996+00:00,s2-eth4,796,4150,10,57,0,0,0,0
2026-01-21T12:21:37.449996+00:00,s2-eth5,796,3974,10,55,0,0,0,0
2026-01-21T12:21:37.650351+00:00,s1-eth1,43256,9370593,472,7971,0,0,103282,85
2026-01-21T12:21:37.650351+00:00,s1-eth2,16235165,42076,13449,451,0,0,0,0
2026-01-21T12:21:37.650351+00:00,s1-eth3,1498,4916,20,69,0,0,0,0
2026-01-21T12:21:37.650351+00:00,s1-eth4,1836,5180,24,73,0,0,0,0
2026-01-21T12:21:37.650351+00:00,s1-eth5,1638,5134,22,72,0,0,0,0
2026-01-21T12:21:37.650351+00:00,s2-eth1,9373077,43256,7973,472,0,0,0,0
2026-01-21T12:21:37.650351+00:00,s2-eth2,41210,9375123,445,8000,0,0,1242,1
2026-01-21T12:21:37.650351+00:00,s2-eth3,796,4150,10,57,0,0,0,0
2026-01-21T12:21:37.650351+00:00,s2-eth4,796,4150,10,57,0,0,0,0
2026-01-21T12:21:37.650351+00:00,s2-eth5,796,3974,10,55,0,0,0,0
2026-01-21T12:21:37.849824+00:00,s1-eth1,43354,9420371,473,8012,0,0,102040,84
2026-01-21T12:21:37.849824+00:00,s1-eth2,16324687,42174,13522,452,0,0,0,0
2026-01-21T12:21:37.849824+00:00,s1-eth3,1498,4916,20,69,0,0,0,0
2026-01-21T12:21:37.849824+00:00,s1-eth4,1836,5180,24,73,0,0,0,0
2026-01-21T12:21:37.849824+00:00,s1-eth5,1638,5134,22,72,0,0,0,0
2026-01-21T12:21:37.849824+00:00,s2-eth1,9422855,43354,8014,473,0,0,0,0
2026-01-21T12:21:37.849824+00:00,s2-eth2,41308,9424901,446,8041,0,0,1242,1
2026-01-21T12:21:37.849824+00:00,s2-eth3,796,4150,10,57,0,0,0,0
2026-01-21T12:21:37.849824+00:00,s2-eth4,796,4150,10,57,0,0,0,0
2026-01-21T12:21:37.849824+00:00,s2-eth5,796,3974,10,55,0,0,0,0
2026-01-21T12:21:38.050531+00:00,s1-eth1,43452,9471391,474,8054,0,0,103282,85
2026-01-21T12:21:38.050531+00:00,s1-eth2,16416693,42272,13597,453,0,0,0,0
2026-01-21T12:21:38.050531+00:00,s1-eth3,1498,4916,20,69,0,0,0,0
2026-01-21T12:21:38.050531+00:00,s1-eth4,1836,5180,24,73,0,0,0,0
2026-01-21T12:21:38.050531+00:00,s1-eth5,1638,5134,22,72,0,0,0,0
2026-01-21T12:21:38.050531+00:00,s2-eth1,9473875,43452,8056,474,0,0,0,0
2026-01-21T12:21:38.050531+00:00,s2-eth2,41406,9474679,447,8082,0,0,0,0
2026-01-21T12:21:38.050531+00:00,s2-eth3,796,4150,10,57,0,0,0,0
2026-01-21T12:21:38.050531+00:00,s2-eth4,796,4150,10,57,0,0,0,0
2026-01-21T12:21:38.050531+00:00,s2-eth5,796,3974,10,55,0,0,0,0
2026-01-21T12:21:38.250153+00:00,s1-eth1,43550,9521169,475,8095,0,0,103282,85
2026-01-21T12:21:38.250153+00:00,s1-eth2,16507457,42370,13671,454,0,0,0,0
2026-01-21T12:21:38.250153+00:00,s1-eth3,1498,4916,20,69,0,0,0,0
2026-01-21T12:21:38.250153+00:00,s1-eth4,1836,5180,24,73,0,0,0,0
2026-01-21T12:21:38.250153+00:00,s1-eth5,1638,5134,22,72,0,0,0,0
2026-01-21T12:21:38.250153+00:00,s2-eth1,9523653,43550,8097,475,0,0,0,0
2026-01-21T12:21:38.250153+00:00,s2-eth2,41504,9525699,448,8124,0,0,0,0
2026-01-21T12:21:38.250153+00:00,s2-eth3,796,4150,10,57,0,0,0,0
2026-01-21T12:21:38.250153+00:00,s2-eth4,796,4150,10,57,0,0,0,0
2026-01-21T12:21:38.250153+00:00,s2-eth5,796,3974,10,55,0,0,0,0
2026-01-21T12:21:38.450277+00:00,s1-eth1,43648,9570947,476,8136,0,0,103282,85
2026-01-21T12:21:38.450277+00:00,s1-eth2,16596979,42468,13744,455,0,0,0,0
2026-01-21T12:21:38.450277+00:00,s1-eth3,1498,4916,20,69,0,0,0,0
2026-01-21T12:21:38.450277+00:00,s1-eth4,1836,5180,24,73,0,0,0,0
2026-01-21T12:21:38.450277+00:00,s1-eth5,1638,5134,22,72,0,0,0,0
2026-01-21T12:21:38.450277+00:00,s2-eth1,9573431,43648,8138,476,0,0,0,0
2026-01-21T12:21:38.450277+00:00,s2-eth2,41602,9575477,449,8165,0,0,0,0
2026-01-21T12:21:38.450277+00:00,s2-eth3,796,4150,10,57,0,0,0,0
2026-01-21T12:21:38.450277+00:00,s2-eth4,796,4150,10,57,0,0,0,0
2026-01-21T12:21:38.450277+00:00,s2-eth5,796,3974,10,55,0,0,0,0
2026-01-21T12:21:38.652076+00:00,s1-eth1,43746,9620725,477,8177,0,0,102040,84
2026-01-21T12:21:38.652076+00:00,s1-eth2,16688985,42566,13819,456,0,0,0,0
2026-01-21T12:21:38.652076+00:00,s1-eth3,1498,4916,20,69,0,0,0,0
2026-01-21T12:21:38.652076+00:00,s1-eth4,1836,5180,24,73,0,0,0,0
2026-01-21T12:21:38.652076+00:00,s1-eth5,1638,5134,22,72,0,0,0,0
2026-01-21T12:21:38.652076+00:00,s2-eth1,9624451,43746,8180,477,0,0,0,0
2026-01-21T12:21:38.652076+00:00,s2-eth2,41700,9626497,450,8207,0,0,0,0
2026-01-21T12:21:38.652076+00:00,s2-eth3,796,4150,10,57,0,0,0,0
2026-01-21T12:21:38.652076+00:00,s2-eth4,796,4150,10,57,0,0,0,0
2026-01-21T12:21:38.652076+00:00,s2-eth5,796,3974,10,55,0,0,0,0
2026-01-21T12:21:38.849908+00:00,s1-eth1,43844,9670503,478,8218,0,0,102040,84
2026-01-21T12:21:38.849908+00:00,s1-eth2,16778507,42664,13892,457,0,0,0,0
2026-01-21T12:21:38.849908+00:00,s1-eth3,1498,4916,20,69,0,0,0,0
2026-01-21T12:21:38.849908+00:00,s1-eth4,1836,5180,24,73,0,0,0,0
2026-01-21T12:21:38.849908+00:00,s1-eth5,1638,5134,22,72,0,0,0,0
2026-01-21T12:21:38.849908+00:00,s2-eth1,9672987,43844,8220,478,0,0,0,0
2026-01-21T12:21:38.849908+00:00,s2-eth2,41798,9676275,451,8248,0,0,0,0
2026-01-21T12:21:38.849908+00:00,s2-eth3,796,4150,10,57,0,0,0,0
2026-01-21T12:21:38.849908+00:00,s2-eth4,796,4150,10,57,0,0,0,0
2026-01-21T12:21:38.849908+00:00,s2-eth5,796,3974,10,55,0,0,0,0
2026-01-21T12:21:39.049937+00:00,s1-eth1,43942,9720281,479,8259,0,0,103282,85
2026-01-21T12:21:39.049937+00:00,s1-eth2,16869271,42762,13966,458,0,0,0,0
2026-01-21T12:21:39.049937+00:00,s1-eth3,1498,4916,20,69,0,0,0,0
2026-01-21T12:21:39.049937+00:00,s1-eth4,1836,5180,24,73,0,0,0,0
2026-01-21T12:21:39.049937+00:00,s1-eth5,1638,5134,22,72,0,0,0,0
2026-01-21T12:21:39.049937+00:00,s2-eth1,9722765,43942,8261,479,0,0,0,0
2026-01-21T12:21:39.049937+00:00,s2-eth2,41896,9726053,452,8289,0,0,0,0
2026-01-21T12:21:39.049937+00:00,s2-eth3,796,4150,10,57,0,0,0,0
2026-01-21T12:21:39.049937+00:00,s2-eth4,796,4150,10,57,0,0,0,0
2026-01-21T12:21:39.049937+00:00,s2-eth5,796,3974,10,55,0,0,0,0
2026-01-21T12:21:39.270122+00:00,s1-eth1,44040,9776269,480,8305,0,0,103282,85
2026-01-21T12:21:39.270122+00:00,s1-eth2,16968729,42860,14047,459,0,0,0,0
2026-01-21T12:21:39.270122+00:00,s1-eth3,1498,4916,20,69,0,0,0,0
2026-01-21T12:21:39.270122+00:00,s1-eth4,1836,5180,24,73,0,0,0,0
2026-01-21T12:21:39.270122+00:00,s1-eth5,1638,5134,22,72,0,0,0,0
2026-01-21T12:21:39.270122+00:00,s2-eth1,9778753,44040,8307,480,0,0,0,0
2026-01-21T12:21:39.270122+00:00,s2-eth2,41994,9780799,453,8334,0,0,0,0
2026-01-21T12:21:39.270122+00:00,s2-eth3,796,4150,10,57,0,0,0,0
2026-01-21T12:21:39.270122+00:00,s2-eth4,796,4150,10,57,0,0,0,0
2026-01-21T12:21:39.270122+00:00,s2-eth5,796,3974,10,55,0,0,0,0
2026-01-21T12:21:39.521094+00:00,s1-eth1,44138,9834741,481,8353,0,0,103282,85
2026-01-21T12:21:39.521094+00:00,s1-eth2,17083091,42958,14140,460,0,0,0,0
2026-01-21T12:21:39.521094+00:00,s1-eth3,1498,4916,20,69,0,0,0,0
2026-01-21T12:21:39.521094+00:00,s1-eth4,1836,5180,24,73,0,0,0,0
2026-01-21T12:21:39.521094+00:00,s1-eth5,1638,5134,22,72,0,0,0,0
2026-01-21T12:21:39.521094+00:00,s2-eth1,9837225,44138,8355,481,0,0,0,0
2026-01-21T12:21:39.521094+00:00,s2-eth2,42092,9839271,454,8382,0,0,0,0
2026-01-21T12:21:39.521094+00:00,s2-eth3,796,4150,10,57,0,0,0,0
2026-01-21T12:21:39.521094+00:00,s2-eth4,796,4150,10,57,0,0,0,0
2026-01-21T12:21:39.521094+00:00,s2-eth5,796,3974,10,55,0,0,0,0
2026-01-21T12:21:39.654205+00:00,s1-eth1,44236,9868373,482,8381,0,0,102040,84
2026-01-21T12:21:39.654205+00:00,s1-eth2,17142805,43056,14189,461,0,0,0,0
2026-01-21T12:21:39.654205+00:00,s1-eth3,1498,4916,20,69,0,0,0,0
2026-01-21T12:21:39.654205+00:00,s1-eth4,1836,5180,24,73,0,0,0,0
2026-01-21T12:21:39.654205+00:00,s1-eth5,1638,5134,22,72,0,0,0,0
2026-01-21T12:21:39.654205+00:00,s2-eth1,9870857,44236,8383,482,0,0,0,0
2026-01-21T12:21:39.654205+00:00,s2-eth2,42190,9872903,455,8410,0,0,0,0
2026-01-21T12:21:39.654205+00:00,s2-eth3,796,4150,10,57,0,0,0,0
2026-01-21T12:21:39.654205+00:00,s2-eth4,796,4150,10,57,0,0,0,0
2026-01-21T12:21:39.654205+00:00,s2-eth5,796,3974,10,55,0,0,0,0
2026-01-21T12:21:39.850473+00:00,s1-eth1,44334,9918151,483,8422,0,0,103282,85
2026-01-21T12:21:39.850473+00:00,s1-eth2,17232327,43154,14262,462,0,0,0,0
2026-01-21T12:21:39.850473+00:00,s1-eth3,1498,4916,20,69,0,0,0,0
2026-01-21T12:21:39.850473+00:00,s1-eth4,1836,5180,24,73,0,0,0,0
2026-01-21T12:21:39.850473+00:00,s1-eth5,1638,5134,22,72,0,0,0,0
2026-01-21T12:21:39.850473+00:00,s2-eth1,9920635,44334,8424,483,0,0,0,0
2026-01-21T12:21:39.850473+00:00,s2-eth2,42288,9922681,456,8451,0,0,0,0
2026-01-21T12:21:39.850473+00:00,s2-eth3,796,4150,10,57,0,0,0,0
2026-01-21T12:21:39.850473+00:00,s2-eth4,796,4150,10,57,0,0,0,0
2026-01-21T12:21:39.850473+00:00,s2-eth5,796,3974,10,55,0,0,0,0
2026-01-21T12:21:40.050186+00:00,s1-eth1,44432,9967929,484,8463,0,0,103282,85
2026-01-21T12:21:40.050186+00:00,s1-eth2,17323091,43252,14336,463,0,0,0,0
2026-01-21T12:21:40.050186+00:00,s1-eth3,1498,4916,20,69,0,0,0,0
2026-01-21T12:21:40.050186+00:00,s1-eth4,1836,5180,24,73,0,0,0,0
2026-01-21T12:21:40.050186+00:00,s1-eth5,1638,5134,22,72,0,0,0,0
2026-01-21T12:21:40.050186+00:00,s2-eth1,9970413,44432,8465,484,0,0,0,0
2026-01-21T12:21:40.050186+00:00,s2-eth2,42386,9972459,457,8492,0,0,1242,1
2026-01-21T12:21:40.050186+00:00,s2-eth3,796,4150,10,57,0,0,0,0
2026-01-21T12:21:40.050186+00:00,s2-eth4,796,4150,10,57,0,0,0,0
2026-01-21T12:21:40.050186+00:00,s2-eth5,796,3974,10,55,0,0,0,0
2026-01-21T12:21:40.249850+00:00,s1-eth1,44530,10017707,485,8504,0,0,103282,85
2026-01-21T12:21:40.249850+00:00,s1-eth2,17412613,43350,14410,464,0,0,0,0
2026-01-21T12:21:40.249850+00:00,s1-eth3,1498,4916,20,69,0,0,0,0
2026-01-21T12:21:40.249850+00:00,s1-eth4,1836,5180,24,73,0,0,0,0
2026-01-21T12:21:40.249850+00:00,s1-eth5,1638,5134,22,72,0,0,0,0
2026-01-21T12:21:40.249850+00:00,s2-eth1,10020191,44530,8506,485,0,0,0,0
2026-01-21T12:21:40.249850+00:00,s2-eth2,42484,10022237,458,8533,0,0,1242,1
2026-01-21T12:21:40.249850+00:00,s2-eth3,796,4150,10,57,0,0,0,0
2026-01-21T12:21:40.249850+00:00,s2-eth4,796,4150,10,57,0,0,0,0
2026-01-21T12:21:40.249850+00:00,s2-eth5,796,3974,10,55,0,0,0,0
2026-01-21T12:21:40.449899+00:00,s1-eth1,44628,10067485,486,8545,0,0,103282,85
2026-01-21T12:21:40.449899+00:00,s1-eth2,17503377,43448,14483,465,0,0,0,0
2026-01-21T12:21:40.449899+00:00,s1-eth3,1498,4916,20,69,0,0,0,0
2026-01-21T12:21:40.449899+00:00,s1-eth4,1836,5180,24,73,0,0,0,0
2026-01-21T12:21:40.449899+00:00,s1-eth5,1638,5134,22,72,0,0,0,0
2026-01-21T12:21:40.449899+00:00,s2-eth1,10069969,44628,8547,486,0,0,0,0
2026-01-21T12:21:40.449899+00:00,s2-eth2,42582,10072015,459,8574,0,0,0,0
2026-01-21T12:21:40.449899+00:00,s2-eth3,796,4150,10,57,0,0,0,0
2026-01-21T12:21:40.449899+00:00,s2-eth4,796,4150,10,57,0,0,0,0
2026-01-21T12:21:40.449899+00:00,s2-eth5,796,3974,10,55,0,0,0,0
2026-01-21T12:21:40.650299+00:00,s1-eth1,44726,10117263,487,8586,0,0,102040,84
2026-01-21T12:21:40.650299+00:00,s1-eth2,17594141,43546,14557,466,0,0,0,0
2026-01-21T12:21:40.650299+00:00,s1-eth3,1498,4916,20,69,0,0,0,0
2026-01-21T12:21:40.650299+00:00,s1-eth4,1836,5180,24,73,0,0,0,0
2026-01-21T12:21:40.650299+00:00,s1-eth5,1638,5134,22,72,0,0,0,0
2026-01-21T12:21:40.650299+00:00,s2-eth1,10119747,44726,8588,487,0,0,0,0
2026-01-21T12:21:40.650299+00:00,s2-eth2,42680,10123035,460,8616,0,0,0,0
2026-01-21T12:21:40.650299+00:00,s2-eth3,796,4150,10,57,0,0,0,0
2026-01-21T12:21:40.650299+00:00,s2-eth4,796,4150,10,57,0,0,0,0
2026-01-21T12:21:40.650299+00:00,s2-eth5,796,3974,10,55,0,0,0,0
2026-01-21T12:21:40.850093+00:00,s1-eth1,44824,10167041,488,8627,0,0,103282,85
2026-01-21T12:21:40.850093+00:00,s1-eth2,17684905,43644,14631,467,0,0,0,0
2026-01-21T12:21:40.850093+00:00,s1-eth3,1498,4916,20,69,0,0,0,0
2026-01-21T12:21:40.850093+00:00,s1-eth4,1836,5180,24,73,0,0,0,0
2026-01-21T12:21:40.850093+00:00,s1-eth5,1638,5134,22,72,0,0,0,0
2026-01-21T12:21:40.850093+00:00,s2-eth1,10169525,44824,8629,488,0,0,0,0
2026-01-21T12:21:40.850093+00:00,s2-eth2,42778,10172813,461,8657,0,0,0,0
2026-01-21T12:21:40.850093+00:00,s2-eth3,796,4150,10,57,0,0,0,0
2026-01-21T12:21:40.850093+00:00,s2-eth4,796,4150,10,57,0,0,0,0
2026-01-21T12:21:40.850093+00:00,s2-eth5,796,3974,10,55,0,0,0,0
2026-01-21T12:21:41.068544+00:00,s1-eth1,44922,10221787,489,8672,0,0,102040,84
2026-01-21T12:21:41.068544+00:00,s1-eth2,17783121,43742,14711,468,0,0,0,0
2026-01-21T12:21:41.068544+00:00,s1-eth3,1498,4916,20,69,0,0,0,0
2026-01-21T12:21:41.068544+00:00,s1-eth4,1836,5180,24,73,0,0,0,0
2026-01-21T12:21:41.068544+00:00,s1-eth5,1638,5134,22,72,0,0,0,0
2026-01-21T12:21:41.068544+00:00,s2-eth1,10224271,44922,8674,489,0,0,0,0
2026-01-21T12:21:41.068544+00:00,s2-eth2,42876,10227559,462,8702,0,0,0,0
2026-01-21T12:21:41.068544+00:00,s2-eth3,796,4150,10,57,0,0,0,0
2026-01-21T12:21:41.068544+00:00,s2-eth4,796,4150,10,57,0,0,0,0
2026-01-21T12:21:41.068544+00:00,s2-eth5,796,3974,10,55,0,0,0,0
2026-01-21T12:21:41.313659+00:00,s1-eth1,45020,10283985,490,8723,0,0,103282,85
2026-01-21T12:21:41.313659+00:00,s1-eth2,17894999,43840,14802,469,0,0,0,0
2026-01-21T12:21:41.313659+00:00,s1-eth3,1498,4916,20,69,0,0,0,0
2026-01-21T12:21:41.313659+00:00,s1-eth4,1836,5180,24,73,0,0,0,0
2026-01-21T12:21:41.313659+00:00,s1-eth5,1638,5134,22,72,0,0,0,0
2026-01-21T12:21:41.313659+00:00,s2-eth1,10285227,45020,8724,490,0,0,0,0
2026-01-21T12:21:41.313659+00:00,s2-eth2,42974,10287273,463,8751,0,0,0,0
2026-01-21T12:21:41.313659+00:00,s2-eth3,796,4150,10,57,0,0,0,0
2026-01-21T12:21:41.313659+00:00,s2-eth4,796,4150,10,57,0,0,0,0
2026-01-21T12:21:41.313659+00:00,s2-eth5,796,3974,10,55,0,0,0,0
2026-01-21T12:21:41.530224+00:00,s1-eth1,45118,10337489,491,8767,0,0,103282,85
2026-01-21T12:21:41.530224+00:00,s1-eth2,17993215,43938,14882,470,0,0,0,0
2026-01-21T12:21:41.530224+00:00,s1-eth3,1498,4916,20,69,0,0,0,0
2026-01-21T12:21:41.530224+00:00,s1-eth4,1836,5180,24,73,0,0,0,0
2026-01-21T12:21:41.530224+00:00,s1-eth5,1638,5134,22,72,0,0,0,0
2026-01-21T12:21:41.530224+00:00,s2-eth1,10339973,45118,8769,491,0,0,0,0
2026-01-21T12:21:41.530224+00:00,s2-eth2,43072,10342019,464,8796,0,0,0,0
2026-01-21T12:21:41.530224+00:00,s2-eth3,796,4150,10,57,0,0,0,0
2026-01-21T12:21:41.530224+00:00,s2-eth4,796,4150,10,57,0,0,0,0
2026-01-21T12:21:41.530224+00:00,s2-eth5,796,3974,10,55,0,0,0,0
2026-01-21T12:21:41.658450+00:00,s1-eth1,45216,10369879,492,8794,0,0,103282,85
2026-01-21T12:21:41.658450+00:00,s1-eth2,18051687,44036,14930,471,0,0,0,0
2026-01-21T12:21:41.658450+00:00,s1-eth3,1498,4916,20,69,0,0,0,0
2026-01-21T12:21:41.658450+00:00,s1-eth4,1836,5180,24,73,0,0,0,0
2026-01-21T12:21:41.658450+00:00,s1-eth5,1638,5134,22,72,0,0,0,0
2026-01-21T12:21:41.658450+00:00,s2-eth1,10372363,45216,8796,492,0,0,0,0
2026-01-21T12:21:41.658450+00:00,s2-eth2,43170,10374409,465,8823,0,0,1242,1
2026-01-21T12:21:41.658450+00:00,s2-eth3,796,4150,10,57,0,0,0,0
2026-01-21T12:21:41.658450+00:00,s2-eth4,796,4150,10,57,0,0,0,0
2026-01-21T12:21:41.658450+00:00,s2-eth5,796,3974,10,55,0,0,0,0
2026-01-21T12:21:41.938961+00:00,s1-eth1,45314,10439529,493,8851,0,0,102040,84
2026-01-21T12:21:41.938961+00:00,s1-eth2,18178469,44134,15033,472,0,0,0,0
2026-01-21T12:21:41.938961+00:00,s1-eth3,1498,4916,20,69,0,0,0,0
2026-01-21T12:21:41.938961+00:00,s1-eth4,1836,5180,24,73,0,0,0,0
2026-01-21T12:21:41.938961+00:00,s1-eth5,1638,5134,22,72,0,0,0,0
2026-01-21T12:21:41.938961+00:00,s2-eth1,10442013,45314,8853,493,0,0,0,0
2026-01-21T12:21:41.938961+00:00,s2-eth2,43268,10444059,466,8880,0,0,1242,1
2026-01-21T12:21:41.938961+00:00,s2-eth3,796,4150,10,57,0,0,0,0
2026-01-21T12:21:41.938961+00:00,s2-eth4,796,4150,10,57,0,0,0,0
2026-01-21T12:21:41.938961+00:00,s2-eth5,796,3974,10,55,0,0,0,0
2026-01-21T12:21:42.083152+00:00,s1-eth1,45412,10475645,494,8881,0,0,103282,85
2026-01-21T12:21:42.083152+00:00,s1-eth2,18244393,44232,15087,473,0,0,0,0
2026-01-21T12:21:42.083152+00:00,s1-eth3,1498,4916,20,69,0,0,0,0
2026-01-21T12:21:42.083152+00:00,s1-eth4,1836,5180,24,73,0,0,0,0
2026-01-21T12:21:42.083152+00:00,s1-eth5,1638,5134,22,72,0,0,0,0
2026-01-21T12:21:42.083152+00:00,s2-eth1,10478129,45412,8883,494,0,0,0,0
2026-01-21T12:21:42.083152+00:00,s2-eth2,43366,10480175,467,8910,0,0,0,0
2026-01-21T12:21:42.083152+00:00,s2-eth3,796,4150,10,57,0,0,0,0
2026-01-21T12:21:42.083152+00:00,s2-eth4,796,4150,10,57,0,0,0,0
2026-01-21T12:21:42.083152+00:00,s2-eth5,796,3974,10,55,0,0,0,0
2026-01-21T12:21:42.267961+00:00,s1-eth1,45510,10521697,495,8919,0,0,102040,84
2026-01-21T12:21:42.267961+00:00,s1-eth2,18327705,44330,15155,474,0,0,0,0
2026-01-21T12:21:42.267961+00:00,s1-eth3,1498,4916,20,69,0,0,0,0
2026-01-21T12:21:42.267961+00:00,s1-eth4,1836,5180,24,73,0,0,0,0
2026-01-21T12:21:42.267961+00:00,s1-eth5,1638,5134,22,72,0,0,0,0
2026-01-21T12:21:42.267961+00:00,s2-eth1,10524181,45510,8921,495,0,0,0,0
2026-01-21T12:21:42.267961+00:00,s2-eth2,43464,10527469,468,8949,0,0,0,0
2026-01-21T12:21:42.267961+00:00,s2-eth3,796,4150,10,57,0,0,0,0
2026-01-21T12:21:42.267961+00:00,s2-eth4,796,4150,10,57,0,0,0,0
2026-01-21T12:21:42.267961+00:00,s2-eth5,796,3974,10,55,0,0,0,0
2026-01-21T12:21:42.449862+00:00,s1-eth1,45608,10567749,496,8957,0,0,103282,85
2026-01-21T12:21:42.449862+00:00,s1-eth2,18411017,44428,15223,475,0,0,0,0
2026-01-21T12:21:42.449862+00:00,s1-eth3,1498,4916,20,69,0,0,0,0
2026-01-21T12:21:42.449862+00:00,s1-eth4,1836,5180,24,73,0,0,0,0
2026-01-21T12:21:42.449862+00:00,s1-eth5,1638,5134,22,72,0,0,0,0
2026-01-21T12:21:42.449862+00:00,s2-eth1,10570233,45608,8959,496,0,0,0,0
2026-01-21T12:21:42.449862+00:00,s2-eth2,43562,10572279,469,8986,0,0,0,0
2026-01-21T12:21:42.449862+00:00,s2-eth3,796,4150,10,57,0,0,0,0
2026-01-21T12:21:42.449862+00:00,s2-eth4,796,4150,10,57,0,0,0,0
2026-01-21T12:21:42.449862+00:00,s2-eth5,796,3974,10,55,0,0,0,0
2026-01-21T12:21:42.649891+00:00,s1-eth1,45706,10617527,497,8998,0,0,102040,84
2026-01-21T12:21:42.649891+00:00,s1-eth2,18501781,44526,15297,476,0,0,0,0
2026-01-21T12:21:42.649891+00:00,s1-eth3,1498,4916,20,69,0,0,0,0
2026-01-21T12:21:42.649891+00:00,s1-eth4,1836,5180,24,73,0,0,0,0
2026-01-21T12:21:42.649891+00:00,s1-eth5,1638,5134,22,72,0,0,0,0
2026-01-21T12:21:42.649891+00:00,s2-eth1,10620011,45706,9000,497,0,0,0,0
2026-01-21T12:21:42.649891+00:00,s2-eth2,43660,10622057,470,9027,0,0,0,0
2026-01-21T12:21:42.649891+00:00,s2-eth3,796,4150,10,57,0,0,0,0
2026-01-21T12:21:42.649891+00:00,s2-eth4,796,4150,10,57,0,0,0,0
2026-01-21T12:21:42.649891+00:00,s2-eth5,796,3974,10,55,0,0,0,0
2026-01-21T12:21:42.850760+00:00,s1-eth1,45804,10667305,498,9039,0,0,102040,84
2026-01-21T12:21:42.850760+00:00,s1-eth2,18592545,44624,15371,477,0,0,0,0
2026-01-21T12:21:42.850760+00:00,s1-eth3,1498,4916,20,69,0,0,0,0
2026-01-21T12:21:42.850760+00:00,s1-eth4,1836,5180,24,73,0,0,0,0
2026-01-21T12:21:42.850760+00:00,s1-eth5,1638,5134,22,72,0,0,0,0
2026-01-21T12:21:42.850760+00:00,s2-eth1,10671031,45804,9042,498,0,0,0,0
2026-01-21T12:21:42.850760+00:00,s2-eth2,43758,10673077,471,9069,0,0,0,0
2026-01-21T12:21:42.850760+00:00,s2-eth3,796,4150,10,57,0,0,0,0
2026-01-21T12:21:42.850760+00:00,s2-eth4,796,4150,10,57,0,0,0,0
2026-01-21T12:21:42.850760+00:00,s2-eth5,796,3974,10,55,0,0,0,0
2026-01-21T12:21:43.050518+00:00,s1-eth1,45902,10717083,499,9080,0,0,102040,84
2026-01-21T12:21:43.050518+00:00,s1-eth2,18683309,44722,15445,478,0,0,0,0
2026-01-21T12:21:43.050518+00:00,s1-eth3,1498,4916,20,69,0,0,0,0
2026-01-21T12:21:43.050518+00:00,s1-eth4,1836,5180,24,73,0,0,0,0
2026-01-21T12:21:43.050518+00:00,s1-eth5,1638,5134,22,72,0,0,0,0
2026-01-21T12:21:43.050518+00:00,s2-eth1,10719567,45902,9082,499,0,0,0,0
2026-01-21T12:21:43.050518+00:00,s2-eth2,43856,10721613,472,9109,0,0,0,0
2026-01-21T12:21:43.050518+00:00,s2-eth3,796,4150,10,57,0,0,0,0
2026-01-21T12:21:43.050518+00:00,s2-eth4,796,4150,10,57,0,0,0,0
2026-01-21T12:21:43.050518+00:00,s2-eth5,796,3974,10,55,0,0,0,0
2026-01-21T12:21:43.251146+00:00,s1-eth1,46000,10768103,500,9122,0,0,103282,85
2026-01-21T12:21:43.251146+00:00,s1-eth2,18774073,44820,15519,479,0,0,0,0
2026-01-21T12:21:43.251146+00:00,s1-eth3,1498,4916,20,69,0,0,0,0
2026-01-21T12:21:43.251146+00:00,s1-eth4,1836,5180,24,73,0,0,0,0
2026-01-21T12:21:43.251146+00:00,s1-eth5,1638,5134,22,72,0,0,0,0
2026-01-21T12:21:43.251146+00:00,s2-eth1,10770587,46000,9124,500,0,0,0,0
2026-01-21T12:21:43.251146+00:00,s2-eth2,43954,10772633,473,9151,0,0,1242,1
2026-01-21T12:21:43.251146+00:00,s2-eth3,796,4150,10,57,0,0,0,0
2026-01-21T12:21:43.251146+00:00,s2-eth4,796,4150,10,57,0,0,0,0
2026-01-21T12:21:43.251146+00:00,s2-eth5,796,3974,10,55,0,0,0,0
2026-01-21T12:21:43.449884+00:00,s1-eth1,46098,10817881,501,9163,0,0,103282,85
2026-01-21T12:21:43.449884+00:00,s1-eth2,18863595,44918,15592,480,0,0,0,0
2026-01-21T12:21:43.449884+00:00,s1-eth3,1498,4916,20,69,0,0,0,0
2026-01-21T12:21:43.449884+00:00,s1-eth4,1836,5180,24,73,0,0,0,0
2026-01-21T12:21:43.449884+00:00,s1-eth5,1638,5134,22,72,0,0,0,0
2026-01-21T12:21:43.449884+00:00,s2-eth1,10820365,46098,9165,501,0,0,0,0
2026-01-21T12:21:43.449884+00:00,s2-eth2,44052,10822411,474,9192,0,0,1242,1
2026-01-21T12:21:43.449884+00:00,s2-eth3,796,4150,10,57,0,0,0,0
2026-01-21T12:21:43.449884+00:00,s2-eth4,796,4150,10,57,0,0,0,0
2026-01-21T12:21:43.449884+00:00,s2-eth5,796,3974,10,55,0,0,0,0
2026-01-21T12:21:43.650066+00:00,s1-eth1,46196,10867659,502,9204,0,0,103282,85
2026-01-21T12:21:43.650066+00:00,s1-eth2,18954359,45016,15666,481,0,0,0,0
2026-01-21T12:21:43.650066+00:00,s1-eth3,1498,4916,20,69,0,0,0,0
2026-01-21T12:21:43.650066+00:00,s1-eth4,1836,5180,24,73,0,0,0,0
2026-01-21T12:21:43.650066+00:00,s1-eth5,1638,5134,22,72,0,0,0,0
2026-01-21T12:21:43.650066+00:00,s2-eth1,10870143,46196,9206,502,0,0,0,0
2026-01-21T12:21:43.650066+00:00,s2-eth2,44150,10872189,475,9233,0,0,0,0
2026-01-21T12:21:43.650066+00:00,s2-eth3,796,4150,10,57,0,0,0,0
2026-01-21T12:21:43.650066+00:00,s2-eth4,796,4150,10,57,0,0,0,0
2026-01-21T12:21:43.650066+00:00,s2-eth5,796,3974,10,55,0,0,0,0
2026-01-21T12:21:43.849977+00:00,s1-eth1,46294,10917437,503,9245,0,0,102040,84
2026-01-21T12:21:43.849977+00:00,s1-eth2,19045123,45114,15740,482,0,0,0,0
2026-01-21T12:21:43.849977+00:00,s1-eth3,1498,4916,20,69,0,0,0,0
2026-01-21T12:21:43.849977+00:00,s1-eth4,1836,5180,24,73,0,0,0,0
2026-01-21T12:21:43.849977+00:00,s1-eth5,1638,5134,22,72,0,0,0,0
2026-01-21T12:21:43.849977+00:00,s2-eth1,10919921,46294,9247,503,0,0,0,0
2026-01-21T12:21:43.849977+00:00,s2-eth2,44248,10921967,476,9274,0,0,0,0
2026-01-21T12:21:43.849977+00:00,s2-eth3,796,4150,10,57,0,0,0,0
2026-01-21T12:21:43.849977+00:00,s2-eth4,796,4150,10,57,0,0,0,0
2026-01-21T12:21:43.849977+00:00,s2-eth5,796,3974,10,55,0,0,0,0
2026-01-21T12:21:44.050284+00:00,s1-eth1,46392,10967215,504,9286,0,0,102040,84
2026-01-21T12:21:44.050284+00:00,s1-eth2,19135887,45212,15814,483,0,0,0,0
2026-01-21T12:21:44.050284+00:00,s1-eth3,1498,4916,20,69,0,0,0,0
2026-01-21T12:21:44.050284+00:00,s1-eth4,1836,5180,24,73,0,0,0,0
2026-01-21T12:21:44.050284+00:00,s1-eth5,1638,5134,22,72,0,0,0,0
2026-01-21T12:21:44.050284+00:00,s2-eth1,10969699,46392,9288,504,0,0,0,0
2026-01-21T12:21:44.050284+00:00,s2-eth2,44346,10971745,477,9315,0,0,0,0
2026-01-21T12:21:44.050284+00:00,s2-eth3,796,4150,10,57,0,0,0,0
2026-01-21T12:21:44.050284+00:00,s2-eth4,796,4150,10,57,0,0,0,0
2026-01-21T12:21:44.050284+00:00,s2-eth5,796,3974,10,55,0,0,0,0
2026-01-21T12:21:44.250099+00:00,s1-eth1,46490,11018235,505,9328,0,0,103282,85
2026-01-21T12:21:44.250099+00:00,s1-eth2,19225409,45310,15887,484,0,0,0,0
2026-01-21T12:21:44.250099+00:00,s1-eth3,1498,4916,20,69,0,0,0,0
2026-01-21T12:21:44.250099+00:00,s1-eth4,1836,5180,24,73,0,0,0,0
2026-01-21T12:21:44.250099+00:00,s1-eth5,1638,5134,22,72,0,0,0,0
2026-01-21T12:21:44.250099+00:00,s2-eth1,11020719,46490,9330,505,0,0,0,0
2026-01-21T12:21:44.250099+00:00,s2-eth2,44444,11022765,478,9357,0,0,0,0
2026-01-21T12:21:44.250099+00:00,s2-eth3,796,4150,10,57,0,0,0,0
2026-01-21T12:21:44.250099+00:00,s2-eth4,796,4150,10,57,0,0,0,0
2026-01-21T12:21:44.250099+00:00,s2-eth5,796,3974,10,55,0,0,0,0
2026-01-21T12:21:44.450795+00:00,s1-eth1,46588,11068013,506,9369,0,0,103184,84
2026-01-21T12:21:44.450795+00:00,s1-eth2,19317317,45408,15961,485,0,0,0,0
2026-01-21T12:21:44.450795+00:00,s1-eth3,1498,4916,20,69,0,0,0,0
2026-01-21T12:21:44.450795+00:00,s1-eth4,1836,5180,24,73,0,0,0,0
2026-01-21T12:21:44.450795+00:00,s1-eth5,1638,5134,22,72,0,0,0,0
2026-01-21T12:21:44.450795+00:00,s2-eth1,11070497,46588,9371,506,0,0,0,0
2026-01-21T12:21:44.450795+00:00,s2-eth2,44542,11072543,479,9398,0,0,1242,1
2026-01-21T12:21:44.450795+00:00,s2-eth3,796,4150,10,57,0,0,0,0
2026-01-21T12:21:44.450795+00:00,s2-eth4,796,4150,10,57,0,0,0,0
2026-01-21T12:21:44.450795+00:00,s2-eth5,796,3974,10,55,0,0,0,0
2026-01-21T12:21:44.684410+00:00,s1-eth1,46686,11126485,507,9417,0,0,103282,85
2026-01-21T12:21:44.684410+00:00,s1-eth2,19423083,45506,16048,486,0,0,0,0
2026-01-21T12:21:44.684410+00:00,s1-eth3,1498,4916,20,69,0,0,0,0
2026-01-21T12:21:44.684410+00:00,s1-eth4,1836,5180,24,73,0,0,0,0
2026-01-21T12:21:44.684410+00:00,s1-eth5,1638,5134,22,72,0,0,0,0
2026-01-21T12:21:44.684410+00:00,s2-eth1,11128969,46686,9419,507,0,0,0,0
2026-01-21T12:21:44.684410+00:00,s2-eth2,44640,11131015,480,9446,0,0,0,0
2026-01-21T12:21:44.684410+00:00,s2-eth3,796,4150,10,57,0,0,0,0
2026-01-21T12:21:44.684410+00:00,s2-eth4,796,4150,10,57,0,0,0,0
2026-01-21T12:21:44.684410+00:00,s2-eth5,796,3974,10,55,0,0,0,0
2026-01-21T12:21:44.952341+00:00,s1-eth1,46784,11193651,508,9472,0,0,103282,85
2026-01-21T12:21:44.952341+00:00,s1-eth2,19544897,45604,16147,487,0,0,0,0
2026-01-21T12:21:44.952341+00:00,s1-eth3,1498,4916,20,69,0,0,0,0
2026-01-21T12:21:44.952341+00:00,s1-eth4,1836,5180,24,73,0,0,0,0
2026-01-21T12:21:44.952341+00:00,s1-eth5,1638,5134,22,72,0,0,0,0
2026-01-21T12:21:44.952341+00:00,s2-eth1,11196135,46784,9474,508,0,0,0,0
2026-01-21T12:21:44.952341+00:00,s2-eth2,44738,11198181,481,9501,0,0,0,0
2026-01-21T12:21:44.952341+00:00,s2-eth3,796,4150,10,57,0,0,0,0
2026-01-21T12:21:44.952341+00:00,s2-eth4,796,4150,10,57,0,0,0,0
2026-01-21T12:21:44.952341+00:00,s2-eth5,796,3974,10,55,0,0,0,0
2026-01-21T12:21:45.050456+00:00,s1-eth1,46784,11217249,508,9491,0,0,102040,84
2026-01-21T12:21:45.050456+00:00,s1-eth2,19588367,45604,16182,487,0,0,0,0
2026-01-21T12:21:45.050456+00:00,s1-eth3,1498,4916,20,69,0,0,0,0
2026-01-21T12:21:45.050456+00:00,s1-eth4,1836,5180,24,73,0,0,0,0
2026-01-21T12:21:45.050456+00:00,s1-eth5,1638,5134,22,72,0,0,0,0
2026-01-21T12:21:45.050456+00:00,s2-eth1,11220975,46784,9494,508,0,0,0,0
2026-01-21T12:21:45.050456+00:00,s2-eth2,44738,11223021,481,9521,0,0,0,0
2026-01-21T12:21:45.050456+00:00,s2-eth3,796,4150,10,57,0,0,0,0
2026-01-21T12:21:45.050456+00:00,s2-eth4,796,4150,10,57,0,0,0,0
2026-01-21T12:21:45.050456+00:00,s2-eth5,796,3974,10,55,0,0,0,0
2026-01-21T12:21:45.250713+00:00,s1-eth1,46882,11268269,509,9533,0,0,103282,85
2026-01-21T12:21:45.250713+00:00,s1-eth2,19680373,45702,16257,488,0,0,0,0
2026-01-21T12:21:45.250713+00:00,s1-eth3,1498,4916,20,69,0,0,0,0
2026-01-21T12:21:45.250713+00:00,s1-eth4,1836,5180,24,73,0,0,0,0
2026-01-21T12:21:45.250713+00:00,s1-eth5,1638,5134,22,72,0,0,0,0
2026-01-21T12:21:45.250713+00:00,s2-eth1,11270753,46882,9535,509,0,0,0,0
2026-01-21T12:21:45.250713+00:00,s2-eth2,44836,11272799,482,9562,0,0,1242,1
2026-01-21T12:21:45.250713+00:00,s2-eth3,796,4150,10,57,0,0,0,0
2026-01-21T12:21:45.250713+00:00,s2-eth4,796,4150,10,57,0,0,0,0
2026-01-21T12:21:45.250713+00:00,s2-eth5,796,3974,10,55,0,0,0,0
2026-01-21T12:21:45.449936+00:00,s1-eth1,46980,11318047,510,9574,0,0,103282,85
2026-01-21T12:21:45.449936+00:00,s1-eth2,19769895,45800,16330,489,0,0,0,0
2026-01-21T12:21:45.449936+00:00,s1-eth3,1498,4916,20,69,0,0,0,0
2026-01-21T12:21:45.449936+00:00,s1-eth4,1836,5180,24,73,0,0,0,0
2026-01-21T12:21:45.449936+00:00,s1-eth5,1638,5134,22,72,0,0,0,0
2026-01-21T12:21:45.449936+00:00,s2-eth1,11320531,46980,9576,510,0,0,0,0
2026-01-21T12:21:45.449936+00:00,s2-eth2,44934,11322577,483,9603,0,0,0,0
2026-01-21T12:21:45.449936+00:00,s2-eth3,796,4150,10,57,0,0,0,0
2026-01-21T12:21:45.449936+00:00,s2-eth4,796,4150,10,57,0,0,0,0
2026-01-21T12:21:45.449936+00:00,s2-eth5,796,3974,10,55,0,0,0,0
2026-01-21T12:21:45.649923+00:00,s1-eth1,47078,11367825,511,9615,0,0,103282,85
2026-01-21T12:21:45.649923+00:00,s1-eth2,19860659,45898,16404,490,0,0,0,0
2026-01-21T12:21:45.649923+00:00,s1-eth3,1498,4916,20,69,0,0,0,0
2026-01-21T12:21:45.649923+00:00,s1-eth4,1836,5180,24,73,0,0,0,0
2026-01-21T12:21:45.649923+00:00,s1-eth5,1638,5134,22,72,0,0,0,0
2026-01-21T12:21:45.649923+00:00,s2-eth1,11370309,47078,9617,511,0,0,0,0
2026-01-21T12:21:45.649923+00:00,s2-eth2,45032,11372355,484,9644,0,0,1242,1
2026-01-21T12:21:45.649923+00:00,s2-eth3,796,4150,10,57,0,0,0,0
2026-01-21T12:21:45.649923+00:00,s2-eth4,796,4150,10,57,0,0,0,0
2026-01-21T12:21:45.649923+00:00,s2-eth5,796,3974,10,55,0,0,0,0
2026-01-21T12:21:45.850144+00:00,s1-eth1,47176,11417603,512,9656,0,0,103282,85
2026-01-21T12:21:45.850144+00:00,s1-eth2,19951423,45996,16478,491,0,0,0,0
2026-01-21T12:21:45.850144+00:00,s1-eth3,1498,4916,20,69,0,0,0,0
2026-01-21T12:21:45.850144+00:00,s1-eth4,1836,5180,24,73,0,0,0,0
2026-01-21T12:21:45.850144+00:00,s1-eth5,1638,5134,22,72,0,0,0,0
2026-01-21T12:21:45.850144+00:00,s2-eth1,11420087,47176,9658,512,0,0,0,0
2026-01-21T12:21:45.850144+00:00,s2-eth2,45130,11422133,485,9685,0,0,0,0
2026-01-21T12:21:45.850144+00:00,s2-eth3,796,4150,10,57,0,0,0,0
2026-01-21T12:21:45.850144+00:00,s2-eth4,796,4150,10,57,0,0,0,0
2026-01-21T12:21:45.850144+00:00,s2-eth5,796,3974,10,55,0,0,0,0
2026-01-21T12:21:46.050784+00:00,s1-eth1,47274,11467381,513,9697,0,0,102040,84
2026-01-21T12:21:46.050784+00:00,s1-eth2,20042187,46094,16552,492,0,0,0,0
2026-01-21T12:21:46.050784+00:00,s1-eth3,1498,4916,20,69,0,0,0,0
2026-01-21T12:21:46.050784+00:00,s1-eth4,1836,5180,24,73,0,0,0,0
2026-01-21T12:21:46.050784+00:00,s1-eth5,1638,5134,22,72,0,0,0,0
2026-01-21T12:21:46.050784+00:00,s2-eth1,11469865,47274,9699,513,0,0,0,0
2026-01-21T12:21:46.050784+00:00,s2-eth2,45228,11471911,486,9726,0,0,0,0
2026-01-21T12:21:46.050784+00:00,s2-eth3,796,4150,10,57,0,0,0,0
2026-01-21T12:21:46.050784+00:00,s2-eth4,796,4150,10,57,0,0,0,0
2026-01-21T12:21:46.050784+00:00,s2-eth5,796,3974,10,55,0,0,0,0
2026-01-21T12:21:46.251671+00:00,s1-eth1,47372,11518401,514,9739,0,0,103282,85
2026-01-21T12:21:46.251671+00:00,s1-eth2,20134193,46192,16627,493,0,0,0,0
2026-01-21T12:21:46.251671+00:00,s1-eth3,1498,4916,20,69,0,0,0,0
2026-01-21T12:21:46.251671+00:00,s1-eth4,1836,5180,24,73,0,0,0,0
2026-01-21T12:21:46.251671+00:00,s1-eth5,1638,5134,22,72,0,0,0,0
2026-01-21T12:21:46.251671+00:00,s2-eth1,11520885,47372,9741,514,0,0,0,0
2026-01-21T12:21:46.251671+00:00,s2-eth2,45326,11522931,487,9768,0,0,1242,1
2026-01-21T12:21:46.251671+00:00,s2-eth3,796,4150,10,57,0,0,0,0
2026-01-21T12:21:46.251671+00:00,s2-eth4,796,4150,10,57,0,0,0,0
2026-01-21T12:21:46.251671+00:00,s2-eth5,796,3974,10,55,0,0,0,0
2026-01-21T12:21:46.472089+00:00,s1-eth1,47470,11573147,515,9784,0,0,103282,85
2026-01-21T12:21:46.472089+00:00,s1-eth2,20233651,46290,16708,494,0,0,0,0
2026-01-21T12:21:46.472089+00:00,s1-eth3,1498,4916,20,69,0,0,0,0
2026-01-21T12:21:46.472089+00:00,s1-eth4,1836,5180,24,73,0,0,0,0
2026-01-21T12:21:46.472089+00:00,s1-eth5,1638,5134,22,72,0,0,0,0
2026-01-21T12:21:46.472089+00:00,s2-eth1,11575729,47470,9787,515,0,0,0,0
2026-01-21T12:21:46.472089+00:00,s2-eth2,45522,11577775,489,9814,0,0,1242,1
2026-01-21T12:21:46.472089+00:00,s2-eth3,796,4150,10,57,0,0,0,0
2026-01-21T12:21:46.472089+00:00,s2-eth4,796,4150,10,57,0,0,0,0
2026-01-21T12:21:46.472089+00:00,s2-eth5,796,3974,10,55,0,0,0,0
2026-01-21T12:21:46.650396+00:00,s1-eth1,47568,11617957,516,9821,0,0,103282,85
2026-01-21T12:21:46.650396+00:00,s1-eth2,20314479,46388,16774,495,0,0,0,0
2026-01-21T12:21:46.650396+00:00,s1-eth3,1498,4916,20,69,0,0,0,0
2026-01-21T12:21:46.650396+00:00,s1-eth4,1836,5180,24,73,0,0,0,0
2026-01-21T12:21:46.650396+00:00,s1-eth5,1638,5134,22,72,0,0,0,0
2026-01-21T12:21:46.650396+00:00,s2-eth1,11620441,47568,9823,516,0,0,0,0
2026-01-21T12:21:46.650396+00:00,s2-eth2,45522,11622487,489,9850,0,0,1242,1
2026-01-21T12:21:46.650396+00:00,s2-eth3,796,4150,10,57,0,0,0,0
2026-01-21T12:21:46.650396+00:00,s2-eth4,796,4150,10,57,0,0,0,0
2026-01-21T12:21:46.650396+00:00,s2-eth5,796,3974,10,55,0,0,0,0
2026-01-21T12:21:47.006258+00:00,s1-eth1,47764,11706335,518,9894,0,0,103282,85
2026-01-21T12:21:47.006258+00:00,s1-eth2,20468683,46584,16900,497,0,0,0,0
2026-01-21T12:21:47.006258+00:00,s1-eth3,1498,4916,20,69,0,0,0,0
2026-01-21T12:21:47.006258+00:00,s1-eth4,1836,5180,24,73,0,0,0,0
2026-01-21T12:21:47.006258+00:00,s1-eth5,1638,5134,22,72,0,0,0,0
2026-01-21T12:21:47.006258+00:00,s2-eth1,11708819,47764,9896,518,0,0,0,0
2026-01-21T12:21:47.006258+00:00,s2-eth2,45718,11710865,491,9923,0,0,0,0
2026-01-21T12:21:47.006258+00:00,s2-eth3,796,4150,10,57,0,0,0,0
2026-01-21T12:21:47.006258+00:00,s2-eth4,796,4150,10,57,0,0,0,0
2026-01-21T12:21:47.006258+00:00,s2-eth5,796,3974,10,55,0,0,0,0
2026-01-21T12:21:47.050274+00:00,s1-eth1,47764,11717513,518,9903,0,0,103282,85
2026-01-21T12:21:47.050274+00:00,s1-eth2,20496007,46584,16922,497,0,0,0,0
2026-01-21T12:21:47.050274+00:00,s1-eth3,1498,4916,20,69,0,0,0,0
2026-01-21T12:21:47.050274+00:00,s1-eth4,1836,5180,24,73,0,0,0,0
2026-01-21T12:21:47.050274+00:00,s1-eth5,1638,5134,22,72,0,0,0,0
2026-01-21T12:21:47.050274+00:00,s2-eth1,11719997,47764,9905,518,0,0,0,0
2026-01-21T12:21:47.050274+00:00,s2-eth2,45718,11722043,491,9932,0,0,1242,1
2026-01-21T12:21:47.050274+00:00,s2-eth3,796,4150,10,57,0,0,0,0
2026-01-21T12:21:47.050274+00:00,s2-eth4,796,4150,10,57,0,0,0,0
2026-01-21T12:21:47.050274+00:00,s2-eth5,796,3974,10,55,0,0,0,0
2026-01-21T12:21:47.255015+00:00,s1-eth1,47862,11768533,519,9945,0,0,102040,84
2026-01-21T12:21:47.255015+00:00,s1-eth2,20588013,46682,16997,498,0,0,0,0
2026-01-21T12:21:47.255015+00:00,s1-eth3,1498,4916,20,69,0,0,0,0
2026-01-21T12:21:47.255015+00:00,s1-eth4,1836,5180,24,73,0,0,0,0
2026-01-21T12:21:47.255015+00:00,s1-eth5,1638,5134,22,72,0,0,0,0
2026-01-21T12:21:47.255015+00:00,s2-eth1,11771017,47862,9947,519,0,0,0,0
2026-01-21T12:21:47.255015+00:00,s2-eth2,45816,11773063,492,9974,0,0,0,0
2026-01-21T12:21:47.255015+00:00,s2-eth3,796,4150,10,57,0,0,0,0
2026-01-21T12:21:47.255015+00:00,s2-eth4,796,4150,10,57,0,0,0,0
2026-01-21T12:21:47.255015+00:00,s2-eth5,796,3974,10,55,0,0,0,0
2026-01-21T12:21:47.450178+00:00,s1-eth1,47960,11817069,520,9985,0,0,102040,84
2026-01-21T12:21:47.450178+00:00,s1-eth2,20677535,46780,17070,499,0,0,0,0
2026-01-21T12:21:47.450178+00:00,s1-eth3,1498,4916,20,69,0,0,0,0
2026-01-21T12:21:47.450178+00:00,s1-eth4,1836,5180,24,73,0,0,0,0
2026-01-21T12:21:47.450178+00:00,s1-eth5,1638,5134,22,72,0,0,0,0
2026-01-21T12:21:47.450178+00:00,s2-eth1,11819553,47960,9987,520,0,0,0,0
2026-01-21T12:21:47.450178+00:00,s2-eth2,45914,11822841,493,10015,0,0,0,0
2026-01-21T12:21:47.450178+00:00,s2-eth3,796,4150,10,57,0,0,0,0
2026-01-21T12:21:47.450178+00:00,s2-eth4,796,4150,10,57,0,0,0,0
2026-01-21T12:21:47.450178+00:00,s2-eth5,796,3974,10,55,0,0,0,0
2026-01-21T12:21:47.649832+00:00,s1-eth1,48058,11868089,521,10027,0,0,103282,85
2026-01-21T12:21:47.649832+00:00,s1-eth2,20767057,46878,17143,500,0,0,0,0
2026-01-21T12:21:47.649832+00:00,s1-eth3,1498,4916,20,69,0,0,0,0
2026-01-21T12:21:47.649832+00:00,s1-eth4,1836,5180,24,73,0,0,0,0
2026-01-21T12:21:47.649832+00:00,s1-eth5,1638,5134,22,72,0,0,0,0
2026-01-21T12:21:47.649832+00:00,s2-eth1,11870573,48058,10029,521,0,0,0,0
2026-01-21T12:21:47.649832+00:00,s2-eth2,46012,11872619,494,10056,0,0,1242,1
2026-01-21T12:21:47.649832+00:00,s2-eth3,796,4150,10,57,0,0,0,0
2026-01-21T12:21:47.649832+00:00,s2-eth4,796,4150,10,57,0,0,0,0
2026-01-21T12:21:47.649832+00:00,s2-eth5,796,3974,10,55,0,0,0,0
2026-01-21T12:21:47.850659+00:00,s1-eth1,48156,11917867,522,10068,0,0,103282,85
2026-01-21T12:21:47.850659+00:00,s1-eth2,20859063,46976,17218,501,0,0,0,0
2026-01-21T12:21:47.850659+00:00,s1-eth3,1498,4916,20,69,0,0,0,0
2026-01-21T12:21:47.850659+00:00,s1-eth4,1836,5180,24,73,0,0,0,0
2026-01-21T12:21:47.850659+00:00,s1-eth5,1638,5134,22,72,0,0,0,0
2026-01-21T12:21:47.850659+00:00,s2-eth1,11920351,48156,10070,522,0,0,0,0
2026-01-21T12:21:47.850659+00:00,s2-eth2,46110,11922397,495,10097,0,0,0,0
2026-01-21T12:21:47.850659+00:00,s2-eth3,796,4150,10,57,0,0,0,0
2026-01-21T12:21:47.850659+00:00,s2-eth4,796,4150,10,57,0,0,0,0
2026-01-21T12:21:47.850659+00:00,s2-eth5,796,3974,10,55,0,0,0,0
2026-01-21T12:21:48.050362+00:00,s1-eth1,48254,11967645,523,10109,0,0,103282,85
2026-01-21T12:21:48.050362+00:00,s1-eth2,20948585,47074,17292,502,0,0,0,0
2026-01-21T12:21:48.050362+00:00,s1-eth3,1498,4916,20,69,0,0,0,0
2026-01-21T12:21:48.050362+00:00,s1-eth4,1836,5180,24,73,0,0,0,0
2026-01-21T12:21:48.050362+00:00,s1-eth5,1638,5134,22,72,0,0,0,0
2026-01-21T12:21:48.050362+00:00,s2-eth1,11970129,48254,10111,523,0,0,0,0
2026-01-21T12:21:48.050362+00:00,s2-eth2,46208,11972175,496,10138,0,0,0,0
2026-01-21T12:21:48.050362+00:00,s2-eth3,796,4150,10,57,0,0,0,0
2026-01-21T12:21:48.050362+00:00,s2-eth4,796,4150,10,57,0,0,0,0
2026-01-21T12:21:48.050362+00:00,s2-eth5,796,3974,10,55,0,0,0,0
2026-01-21T12:21:48.250616+00:00,s1-eth1,48352,12017423,524,10150,0,0,102040,84
2026-01-21T12:21:48.250616+00:00,s1-eth2,21039349,47172,17365,503,0,0,0,0
2026-01-21T12:21:48.250616+00:00,s1-eth3,1498,4916,20,69,0,0,0,0
2026-01-21T12:21:48.250616+00:00,s1-eth4,1836,5180,24,73,0,0,0,0
2026-01-21T12:21:48.250616+00:00,s1-eth5,1638,5134,22,72,0,0,0,0
2026-01-21T12:21:48.250616+00:00,s2-eth1,12019907,48352,10152,524,0,0,0,0
2026-01-21T12:21:48.250616+00:00,s2-eth2,46306,12021953,497,10179,0,0,0,0
2026-01-21T12:21:48.250616+00:00,s2-eth3,796,4150,10,57,0,0,0,0
2026-01-21T12:21:48.250616+00:00,s2-eth4,796,4150,10,57,0,0,0,0
2026-01-21T12:21:48.250616+00:00,s2-eth5,796,3974,10,55,0,0,0,0
2026-01-21T12:21:48.449947+00:00,s1-eth1,48450,12067201,525,10191,0,0,102040,84
2026-01-21T12:21:48.449947+00:00,s1-eth2,21130113,47270,17439,504,0,0,0,0
2026-01-21T12:21:48.449947+00:00,s1-eth3,1498,4916,20,69,0,0,0,0
2026-01-21T12:21:48.449947+00:00,s1-eth4,1836,5180,24,73,0,0,0,0
2026-01-21T12:21:48.449947+00:00,s1-eth5,1638,5134,22,72,0,0,0,0
2026-01-21T12:21:48.449947+00:00,s2-eth1,12070927,48450,10194,525,0,0,0,0
2026-01-21T12:21:48.449947+00:00,s2-eth2,46404,12071731,498,10220,0,0,0,0
2026-01-21T12:21:48.449947+00:00,s2-eth3,796,4150,10,57,0,0,0,0
2026-01-21T12:21:48.449947+00:00,s2-eth4,796,4150,10,57,0,0,0,0
2026-01-21T12:21:48.449947+00:00,s2-eth5,796,3974,10,55,0,0,0,0
2026-01-21T12:21:48.728647+00:00,s1-eth1,48548,12136851,526,10248,0,0,102040,84
2026-01-21T12:21:48.728647+00:00,s1-eth2,21256895,47368,17542,505,0,0,0,0
2026-01-21T12:21:48.728647+00:00,s1-eth3,1498,4916,20,69,0,0,0,0
2026-01-21T12:21:48.728647+00:00,s1-eth4,1836,5180,24,73,0,0,0,0
2026-01-21T12:21:48.728647+00:00,s1-eth5,1638,5134,22,72,0,0,0,0
2026-01-21T12:21:48.728647+00:00,s2-eth1,12139335,48548,10250,526,0,0,0,0
2026-01-21T12:21:48.728647+00:00,s2-eth2,46502,12141381,499,10277,0,0,0,0
2026-01-21T12:21:48.728647+00:00,s2-eth3,796,4150,10,57,0,0,0,0
2026-01-21T12:21:48.728647+00:00,s2-eth4,796,4150,10,57,0,0,0,0
2026-01-21T12:21:48.728647+00:00,s2-eth5,796,3974,10,55,0,0,0,0
2026-01-21T12:21:48.851576+00:00,s1-eth1,48646,12167999,527,10274,0,0,103282,85
2026-01-21T12:21:48.851576+00:00,s1-eth2,21312883,47466,17588,506,0,0,0,0
2026-01-21T12:21:48.851576+00:00,s1-eth3,1498,4916,20,69,0,0,0,0
2026-01-21T12:21:48.851576+00:00,s1-eth4,1836,5180,24,73,0,0,0,0
2026-01-21T12:21:48.851576+00:00,s1-eth5,1638,5134,22,72,0,0,0,0
2026-01-21T12:21:48.851576+00:00,s2-eth1,12170483,48646,10276,527,0,0,0,0
2026-01-21T12:21:48.851576+00:00,s2-eth2,46600,12172529,500,10303,0,0,0,0
2026-01-21T12:21:48.851576+00:00,s2-eth3,796,4150,10,57,0,0,0,0
2026-01-21T12:21:48.851576+00:00,s2-eth4,796,4150,10,57,0,0,0,0
2026-01-21T12:21:48.851576+00:00,s2-eth5,796,3974,10,55,0,0,0,0
2026-01-21T12:21:49.055567+00:00,s1-eth1,48744,12219019,528,10316,0,0,103282,85
2026-01-21T12:21:49.055567+00:00,s1-eth2,21404889,47564,17663,507,0,0,0,0
2026-01-21T12:21:49.055567+00:00,s1-eth3,1498,4916,20,69,0,0,0,0
2026-01-21T12:21:49.055567+00:00,s1-eth4,1836,5180,24,73,0,0,0,0
2026-01-21T12:21:49.055567+00:00,s1-eth5,1638,5134,22,72,0,0,0,0
2026-01-21T12:21:49.055567+00:00,s2-eth1,12221503,48744,10318,528,0,0,0,0
2026-01-21T12:21:49.055567+00:00,s2-eth2,46698,12223549,501,10345,0,0,0,0
2026-01-21T12:21:49.055567+00:00,s2-eth3,796,4150,10,57,0,0,0,0
2026-01-21T12:21:49.055567+00:00,s2-eth4,796,4150,10,57,0,0,0,0
2026-01-21T12:21:49.055567+00:00,s2-eth5,796,3974,10,55,0,0,0,0
2026-01-21T12:21:49.250060+00:00,s1-eth1,48842,12267555,529,10356,0,0,103282,85
2026-01-21T12:21:49.250060+00:00,s1-eth2,21493169,47662,17735,508,0,0,0,0
2026-01-21T12:21:49.250060+00:00,s1-eth3,1498,4916,20,69,0,0,0,0
2026-01-21T12:21:49.250060+00:00,s1-eth4,1836,5180,24,73,0,0,0,0
2026-01-21T12:21:49.250060+00:00,s1-eth5,1638,5134,22,72,0,0,0,0
2026-01-21T12:21:49.250060+00:00,s2-eth1,12270039,48842,10358,529,0,0,0,0
2026-01-21T12:21:49.250060+00:00,s2-eth2,46796,12272085,502,10385,0,0,0,0
2026-01-21T12:21:49.250060+00:00,s2-eth3,796,4150,10,57,0,0,0,0
2026-01-21T12:21:49.250060+00:00,s2-eth4,796,4150,10,57,0,0,0,0
2026-01-21T12:21:49.250060+00:00,s2-eth5,796,3974,10,55,0,0,0,0
2026-01-21T12:21:49.449832+00:00,s1-eth1,48940,12317333,530,10397,0,0,103282,85
2026-01-21T12:21:49.449832+00:00,s1-eth2,21583933,47760,17809,509,0,0,0,0
2026-01-21T12:21:49.449832+00:00,s1-eth3,1498,4916,20,69,0,0,0,0
2026-01-21T12:21:49.449832+00:00,s1-eth4,1836,5180,24,73,0,0,0,0
2026-01-21T12:21:49.449832+00:00,s1-eth5,1638,5134,22,72,0,0,0,0
2026-01-21T12:21:49.449832+00:00,s2-eth1,12319817,48940,10399,530,0,0,0,0
2026-01-21T12:21:49.449832+00:00,s2-eth2,46894,12321863,503,10426,0,0,0,0
2026-01-21T12:21:49.449832+00:00,s2-eth3,796,4150,10,57,0,0,0,0
2026-01-21T12:21:49.449832+00:00,s2-eth4,796,4150,10,57,0,0,0,0
2026-01-21T12:21:49.449832+00:00,s2-eth5,796,3974,10,55,0,0,0,0
2026-01-21T12:21:49.650145+00:00,s1-eth1,49038,12367111,531,10438,0,0,103282,85
2026-01-21T12:21:49.650145+00:00,s1-eth2,21674697,47858,17883,510,0,0,0,0
2026-01-21T12:21:49.650145+00:00,s1-eth3,1498,4916,20,69,0,0,0,0
2026-01-21T12:21:49.650145+00:00,s1-eth4,1836,5180,24,73,0,0,0,0
2026-01-21T12:21:49.650145+00:00,s1-eth5,1638,5134,22,72,0,0,0,0
2026-01-21T12:21:49.650145+00:00,s2-eth1,12370837,49038,10441,531,0,0,0,0
2026-01-21T12:21:49.650145+00:00,s2-eth2,46992,12372883,504,10468,0,0,0,0
2026-01-21T12:21:49.650145+00:00,s2-eth3,796,4150,10,57,0,0,0,0
2026-01-21T12:21:49.650145+00:00,s2-eth4,796,4150,10,57,0,0,0,0
2026-01-21T12:21:49.650145+00:00,s2-eth5,796,3974,10,55,0,0,0,0
2026-01-21T12:21:49.864033+00:00,s1-eth1,49136,12420615,532,10482,0,0,102040,84
2026-01-21T12:21:49.864033+00:00,s1-eth2,21770429,47956,17961,511,0,0,0,0
2026-01-21T12:21:49.864033+00:00,s1-eth3,1498,4916,20,69,0,0,0,0
2026-01-21T12:21:49.864033+00:00,s1-eth4,1836,5180,24,73,0,0,0,0
2026-01-21T12:21:49.864033+00:00,s1-eth5,1638,5134,22,72,0,0,0,0
2026-01-21T12:21:49.864033+00:00,s2-eth1,12423099,49136,10484,532,0,0,0,0
2026-01-21T12:21:49.864033+00:00,s2-eth2,47090,12426387,505,10512,0,0,0,0
2026-01-21T12:21:49.864033+00:00,s2-eth3,796,4150,10,57,0,0,0,0
2026-01-21T12:21:49.864033+00:00,s2-eth4,796,4150,10,57,0,0,0,0
2026-01-21T12:21:49.864033+00:00,s2-eth5,796,3974,10,55,0,0,0,0
2026-01-21T12:21:50.052473+00:00,s1-eth1,49234,12467909,533,10521,0,0,103282,85
2026-01-21T12:21:50.052473+00:00,s1-eth2,21856225,48054,18031,512,0,0,0,0
2026-01-21T12:21:50.052473+00:00,s1-eth3,1498,4916,20,69,0,0,0,0
2026-01-21T12:21:50.052473+00:00,s1-eth4,1836,5180,24,73,0,0,0,0
2026-01-21T12:21:50.052473+00:00,s1-eth5,1638,5134,22,72,0,0,0,0
2026-01-21T12:21:50.052473+00:00,s2-eth1,12470393,49234,10523,533,0,0,0,0
2026-01-21T12:21:50.052473+00:00,s2-eth2,47188,12473681,506,10551,0,0,0,0
2026-01-21T12:21:50.052473+00:00,s2-eth3,796,4150,10,57,0,0,0,0
2026-01-21T12:21:50.052473+00:00,s2-eth4,796,4150,10,57,0,0,0,0
2026-01-21T12:21:50.052473+00:00,s2-eth5,796,3974,10,55,0,0,0,0
2026-01-21T12:21:50.299728+00:00,s1-eth1,49332,12530107,534,10572,0,0,103282,85
2026-01-21T12:21:50.299728+00:00,s1-eth2,21969345,48152,18123,513,0,0,0,0
2026-01-21T12:21:50.299728+00:00,s1-eth3,1498,4916,20,69,0,0,0,0
2026-01-21T12:21:50.299728+00:00,s1-eth4,1836,5180,24,73,0,0,0,0
2026-01-21T12:21:50.299728+00:00,s1-eth5,1638,5134,22,72,0,0,0,0
2026-01-21T12:21:50.299728+00:00,s2-eth1,12532591,49332,10574,534,0,0,0,0
2026-01-21T12:21:50.299728+00:00,s2-eth2,47286,12534637,507,10601,0,0,1242,1
2026-01-21T12:21:50.299728+00:00,s2-eth3,796,4150,10,57,0,0,0,0
2026-01-21T12:21:50.299728+00:00,s2-eth4,796,4150,10,57,0,0,0,0
2026-01-21T12:21:50.299728+00:00,s2-eth5,796,3974,10,55,0,0,0,0
2026-01-21T12:21:50.450305+00:00,s1-eth1,49430,12567465,535,10603,0,0,102040,84
2026-01-21T12:21:50.450305+00:00,s1-eth2,22036511,48250,18178,514,0,0,0,0
2026-01-21T12:21:50.450305+00:00,s1-eth3,1498,4916,20,69,0,0,0,0
2026-01-21T12:21:50.450305+00:00,s1-eth4,1836,5180,24,73,0,0,0,0
2026-01-21T12:21:50.450305+00:00,s1-eth5,1638,5134,22,72,0,0,0,0
2026-01-21T12:21:50.450305+00:00,s2-eth1,12569949,49430,10605,535,0,0,0,0
2026-01-21T12:21:50.450305+00:00,s2-eth2,47384,12571995,508,10632,0,0,0,0
2026-01-21T12:21:50.450305+00:00,s2-eth3,796,4150,10,57,0,0,0,0
2026-01-21T12:21:50.450305+00:00,s2-eth4,796,4150,10,57,0,0,0,0
2026-01-21T12:21:50.450305+00:00,s2-eth5,796,3974,10,55,0,0,0,0
2026-01-21T12:21:50.650794+00:00,s1-eth1,49528,12617243,536,10644,0,0,102040,84
2026-01-21T12:21:50.650794+00:00,s1-eth2,22127275,48348,18252,515,0,0,0,0
2026-01-21T12:21:50.650794+00:00,s1-eth3,1498,4916,20,69,0,0,0,0
2026-01-21T12:21:50.650794+00:00,s1-eth4,1836,5180,24,73,0,0,0,0
2026-01-21T12:21:50.650794+00:00,s1-eth5,1638,5134,22,72,0,0,0,0
2026-01-21T12:21:50.650794+00:00,s2-eth1,12619727,49528,10646,536,0,0,0,0
2026-01-21T12:21:50.650794+00:00,s2-eth2,47482,12621773,509,10673,0,0,0,0
2026-01-21T12:21:50.650794+00:00,s2-eth3,796,4150,10,57,0,0,0,0
2026-01-21T12:21:50.650794+00:00,s2-eth4,796,4150,10,57,0,0,0,0
2026-01-21T12:21:50.650794+00:00,s2-eth5,796,3974,10,55,0,0,0,0
2026-01-21T12:21:50.850323+00:00,s1-eth1,49626,12668263,537,10686,0,0,103226,85
2026-01-21T12:21:50.850323+00:00,s1-eth2,22217983,48446,18326,516,0,0,0,0
2026-01-21T12:21:50.850323+00:00,s1-eth3,1498,4916,20,69,0,0,0,0
2026-01-21T12:21:50.850323+00:00,s1-eth4,1836,5180,24,73,0,0,0,0
2026-01-21T12:21:50.850323+00:00,s1-eth5,1638,5134,22,72,0,0,0,0
2026-01-21T12:21:50.850323+00:00,s2-eth1,12670747,49626,10688,537,0,0,0,0
2026-01-21T12:21:50.850323+00:00,s2-eth2,47580,12672793,510,10715,0,0,0,0
2026-01-21T12:21:50.850323+00:00,s2-eth3,796,4150,10,57,0,0,0,0
2026-01-21T12:21:50.850323+00:00,s2-eth4,796,4150,10,57,0,0,0,0
2026-01-21T12:21:50.850323+00:00,s2-eth5,796,3974,10,55,0,0,0,0
2026-01-21T12:21:51.049855+00:00,s1-eth1,49626,12717943,537,10726,0,0,103324,86
2026-01-21T12:21:51.049855+00:00,s1-eth2,22308747,48446,18400,516,0,0,0,0
2026-01-21T12:21:51.049855+00:00,s1-eth3,1498,4916,20,69,0,0,0,0
2026-01-21T12:21:51.049855+00:00,s1-eth4,1836,5180,24,73,0,0,0,0
2026-01-21T12:21:51.049855+00:00,s1-eth5,1638,5134,22,72,0,0,0,0
2026-01-21T12:21:51.049855+00:00,s2-eth1,12720525,49626,10729,537,0,0,0,0
2026-01-21T12:21:51.049855+00:00,s2-eth2,47720,12722571,512,10756,0,0,0,0
2026-01-21T12:21:51.049855+00:00,s2-eth3,796,4150,10,57,0,0,0,0
2026-01-21T12:21:51.049855+00:00,s2-eth4,796,4150,10,57,0,0,0,0
2026-01-21T12:21:51.049855+00:00,s2-eth5,796,3974,10,55,0,0,0,0
2026-01-21T12:21:51.251424+00:00,s1-eth1,49808,12767763,540,10768,0,0,102082,85
2026-01-21T12:21:51.251424+00:00,s1-eth2,22399553,48628,18475,519,0,0,0,0
2026-01-21T12:21:51.251424+00:00,s1-eth3,1498,4916,20,69,0,0,0,0
2026-01-21T12:21:51.251424+00:00,s1-eth4,1836,5180,24,73,0,0,0,0
2026-01-21T12:21:51.251424+00:00,s1-eth5,1638,5134,22,72,0,0,0,0
2026-01-21T12:21:51.251424+00:00,s2-eth1,12770247,49808,10770,540,0,0,0,0
2026-01-21T12:21:51.251424+00:00,s2-eth2,47762,12772293,513,10797,0,0,1340,2
2026-01-21T12:21:51.251424+00:00,s2-eth3,796,4150,10,57,0,0,0,0
2026-01-21T12:21:51.251424+00:00,s2-eth4,796,4150,10,57,0,0,0,0
2026-01-21T12:21:51.251424+00:00,s2-eth5,796,3974,10,55,0,0,0,0
2026-01-21T12:21:51.451780+00:00,s1-eth1,49906,12817541,541,10809,0,0,102082,85
2026-01-21T12:21:51.451780+00:00,s1-eth2,22491559,48726,18550,520,0,0,0,0
2026-01-21T12:21:51.451780+00:00,s1-eth3,1498,4916,20,69,0,0,0,0
2026-01-21T12:21:51.451780+00:00,s1-eth4,1836,5180,24,73,0,0,0,0
2026-01-21T12:21:51.451780+00:00,s1-eth5,1638,5134,22,72,0,0,0,0
2026-01-21T12:21:51.451780+00:00,s2-eth1,12820025,49906,10811,541,0,0,0,0
2026-01-21T12:21:51.451780+00:00,s2-eth2,47860,12822071,514,10838,0,0,0,0
2026-01-21T12:21:51.451780+00:00,s2-eth3,796,4150,10,57,0,0,0,0
2026-01-21T12:21:51.451780+00:00,s2-eth4,796,4150,10,57,0,0,0,0
2026-01-21T12:21:51.451780+00:00,s2-eth5,796,3974,10,55,0,0,0,0
2026-01-21T12:21:51.755113+00:00,s1-eth1,50102,12893541,543,10873,0,0,102040,84
2026-01-21T12:21:51.755113+00:00,s1-eth2,22628375,48922,18662,522,0,0,0,0
2026-01-21T12:21:51.755113+00:00,s1-eth3,1498,4916,20,69,0,0,0,0
2026-01-21T12:21:51.755113+00:00,s1-eth4,1836,5180,24,73,0,0,0,0
2026-01-21T12:21:51.755113+00:00,s1-eth5,1638,5134,22,72,0,0,0,0
2026-01-21T12:21:51.755113+00:00,s2-eth1,12897267,50102,10876,543,0,0,0,0
2026-01-21T12:21:51.755113+00:00,s2-eth2,48056,12899313,516,10903,0,0,1242,1
2026-01-21T12:21:51.755113+00:00,s2-eth3,796,4150,10,57,0,0,0,0
2026-01-21T12:21:51.755113+00:00,s2-eth4,796,4150,10,57,0,0,0,0
2026-01-21T12:21:51.755113+00:00,s2-eth5,796,3974,10,55,0,0,0,0
2026-01-21T12:21:51.868527+00:00,s1-eth1,50102,12922107,543,10896,0,0,103282,85
2026-01-21T12:21:51.868527+00:00,s1-eth2,22679297,48922,18703,522,0,0,0,0
2026-01-21T12:21:51.868527+00:00,s1-eth3,1498,4916,20,69,0,0,0,0
2026-01-21T12:21:51.868527+00:00,s1-eth4,1836,5180,24,73,0,0,0,0
2026-01-21T12:21:51.868527+00:00,s1-eth5,1638,5134,22,72,0,0,0,0
2026-01-21T12:21:51.868527+00:00,s2-eth1,12924591,50102,10898,543,0,0,0,0
2026-01-21T12:21:51.868527+00:00,s2-eth2,48056,12926637,516,10925,0,0,1242,1
2026-01-21T12:21:51.868527+00:00,s2-eth3,796,4150,10,57,0,0,0,0
2026-01-21T12:21:51.868527+00:00,s2-eth4,796,4150,10,57,0,0,0,0
2026-01-21T12:21:51.868527+00:00,s2-eth5,796,3974,10,55,0,0,0,0
2026-01-21T12:21:52.126870+00:00,s1-eth1,50298,12986887,545,10950,0,0,100798,83
2026-01-21T12:21:52.126870+00:00,s1-eth2,22777611,49118,18784,524,0,0,0,0
2026-01-21T12:21:52.126870+00:00,s1-eth3,1498,4916,20,69,0,0,0,0
2026-01-21T12:21:52.126870+00:00,s1-eth4,1836,5180,24,73,0,0,0,0
2026-01-21T12:21:52.126870+00:00,s1-eth5,1638,5134,22,72,0,0,0,0
2026-01-21T12:21:52.126870+00:00,s2-eth1,12989371,50298,10952,545,0,0,0,0
2026-01-21T12:21:52.126870+00:00,s2-eth2,48252,12991417,518,10979,0,0,0,0
2026-01-21T12:21:52.126870+00:00,s2-eth3,796,4150,10,57,0,0,0,0
2026-01-21T12:21:52.126870+00:00,s2-eth4,796,4150,10,57,0,0,0,0
2026-01-21T12:21:52.126870+00:00,s2-eth5,796,3974,10,55,0,0,0,0
2026-01-21T12:21:52.252848+00:00,s1-eth1,50298,13017937,545,10975,0,0,102040,84
2026-01-21T12:21:52.252848+00:00,s1-eth2,22853373,49118,18845,524,0,0,0,0
2026-01-21T12:21:52.252848+00:00,s1-eth3,1498,4916,20,69,0,0,0,0
2026-01-21T12:21:52.252848+00:00,s1-eth4,1836,5180,24,73,0,0,0,0
2026-01-21T12:21:52.252848+00:00,s1-eth5,1638,5134,22,72,0,0,0,0
2026-01-21T12:21:52.252848+00:00,s2-eth1,13020421,50298,10977,545,0,0,0,0
2026-01-21T12:21:52.252848+00:00,s2-eth2,48252,13022467,518,11004,0,0,0,0
2026-01-21T12:21:52.252848+00:00,s2-eth3,796,4150,10,57,0,0,0,0
2026-01-21T12:21:52.252848+00:00,s2-eth4,796,4150,10,57,0,0,0,0
2026-01-21T12:21:52.252848+00:00,s2-eth5,796,3974,10,55,0,0,0,0
2026-01-21T12:21:52.450421+00:00,s1-eth1,50396,13067715,546,11016,0,0,103282,85
2026-01-21T12:21:52.450421+00:00,s1-eth2,22942895,49216,18918,525,0,0,0,0
2026-01-21T12:21:52.450421+00:00,s1-eth3,1498,4916,20,69,0,0,0,0
2026-01-21T12:21:52.450421+00:00,s1-eth4,1836,5180,24,73,0,0,0,0
2026-01-21T12:21:52.450421+00:00,s1-eth5,1638,5134,22,72,0,0,0,0
2026-01-21T12:21:52.450421+00:00,s2-eth1,13070199,50396,11018,546,0,0,0,0
2026-01-21T12:21:52.450421+00:00,s2-eth2,48350,13072245,519,11045,0,0,0,0
2026-01-21T12:21:52.450421+00:00,s2-eth3,796,4150,10,57,0,0,0,0
2026-01-21T12:21:52.450421+00:00,s2-eth4,796,4150,10,57,0,0,0,0
2026-01-21T12:21:52.450421+00:00,s2-eth5,796,3974,10,55,0,0,0,0
2026-01-21T12:21:52.717132+00:00,s1-eth1,50494,13134881,547,11071,0,0,103184,84
2026-01-21T12:21:52.717132+00:00,s1-eth2,23064709,49314,19017,526,0,0,98,1
2026-01-21T12:21:52.717132+00:00,s1-eth3,1498,4916,20,69,0,0,0,0
2026-01-21T12:21:52.717132+00:00,s1-eth4,1836,5180,24,73,0,0,0,0
2026-01-21T12:21:52.717132+00:00,s1-eth5,1638,5134,22,72,0,0,0,0
2026-01-21T12:21:52.717132+00:00,s2-eth1,13137463,50592,11074,548,0,0,0,0
2026-01-21T12:21:52.717132+00:00,s2-eth2,48546,13139509,521,11101,0,0,0,0
2026-01-21T12:21:52.717132+00:00,s2-eth3,796,4150,10,57,0,0,0,0
2026-01-21T12:21:52.717132+00:00,s2-eth4,796,4150,10,57,0,0,0,0
2026-01-21T12:21:52.717132+00:00,s2-eth5,796,3974,10,55,0,0,0,0
2026-01-21T12:21:52.850374+00:00,s1-eth1,50592,13167271,548,11098,0,0,102040,84
2026-01-21T12:21:52.850374+00:00,s1-eth2,23124423,49412,19066,527,0,0,0,0
2026-01-21T12:21:52.850374+00:00,s1-eth3,1498,4916,20,69,0,0,0,0
2026-01-21T12:21:52.850374+00:00,s1-eth4,1836,5180,24,73,0,0,0,0
2026-01-21T12:21:52.850374+00:00,s1-eth5,1638,5134,22,72,0,0,0,0
2026-01-21T12:21:52.850374+00:00,s2-eth1,13169755,50592,11100,548,0,0,0,0
2026-01-21T12:21:52.850374+00:00,s2-eth2,48546,13171801,521,11127,0,0,0,0
2026-01-21T12:21:52.850374+00:00,s2-eth3,796,4150,10,57,0,0,0,0
2026-01-21T12:21:52.850374+00:00,s2-eth4,796,4150,10,57,0,0,0,0
2026-01-21T12:21:52.850374+00:00,s2-eth5,796,3974,10,55,0,0,0,0
2026-01-21T12:21:53.050026+00:00,s1-eth1,50690,13217049,549,11139,0,0,103282,85
2026-01-21T12:21:53.050026+00:00,s1-eth2,23215187,49510,19140,528,0,0,0,0
2026-01-21T12:21:53.050026+00:00,s1-eth3,1498,4916,20,69,0,0,0,0
2026-01-21T12:21:53.050026+00:00,s1-eth4,1836,5180,24,73,0,0,0,0
2026-01-21T12:21:53.050026+00:00,s1-eth5,1638,5134,22,72,0,0,0,0
2026-01-21T12:21:53.050026+00:00,s2-eth1,13219533,50690,11141,549,0,0,0,0
2026-01-21T12:21:53.050026+00:00,s2-eth2,48644,13222821,522,11169,0,0,0,0
2026-01-21T12:21:53.050026+00:00,s2-eth3,796,4150,10,57,0,0,0,0
2026-01-21T12:21:53.050026+00:00,s2-eth4,796,4150,10,57,0,0,0,0
2026-01-21T12:21:53.050026+00:00,s2-eth5,796,3974,10,55,0,0,0,0
2026-01-21T12:21:53.249863+00:00,s1-eth1,50788,13268069,550,11181,0,0,103282,85
2026-01-21T12:21:53.249863+00:00,s1-eth2,23305951,49608,19214,529,0,0,0,0
2026-01-21T12:21:53.249863+00:00,s1-eth3,1498,4916,20,69,0,0,0,0
2026-01-21T12:21:53.249863+00:00,s1-eth4,1836,5180,24,73,0,0,0,0
2026-01-21T12:21:53.249863+00:00,s1-eth5,1638,5134,22,72,0,0,0,0
2026-01-21T12:21:53.249863+00:00,s2-eth1,13270553,50788,11183,550,0,0,0,0
2026-01-21T12:21:53.249863+00:00,s2-eth2,48742,13272599,523,11210,0,0,0,0
2026-01-21T12:21:53.249863+00:00,s2-eth3,796,4150,10,57,0,0,0,0
2026-01-21T12:21:53.249863+00:00,s2-eth4,796,4150,10,57,0,0,0,0
2026-01-21T12:21:53.249863+00:00,s2-eth5,796,3974,10,55,0,0,0,0
2026-01-21T12:21:53.455725+00:00,s1-eth1,50886,13319089,551,11223,0,0,103282,85
2026-01-21T12:21:53.455725+00:00,s1-eth2,23399199,49706,19290,530,0,0,0,0
2026-01-21T12:21:53.455725+00:00,s1-eth3,1498,4916,20,69,0,0,0,0
2026-01-21T12:21:53.455725+00:00,s1-eth4,1836,5180,24,73,0,0,0,0
2026-01-21T12:21:53.455725+00:00,s1-eth5,1638,5134,22,72,0,0,0,0
2026-01-21T12:21:53.455725+00:00,s2-eth1,13321573,50886,11225,551,0,0,0,0
2026-01-21T12:21:53.455725+00:00,s2-eth2,48840,13323619,524,11252,0,0,1242,1
2026-01-21T12:21:53.455725+00:00,s2-eth3,796,4150,10,57,0,0,0,0
2026-01-21T12:21:53.455725+00:00,s2-eth4,796,4150,10,57,0,0,0,0
2026-01-21T12:21:53.455725+00:00,s2-eth5,796,3974,10,55,0,0,0,0
2026-01-21T12:21:53.659768+00:00,s1-eth1,50984,13370109,552,11265,0,0,103282,85
2026-01-21T12:21:53.659768+00:00,s1-eth2,23492447,49804,19366,531,0,0,0,0
2026-01-21T12:21:53.659768+00:00,s1-eth3,1498,4916,20,69,0,0,0,0
2026-01-21T12:21:53.659768+00:00,s1-eth4,1836,5180,24,73,0,0,0,0
2026-01-21T12:21:53.659768+00:00,s1-eth5,1638,5134,22,72,0,0,0,0
2026-01-21T12:21:53.659768+00:00,s2-eth1,13372593,50984,11267,552,0,0,0,0
2026-01-21T12:21:53.659768+00:00,s2-eth2,48938,13374639,525,11294,0,0,1242,1
2026-01-21T12:21:53.659768+00:00,s2-eth3,796,4150,10,57,0,0,0,0
2026-01-21T12:21:53.659768+00:00,s2-eth4,796,4150,10,57,0,0,0,0
2026-01-21T12:21:53.659768+00:00,s2-eth5,796,3974,10,55,0,0,0,0
2026-01-21T12:21:53.859094+00:00,s1-eth1,51082,13419887,553,11306,0,0,103282,85
2026-01-21T12:21:53.859094+00:00,s1-eth2,23581969,49902,19439,532,0,0,0,0
2026-01-21T12:21:53.859094+00:00,s1-eth3,1498,4916,20,69,0,0,0,0
2026-01-21T12:21:53.859094+00:00,s1-eth4,1836,5180,24,73,0,0,0,0
2026-01-21T12:21:53.859094+00:00,s1-eth5,1638,5134,22,72,0,0,0,0
2026-01-21T12:21:53.859094+00:00,s2-eth1,13422371,51082,11308,553,0,0,0,0
2026-01-21T12:21:53.859094+00:00,s2-eth2,49036,13424417,526,11335,0,0,1242,1
2026-01-21T12:21:53.859094+00:00,s2-eth3,796,4150,10,57,0,0,0,0
2026-01-21T12:21:53.859094+00:00,s2-eth4,796,4150,10,57,0,0,0,0
2026-01-21T12:21:53.859094+00:00,s2-eth5,796,3974,10,55,0,0,0,0
2026-01-21T12:21:54.067797+00:00,s1-eth1,51180,13472149,554,11349,0,0,103282,85
2026-01-21T12:21:54.067797+00:00,s1-eth2,23676459,50000,19516,533,0,0,0,0
2026-01-21T12:21:54.067797+00:00,s1-eth3,1498,4916,20,69,0,0,0,0
2026-01-21T12:21:54.067797+00:00,s1-eth4,1836,5180,24,73,0,0,0,0
2026-01-21T12:21:54.067797+00:00,s1-eth5,1638,5134,22,72,0,0,0,0
2026-01-21T12:21:54.067797+00:00,s2-eth1,13474633,51180,11351,554,0,0,0,0
2026-01-21T12:21:54.067797+00:00,s2-eth2,49134,13476679,527,11378,0,0,1242,1
2026-01-21T12:21:54.067797+00:00,s2-eth3,796,4150,10,57,0,0,0,0
2026-01-21T12:21:54.067797+00:00,s2-eth4,796,4150,10,57,0,0,0,0
2026-01-21T12:21:54.067797+00:00,s2-eth5,796,3974,10,55,0,0,0,0
2026-01-21T12:21:54.289685+00:00,s1-eth1,51278,13526895,555,11394,0,0,103282,85
2026-01-21T12:21:54.289685+00:00,s1-eth2,23777159,50098,19598,534,0,0,0,0
2026-01-21T12:21:54.289685+00:00,s1-eth3,1498,4916,20,69,0,0,0,0
2026-01-21T12:21:54.289685+00:00,s1-eth4,1836,5180,24,73,0,0,0,0
2026-01-21T12:21:54.289685+00:00,s1-eth5,1638,5134,22,72,0,0,0,0
2026-01-21T12:21:54.289685+00:00,s2-eth1,13530621,51278,11397,555,0,0,0,0
2026-01-21T12:21:54.289685+00:00,s2-eth2,49232,13533909,528,11425,0,0,0,0
2026-01-21T12:21:54.289685+00:00,s2-eth3,796,4150,10,57,0,0,0,0
2026-01-21T12:21:54.289685+00:00,s2-eth4,796,4150,10,57,0,0,0,0
2026-01-21T12:21:54.289685+00:00,s2-eth5,796,3974,10,55,0,0,0,0
2026-01-21T12:21:54.449847+00:00,s1-eth1,51376,13567979,556,11428,0,0,103282,85
2026-01-21T12:21:54.449847+00:00,s1-eth2,23850535,50196,19658,535,0,0,0,0
2026-01-21T12:21:54.449847+00:00,s1-eth3,1498,4916,20,69,0,0,0,0
2026-01-21T12:21:54.449847+00:00,s1-eth4,1836,5180,24,73,0,0,0,0
2026-01-21T12:21:54.449847+00:00,s1-eth5,1638,5134,22,72,0,0,0,0
2026-01-21T12:21:54.449847+00:00,s2-eth1,13570463,51376,11430,556,0,0,0,0
2026-01-21T12:21:54.449847+00:00,s2-eth2,49330,13572509,529,11457,0,0,1242,1
2026-01-21T12:21:54.449847+00:00,s2-eth3,796,4150,10,57,0,0,0,0
2026-01-21T12:21:54.449847+00:00,s2-eth4,796,4150,10,57,0,0,0,0
2026-01-21T12:21:54.449847+00:00,s2-eth5,796,3974,10,55,0,0,0,0
2026-01-21T12:21:54.667843+00:00,s1-eth1,51474,13621483,557,11472,0,0,103282,85
2026-01-21T12:21:54.667843+00:00,s1-eth2,23948751,50294,19738,536,0,0,0,0
2026-01-21T12:21:54.667843+00:00,s1-eth3,1498,4916,20,69,0,0,0,0
2026-01-21T12:21:54.667843+00:00,s1-eth4,1836,5180,24,73,0,0,0,0
2026-01-21T12:21:54.667843+00:00,s1-eth5,1638,5134,22,72,0,0,0,0
2026-01-21T12:21:54.667843+00:00,s2-eth1,13625209,51474,11475,557,0,0,0,0
2026-01-21T12:21:54.667843+00:00,s2-eth2,49428,13627255,530,11502,0,0,0,0
2026-01-21T12:21:54.667843+00:00,s2-eth3,796,4150,10,57,0,0,0,0
2026-01-21T12:21:54.667843+00:00,s2-eth4,796,4150,10,57,0,0,0,0
2026-01-21T12:21:54.667843+00:00,s2-eth5,796,3974,10,55,0,0,0,0
2026-01-21T12:21:54.876360+00:00,s1-eth1,51572,13673745,558,11515,0,0,103282,85
2026-01-21T12:21:54.876360+00:00,s1-eth2,24043241,50392,19815,537,0,0,0,0
2026-01-21T12:21:54.876360+00:00,s1-eth3,1498,4916,20,69,0,0,0,0
2026-01-21T12:21:54.876360+00:00,s1-eth4,1836,5180,24,73,0,0,0,0
2026-01-21T12:21:54.876360+00:00,s1-eth5,1638,5134,22,72,0,0,0,0
2026-01-21T12:21:54.876360+00:00,s2-eth1,13676229,51572,11517,558,0,0,0,0
2026-01-21T12:21:54.876360+00:00,s2-eth2,49526,13678275,531,11544,0,0,0,0
2026-01-21T12:21:54.876360+00:00,s2-eth3,796,4150,10,57,0,0,0,0
2026-01-21T12:21:54.876360+00:00,s2-eth4,796,4150,10,57,0,0,0,0
2026-01-21T12:21:54.876360+00:00,s2-eth5,796,3974,10,55,0,0,0,0
2026-01-21T12:21:55.063529+00:00,s1-eth1,51670,13721039,559,11554,0,0,103282,85
2026-01-21T12:21:55.063529+00:00,s1-eth2,24127795,50490,19884,538,0,0,0,0
2026-01-21T12:21:55.063529+00:00,s1-eth3,1498,4916,20,69,0,0,0,0
2026-01-21T12:21:55.063529+00:00,s1-eth4,1836,5180,24,73,0,0,0,0
2026-01-21T12:21:55.063529+00:00,s1-eth5,1638,5134,22,72,0,0,0,0
2026-01-21T12:21:55.063529+00:00,s2-eth1,13723523,51670,11556,559,0,0,0,0
2026-01-21T12:21:55.063529+00:00,s2-eth2,49624,13725569,532,11583,0,0,1242,1
2026-01-21T12:21:55.063529+00:00,s2-eth3,796,4150,10,57,0,0,0,0
2026-01-21T12:21:55.063529+00:00,s2-eth4,796,4150,10,57,0,0,0,0
2026-01-21T12:21:55.063529+00:00,s2-eth5,796,3974,10,55,0,0,0,0
2026-01-21T12:21:55.259932+00:00,s1-eth1,51768,13769575,560,11594,0,0,103282,85
2026-01-21T12:21:55.259932+00:00,s1-eth2,24217317,50588,19957,539,0,0,0,0
2026-01-21T12:21:55.259932+00:00,s1-eth3,1498,4916,20,69,0,0,0,0
2026-01-21T12:21:55.259932+00:00,s1-eth4,1836,5180,24,73,0,0,0,0
2026-01-21T12:21:55.259932+00:00,s1-eth5,1638,5134,22,72,0,0,0,0
2026-01-21T12:21:55.259932+00:00,s2-eth1,13772059,51768,11596,560,0,0,0,0
2026-01-21T12:21:55.259932+00:00,s2-eth2,49722,13775347,533,11624,0,0,0,0
2026-01-21T12:21:55.259932+00:00,s2-eth3,796,4150,10,57,0,0,0,0
2026-01-21T12:21:55.259932+00:00,s2-eth4,796,4150,10,57,0,0,0,0
2026-01-21T12:21:55.259932+00:00,s2-eth5,796,3974,10,55,0,0,0,0
2026-01-21T12:21:55.452185+00:00,s1-eth1,51866,13818111,561,11634,0,0,103282,85
2026-01-21T12:21:55.452185+00:00,s1-eth2,24304355,50686,20028,540,0,0,0,0
2026-01-21T12:21:55.452185+00:00,s1-eth3,1498,4916,20,69,0,0,0,0
2026-01-21T12:21:55.452185+00:00,s1-eth4,1836,5180,24,73,0,0,0,0
2026-01-21T12:21:55.452185+00:00,s1-eth5,1638,5134,22,72,0,0,0,0
2026-01-21T12:21:55.452185+00:00,s2-eth1,13820595,51866,11636,561,0,0,0,0
2026-01-21T12:21:55.452185+00:00,s2-eth2,49820,13822641,534,11663,0,0,1242,1
2026-01-21T12:21:55.452185+00:00,s2-eth3,796,4150,10,57,0,0,0,0
2026-01-21T12:21:55.452185+00:00,s2-eth4,796,4150,10,57,0,0,0,0
2026-01-21T12:21:55.452185+00:00,s2-eth5,796,3974,10,55,0,0,0,0
2026-01-21T12:21:55.649969+00:00,s1-eth1,51964,13867889,562,11675,0,0,103282,85
2026-01-21T12:21:55.649969+00:00,s1-eth2,24393877,50784,20101,541,0,0,0,0
2026-01-21T12:21:55.649969+00:00,s1-eth3,1498,4916,20,69,0,0,0,0
2026-01-21T12:21:55.649969+00:00,s1-eth4,1836,5180,24,73,0,0,0,0
2026-01-21T12:21:55.649969+00:00,s1-eth5,1638,5134,22,72,0,0,0,0
2026-01-21T12:21:55.649969+00:00,s2-eth1,13870373,51964,11677,562,0,0,0,0
2026-01-21T12:21:55.649969+00:00,s2-eth2,49918,13871177,535,11703,0,0,1242,1
2026-01-21T12:21:55.649969+00:00,s2-eth3,796,4150,10,57,0,0,0,0
2026-01-21T12:21:55.649969+00:00,s2-eth4,796,4150,10,57,0,0,0,0
2026-01-21T12:21:55.649969+00:00,s2-eth5,796,3974,10,55,0,0,0,0
2026-01-21T12:21:55.914743+00:00,s1-eth1,52062,13933813,563,11729,0,0,103282,85
2026-01-21T12:21:55.914743+00:00,s1-eth2,24514449,50882,20199,542,0,0,0,0
2026-01-21T12:21:55.914743+00:00,s1-eth3,1498,4916,20,69,0,0,0,0
2026-01-21T12:21:55.914743+00:00,s1-eth4,1836,5180,24,73,0,0,0,0
2026-01-21T12:21:55.914743+00:00,s1-eth5,1638,5134,22,72,0,0,0,0
2026-01-21T12:21:55.914743+00:00,s2-eth1,13936297,52062,11731,563,0,0,0,0
2026-01-21T12:21:55.914743+00:00,s2-eth2,50016,13938343,536,11758,0,0,1242,1
2026-01-21T12:21:55.914743+00:00,s2-eth3,796,4150,10,57,0,0,0,0
2026-01-21T12:21:55.914743+00:00,s2-eth4,796,4150,10,57,0,0,0,0
2026-01-21T12:21:55.914743+00:00,s2-eth5,796,3974,10,55,0,0,0,0
2026-01-21T12:21:56.055716+00:00,s1-eth1,52160,13968687,564,11758,0,0,103282,85
2026-01-21T12:21:56.055716+00:00,s1-eth2,24577889,50980,20251,543,0,0,0,0
2026-01-21T12:21:56.055716+00:00,s1-eth3,1498,4916,20,69,0,0,0,0
2026-01-21T12:21:56.055716+00:00,s1-eth4,1836,5180,24,73,0,0,0,0
2026-01-21T12:21:56.055716+00:00,s1-eth5,1638,5134,22,72,0,0,0,0
2026-01-21T12:21:56.055716+00:00,s2-eth1,13971171,52160,11760,564,0,0,0,0
2026-01-21T12:21:56.055716+00:00,s2-eth2,50114,13974459,537,11788,0,0,0,0
2026-01-21T12:21:56.055716+00:00,s2-eth3,796,4150,10,57,0,0,0,0
2026-01-21T12:21:56.055716+00:00,s2-eth4,796,4150,10,57,0,0,0,0
2026-01-21T12:21:56.055716+00:00,s2-eth5,796,3974,10,55,0,0,0,0
2026-01-21T12:21:56.252405+00:00,s1-eth1,52258,14018465,565,11799,0,0,103282,85
2026-01-21T12:21:56.252405+00:00,s1-eth2,24667411,51078,20324,544,0,0,0,0
2026-01-21T12:21:56.252405+00:00,s1-eth3,1498,4916,20,69,0,0,0,0
2026-01-21T12:21:56.252405+00:00,s1-eth4,1836,5180,24,73,0,0,0,0
2026-01-21T12:21:56.252405+00:00,s1-eth5,1638,5134,22,72,0,0,0,0
2026-01-21T12:21:56.252405+00:00,s2-eth1,14020949,52258,11801,565,0,0,0,0
2026-01-21T12:21:56.252405+00:00,s2-eth2,50212,14022995,538,11828,0,0,0,0
2026-01-21T12:21:56.252405+00:00,s2-eth3,796,4150,10,57,0,0,0,0
2026-01-21T12:21:56.252405+00:00,s2-eth4,796,4150,10,57,0,0,0,0
2026-01-21T12:21:56.252405+00:00,s2-eth5,796,3974,10,55,0,0,0,0
2026-01-21T12:21:56.455265+00:00,s1-eth1,52356,14068243,566,11840,0,0,102040,84
2026-01-21T12:21:56.455265+00:00,s1-eth2,24758175,51176,20398,545,0,0,0,0
2026-01-21T12:21:56.455265+00:00,s1-eth3,1498,4916,20,69,0,0,0,0
2026-01-21T12:21:56.455265+00:00,s1-eth4,1836,5180,24,73,0,0,0,0
2026-01-21T12:21:56.455265+00:00,s1-eth5,1638,5134,22,72,0,0,0,0
2026-01-21T12:21:56.455265+00:00,s2-eth1,14071969,52356,11843,566,0,0,0,0
2026-01-21T12:21:56.455265+00:00,s2-eth2,50310,14074015,539,11870,0,0,0,0
2026-01-21T12:21:56.455265+00:00,s2-eth3,796,4150,10,57,0,0,0,0
2026-01-21T12:21:56.455265+00:00,s2-eth4,796,4150,10,57,0,0,0,0
2026-01-21T12:21:56.455265+00:00,s2-eth5,796,3974,10,55,0,0,0,0
2026-01-21T12:21:56.650873+00:00,s1-eth1,52356,14118021,566,11881,0,0,103282,85
2026-01-21T12:21:56.650873+00:00,s1-eth2,24847697,51274,20471,546,0,0,0,0
2026-01-21T12:21:56.650873+00:00,s1-eth3,1498,4916,20,69,0,0,0,0
2026-01-21T12:21:56.650873+00:00,s1-eth4,1836,5180,24,73,0,0,0,0
2026-01-21T12:21:56.650873+00:00,s1-eth5,1638,5134,22,72,0,0,0,0
2026-01-21T12:21:56.650873+00:00,s2-eth1,14120505,52454,11883,567,0,0,0,0
2026-01-21T12:21:56.650873+00:00,s2-eth2,50408,14122551,540,11910,0,0,0,0
2026-01-21T12:21:56.650873+00:00,s2-eth3,796,4150,10,57,0,0,0,0
2026-01-21T12:21:56.650873+00:00,s2-eth4,796,4150,10,57,0,0,0,0
2026-01-21T12:21:56.650873+00:00,s2-eth5,796,3974,10,55,0,0,0,0
2026-01-21T12:21:56.861156+00:00,s1-eth1,52552,14169041,568,11923,0,0,103282,85
2026-01-21T12:21:56.861156+00:00,s1-eth2,24943429,51372,20549,547,0,0,0,0
2026-01-21T12:21:56.861156+00:00,s1-eth3,1498,4916,20,69,0,0,0,0
2026-01-21T12:21:56.861156+00:00,s1-eth4,1836,5180,24,73,0,0,0,0
2026-01-21T12:21:56.861156+00:00,s1-eth5,1638,5134,22,72,0,0,0,0
2026-01-21T12:21:56.861156+00:00,s2-eth1,14171525,52552,11925,568,0,0,0,0
2026-01-21T12:21:56.861156+00:00,s2-eth2,50506,14174813,541,11953,0,0,0,0
2026-01-21T12:21:56.861156+00:00,s2-eth3,796,4150,10,57,0,0,0,0
2026-01-21T12:21:56.861156+00:00,s2-eth4,796,4150,10,57,0,0,0,0
2026-01-21T12:21:56.861156+00:00,s2-eth5,796,3974,10,55,0,0,0,0
2026-01-21T12:21:57.050000+00:00,s1-eth1,52552,14214995,568,11960,0,0,103380,86
2026-01-21T12:21:57.050000+00:00,s1-eth2,25027983,51372,20618,547,0,0,0,0
2026-01-21T12:21:57.050000+00:00,s1-eth3,1498,4916,20,69,0,0,0,0
2026-01-21T12:21:57.050000+00:00,s1-eth4,1836,5180,24,73,0,0,0,0
2026-01-21T12:21:57.050000+00:00,s1-eth5,1638,5134,22,72,0,0,0,0
2026-01-21T12:21:57.050000+00:00,s2-eth1,14217479,52552,11962,568,0,0,0,0
2026-01-21T12:21:57.050000+00:00,s2-eth2,50506,14219525,541,11989,0,0,0,0
2026-01-21T12:21:57.050000+00:00,s2-eth3,796,4150,10,57,0,0,0,0
2026-01-21T12:21:57.050000+00:00,s2-eth4,796,4150,10,57,0,0,0,0
2026-01-21T12:21:57.050000+00:00,s2-eth5,796,3974,10,55,0,0,0,0
2026-01-21T12:21:57.250252+00:00,s1-eth1,52650,14264773,569,12001,0,0,102138,85
2026-01-21T12:21:57.250252+00:00,s1-eth2,25118747,51470,20692,548,0,0,0,0
2026-01-21T12:21:57.250252+00:00,s1-eth3,1498,4916,20,69,0,0,0,0
2026-01-21T12:21:57.250252+00:00,s1-eth4,1836,5180,24,73,0,0,0,0
2026-01-21T12:21:57.250252+00:00,s1-eth5,1638,5134,22,72,0,0,0,0
2026-01-21T12:21:57.250252+00:00,s2-eth1,14267257,52650,12003,569,0,0,0,0
2026-01-21T12:21:57.250252+00:00,s2-eth2,50604,14270545,542,12032,0,0,0,0
2026-01-21T12:21:57.250252+00:00,s2-eth3,796,4150,10,57,0,0,0,0
2026-01-21T12:21:57.250252+00:00,s2-eth4,796,4150,10,57,0,0,0,0
2026-01-21T12:21:57.250252+00:00,s2-eth5,796,3974,10,55,0,0,0,0
2026-01-21T12:21:57.450381+00:00,s1-eth1,52748,14314551,570,12042,0,0,103282,85
2026-01-21T12:21:57.450381+00:00,s1-eth2,25209413,51568,20765,549,0,0,0,0
2026-01-21T12:21:57.450381+00:00,s1-eth3,1498,4916,20,69,0,0,0,0
2026-01-21T12:21:57.450381+00:00,s1-eth4,1836,5180,24,73,0,0,0,0
2026-01-21T12:21:57.450381+00:00,s1-eth5,1638,5134,22,72,0,0,0,0
2026-01-21T12:21:57.450381+00:00,s2-eth1,14318375,52748,12046,570,0,0,0,0
2026-01-21T12:21:57.450381+00:00,s2-eth2,50800,14320421,544,12073,0,0,0,0
2026-01-21T12:21:57.450381+00:00,s2-eth3,796,4150,10,57,0,0,0,0
2026-01-21T12:21:57.450381+00:00,s2-eth4,796,4150,10,57,0,0,0,0
2026-01-21T12:21:57.450381+00:00,s2-eth5,796,3974,10,55,0,0,0,0
2026-01-21T12:21:57.653366+00:00,s1-eth1,52846,14364329,571,12083,0,0,103282,85
2026-01-21T12:21:57.653366+00:00,s1-eth2,25301419,51666,20840,550,0,0,0,0
2026-01-21T12:21:57.653366+00:00,s1-eth3,1498,4916,20,69,0,0,0,0
2026-01-21T12:21:57.653366+00:00,s1-eth4,1836,5180,24,73,0,0,0,0
2026-01-21T12:21:57.653366+00:00,s1-eth5,1638,5134,22,72,0,0,0,0
2026-01-21T12:21:57.653366+00:00,s2-eth1,14366813,52846,12085,571,0,0,0,0
2026-01-21T12:21:57.653366+00:00,s2-eth2,50800,14368859,544,12112,0,0,98,1
2026-01-21T12:21:57.653366+00:00,s2-eth3,796,4150,10,57,0,0,0,0
2026-01-21T12:21:57.653366+00:00,s2-eth4,796,4150,10,57,0,0,0,0
2026-01-21T12:21:57.653366+00:00,s2-eth5,796,3974,10,55,0,0,0,0
2026-01-21T12:21:57.850932+00:00,s1-eth1,52944,14414107,572,12124,0,0,103282,85
2026-01-21T12:21:57.850932+00:00,s1-eth2,25392183,51764,20914,551,0,0,0,0
2026-01-21T12:21:57.850932+00:00,s1-eth3,1498,4916,20,69,0,0,0,0
2026-01-21T12:21:57.850932+00:00,s1-eth4,1836,5180,24,73,0,0,0,0
2026-01-21T12:21:57.850932+00:00,s1-eth5,1638,5134,22,72,0,0,0,0
2026-01-21T12:21:57.850932+00:00,s2-eth1,14416591,52944,12126,572,0,0,0,0
2026-01-21T12:21:57.850932+00:00,s2-eth2,50898,14418637,545,12153,0,0,0,0
2026-01-21T12:21:57.850932+00:00,s2-eth3,796,4150,10,57,0,0,0,0
2026-01-21T12:21:57.850932+00:00,s2-eth4,796,4150,10,57,0,0,0,0
2026-01-21T12:21:57.850932+00:00,s2-eth5,796,3974,10,55,0,0,0,0
2026-01-21T12:21:58.051476+00:00,s1-eth1,53042,14463885,573,12165,0,0,103282,85
2026-01-21T12:21:58.051476+00:00,s1-eth2,25481705,51862,20987,552,0,0,0,0
2026-01-21T12:21:58.051476+00:00,s1-eth3,1498,4916,20,69,0,0,0,0
2026-01-21T12:21:58.051476+00:00,s1-eth4,1836,5180,24,73,0,0,0,0
2026-01-21T12:21:58.051476+00:00,s1-eth5,1638,5134,22,72,0,0,0,0
2026-01-21T12:21:58.051476+00:00,s2-eth1,14466369,53042,12167,573,0,0,0,0
2026-01-21T12:21:58.051476+00:00,s2-eth2,50996,14468415,546,12194,0,0,1242,1
2026-01-21T12:21:58.051476+00:00,s2-eth3,796,4150,10,57,0,0,0,0
2026-01-21T12:21:58.051476+00:00,s2-eth4,796,4150,10,57,0,0,0,0
2026-01-21T12:21:58.051476+00:00,s2-eth5,796,3974,10,55,0,0,0,0
2026-01-21T12:21:58.250130+00:00,s1-eth1,53140,14513663,574,12206,0,0,103282,85
2026-01-21T12:21:58.250130+00:00,s1-eth2,25572469,51960,21061,553,0,0,0,0
2026-01-21T12:21:58.250130+00:00,s1-eth3,1498,4916,20,69,0,0,0,0
2026-01-21T12:21:58.250130+00:00,s1-eth4,1836,5180,24,73,0,0,0,0
2026-01-21T12:21:58.250130+00:00,s1-eth5,1638,5134,22,72,0,0,0,0
2026-01-21T12:21:58.250130+00:00,s2-eth1,14516147,53140,12208,574,0,0,0,0
2026-01-21T12:21:58.250130+00:00,s2-eth2,51094,14518193,547,12235,0,0,1242,1
2026-01-21T12:21:58.250130+00:00,s2-eth3,796,4150,10,57,0,0,0,0
2026-01-21T12:21:58.250130+00:00,s2-eth4,796,4150,10,57,0,0,0,0
2026-01-21T12:21:58.250130+00:00,s2-eth5,796,3974,10,55,0,0,0,0
2026-01-21T12:21:58.453349+00:00,s1-eth1,53238,14564683,575,12248,0,0,103282,85
2026-01-21T12:21:58.453349+00:00,s1-eth2,25664475,52058,21136,554,0,0,0,0
2026-01-21T12:21:58.453349+00:00,s1-eth3,1498,4916,20,69,0,0,0,0
2026-01-21T12:21:58.453349+00:00,s1-eth4,1836,5180,24,73,0,0,0,0
2026-01-21T12:21:58.453349+00:00,s1-eth5,1638,5134,22,72,0,0,0,0
2026-01-21T12:21:58.453349+00:00,s2-eth1,14567167,53238,12250,575,0,0,0,0
2026-01-21T12:21:58.453349+00:00,s2-eth2,51192,14569213,548,12277,0,0,0,0
2026-01-21T12:21:58.453349+00:00,s2-eth3,796,4150,10,57,0,0,0,0
2026-01-21T12:21:58.453349+00:00,s2-eth4,796,4150,10,57,0,0,0,0
2026-01-21T12:21:58.453349+00:00,s2-eth5,796,3974,10,55,0,0,0,0
2026-01-21T12:21:58.668681+00:00,s1-eth1,53336,14616945,576,12291,0,0,99556,82
2026-01-21T12:21:58.668681+00:00,s1-eth2,25752755,52156,21208,555,0,0,0,0
2026-01-21T12:21:58.668681+00:00,s1-eth3,1498,4916,20,69,0,0,0,0
2026-01-21T12:21:58.668681+00:00,s1-eth4,1836,5180,24,73,0,0,0,0
2026-01-21T12:21:58.668681+00:00,s1-eth5,1638,5134,22,72,0,0,0,0
2026-01-21T12:21:58.668681+00:00,s2-eth1,14619527,53336,12294,576,0,0,0,0
2026-01-21T12:21:58.668681+00:00,s2-eth2,51388,14621573,550,12321,0,0,0,0
2026-01-21T12:21:58.668681+00:00,s2-eth3,796,4150,10,57,0,0,0,0
2026-01-21T12:21:58.668681+00:00,s2-eth4,796,4150,10,57,0,0,0,0
2026-01-21T12:21:58.668681+00:00,s2-eth5,796,3974,10,55,0,0,0,0
2026-01-21T12:21:58.904468+00:00,s1-eth1,53532,14674273,578,12339,0,0,103282,85
2026-01-21T12:21:58.904468+00:00,s1-eth2,25869699,52352,21304,557,0,0,0,0
2026-01-21T12:21:58.904468+00:00,s1-eth3,1498,4916,20,69,0,0,0,0
2026-01-21T12:21:58.904468+00:00,s1-eth4,1836,5180,24,73,0,0,0,0
2026-01-21T12:21:58.904468+00:00,s1-eth5,1638,5134,22,72,0,0,0,0
2026-01-21T12:21:58.904468+00:00,s2-eth1,14676757,53532,12341,578,0,0,0,0
2026-01-21T12:21:58.904468+00:00,s2-eth2,51486,14678803,551,12368,0,0,1242,1
2026-01-21T12:21:58.904468+00:00,s2-eth3,796,4150,10,57,0,0,0,0
2026-01-21T12:21:58.904468+00:00,s2-eth4,796,4150,10,57,0,0,0,0
2026-01-21T12:21:58.904468+00:00,s2-eth5,796,3974,10,55,0,0,0,0
2026-01-21T12:21:59.086535+00:00,s1-eth1,53532,14720227,578,12376,0,0,103282,85
2026-01-21T12:21:59.086535+00:00,s1-eth2,25951671,52352,21370,557,0,0,0,0
2026-01-21T12:21:59.086535+00:00,s1-eth3,1498,4916,20,69,0,0,0,0
2026-01-21T12:21:59.086535+00:00,s1-eth4,1836,5180,24,73,0,0,0,0
2026-01-21T12:21:59.086535+00:00,s1-eth5,1638,5134,22,72,0,0,0,0
2026-01-21T12:21:59.086535+00:00,s2-eth1,14722809,53532,12379,578,0,0,0,0
2026-01-21T12:21:59.086535+00:00,s2-eth2,51584,14724855,552,12406,0,0,0,0
2026-01-21T12:21:59.086535+00:00,s2-eth3,796,4150,10,57,0,0,0,0
2026-01-21T12:21:59.086535+00:00,s2-eth4,796,4150,10,57,0,0,0,0
2026-01-21T12:21:59.086535+00:00,s2-eth5,796,3974,10,55,0,0,0,0
2026-01-21T12:21:59.286029+00:00,s1-eth1,53630,14770005,579,12417,0,0,102040,84
2026-01-21T12:21:59.286029+00:00,s1-eth2,26042435,52450,21444,558,0,0,0,0
2026-01-21T12:21:59.286029+00:00,s1-eth3,1498,4916,20,69,0,0,0,0
2026-01-21T12:21:59.286029+00:00,s1-eth4,1836,5180,24,73,0,0,0,0
2026-01-21T12:21:59.286029+00:00,s1-eth5,1638,5134,22,72,0,0,0,0
2026-01-21T12:21:59.286029+00:00,s2-eth1,14772587,53630,12420,579,0,0,0,0
2026-01-21T12:21:59.286029+00:00,s2-eth2,51584,14773293,552,12445,0,0,0,0
2026-01-21T12:21:59.286029+00:00,s2-eth3,796,4150,10,57,0,0,0,0
2026-01-21T12:21:59.286029+00:00,s2-eth4,796,4150,10,57,0,0,0,0
2026-01-21T12:21:59.286029+00:00,s2-eth5,796,3974,10,55,0,0,0,0
2026-01-21T12:21:59.450003+00:00,s1-eth1,53728,14811089,580,12451,0,0,103282,85
2026-01-21T12:21:59.450003+00:00,s1-eth2,26117053,52548,21505,559,0,0,0,0
2026-01-21T12:21:59.450003+00:00,s1-eth3,1498,4916,20,69,0,0,0,0
2026-01-21T12:21:59.450003+00:00,s1-eth4,1836,5180,24,73,0,0,0,0
2026-01-21T12:21:59.450003+00:00,s1-eth5,1638,5134,22,72,0,0,0,0
2026-01-21T12:21:59.450003+00:00,s2-eth1,14813573,53728,12453,580,0,0,0,0
2026-01-21T12:21:59.450003+00:00,s2-eth2,51682,14816861,553,12481,0,0,0,0
2026-01-21T12:21:59.450003+00:00,s2-eth3,796,4150,10,57,0,0,0,0
2026-01-21T12:21:59.450003+00:00,s2-eth4,796,4150,10,57,0,0,0,0
2026-01-21T12:21:59.450003+00:00,s2-eth5,796,3974,10,55,0,0,0,0
2026-01-21T12:21:59.699216+00:00,s1-eth1,53826,14873287,581,12502,0,0,103282,85
2026-01-21T12:21:59.699216+00:00,s1-eth2,26228931,52646,21596,560,0,0,0,0
2026-01-21T12:21:59.699216+00:00,s1-eth3,1498,4916,20,69,0,0,0,0
2026-01-21T12:21:59.699216+00:00,s1-eth4,1836,5180,24,73,0,0,0,0
2026-01-21T12:21:59.699216+00:00,s1-eth5,1638,5134,22,72,0,0,0,0
2026-01-21T12:21:59.699216+00:00,s2-eth1,14875869,53924,12505,582,0,0,0,0
2026-01-21T12:21:59.699216+00:00,s2-eth2,51878,14877915,555,12532,0,0,0,0
2026-01-21T12:21:59.699216+00:00,s2-eth3,796,4150,10,57,0,0,0,0
2026-01-21T12:21:59.699216+00:00,s2-eth4,796,4150,10,57,0,0,0,0
2026-01-21T12:21:59.699216+00:00,s2-eth5,796,3974,10,55,0,0,0,0
2026-01-21T12:21:59.849753+00:00,s1-eth1,53924,14910645,582,12533,0,0,103282,85
2026-01-21T12:21:59.849753+00:00,s1-eth2,26297339,52744,21652,561,0,0,0,0
2026-01-21T12:21:59.849753+00:00,s1-eth3,1498,4916,20,69,0,0,0,0
2026-01-21T12:21:59.849753+00:00,s1-eth4,1836,5180,24,73,0,0,0,0
2026-01-21T12:21:59.849753+00:00,s1-eth5,1638,5134,22,72,0,0,0,0
2026-01-21T12:21:59.849753+00:00,s2-eth1,14913129,53924,12535,582,0,0,0,0
2026-01-21T12:21:59.849753+00:00,s2-eth2,51878,14915175,555,12562,0,0,1242,1
2026-01-21T12:21:59.849753+00:00,s2-eth3,796,4150,10,57,0,0,0,0
2026-01-21T12:21:59.849753+00:00,s2-eth4,796,4150,10,57,0,0,0,0
2026-01-21T12:21:59.849753+00:00,s2-eth5,796,3974,10,55,0,0,0,0
2026-01-21T12:22:00.069660+00:00,s1-eth1,54022,14965391,583,12578,0,0,103282,85
2026-01-21T12:22:00.069660+00:00,s1-eth2,26396797,52842,21733,562,0,0,0,0
2026-01-21T12:22:00.069660+00:00,s1-eth3,1498,4916,20,69,0,0,0,0
2026-01-21T12:22:00.069660+00:00,s1-eth4,1836,5180,24,73,0,0,0,0
2026-01-21T12:22:00.069660+00:00,s1-eth5,1638,5134,22,72,0,0,0,0
2026-01-21T12:22:00.069660+00:00,s2-eth1,14967875,54022,12580,583,0,0,0,0
2026-01-21T12:22:00.069660+00:00,s2-eth2,51976,14969921,556,12607,0,0,0,0
2026-01-21T12:22:00.069660+00:00,s2-eth3,796,4150,10,57,0,0,0,0
2026-01-21T12:22:00.069660+00:00,s2-eth4,796,4150,10,57,0,0,0,0
2026-01-21T12:22:00.069660+00:00,s2-eth5,796,3974,10,55,0,0,0,0
2026-01-21T12:22:00.255391+00:00,s1-eth1,54120,15011443,584,12616,0,0,102040,84
2026-01-21T12:22:00.255391+00:00,s1-eth2,26481351,52940,21802,563,0,0,0,0
2026-01-21T12:22:00.255391+00:00,s1-eth3,1498,4916,20,69,0,0,0,0
2026-01-21T12:22:00.255391+00:00,s1-eth4,1836,5180,24,73,0,0,0,0
2026-01-21T12:22:00.255391+00:00,s1-eth5,1638,5134,22,72,0,0,0,0
2026-01-21T12:22:00.255391+00:00,s2-eth1,15013927,54120,12618,584,0,0,0,0
2026-01-21T12:22:00.255391+00:00,s2-eth2,52074,15017215,557,12646,0,0,0,0
2026-01-21T12:22:00.255391+00:00,s2-eth3,796,4150,10,57,0,0,0,0
2026-01-21T12:22:00.255391+00:00,s2-eth4,796,4150,10,57,0,0,0,0
2026-01-21T12:22:00.255391+00:00,s2-eth5,796,3974,10,55,0,0,0,0
2026-01-21T12:22:00.449832+00:00,s1-eth1,54218,15059979,585,12656,0,0,103282,85
2026-01-21T12:22:00.449832+00:00,s1-eth2,26569631,53038,21874,564,0,0,0,0
2026-01-21T12:22:00.449832+00:00,s1-eth3,1498,4916,20,69,0,0,0,0
2026-01-21T12:22:00.449832+00:00,s1-eth4,1836,5180,24,73,0,0,0,0
2026-01-21T12:22:00.449832+00:00,s1-eth5,1638,5134,22,72,0,0,0,0
2026-01-21T12:22:00.449832+00:00,s2-eth1,15062463,54218,12658,585,0,0,0,0
2026-01-21T12:22:00.449832+00:00,s2-eth2,52172,15064509,558,12685,0,0,0,0
2026-01-21T12:22:00.449832+00:00,s2-eth3,796,4150,10,57,0,0,0,0
2026-01-21T12:22:00.449832+00:00,s2-eth4,796,4150,10,57,0,0,0,0
2026-01-21T12:22:00.449832+00:00,s2-eth5,796,3974,10,55,0,0,0,0
2026-01-21T12:22:00.650295+00:00,s1-eth1,54316,15110999,586,12698,0,0,103282,85
2026-01-21T12:22:00.650295+00:00,s1-eth2,26660395,53136,21948,565,0,0,0,0
2026-01-21T12:22:00.650295+00:00,s1-eth3,1498,4916,20,69,0,0,0,0
2026-01-21T12:22:00.650295+00:00,s1-eth4,1836,5180,24,73,0,0,0,0
2026-01-21T12:22:00.650295+00:00,s1-eth5,1638,5134,22,72,0,0,0,0
2026-01-21T12:22:00.650295+00:00,s2-eth1,15113483,54316,12700,586,0,0,0,0
2026-01-21T12:22:00.650295+00:00,s2-eth2,52270,15115529,559,12727,0,0,0,0
2026-01-21T12:22:00.650295+00:00,s2-eth3,796,4150,10,57,0,0,0,0
2026-01-21T12:22:00.650295+00:00,s2-eth4,796,4150,10,57,0,0,0,0
2026-01-21T12:22:00.650295+00:00,s2-eth5,796,3974,10,55,0,0,0,0
2026-01-21T12:22:00.989559+00:00,s1-eth1,54512,15195651,588,12768,0,0,103282,85
2026-01-21T12:22:00.989559+00:00,s1-eth2,26814599,53332,22074,567,0,0,0,0
2026-01-21T12:22:00.989559+00:00,s1-eth3,1498,4916,20,69,0,0,0,0
2026-01-21T12:22:00.989559+00:00,s1-eth4,1836,5180,24,73,0,0,0,0
2026-01-21T12:22:00.989559+00:00,s1-eth5,1638,5134,22,72,0,0,0,0
2026-01-21T12:22:00.989559+00:00,s2-eth1,15198135,54512,12770,588,0,0,0,0
2026-01-21T12:22:00.989559+00:00,s2-eth2,52466,15200181,561,12797,0,0,0,0
2026-01-21T12:22:00.989559+00:00,s2-eth3,796,4150,10,57,0,0,0,0
2026-01-21T12:22:00.989559+00:00,s2-eth4,796,4150,10,57,0,0,0,0
2026-01-21T12:22:00.989559+00:00,s2-eth5,796,3974,10,55,0,0,0,0
2026-01-21T12:22:01.049772+00:00,s1-eth1,54512,15210555,588,12780,0,0,103282,85
2026-01-21T12:22:01.049772+00:00,s1-eth2,26841923,53332,22096,567,0,0,0,0
2026-01-21T12:22:01.049772+00:00,s1-eth3,1498,4916,20,69,0,0,0,0
2026-01-21T12:22:01.049772+00:00,s1-eth4,1836,5180,24,73,0,0,0,0
2026-01-21T12:22:01.049772+00:00,s1-eth5,1638,5134,22,72,0,0,0,0
2026-01-21T12:22:01.049772+00:00,s2-eth1,15213039,54512,12782,588,0,0,0,0
2026-01-21T12:22:01.049772+00:00,s2-eth2,52466,15215085,561,12809,0,0,1242,1
2026-01-21T12:22:01.049772+00:00,s2-eth3,796,4150,10,57,0,0,0,0
2026-01-21T12:22:01.049772+00:00,s2-eth4,796,4150,10,57,0,0,0,0
2026-01-21T12:22:01.049772+00:00,s2-eth5,796,3974,10,55,0,0,0,0
2026-01-21T12:22:01.260490+00:00,s1-eth1,54610,15262817,589,12823,0,0,102040,84
2026-01-21T12:22:01.260490+00:00,s1-eth2,26936413,53430,22173,568,0,0,0,0
2026-01-21T12:22:01.260490+00:00,s1-eth3,1498,4916,20,69,0,0,0,0
2026-01-21T12:22:01.260490+00:00,s1-eth4,1836,5180,24,73,0,0,0,0
2026-01-21T12:22:01.260490+00:00,s1-eth5,1638,5134,22,72,0,0,0,0
2026-01-21T12:22:01.260490+00:00,s2-eth1,15265301,54610,12825,589,0,0,0,0
2026-01-21T12:22:01.260490+00:00,s2-eth2,52564,15267347,562,12852,0,0,0,0
2026-01-21T12:22:01.260490+00:00,s2-eth3,796,4150,10,57,0,0,0,0
2026-01-21T12:22:01.260490+00:00,s2-eth4,796,4150,10,57,0,0,0,0
2026-01-21T12:22:01.260490+00:00,s2-eth5,796,3974,10,55,0,0,0,0
2026-01-21T12:22:01.450300+00:00,s1-eth1,54708,15310111,590,12862,0,0,103282,85
2026-01-21T12:22:01.450300+00:00,s1-eth2,27023451,53528,22244,569,0,0,0,0
2026-01-21T12:22:01.450300+00:00,s1-eth3,1498,4916,20,69,0,0,0,0
2026-01-21T12:22:01.450300+00:00,s1-eth4,1836,5180,24,73,0,0,0,0
2026-01-21T12:22:01.450300+00:00,s1-eth5,1638,5134,22,72,0,0,0,0
2026-01-21T12:22:01.450300+00:00,s2-eth1,15312595,54708,12864,590,0,0,0,0
2026-01-21T12:22:01.450300+00:00,s2-eth2,52662,15315883,563,12892,0,0,0,0
2026-01-21T12:22:01.450300+00:00,s2-eth3,796,4150,10,57,0,0,0,0
2026-01-21T12:22:01.450300+00:00,s2-eth4,796,4150,10,57,0,0,0,0
2026-01-21T12:22:01.450300+00:00,s2-eth5,796,3974,10,55,0,0,0,0
2026-01-21T12:22:01.654033+00:00,s1-eth1,54806,15361131,591,12904,0,0,102040,84
2026-01-21T12:22:01.654033+00:00,s1-eth2,27115457,53626,22319,570,0,0,0,0
2026-01-21T12:22:01.654033+00:00,s1-eth3,1498,4916,20,69,0,0,0,0
2026-01-21T12:22:01.654033+00:00,s1-eth4,1836,5180,24,73,0,0,0,0
2026-01-21T12:22:01.654033+00:00,s1-eth5,1638,5134,22,72,0,0,0,0
2026-01-21T12:22:01.654033+00:00,s2-eth1,15363615,54806,12906,591,0,0,0,0
2026-01-21T12:22:01.654033+00:00,s2-eth2,52760,15366903,564,12934,0,0,0,0
2026-01-21T12:22:01.654033+00:00,s2-eth3,796,4150,10,57,0,0,0,0
2026-01-21T12:22:01.654033+00:00,s2-eth4,796,4150,10,57,0,0,0,0
2026-01-21T12:22:01.654033+00:00,s2-eth5,796,3974,10,55,0,0,0,0
2026-01-21T12:22:01.849738+00:00,s1-eth1,54904,15410909,592,12945,0,0,103282,85
2026-01-21T12:22:01.849738+00:00,s1-eth2,27203737,53724,22391,571,0,0,0,0
2026-01-21T12:22:01.849738+00:00,s1-eth3,1498,4916,20,69,0,0,0,0
2026-01-21T12:22:01.849738+00:00,s1-eth4,1836,5180,24,73,0,0,0,0
2026-01-21T12:22:01.849738+00:00,s1-eth5,1638,5134,22,72,0,0,0,0
2026-01-21T12:22:01.849738+00:00,s2-eth1,15413393,54904,12947,592,0,0,0,0
2026-01-21T12:22:01.849738+00:00,s2-eth2,52858,15415439,565,12974,0,0,0,0
2026-01-21T12:22:01.849738+00:00,s2-eth3,796,4150,10,57,0,0,0,0
2026-01-21T12:22:01.849738+00:00,s2-eth4,796,4150,10,57,0,0,0,0
2026-01-21T12:22:01.849738+00:00,s2-eth5,796,3974,10,55,0,0,0,0
2026-01-21T12:22:02.050273+00:00,s1-eth1,55002,15460687,593,12986,0,0,103282,85
2026-01-21T12:22:02.050273+00:00,s1-eth2,27295743,53822,22466,572,0,0,0,0
2026-01-21T12:22:02.050273+00:00,s1-eth3,1498,4916,20,69,0,0,0,0
2026-01-21T12:22:02.050273+00:00,s1-eth4,1836,5180,24,73,0,0,0,0
2026-01-21T12:22:02.050273+00:00,s1-eth5,1638,5134,22,72,0,0,0,0
2026-01-21T12:22:02.050273+00:00,s2-eth1,15463171,55002,12988,593,0,0,0,0
2026-01-21T12:22:02.050273+00:00,s2-eth2,52956,15465217,566,13015,0,0,1242,1
2026-01-21T12:22:02.050273+00:00,s2-eth3,796,4150,10,57,0,0,0,0
2026-01-21T12:22:02.050273+00:00,s2-eth4,796,4150,10,57,0,0,0,0
2026-01-21T12:22:02.050273+00:00,s2-eth5,796,3974,10,55,0,0,0,0
2026-01-21T12:22:02.250211+00:00,s1-eth1,55100,15510465,594,13027,0,0,103282,85
2026-01-21T12:22:02.250211+00:00,s1-eth2,27385265,53920,22539,573,0,0,0,0
2026-01-21T12:22:02.250211+00:00,s1-eth3,1498,4916,20,69,0,0,0,0
2026-01-21T12:22:02.250211+00:00,s1-eth4,1836,5180,24,73,0,0,0,0
2026-01-21T12:22:02.250211+00:00,s1-eth5,1638,5134,22,72,0,0,0,0
2026-01-21T12:22:02.250211+00:00,s2-eth1,15512949,55100,13029,594,0,0,0,0
2026-01-21T12:22:02.250211+00:00,s2-eth2,53054,15514995,567,13056,0,0,1242,1
2026-01-21T12:22:02.250211+00:00,s2-eth3,796,4150,10,57,0,0,0,0
2026-01-21T12:22:02.250211+00:00,s2-eth4,796,4150,10,57,0,0,0,0
2026-01-21T12:22:02.250211+00:00,s2-eth5,796,3974,10,55,0,0,0,0
2026-01-21T12:22:02.449875+00:00,s1-eth1,55198,15560243,595,13068,0,0,102040,84
2026-01-21T12:22:02.449875+00:00,s1-eth2,27476029,54018,22613,574,0,0,0,0
2026-01-21T12:22:02.449875+00:00,s1-eth3,1498,4916,20,69,0,0,0,0
2026-01-21T12:22:02.449875+00:00,s1-eth4,1836,5180,24,73,0,0,0,0
2026-01-21T12:22:02.449875+00:00,s1-eth5,1638,5134,22,72,0,0,0,0
2026-01-21T12:22:02.449875+00:00,s2-eth1,15562727,55198,13070,595,0,0,0,0
2026-01-21T12:22:02.449875+00:00,s2-eth2,53152,15564773,568,13097,0,0,0,0
2026-01-21T12:22:02.449875+00:00,s2-eth3,796,4150,10,57,0,0,0,0
2026-01-21T12:22:02.449875+00:00,s2-eth4,796,4150,10,57,0,0,0,0
2026-01-21T12:22:02.449875+00:00,s2-eth5,796,3974,10,55,0,0,0,0
2026-01-21T12:22:02.649932+00:00,s1-eth1,55296,15610021,596,13109,0,0,103282,85
2026-01-21T12:22:02.649932+00:00,s1-eth2,27566793,54116,22687,575,0,0,0,0
2026-01-21T12:22:02.649932+00:00,s1-eth3,1498,4916,20,69,0,0,0,0
2026-01-21T12:22:02.649932+00:00,s1-eth4,1836,5180,24,73,0,0,0,0
2026-01-21T12:22:02.649932+00:00,s1-eth5,1638,5134,22,72,0,0,0,0
2026-01-21T12:22:02.649932+00:00,s2-eth1,15612505,55296,13111,596,0,0,0,0
2026-01-21T12:22:02.649932+00:00,s2-eth2,53250,15614551,569,13138,0,0,0,0
2026-01-21T12:22:02.649932+00:00,s2-eth3,796,4150,10,57,0,0,0,0
2026-01-21T12:22:02.649932+00:00,s2-eth4,796,4150,10,57,0,0,0,0
2026-01-21T12:22:02.649932+00:00,s2-eth5,796,3974,10,55,0,0,0,0
2026-01-21T12:22:02.849883+00:00,s1-eth1,55394,15658557,597,13149,0,0,102040,84
2026-01-21T12:22:02.849883+00:00,s1-eth2,27657557,54214,22761,576,0,0,0,0
2026-01-21T12:22:02.849883+00:00,s1-eth3,1498,4916,20,69,0,0,0,0
2026-01-21T12:22:02.849883+00:00,s1-eth4,1836,5180,24,73,0,0,0,0
2026-01-21T12:22:02.849883+00:00,s1-eth5,1638,5134,22,72,0,0,0,0
2026-01-21T12:22:02.849883+00:00,s2-eth1,15661041,55394,13151,597,0,0,0,0
2026-01-21T12:22:02.849883+00:00,s2-eth2,53348,15664329,570,13179,0,0,0,0
2026-01-21T12:22:02.849883+00:00,s2-eth3,796,4150,10,57,0,0,0,0
2026-01-21T12:22:02.849883+00:00,s2-eth4,796,4150,10,57,0,0,0,0
2026-01-21T12:22:02.849883+00:00,s2-eth5,796,3974,10,55,0,0,0,0
2026-01-21T12:22:03.050744+00:00,s1-eth1,55492,15709577,598,13191,0,0,103282,85
2026-01-21T12:22:03.050744+00:00,s1-eth2,27748321,54312,22835,577,0,0,0,0
2026-01-21T12:22:03.050744+00:00,s1-eth3,1498,4916,20,69,0,0,0,0
2026-01-21T12:22:03.050744+00:00,s1-eth4,1836,5180,24,73,0,0,0,0
2026-01-21T12:22:03.050744+00:00,s1-eth5,1638,5134,22,72,0,0,0,0
2026-01-21T12:22:03.050744+00:00,s2-eth1,15712061,55492,13193,598,0,0,0,0
2026-01-21T12:22:03.050744+00:00,s2-eth2,53446,15714107,571,13220,0,0,0,0
2026-01-21T12:22:03.050744+00:00,s2-eth3,796,4150,10,57,0,0,0,0
2026-01-21T12:22:03.050744+00:00,s2-eth4,796,4150,10,57,0,0,0,0
2026-01-21T12:22:03.050744+00:00,s2-eth5,796,3974,10,55,0,0,0,0
2026-01-21T12:22:03.250283+00:00,s1-eth1,55590,15759355,599,13232,0,0,103282,85
2026-01-21T12:22:03.250283+00:00,s1-eth2,27839085,54410,22909,578,0,0,0,0
2026-01-21T12:22:03.250283+00:00,s1-eth3,1498,4916,20,69,0,0,0,0
2026-01-21T12:22:03.250283+00:00,s1-eth4,1836,5180,24,73,0,0,0,0
2026-01-21T12:22:03.250283+00:00,s1-eth5,1638,5134,22,72,0,0,0,0
2026-01-21T12:22:03.250283+00:00,s2-eth1,15761839,55590,13234,599,0,0,0,0
2026-01-21T12:22:03.250283+00:00,s2-eth2,53544,15763885,572,13261,0,0,0,0
2026-01-21T12:22:03.250283+00:00,s2-eth3,796,4150,10,57,0,0,0,0
2026-01-21T12:22:03.250283+00:00,s2-eth4,796,4150,10,57,0,0,0,0
2026-01-21T12:22:03.250283+00:00,s2-eth5,796,3974,10,55,0,0,0,0
2026-01-21T12:22:03.453423+00:00,s1-eth1,55688,15809133,600,13273,0,0,103282,85
2026-01-21T12:22:03.453423+00:00,s1-eth2,27931091,54508,22984,579,0,0,0,0
2026-01-21T12:22:03.453423+00:00,s1-eth3,1498,4916,20,69,0,0,0,0
2026-01-21T12:22:03.453423+00:00,s1-eth4,1836,5180,24,73,0,0,0,0
2026-01-21T12:22:03.453423+00:00,s1-eth5,1638,5134,22,72,0,0,0,0
2026-01-21T12:22:03.453423+00:00,s2-eth1,15812859,55688,13276,600,0,0,0,0
2026-01-21T12:22:03.453423+00:00,s2-eth2,53642,15814905,573,13303,0,0,0,0
2026-01-21T12:22:03.453423+00:00,s2-eth3,796,4150,10,57,0,0,0,0
2026-01-21T12:22:03.453423+00:00,s2-eth4,796,4150,10,57,0,0,0,0
2026-01-21T12:22:03.453423+00:00,s2-eth5,796,3974,10,55,0,0,0,0
2026-01-21T12:22:03.728958+00:00,s1-eth1,55786,15878783,601,13330,0,0,103380,86
2026-01-21T12:22:03.728958+00:00,s1-eth2,28056729,54606,23087,580,0,0,0,0
2026-01-21T12:22:03.728958+00:00,s1-eth3,1498,4916,20,69,0,0,0,0
2026-01-21T12:22:03.728958+00:00,s1-eth4,1836,5180,24,73,0,0,0,0
2026-01-21T12:22:03.728958+00:00,s1-eth5,1638,5134,22,72,0,0,0,0
2026-01-21T12:22:03.728958+00:00,s2-eth1,15881267,55786,13332,601,0,0,0,0
2026-01-21T12:22:03.728958+00:00,s2-eth2,53740,15883313,574,13359,0,0,0,0
2026-01-21T12:22:03.728958+00:00,s2-eth3,796,4150,10,57,0,0,0,0
2026-01-21T12:22:03.728958+00:00,s2-eth4,796,4150,10,57,0,0,0,0
2026-01-21T12:22:03.728958+00:00,s2-eth5,796,3974,10,55,0,0,0,0
2026-01-21T12:22:03.857796+00:00,s1-eth1,55884,15911173,602,13357,0,0,103282,85
2026-01-21T12:22:03.857796+00:00,s1-eth2,28115103,54704,23134,581,0,0,0,0
2026-01-21T12:22:03.857796+00:00,s1-eth3,1498,4916,20,69,0,0,0,0
2026-01-21T12:22:03.857796+00:00,s1-eth4,1836,5180,24,73,0,0,0,0
2026-01-21T12:22:03.857796+00:00,s1-eth5,1638,5134,22,72,0,0,0,0
2026-01-21T12:22:03.857796+00:00,s2-eth1,15913657,55884,13359,602,0,0,0,0
2026-01-21T12:22:03.857796+00:00,s2-eth2,53838,15915703,575,13386,0,0,0,0
2026-01-21T12:22:03.857796+00:00,s2-eth3,796,4150,10,57,0,0,0,0
2026-01-21T12:22:03.857796+00:00,s2-eth4,796,4150,10,57,0,0,0,0
2026-01-21T12:22:03.857796+00:00,s2-eth5,796,3974,10,55,0,0,0,0
2026-01-21T12:22:06.023528+00:00,s1-eth1,55982,15980823,603,13417,0,0,73608,63
2026-01-21T12:22:06.023528+00:00,s1-eth2,28192437,54802,23200,582,0,0,0,0
2026-01-21T12:22:06.023528+00:00,s1-eth3,1498,4916,20,69,0,0,0,0
2026-01-21T12:22:06.023528+00:00,s1-eth4,1836,5180,24,73,0,0,0,0
2026-01-21T12:22:06.023528+00:00,s1-eth5,1638,5134,22,72,0,0,0,0
2026-01-21T12:22:06.023528+00:00,s2-eth1,15983405,55982,13417,603,0,0,0,0
2026-01-21T12:22:06.023528+00:00,s2-eth2,53936,15981627,576,13440,0,0,3824,4
2026-01-21T12:22:06.023528+00:00,s2-eth3,796,4150,10,57,0,0,0,0
2026-01-21T12:22:06.023528+00:00,s2-eth4,796,4150,10,57,0,0,0,0
2026-01-21T12:22:06.023528+00:00,s2-eth5,796,3974,10,55,0,0,0,0
2026-01-21T12:22:06.040622+00:00,s1-eth1,55982,15983405,603,13417,0,0,73608,63
2026-01-21T12:22:06.040622+00:00,s1-eth2,28192437,54802,23200,582,0,0,0,0
2026-01-21T12:22:06.040622+00:00,s1-eth3,1498,4916,20,69,0,0,0,0
2026-01-21T12:22:06.040622+00:00,s1-eth4,1836,5180,24,73,0,0,0,0
2026-01-21T12:22:06.040622+00:00,s1-eth5,1638,5134,22,72,0,0,0,0
2026-01-21T12:22:06.040622+00:00,s2-eth1,15983405,55982,13417,603,0,0,0,0
2026-01-21T12:22:06.040622+00:00,s2-eth2,53936,15981627,576,13440,0,0,3824,4
2026-01-21T12:22:06.040622+00:00,s2-eth3,796,4150,10,57,0,0,0,0
2026-01-21T12:22:06.040622+00:00,s2-eth4,796,4150,10,57,0,0,0,0
2026-01-21T12:22:06.040622+00:00,s2-eth5,796,3974,10,55,0,0,0,0
2026-01-21T12:22:06.057404+00:00,s1-eth1,55982,15983405,603,13417,0,0,73608,63
2026-01-21T12:22:06.057404+00:00,s1-eth2,28192437,54802,23200,582,0,0,0,0
2026-01-21T12:22:06.057404+00:00,s1-eth3,1498,4916,20,69,0,0,0,0
2026-01-21T12:22:06.057404+00:00,s1-eth4,1836,5180,24,73,0,0,0,0
2026-01-21T12:22:06.057404+00:00,s1-eth5,1638,5134,22,72,0,0,0,0
2026-01-21T12:22:06.057404+00:00,s2-eth1,15983405,55982,13417,603,0,0,0,0
2026-01-21T12:22:06.057404+00:00,s2-eth2,53936,15981627,576,13440,0,0,3824,4
2026-01-21T12:22:06.057404+00:00,s2-eth3,796,4150,10,57,0,0,0,0
2026-01-21T12:22:06.057404+00:00,s2-eth4,796,4150,10,57,0,0,0,0
2026-01-21T12:22:06.057404+00:00,s2-eth5,796,3974,10,55,0,0,0,0
2026-01-21T12:22:06.072915+00:00,s1-eth1,55982,15983405,603,13417,0,0,73608,63
2026-01-21T12:22:06.072915+00:00,s1-eth2,28192437,54802,23200,582,0,0,0,0
2026-01-21T12:22:06.072915+00:00,s1-eth3,1498,4916,20,69,0,0,0,0
2026-01-21T12:22:06.072915+00:00,s1-eth4,1836,5180,24,73,0,0,0,0
2026-01-21T12:22:06.072915+00:00,s1-eth5,1638,5134,22,72,0,0,0,0
2026-01-21T12:22:06.072915+00:00,s2-eth1,15983405,55982,13417,603,0,0,0,0
2026-01-21T12:22:06.072915+00:00,s2-eth2,53936,15981627,576,13440,0,0,3824,4
2026-01-21T12:22:06.072915+00:00,s2-eth3,796,4150,10,57,0,0,0,0
2026-01-21T12:22:06.072915+00:00,s2-eth4,796,4150,10,57,0,0,0,0
2026-01-21T12:22:06.072915+00:00,s2-eth5,796,3974,10,55,0,0,0,0
2026-01-21T12:22:06.087779+00:00,s1-eth1,55982,15983405,603,13417,0,0,73608,63
2026-01-21T12:22:06.087779+00:00,s1-eth2,28192437,54802,23200,582,0,0,0,0
2026-01-21T12:22:06.087779+00:00,s1-eth3,1498,4916,20,69,0,0,0,0
2026-01-21T12:22:06.087779+00:00,s1-eth4,1836,5180,24,73,0,0,0,0
2026-01-21T12:22:06.087779+00:00,s1-eth5,1638,5134,22,72,0,0,0,0
2026-01-21T12:22:06.087779+00:00,s2-eth1,15983405,55982,13417,603,0,0,0,0
2026-01-21T12:22:06.087779+00:00,s2-eth2,53936,15981627,576,13440,0,0,3824,4
2026-01-21T12:22:06.087779+00:00,s2-eth3,796,4150,10,57,0,0,0,0
2026-01-21T12:22:06.087779+00:00,s2-eth4,796,4150,10,57,0,0,0,0
2026-01-21T12:22:06.087779+00:00,s2-eth5,796,3974,10,55,0,0,0,0
2026-01-21T12:22:06.103255+00:00,s1-eth1,55982,15983405,603,13417,0,0,73608,63
2026-01-21T12:22:06.103255+00:00,s1-eth2,28192437,54802,23200,582,0,0,0,0
2026-01-21T12:22:06.103255+00:00,s1-eth3,1498,4916,20,69,0,0,0,0
2026-01-21T12:22:06.103255+00:00,s1-eth4,1836,5180,24,73,0,0,0,0
2026-01-21T12:22:06.103255+00:00,s1-eth5,1638,5134,22,72,0,0,0,0
2026-01-21T12:22:06.103255+00:00,s2-eth1,15983405,55982,13417,603,0,0,0,0
2026-01-21T12:22:06.103255+00:00,s2-eth2,53936,15981627,576,13440,0,0,3824,4
2026-01-21T12:22:06.103255+00:00,s2-eth3,796,4150,10,57,0,0,0,0
2026-01-21T12:22:06.103255+00:00,s2-eth4,796,4150,10,57,0,0,0,0
2026-01-21T12:22:06.103255+00:00,s2-eth5,796,3974,10,55,0,0,0,0
2026-01-21T12:22:06.117889+00:00,s1-eth1,55982,15983405,603,13417,0,0,73608,63
2026-01-21T12:22:06.117889+00:00,s1-eth2,28192437,54802,23200,582,0,0,0,0
2026-01-21T12:22:06.117889+00:00,s1-eth3,1498,4916,20,69,0,0,0,0
2026-01-21T12:22:06.117889+00:00,s1-eth4,1836,5180,24,73,0,0,0,0
2026-01-21T12:22:06.117889+00:00,s1-eth5,1638,5134,22,72,0,0,0,0
2026-01-21T12:22:06.117889+00:00,s2-eth1,15983405,55982,13417,603,0,0,0,0
2026-01-21T12:22:06.117889+00:00,s2-eth2,53936,15981627,576,13440,0,0,3824,4
2026-01-21T12:22:06.117889+00:00,s2-eth3,796,4150,10,57,0,0,0,0
2026-01-21T12:22:06.117889+00:00,s2-eth4,796,4150,10,57,0,0,0,0
2026-01-21T12:22:06.117889+00:00,s2-eth5,796,3974,10,55,0,0,0,0
2026-01-21T12:22:06.135299+00:00,s1-eth1,55982,15983405,603,13417,0,0,73608,63
2026-01-21T12:22:06.135299+00:00,s1-eth2,28192437,54802,23200,582,0,0,0,0
2026-01-21T12:22:06.135299+00:00,s1-eth3,1498,4916,20,69,0,0,0,0
2026-01-21T12:22:06.135299+00:00,s1-eth4,1836,5180,24,73,0,0,0,0
2026-01-21T12:22:06.135299+00:00,s1-eth5,1638,5134,22,72,0,0,0,0
2026-01-21T12:22:06.135299+00:00,s2-eth1,15983405,55982,13417,603,0,0,0,0
2026-01-21T12:22:06.135299+00:00,s2-eth2,53936,15981627,576,13440,0,0,3824,4
2026-01-21T12:22:06.135299+00:00,s2-eth3,796,4150,10,57,0,0,0,0
2026-01-21T12:22:06.135299+00:00,s2-eth4,796,4150,10,57,0,0,0,0
2026-01-21T12:22:06.135299+00:00,s2-eth5,796,3974,10,55,0,0,0,0
2026-01-21T12:22:06.152538+00:00,s1-eth1,55982,15983405,603,13417,0,0,73608,63
2026-01-21T12:22:06.152538+00:00,s1-eth2,28192437,54802,23200,582,0,0,0,0
2026-01-21T12:22:06.152538+00:00,s1-eth3,1498,4916,20,69,0,0,0,0
2026-01-21T12:22:06.152538+00:00,s1-eth4,1836,5180,24,73,0,0,0,0
2026-01-21T12:22:06.152538+00:00,s1-eth5,1638,5134,22,72,0,0,0,0
2026-01-21T12:22:06.152538+00:00,s2-eth1,15983405,55982,13417,603,0,0,0,0
2026-01-21T12:22:06.152538+00:00,s2-eth2,53936,15981627,576,13440,0,0,3824,4
2026-01-21T12:22:06.152538+00:00,s2-eth3,796,4150,10,57,0,0,0,0
2026-01-21T12:22:06.152538+00:00,s2-eth4,796,4150,10,57,0,0,0,0
2026-01-21T12:22:06.152538+00:00,s2-eth5,796,3974,10,55,0,0,0,0
2026-01-21T12:22:06.169696+00:00,s1-eth1,55982,15983405,603,13417,0,0,73608,63
2026-01-21T12:22:06.169696+00:00,s1-eth2,28192437,54802,23200,582,0,0,0,0
2026-01-21T12:22:06.169696+00:00,s1-eth3,1498,4916,20,69,0,0,0,0
2026-01-21T12:22:06.169696+00:00,s1-eth4,1836,5180,24,73,0,0,0,0
2026-01-21T12:22:06.169696+00:00,s1-eth5,1638,5134,22,72,0,0,0,0
2026-01-21T12:22:06.169696+00:00,s2-eth1,15983405,55982,13417,603,0,0,0,0
2026-01-21T12:22:06.169696+00:00,s2-eth2,53936,15981627,576,13440,0,0,3824,4
2026-01-21T12:22:06.169696+00:00,s2-eth3,796,4150,10,57,0,0,0,0
2026-01-21T12:22:06.169696+00:00,s2-eth4,796,4150,10,57,0,0,0,0
2026-01-21T12:22:06.169696+00:00,s2-eth5,796,3974,10,55,0,0,0,0
2026-01-21T12:22:06.187591+00:00,s1-eth1,55982,15983405,603,13417,0,0,73608,63
2026-01-21T12:22:06.187591+00:00,s1-eth2,28192437,54802,23200,582,0,0,0,0
2026-01-21T12:22:06.187591+00:00,s1-eth3,1498,4916,20,69,0,0,0,0
2026-01-21T12:22:06.187591+00:00,s1-eth4,1836,5180,24,73,0,0,0,0
2026-01-21T12:22:06.187591+00:00,s1-eth5,1638,5134,22,72,0,0,0,0
2026-01-21T12:22:06.187591+00:00,s2-eth1,15983405,55982,13417,603,0,0,0,0
2026-01-21T12:22:06.187591+00:00,s2-eth2,53936,15981627,576,13440,0,0,3824,4
2026-01-21T12:22:06.187591+00:00,s2-eth3,796,4150,10,57,0,0,0,0
2026-01-21T12:22:06.187591+00:00,s2-eth4,796,4150,10,57,0,0,0,0
2026-01-21T12:22:06.187591+00:00,s2-eth5,796,3974,10,55,0,0,0,0
2026-01-21T12:22:07.025646+00:00,s1-eth1,55982,15987131,603,13420,0,0,69980,61
2026-01-21T12:22:07.025646+00:00,s1-eth2,28192535,54802,23201,582,0,0,0,0
2026-01-21T12:22:07.025646+00:00,s1-eth3,1498,4916,20,69,0,0,0,0
2026-01-21T12:22:07.025646+00:00,s1-eth4,1836,5180,24,73,0,0,0,0
2026-01-21T12:22:07.025646+00:00,s1-eth5,1638,5134,22,72,0,0,0,0
2026-01-21T12:22:07.025646+00:00,s2-eth1,15987131,55982,13420,603,0,0,0,0
2026-01-21T12:22:07.025646+00:00,s2-eth2,53936,15985451,576,13444,0,0,3726,3
2026-01-21T12:22:07.025646+00:00,s2-eth3,796,4150,10,57,0,0,0,0
2026-01-21T12:22:07.025646+00:00,s2-eth4,796,4150,10,57,0,0,0,0
2026-01-21T12:22:07.025646+00:00,s2-eth5,796,3974,10,55,0,0,0,0
2026-01-21T12:22:07.044198+00:00,s1-eth1,55982,15987131,603,13420,0,0,69980,61
2026-01-21T12:22:07.044198+00:00,s1-eth2,28192535,54802,23201,582,0,0,0,0
2026-01-21T12:22:07.044198+00:00,s1-eth3,1498,4916,20,69,0,0,0,0
2026-01-21T12:22:07.044198+00:00,s1-eth4,1836,5180,24,73,0,0,0,0
2026-01-21T12:22:07.044198+00:00,s1-eth5,1638,5134,22,72,0,0,0,0
2026-01-21T12:22:07.044198+00:00,s2-eth1,15987131,55982,13420,603,0,0,0,0
2026-01-21T12:22:07.044198+00:00,s2-eth2,53936,15985451,576,13444,0,0,3726,3
2026-01-21T12:22:07.044198+00:00,s2-eth3,796,4150,10,57,0,0,0,0
2026-01-21T12:22:07.044198+00:00,s2-eth4,796,4150,10,57,0,0,0,0
2026-01-21T12:22:07.044198+00:00,s2-eth5,796,3974,10,55,0,0,0,0
2026-01-21T12:22:07.064181+00:00,s1-eth1,55982,15987131,603,13420,0,0,69980,61
2026-01-21T12:22:07.064181+00:00,s1-eth2,28192535,54802,23201,582,0,0,0,0
2026-01-21T12:22:07.064181+00:00,s1-eth3,1498,4916,20,69,0,0,0,0
2026-01-21T12:22:07.064181+00:00,s1-eth4,1836,5180,24,73,0,0,0,0
2026-01-21T12:22:07.064181+00:00,s1-eth5,1638,5134,22,72,0,0,0,0
2026-01-21T12:22:07.064181+00:00,s2-eth1,15987131,55982,13420,603,0,0,0,0
2026-01-21T12:22:07.064181+00:00,s2-eth2,53936,15985451,576,13444,0,0,3726,3
2026-01-21T12:22:07.064181+00:00,s2-eth3,796,4150,10,57,0,0,0,0
2026-01-21T12:22:07.064181+00:00,s2-eth4,796,4150,10,57,0,0,0,0
2026-01-21T12:22:07.064181+00:00,s2-eth5,796,3974,10,55,0,0,0,0
2026-01-21T12:22:07.084396+00:00,s1-eth1,55982,15987131,603,13420,0,0,69980,61
2026-01-21T12:22:07.084396+00:00,s1-eth2,28192535,54802,23201,582,0,0,0,0
2026-01-21T12:22:07.084396+00:00,s1-eth3,1498,4916,20,69,0,0,0,0
2026-01-21T12:22:07.084396+00:00,s1-eth4,1836,5180,24,73,0,0,0,0
2026-01-21T12:22:07.084396+00:00,s1-eth5,1638,5134,22,72,0,0,0,0
2026-01-21T12:22:07.084396+00:00,s2-eth1,15987131,55982,13420,603,0,0,0,0
2026-01-21T12:22:07.084396+00:00,s2-eth2,53936,15985451,576,13444,0,0,3726,3
2026-01-21T12:22:07.084396+00:00,s2-eth3,796,4150,10,57,0,0,0,0
2026-01-21T12:22:07.084396+00:00,s2-eth4,796,4150,10,57,0,0,0,0
2026-01-21T12:22:07.084396+00:00,s2-eth5,796,3974,10,55,0,0,0,0
2026-01-21T12:22:07.104642+00:00,s1-eth1,55982,15987131,603,13420,0,0,69980,61
2026-01-21T12:22:07.104642+00:00,s1-eth2,28192535,54802,23201,582,0,0,0,0
2026-01-21T12:22:07.104642+00:00,s1-eth3,1498,4916,20,69,0,0,0,0
2026-01-21T12:22:07.104642+00:00,s1-eth4,1836,5180,24,73,0,0,0,0
2026-01-21T12:22:07.104642+00:00,s1-eth5,1638,5134,22,72,0,0,0,0
2026-01-21T12:22:07.104642+00:00,s2-eth1,15987131,55982,13420,603,0,0,0,0
2026-01-21T12:22:07.104642+00:00,s2-eth2,53936,15985451,576,13444,0,0,3726,3
2026-01-21T12:22:07.104642+00:00,s2-eth3,796,4150,10,57,0,0,0,0
2026-01-21T12:22:07.104642+00:00,s2-eth4,796,4150,10,57,0,0,0,0
2026-01-21T12:22:07.104642+00:00,s2-eth5,796,3974,10,55,0,0,0,0
2026-01-21T12:22:08.025282+00:00,s1-eth1,56080,15990857,604,13423,0,0,66254,58
2026-01-21T12:22:08.025282+00:00,s1-eth2,28192535,54802,23201,582,0,0,98,1
2026-01-21T12:22:08.025282+00:00,s1-eth3,1498,4916,20,69,0,0,0,0
2026-01-21T12:22:08.025282+00:00,s1-eth4,1836,5180,24,73,0,0,0,0
2026-01-21T12:22:08.025282+00:00,s1-eth5,1638,5134,22,72,0,0,0,0
2026-01-21T12:22:08.025282+00:00,s2-eth1,15990857,56080,13423,604,0,0,0,0
2026-01-21T12:22:08.025282+00:00,s2-eth2,54034,15989177,577,13447,0,0,3726,3
2026-01-21T12:22:08.025282+00:00,s2-eth3,796,4150,10,57,0,0,0,0
2026-01-21T12:22:08.025282+00:00,s2-eth4,796,4150,10,57,0,0,0,0
2026-01-21T12:22:08.025282+00:00,s2-eth5,796,3974,10,55,0,0,0,0
2026-01-21T12:22:08.043385+00:00,s1-eth1,56080,15990857,604,13423,0,0,66254,58
2026-01-21T12:22:08.043385+00:00,s1-eth2,28192535,54802,23201,582,0,0,98,1
2026-01-21T12:22:08.043385+00:00,s1-eth3,1498,4916,20,69,0,0,0,0
2026-01-21T12:22:08.043385+00:00,s1-eth4,1836,5180,24,73,0,0,0,0
2026-01-21T12:22:08.043385+00:00,s1-eth5,1638,5134,22,72,0,0,0,0
2026-01-21T12:22:08.043385+00:00,s2-eth1,15990857,56080,13423,604,0,0,0,0
2026-01-21T12:22:08.043385+00:00,s2-eth2,54034,15989177,577,13447,0,0,3726,3
2026-01-21T12:22:08.043385+00:00,s2-eth3,796,4150,10,57,0,0,0,0
2026-01-21T12:22:08.043385+00:00,s2-eth4,796,4150,10,57,0,0,0,0
2026-01-21T12:22:08.043385+00:00,s2-eth5,796,3974,10,55,0,0,0,0
2026-01-21T12:22:08.061226+00:00,s1-eth1,56080,15990857,604,13423,0,0,66254,58
2026-01-21T12:22:08.061226+00:00,s1-eth2,28192535,54802,23201,582,0,0,98,1
2026-01-21T12:22:08.061226+00:00,s1-eth3,1498,4916,20,69,0,0,0,0
2026-01-21T12:22:08.061226+00:00,s1-eth4,1836,5180,24,73,0,0,0,0
2026-01-21T12:22:08.061226+00:00,s1-eth5,1638,5134,22,72,0,0,0,0
2026-01-21T12:22:08.061226+00:00,s2-eth1,15990857,56080,13423,604,0,0,0,0
2026-01-21T12:22:08.061226+00:00,s2-eth2,54034,15989177,577,13447,0,0,3726,3
2026-01-21T12:22:08.061226+00:00,s2-eth3,796,4150,10,57,0,0,0,0
2026-01-21T12:22:08.061226+00:00,s2-eth4,796,4150,10,57,0,0,0,0
2026-01-21T12:22:08.061226+00:00,s2-eth5,796,3974,10,55,0,0,0,0
2026-01-21T12:22:08.079051+00:00,s1-eth1,56080,15990857,604,13423,0,0,66254,58
2026-01-21T12:22:08.079051+00:00,s1-eth2,28192535,54802,23201,582,0,0,98,1
2026-01-21T12:22:08.079051+00:00,s1-eth3,1498,4916,20,69,0,0,0,0
2026-01-21T12:22:08.079051+00:00,s1-eth4,1836,5180,24,73,0,0,0,0
2026-01-21T12:22:08.079051+00:00,s1-eth5,1638,5134,22,72,0,0,0,0
2026-01-21T12:22:08.079051+00:00,s2-eth1,15990857,56080,13423,604,0,0,0,0
2026-01-21T12:22:08.079051+00:00,s2-eth2,54034,15989177,577,13447,0,0,3726,3
2026-01-21T12:22:08.079051+00:00,s2-eth3,796,4150,10,57,0,0,0,0
2026-01-21T12:22:08.079051+00:00,s2-eth4,796,4150,10,57,0,0,0,0
2026-01-21T12:22:08.079051+00:00,s2-eth5,796,3974,10,55,0,0,0,0
2026-01-21T12:22:08.096690+00:00,s1-eth1,56080,15990857,604,13423,0,0,66254,58
2026-01-21T12:22:08.096690+00:00,s1-eth2,28192535,54802,23201,582,0,0,98,1
2026-01-21T12:22:08.096690+00:00,s1-eth3,1498,4916,20,69,0,0,0,0
2026-01-21T12:22:08.096690+00:00,s1-eth4,1836,5180,24,73,0,0,0,0
2026-01-21T12:22:08.096690+00:00,s1-eth5,1638,5134,22,72,0,0,0,0
2026-01-21T12:22:08.096690+00:00,s2-eth1,15990857,56080,13423,604,0,0,0,0
2026-01-21T12:22:08.096690+00:00,s2-eth2,54034,15989177,577,13447,0,0,3726,3
2026-01-21T12:22:08.096690+00:00,s2-eth3,796,4150,10,57,0,0,0,0
2026-01-21T12:22:08.096690+00:00,s2-eth4,796,4150,10,57,0,0,0,0
2026-01-21T12:22:08.096690+00:00,s2-eth5,796,3974,10,55,0,0,0,0
2026-01-21T12:22:09.021928+00:00,s1-eth1,56080,15994583,604,13426,0,0,62626,56
2026-01-21T12:22:09.021928+00:00,s1-eth2,28192633,54900,23202,583,0,0,0,0
2026-01-21T12:22:09.021928+00:00,s1-eth3,1498,4916,20,69,0,0,0,0
2026-01-21T12:22:09.021928+00:00,s1-eth4,1836,5180,24,73,0,0,0,0
2026-01-21T12:22:09.021928+00:00,s1-eth5,1638,5134,22,72,0,0,0,0
2026-01-21T12:22:09.021928+00:00,s2-eth1,15994583,56080,13426,604,0,0,0,0
2026-01-21T12:22:09.021928+00:00,s2-eth2,54034,15992903,577,13450,0,0,3726,3
2026-01-21T12:22:09.021928+00:00,s2-eth3,796,4150,10,57,0,0,0,0
2026-01-21T12:22:09.021928+00:00,s2-eth4,796,4150,10,57,0,0,0,0
2026-01-21T12:22:09.021928+00:00,s2-eth5,796,3974,10,55,0,0,0,0
2026-01-21T12:22:09.048416+00:00,s1-eth1,56080,15994583,604,13426,0,0,62626,56
2026-01-21T12:22:09.048416+00:00,s1-eth2,28192633,54900,23202,583,0,0,0,0
2026-01-21T12:22:09.048416+00:00,s1-eth3,1498,4916,20,69,0,0,0,0
2026-01-21T12:22:09.048416+00:00,s1-eth4,1836,5180,24,73,0,0,0,0
2026-01-21T12:22:09.048416+00:00,s1-eth5,1638,5134,22,72,0,0,0,0
2026-01-21T12:22:09.048416+00:00,s2-eth1,15994583,56080,13426,604,0,0,0,0
2026-01-21T12:22:09.048416+00:00,s2-eth2,54034,15992903,577,13450,0,0,3726,3
2026-01-21T12:22:09.048416+00:00,s2-eth3,796,4150,10,57,0,0,0,0
2026-01-21T12:22:09.048416+00:00,s2-eth4,796,4150,10,57,0,0,0,0
2026-01-21T12:22:09.048416+00:00,s2-eth5,796,3974,10,55,0,0,0,0
2026-01-21T12:22:09.069456+00:00,s1-eth1,56080,15994583,604,13426,0,0,62626,56
2026-01-21T12:22:09.069456+00:00,s1-eth2,28192633,54900,23202,583,0,0,0,0
2026-01-21T12:22:09.069456+00:00,s1-eth3,1498,4916,20,69,0,0,0,0
2026-01-21T12:22:09.069456+00:00,s1-eth4,1836,5180,24,73,0,0,0,0
2026-01-21T12:22:09.069456+00:00,s1-eth5,1638,5134,22,72,0,0,0,0
2026-01-21T12:22:09.069456+00:00,s2-eth1,15994583,56080,13426,604,0,0,0,0
2026-01-21T12:22:09.069456+00:00,s2-eth2,54034,15992903,577,13450,0,0,3726,3
2026-01-21T12:22:09.069456+00:00,s2-eth3,796,4150,10,57,0,0,0,0
2026-01-21T12:22:09.069456+00:00,s2-eth4,796,4150,10,57,0,0,0,0
2026-01-21T12:22:09.069456+00:00,s2-eth5,796,3974,10,55,0,0,0,0
2026-01-21T12:22:09.092605+00:00,s1-eth1,56080,15994583,604,13426,0,0,62626,56
2026-01-21T12:22:09.092605+00:00,s1-eth2,28192633,54900,23202,583,0,0,0,0
2026-01-21T12:22:09.092605+00:00,s1-eth3,1498,4916,20,69,0,0,0,0
2026-01-21T12:22:09.092605+00:00,s1-eth4,1836,5180,24,73,0,0,0,0
2026-01-21T12:22:09.092605+00:00,s1-eth5,1638,5134,22,72,0,0,0,0
2026-01-21T12:22:09.092605+00:00,s2-eth1,15994583,56080,13426,604,0,0,0,0
2026-01-21T12:22:09.092605+00:00,s2-eth2,54034,15992903,577,13450,0,0,3726,3
2026-01-21T12:22:09.092605+00:00,s2-eth3,796,4150,10,57,0,0,0,0
2026-01-21T12:22:09.092605+00:00,s2-eth4,796,4150,10,57,0,0,0,0
2026-01-21T12:22:09.092605+00:00,s2-eth5,796,3974,10,55,0,0,0,0
2026-01-21T12:22:09.114948+00:00,s1-eth1,56080,15994583,604,13426,0,0,62626,56
2026-01-21T12:22:09.114948+00:00,s1-eth2,28192633,54900,23202,583,0,0,0,0
2026-01-21T12:22:09.114948+00:00,s1-eth3,1498,4916,20,69,0,0,0,0
2026-01-21T12:22:09.114948+00:00,s1-eth4,1836,5180,24,73,0,0,0,0
2026-01-21T12:22:09.114948+00:00,s1-eth5,1638,5134,22,72,0,0,0,0
2026-01-21T12:22:09.114948+00:00,s2-eth1,15994583,56080,13426,604,0,0,0,0
2026-01-21T12:22:09.114948+00:00,s2-eth2,54034,15992903,577,13450,0,0,3726,3
2026-01-21T12:22:09.114948+00:00,s2-eth3,796,4150,10,57,0,0,0,0
2026-01-21T12:22:09.114948+00:00,s2-eth4,796,4150,10,57,0,0,0,0
2026-01-21T12:22:09.114948+00:00,s2-eth5,796,3974,10,55,0,0,0,0
2026-01-21T12:22:10.022468+00:00,s1-eth1,56080,15998309,604,13429,0,0,58998,54
2026-01-21T12:22:10.022468+00:00,s1-eth2,28192731,54900,23203,583,0,0,0,0
2026-01-21T12:22:10.022468+00:00,s1-eth3,1498,4916,20,69,0,0,0,0
2026-01-21T12:22:10.022468+00:00,s1-eth4,1836,5180,24,73,0,0,0,0
2026-01-21T12:22:10.022468+00:00,s1-eth5,1638,5134,22,72,0,0,0,0
2026-01-21T12:22:10.022468+00:00,s2-eth1,15998309,56080,13429,604,0,0,0,0
2026-01-21T12:22:10.022468+00:00,s2-eth2,54034,15996629,577,13453,0,0,3726,3
2026-01-21T12:22:10.022468+00:00,s2-eth3,796,4150,10,57,0,0,0,0
2026-01-21T12:22:10.022468+00:00,s2-eth4,796,4150,10,57,0,0,0,0
2026-01-21T12:22:10.022468+00:00,s2-eth5,796,3974,10,55,0,0,0,0
2026-01-21T12:22:10.043216+00:00,s1-eth1,56080,15998309,604,13429,0,0,58998,54
2026-01-21T12:22:10.043216+00:00,s1-eth2,28192731,54900,23203,583,0,0,0,0
2026-01-21T12:22:10.043216+00:00,s1-eth3,1498,4916,20,69,0,0,0,0
2026-01-21T12:22:10.043216+00:00,s1-eth4,1836,5180,24,73,0,0,0,0
2026-01-21T12:22:10.043216+00:00,s1-eth5,1638,5134,22,72,0,0,0,0
2026-01-21T12:22:10.043216+00:00,s2-eth1,15998309,56080,13429,604,0,0,0,0
2026-01-21T12:22:10.043216+00:00,s2-eth2,54034,15996629,577,13453,0,0,3726,3
2026-01-21T12:22:10.043216+00:00,s2-eth3,796,4150,10,57,0,0,0,0
2026-01-21T12:22:10.043216+00:00,s2-eth4,796,4150,10,57,0,0,0,0
2026-01-21T12:22:10.043216+00:00,s2-eth5,796,3974,10,55,0,0,0,0
2026-01-21T12:22:10.060804+00:00,s1-eth1,56080,15998309,604,13429,0,0,58998,54
2026-01-21T12:22:10.060804+00:00,s1-eth2,28192731,54900,23203,583,0,0,0,0
2026-01-21T12:22:10.060804+00:00,s1-eth3,1498,4916,20,69,0,0,0,0
2026-01-21T12:22:10.060804+00:00,s1-eth4,1836,5180,24,73,0,0,0,0
2026-01-21T12:22:10.060804+00:00,s1-eth5,1638,5134,22,72,0,0,0,0
2026-01-21T12:22:10.060804+00:00,s2-eth1,15998309,56080,13429,604,0,0,0,0
2026-01-21T12:22:10.060804+00:00,s2-eth2,54034,15996629,577,13453,0,0,3726,3
2026-01-21T12:22:10.060804+00:00,s2-eth3,796,4150,10,57,0,0,0,0
2026-01-21T12:22:10.060804+00:00,s2-eth4,796,4150,10,57,0,0,0,0
2026-01-21T12:22:10.060804+00:00,s2-eth5,796,3974,10,55,0,0,0,0
2026-01-21T12:22:10.078018+00:00,s1-eth1,56080,15998309,604,13429,0,0,58998,54
2026-01-21T12:22:10.078018+00:00,s1-eth2,28192731,54900,23203,583,0,0,0,0
2026-01-21T12:22:10.078018+00:00,s1-eth3,1498,4916,20,69,0,0,0,0
2026-01-21T12:22:10.078018+00:00,s1-eth4,1836,5180,24,73,0,0,0,0
2026-01-21T12:22:10.078018+00:00,s1-eth5,1638,5134,22,72,0,0,0,0
2026-01-21T12:22:10.078018+00:00,s2-eth1,15998309,56080,13429,604,0,0,0,0
2026-01-21T12:22:10.078018+00:00,s2-eth2,54034,15996629,577,13453,0,0,3726,3
2026-01-21T12:22:10.078018+00:00,s2-eth3,796,4150,10,57,0,0,0,0
2026-01-21T12:22:10.078018+00:00,s2-eth4,796,4150,10,57,0,0,0,0
2026-01-21T12:22:10.078018+00:00,s2-eth5,796,3974,10,55,0,0,0,0
2026-01-21T12:22:10.095668+00:00,s1-eth1,56080,15998309,604,13429,0,0,58998,54
2026-01-21T12:22:10.095668+00:00,s1-eth2,28192731,54900,23203,583,0,0,0,0
2026-01-21T12:22:10.095668+00:00,s1-eth3,1498,4916,20,69,0,0,0,0
2026-01-21T12:22:10.095668+00:00,s1-eth4,1836,5180,24,73,0,0,0,0
2026-01-21T12:22:10.095668+00:00,s1-eth5,1638,5134,22,72,0,0,0,0
2026-01-21T12:22:10.095668+00:00,s2-eth1,15998309,56080,13429,604,0,0,0,0
2026-01-21T12:22:10.095668+00:00,s2-eth2,54034,15996629,577,13453,0,0,3726,3
2026-01-21T12:22:10.095668+00:00,s2-eth3,796,4150,10,57,0,0,0,0
2026-01-21T12:22:10.095668+00:00,s2-eth4,796,4150,10,57,0,0,0,0
2026-01-21T12:22:10.095668+00:00,s2-eth5,796,3974,10,55,0,0,0,0
2026-01-21T12:22:11.033796+00:00,s1-eth1,56080,16004519,604,13434,0,0,52984,51
2026-01-21T12:22:11.033796+00:00,s1-eth2,28192927,54970,23205,584,0,0,0,0
2026-01-21T12:22:11.033796+00:00,s1-eth3,1498,4916,20,69,0,0,0,0
2026-01-21T12:22:11.033796+00:00,s1-eth4,1836,5180,24,73,0,0,0,0
2026-01-21T12:22:11.033796+00:00,s1-eth5,1638,5134,22,72,0,0,0,0
2026-01-21T12:22:11.033796+00:00,s2-eth1,16007003,56080,13436,604,0,0,0,0
2026-01-21T12:22:11.033796+00:00,s2-eth2,54034,16009049,577,13463,0,0,0,0
2026-01-21T12:22:11.033796+00:00,s2-eth3,796,4150,10,57,0,0,0,0
2026-01-21T12:22:11.033796+00:00,s2-eth4,796,4150,10,57,0,0,0,0
2026-01-21T12:22:11.033796+00:00,s2-eth5,796,3974,10,55,0,0,0,0
2026-01-21T12:22:11.053990+00:00,s1-eth1,56080,16009487,604,13438,0,0,48016,47
2026-01-21T12:22:11.053990+00:00,s1-eth2,28192927,54970,23205,584,0,0,0,0
2026-01-21T12:22:11.053990+00:00,s1-eth3,1498,4916,20,69,0,0,0,0
2026-01-21T12:22:11.053990+00:00,s1-eth4,1836,5180,24,73,0,0,0,0
2026-01-21T12:22:11.053990+00:00,s1-eth5,1638,5134,22,72,0,0,0,0
2026-01-21T12:22:11.053990+00:00,s2-eth1,16011971,56080,13440,604,0,0,0,0
2026-01-21T12:22:11.053990+00:00,s2-eth2,54034,16014017,577,13467,0,0,0,0
2026-01-21T12:22:11.053990+00:00,s2-eth3,796,4150,10,57,0,0,0,0
2026-01-21T12:22:11.053990+00:00,s2-eth4,796,4150,10,57,0,0,0,0
2026-01-21T12:22:11.053990+00:00,s2-eth5,796,3974,10,55,0,0,0,0
2026-01-21T12:22:11.072014+00:00,s1-eth1,56080,16013213,604,13441,0,0,43048,43
2026-01-21T12:22:11.072014+00:00,s1-eth2,28192927,54970,23205,584,0,0,0,0
2026-01-21T12:22:11.072014+00:00,s1-eth3,1498,4916,20,69,0,0,0,0
2026-01-21T12:22:11.072014+00:00,s1-eth4,1836,5180,24,73,0,0,0,0
2026-01-21T12:22:11.072014+00:00,s1-eth5,1638,5134,22,72,0,0,0,0
2026-01-21T12:22:11.072014+00:00,s2-eth1,16015697,56080,13443,604,0,0,0,0
2026-01-21T12:22:11.072014+00:00,s2-eth2,54034,16017743,577,13470,0,0,1242,1
2026-01-21T12:22:11.072014+00:00,s2-eth3,796,4150,10,57,0,0,0,0
2026-01-21T12:22:11.072014+00:00,s2-eth4,796,4150,10,57,0,0,0,0
2026-01-21T12:22:11.072014+00:00,s2-eth5,796,3974,10,55,0,0,0,0
2026-01-21T12:22:11.088827+00:00,s1-eth1,56080,16018181,604,13445,0,0,39322,40
2026-01-21T12:22:11.088827+00:00,s1-eth2,28192927,54970,23205,584,0,0,0,0
2026-01-21T12:22:11.088827+00:00,s1-eth3,1498,4916,20,69,0,0,0,0
2026-01-21T12:22:11.088827+00:00,s1-eth4,1836,5180,24,73,0,0,0,0
2026-01-21T12:22:11.088827+00:00,s1-eth5,1638,5134,22,72,0,0,0,0
2026-01-21T12:22:11.088827+00:00,s2-eth1,16019423,56080,13446,604,0,0,0,0
2026-01-21T12:22:11.088827+00:00,s2-eth2,54034,16022711,577,13474,0,0,0,0
2026-01-21T12:22:11.088827+00:00,s2-eth3,796,4150,10,57,0,0,0,0
2026-01-21T12:22:11.088827+00:00,s2-eth4,796,4150,10,57,0,0,0,0
2026-01-21T12:22:11.088827+00:00,s2-eth5,796,3974,10,55,0,0,0,0
2026-01-21T12:22:11.106419+00:00,s1-eth1,56080,16021907,604,13448,0,0,34354,36
2026-01-21T12:22:11.106419+00:00,s1-eth2,28192927,54970,23205,584,0,0,0,0
2026-01-21T12:22:11.106419+00:00,s1-eth3,1498,4916,20,69,0,0,0,0
2026-01-21T12:22:11.106419+00:00,s1-eth4,1836,5180,24,73,0,0,0,0
2026-01-21T12:22:11.106419+00:00,s1-eth5,1638,5134,22,72,0,0,0,0
2026-01-21T12:22:11.106419+00:00,s2-eth1,16024391,56080,13450,604,0,0,0,0
2026-01-21T12:22:11.106419+00:00,s2-eth2,54034,16026437,577,13477,0,0,1242,1
2026-01-21T12:22:11.106419+00:00,s2-eth3,796,4150,10,57,0,0,0,0
2026-01-21T12:22:11.106419+00:00,s2-eth4,796,4150,10,57,0,0,0,0
2026-01-21T12:22:11.106419+00:00,s2-eth5,796,3974,10,55,0,0,0,0
2026-01-21T12:22:11.249960+00:00,s1-eth1,57075,16057601,615,13486,0,0,0,0
2026-01-21T12:22:11.249960+00:00,s1-eth2,28193161,55965,23208,595,0,0,0,0
2026-01-21T12:22:11.249960+00:00,s1-eth3,1498,4916,20,69,0,0,0,0
2026-01-21T12:22:11.249960+00:00,s1-eth4,1836,5180,24,73,0,0,0,0
2026-01-21T12:22:11.249960+00:00,s1-eth5,1638,5134,22,72,0,0,0,0
2026-01-21T12:22:11.249960+00:00,s2-eth1,16058068,57141,13489,617,0,0,0,0
2026-01-21T12:22:11.249960+00:00,s2-eth2,55231,16060114,591,13516,0,0,0,0
2026-01-21T12:22:11.249960+00:00,s2-eth3,796,4150,10,57,0,0,0,0
2026-01-21T12:22:11.249960+00:00,s2-eth4,796,4150,10,57,0,0,0,0
2026-01-21T12:22:11.249960+00:00,s2-eth5,796,3974,10,55,0,0,0,0
2026-01-21T12:22:11.450817+00:00,s1-eth1,57861,16058497,622,13495,0,0,0,0
2026-01-21T12:22:11.450817+00:00,s1-eth2,28193921,56751,23215,602,0,0,0,0
2026-01-21T12:22:11.450817+00:00,s1-eth3,1498,4916,20,69,0,0,0,0
2026-01-21T12:22:11.450817+00:00,s1-eth4,1836,5180,24,73,0,0,0,0
2026-01-21T12:22:11.450817+00:00,s1-eth5,1638,5134,22,72,0,0,0,0
2026-01-21T12:22:11.450817+00:00,s2-eth1,16058497,57861,13495,622,0,0,0,0
2026-01-21T12:22:11.450817+00:00,s2-eth2,55815,16060543,595,13522,0,0,0,0
2026-01-21T12:22:11.450817+00:00,s2-eth3,796,4150,10,57,0,0,0,0
2026-01-21T12:22:11.450817+00:00,s2-eth4,796,4150,10,57,0,0,0,0
2026-01-21T12:22:11.450817+00:00,s2-eth5,796,3974,10,55,0,0,0,0
2026-01-21T12:22:11.671989+00:00,s1-eth1,57959,16058595,623,13496,0,0,0,0
2026-01-21T12:22:11.671989+00:00,s1-eth2,28194019,56849,23216,603,0,0,0,0
2026-01-21T12:22:11.671989+00:00,s1-eth3,1498,4916,20,69,0,0,0,0
2026-01-21T12:22:11.671989+00:00,s1-eth4,1836,5180,24,73,0,0,0,0
2026-01-21T12:22:11.671989+00:00,s1-eth5,1638,5134,22,72,0,0,0,0
2026-01-21T12:22:11.671989+00:00,s2-eth1,16058595,57959,13496,623,0,0,0,0
2026-01-21T12:22:11.671989+00:00,s2-eth2,55913,16060641,596,13523,0,0,0,0
2026-01-21T12:22:11.671989+00:00,s2-eth3,796,4150,10,57,0,0,0,0
2026-01-21T12:22:11.671989+00:00,s2-eth4,796,4150,10,57,0,0,0,0
2026-01-21T12:22:11.671989+00:00,s2-eth5,796,3974,10,55,0,0,0,0
2026-01-21T12:22:11.875303+00:00,s1-eth1,58057,16058693,624,13497,0,0,0,0
2026-01-21T12:22:11.875303+00:00,s1-eth2,28194117,56947,23217,604,0,0,0,0
2026-01-21T12:22:11.875303+00:00,s1-eth3,1498,4916,20,69,0,0,0,0
2026-01-21T12:22:11.875303+00:00,s1-eth4,1836,5180,24,73,0,0,0,0
2026-01-21T12:22:11.875303+00:00,s1-eth5,1638,5134,22,72,0,0,0,0
2026-01-21T12:22:11.875303+00:00,s2-eth1,16058693,58057,13497,624,0,0,0,0
2026-01-21T12:22:11.875303+00:00,s2-eth2,56011,16060739,597,13524,0,0,0,0
2026-01-21T12:22:11.875303+00:00,s2-eth3,796,4150,10,57,0,0,0,0
2026-01-21T12:22:11.875303+00:00,s2-eth4,796,4150,10,57,0,0,0,0
2026-01-21T12:22:11.875303+00:00,s2-eth5,796,3974,10,55,0,0,0,0
2026-01-21T12:22:12.057298+00:00,s1-eth1,58155,16058791,625,13498,0,0,0,0
2026-01-21T12:22:12.057298+00:00,s1-eth2,28194215,57045,23218,605,0,0,0,0
2026-01-21T12:22:12.057298+00:00,s1-eth3,1498,4916,20,69,0,0,0,0
2026-01-21T12:22:12.057298+00:00,s1-eth4,1836,5180,24,73,0,0,0,0
2026-01-21T12:22:12.057298+00:00,s1-eth5,1638,5134,22,72,0,0,0,0
2026-01-21T12:22:12.057298+00:00,s2-eth1,16058791,58155,13498,625,0,0,0,0
2026-01-21T12:22:12.057298+00:00,s2-eth2,56109,16060837,598,13525,0,0,0,0
2026-01-21T12:22:12.057298+00:00,s2-eth3,796,4150,10,57,0,0,0,0
2026-01-21T12:22:12.057298+00:00,s2-eth4,796,4150,10,57,0,0,0,0
2026-01-21T12:22:12.057298+00:00,s2-eth5,796,3974,10,55,0,0,0,0
2026-01-21T12:22:12.250773+00:00,s1-eth1,58253,16058889,626,13499,0,0,0,0
2026-01-21T12:22:12.250773+00:00,s1-eth2,28194313,57143,23219,606,0,0,0,0
2026-01-21T12:22:12.250773+00:00,s1-eth3,1498,4916,20,69,0,0,0,0
2026-01-21T12:22:12.250773+00:00,s1-eth4,1836,5180,24,73,0,0,0,0
2026-01-21T12:22:12.250773+00:00,s1-eth5,1638,5134,22,72,0,0,0,0
2026-01-21T12:22:12.250773+00:00,s2-eth1,16058889,58253,13499,626,0,0,0,0
2026-01-21T12:22:12.250773+00:00,s2-eth2,56207,16060935,599,13526,0,0,0,0
2026-01-21T12:22:12.250773+00:00,s2-eth3,796,4150,10,57,0,0,0,0
2026-01-21T12:22:12.250773+00:00,s2-eth4,796,4150,10,57,0,0,0,0
2026-01-21T12:22:12.250773+00:00,s2-eth5,796,3974,10,55,0,0,0,0
2026-01-21T12:22:12.451968+00:00,s1-eth1,58351,16059057,627,13501,0,0,0,0
2026-01-21T12:22:12.451968+00:00,s1-eth2,28194411,57311,23220,608,0,0,0,0
2026-01-21T12:22:12.451968+00:00,s1-eth3,1568,4916,21,69,0,0,0,0
2026-01-21T12:22:12.451968+00:00,s1-eth4,1836,5250,24,74,0,0,0,0
2026-01-21T12:22:12.451968+00:00,s1-eth5,1638,5204,22,73,0,0,0,0
2026-01-21T12:22:12.451968+00:00,s2-eth1,16059057,58351,13501,627,0,0,0,0
2026-01-21T12:22:12.451968+00:00,s2-eth2,56305,16061103,600,13528,0,0,0,0
2026-01-21T12:22:12.451968+00:00,s2-eth3,796,4220,10,58,0,0,0,0
2026-01-21T12:22:12.451968+00:00,s2-eth4,796,4220,10,58,0,0,0,0
2026-01-21T12:22:12.451968+00:00,s2-eth5,796,4044,10,56,0,0,0,0
2026-01-21T12:22:12.658424+00:00,s1-eth1,58449,16059155,628,13502,0,0,0,0
2026-01-21T12:22:12.658424+00:00,s1-eth2,28194509,57409,23221,609,0,0,0,0
2026-01-21T12:22:12.658424+00:00,s1-eth3,1568,4916,21,69,0,0,0,0
2026-01-21T12:22:12.658424+00:00,s1-eth4,1836,5250,24,74,0,0,0,0
2026-01-21T12:22:12.658424+00:00,s1-eth5,1638,5204,22,73,0,0,0,0
2026-01-21T12:22:12.658424+00:00,s2-eth1,16059155,58449,13502,628,0,0,0,0
2026-01-21T12:22:12.658424+00:00,s2-eth2,56403,16061201,601,13529,0,0,0,0
2026-01-21T12:22:12.658424+00:00,s2-eth3,796,4220,10,58,0,0,0,0
2026-01-21T12:22:12.658424+00:00,s2-eth4,796,4220,10,58,0,0,0,0
2026-01-21T12:22:12.658424+00:00,s2-eth5,796,4044,10,56,0,0,0,0
2026-01-21T12:22:12.861131+00:00,s1-eth1,58547,16059253,629,13503,0,0,0,0
2026-01-21T12:22:12.861131+00:00,s1-eth2,28194607,57507,23222,610,0,0,0,0
2026-01-21T12:22:12.861131+00:00,s1-eth3,1568,4916,21,69,0,0,0,0
2026-01-21T12:22:12.861131+00:00,s1-eth4,1836,5250,24,74,0,0,0,0
2026-01-21T12:22:12.861131+00:00,s1-eth5,1638,5204,22,73,0,0,0,0
2026-01-21T12:22:12.861131+00:00,s2-eth1,16059253,58547,13503,629,0,0,0,0
2026-01-21T12:22:12.861131+00:00,s2-eth2,56501,16061299,602,13530,0,0,0,0
2026-01-21T12:22:12.861131+00:00,s2-eth3,796,4220,10,58,0,0,0,0
2026-01-21T12:22:12.861131+00:00,s2-eth4,796,4220,10,58,0,0,0,0
2026-01-21T12:22:12.861131+00:00,s2-eth5,796,4044,10,56,0,0,0,0
2026-01-21T12:22:13.050741+00:00,s1-eth1,58645,16059351,630,13504,0,0,0,0
2026-01-21T12:22:13.050741+00:00,s1-eth2,28194705,57605,23223,611,0,0,0,0
2026-01-21T12:22:13.050741+00:00,s1-eth3,1568,4916,21,69,0,0,0,0
2026-01-21T12:22:13.050741+00:00,s1-eth4,1836,5250,24,74,0,0,0,0
2026-01-21T12:22:13.050741+00:00,s1-eth5,1638,5204,22,73,0,0,0,0
2026-01-21T12:22:13.050741+00:00,s2-eth1,16059351,58645,13504,630,0,0,0,0
2026-01-21T12:22:13.050741+00:00,s2-eth2,56599,16061397,603,13531,0,0,0,0
2026-01-21T12:22:13.050741+00:00,s2-eth3,796,4220,10,58,0,0,0,0
2026-01-21T12:22:13.050741+00:00,s2-eth4,796,4220,10,58,0,0,0,0
2026-01-21T12:22:13.050741+00:00,s2-eth5,796,4044,10,56,0,0,0,0
2026-01-21T12:22:13.250681+00:00,s1-eth1,58743,16059449,631,13505,0,0,0,0
2026-01-21T12:22:13.250681+00:00,s1-eth2,28194803,57703,23224,612,0,0,0,0
2026-01-21T12:22:13.250681+00:00,s1-eth3,1568,4916,21,69,0,0,0,0
2026-01-21T12:22:13.250681+00:00,s1-eth4,1836,5250,24,74,0,0,0,0
2026-01-21T12:22:13.250681+00:00,s1-eth5,1638,5204,22,73,0,0,0,0
2026-01-21T12:22:13.250681+00:00,s2-eth1,16059449,58743,13505,631,0,0,0,0
2026-01-21T12:22:13.250681+00:00,s2-eth2,56697,16061495,604,13532,0,0,0,0
2026-01-21T12:22:13.250681+00:00,s2-eth3,796,4220,10,58,0,0,0,0
2026-01-21T12:22:13.250681+00:00,s2-eth4,796,4220,10,58,0,0,0,0
2026-01-21T12:22:13.250681+00:00,s2-eth5,796,4044,10,56,0,0,0,0
2026-01-21T12:22:13.454564+00:00,s1-eth1,58841,16059547,632,13506,0,0,0,0
2026-01-21T12:22:13.454564+00:00,s1-eth2,28194901,57801,23225,613,0,0,0,0
2026-01-21T12:22:13.454564+00:00,s1-eth3,1568,4916,21,69,0,0,0,0
2026-01-21T12:22:13.454564+00:00,s1-eth4,1836,5250,24,74,0,0,0,0
2026-01-21T12:22:13.454564+00:00,s1-eth5,1638,5204,22,73,0,0,0,0
2026-01-21T12:22:13.454564+00:00,s2-eth1,16059547,58841,13506,632,0,0,0,0
2026-01-21T12:22:13.454564+00:00,s2-eth2,56795,16061593,605,13533,0,0,0,0
2026-01-21T12:22:13.454564+00:00,s2-eth3,796,4220,10,58,0,0,0,0
2026-01-21T12:22:13.454564+00:00,s2-eth4,796,4220,10,58,0,0,0,0
2026-01-21T12:22:13.454564+00:00,s2-eth5,796,4044,10,56,0,0,0,0
2026-01-21T12:22:13.653002+00:00,s1-eth1,58841,16059547,632,13506,0,0,0,0
2026-01-21T12:22:13.653002+00:00,s1-eth2,28194999,57801,23226,613,0,0,98,1
2026-01-21T12:22:13.653002+00:00,s1-eth3,1568,4916,21,69,0,0,0,0
2026-01-21T12:22:13.653002+00:00,s1-eth4,1836,5250,24,74,0,0,0,0
2026-01-21T12:22:13.653002+00:00,s1-eth5,1638,5204,22,73,0,0,0,0
2026-01-21T12:22:13.653002+00:00,s2-eth1,16059645,58939,13507,633,0,0,0,0
2026-01-21T12:22:13.653002+00:00,s2-eth2,56893,16061691,606,13534,0,0,0,0
2026-01-21T12:22:13.653002+00:00,s2-eth3,796,4220,10,58,0,0,0,0
2026-01-21T12:22:13.653002+00:00,s2-eth4,796,4220,10,58,0,0,0,0
2026-01-21T12:22:13.653002+00:00,s2-eth5,796,4044,10,56,0,0,0,0
2026-01-21T12:22:13.850006+00:00,s1-eth1,58939,16059645,633,13507,0,0,0,0
2026-01-21T12:22:13.850006+00:00,s1-eth2,28194999,57899,23226,614,0,0,0,0
2026-01-21T12:22:13.850006+00:00,s1-eth3,1568,4916,21,69,0,0,0,0
2026-01-21T12:22:13.850006+00:00,s1-eth4,1836,5250,24,74,0,0,0,0
2026-01-21T12:22:13.850006+00:00,s1-eth5,1638,5204,22,73,0,0,0,0
2026-01-21T12:22:13.850006+00:00,s2-eth1,16059743,59037,13508,634,0,0,0,0
2026-01-21T12:22:13.850006+00:00,s2-eth2,56991,16061789,607,13535,0,0,0,0
2026-01-21T12:22:13.850006+00:00,s2-eth3,796,4220,10,58,0,0,0,0
2026-01-21T12:22:13.850006+00:00,s2-eth4,796,4220,10,58,0,0,0,0
2026-01-21T12:22:13.850006+00:00,s2-eth5,796,4044,10,56,0,0,0,0
2026-01-21T12:22:14.050021+00:00,s1-eth1,59037,16059743,634,13508,0,0,0,0
2026-01-21T12:22:14.050021+00:00,s1-eth2,28195097,57997,23227,615,0,0,0,0
2026-01-21T12:22:14.050021+00:00,s1-eth3,1568,4916,21,69,0,0,0,0
2026-01-21T12:22:14.050021+00:00,s1-eth4,1836,5250,24,74,0,0,0,0
2026-01-21T12:22:14.050021+00:00,s1-eth5,1638,5204,22,73,0,0,0,0
2026-01-21T12:22:14.050021+00:00,s2-eth1,16059841,59135,13509,635,0,0,0,0
2026-01-21T12:22:14.050021+00:00,s2-eth2,57089,16061887,608,13536,0,0,0,0
2026-01-21T12:22:14.050021+00:00,s2-eth3,796,4220,10,58,0,0,0,0
2026-01-21T12:22:14.050021+00:00,s2-eth4,796,4220,10,58,0,0,0,0
2026-01-21T12:22:14.050021+00:00,s2-eth5,796,4044,10,56,0,0,0,0
2026-01-21T12:22:14.250243+00:00,s1-eth1,59135,16059841,635,13509,0,0,0,0
2026-01-21T12:22:14.250243+00:00,s1-eth2,28195195,58095,23228,616,0,0,0,0
2026-01-21T12:22:14.250243+00:00,s1-eth3,1568,4916,21,69,0,0,0,0
2026-01-21T12:22:14.250243+00:00,s1-eth4,1836,5250,24,74,0,0,0,0
2026-01-21T12:22:14.250243+00:00,s1-eth5,1638,5204,22,73,0,0,0,0
2026-01-21T12:22:14.250243+00:00,s2-eth1,16059939,59233,13510,636,0,0,0,0
2026-01-21T12:22:14.250243+00:00,s2-eth2,57187,16061985,609,13537,0,0,0,0
2026-01-21T12:22:14.250243+00:00,s2-eth3,796,4220,10,58,0,0,0,0
2026-01-21T12:22:14.250243+00:00,s2-eth4,796,4220,10,58,0,0,0,0
2026-01-21T12:22:14.250243+00:00,s2-eth5,796,4044,10,56,0,0,0,0
2026-01-21T12:22:14.451141+00:00,s1-eth1,59303,16059939,637,13510,0,0,0,0
2026-01-21T12:22:14.451141+00:00,s1-eth2,28195293,58263,23229,618,0,0,0,0
2026-01-21T12:22:14.451141+00:00,s1-eth3,1568,4986,21,70,0,0,0,0
2026-01-21T12:22:14.451141+00:00,s1-eth4,1836,5320,24,75,0,0,0,0
2026-01-21T12:22:14.451141+00:00,s1-eth5,1638,5274,22,74,0,0,0,0
2026-01-21T12:22:14.451141+00:00,s2-eth1,16060037,59303,13511,637,0,0,0,0
2026-01-21T12:22:14.451141+00:00,s2-eth2,57285,16062153,610,13539,0,0,0,0
2026-01-21T12:22:14.451141+00:00,s2-eth3,796,4290,10,59,0,0,0,0
2026-01-21T12:22:14.451141+00:00,s2-eth4,866,4220,11,58,0,0,0,0
2026-01-21T12:22:14.451141+00:00,s2-eth5,796,4114,10,57,0,0,0,0
2026-01-21T12:22:14.650114+00:00,s1-eth1,59401,16060037,638,13511,0,0,0,0
2026-01-21T12:22:14.650114+00:00,s1-eth2,28195391,58361,23230,619,0,0,0,0
2026-01-21T12:22:14.650114+00:00,s1-eth3,1568,4986,21,70,0,0,0,0
2026-01-21T12:22:14.650114+00:00,s1-eth4,1836,5320,24,75,0,0,0,0
2026-01-21T12:22:14.650114+00:00,s1-eth5,1638,5274,22,74,0,0,0,0
2026-01-21T12:22:14.650114+00:00,s2-eth1,16060135,59401,13512,638,0,0,0,0
2026-01-21T12:22:14.650114+00:00,s2-eth2,57285,16062251,610,13540,0,0,0,0
2026-01-21T12:22:14.650114+00:00,s2-eth3,796,4290,10,59,0,0,0,0
2026-01-21T12:22:14.650114+00:00,s2-eth4,866,4220,11,58,0,0,0,0
2026-01-21T12:22:14.650114+00:00,s2-eth5,796,4114,10,57,0,0,0,0
2026-01-21T12:22:14.850471+00:00,s1-eth1,59499,16060135,639,13512,0,0,0,0
2026-01-21T12:22:14.850471+00:00,s1-eth2,28195489,58459,23231,620,0,0,0,0
2026-01-21T12:22:14.850471+00:00,s1-eth3,1568,4986,21,70,0,0,0,0
2026-01-21T12:22:14.850471+00:00,s1-eth4,1836,5320,24,75,0,0,0,0
2026-01-21T12:22:14.850471+00:00,s1-eth5,1638,5274,22,74,0,0,0,0
2026-01-21T12:22:14.850471+00:00,s2-eth1,16060233,59499,13513,639,0,0,0,0
2026-01-21T12:22:14.850471+00:00,s2-eth2,57481,16062349,612,13541,0,0,0,0
2026-01-21T12:22:14.850471+00:00,s2-eth3,796,4290,10,59,0,0,0,0
2026-01-21T12:22:14.850471+00:00,s2-eth4,866,4220,11,58,0,0,0,0
2026-01-21T12:22:14.850471+00:00,s2-eth5,796,4114,10,57,0,0,0,0
2026-01-21T12:22:15.049908+00:00,s1-eth1,59597,16060233,640,13513,0,0,0,0
2026-01-21T12:22:15.049908+00:00,s1-eth2,28195587,58557,23232,621,0,0,0,0
2026-01-21T12:22:15.049908+00:00,s1-eth3,1568,4986,21,70,0,0,0,0
2026-01-21T12:22:15.049908+00:00,s1-eth4,1836,5320,24,75,0,0,0,0
2026-01-21T12:22:15.049908+00:00,s1-eth5,1638,5274,22,74,0,0,0,0
2026-01-21T12:22:15.049908+00:00,s2-eth1,16060331,59597,13514,640,0,0,0,0
2026-01-21T12:22:15.049908+00:00,s2-eth2,57481,16062447,612,13542,0,0,0,0
2026-01-21T12:22:15.049908+00:00,s2-eth3,796,4290,10,59,0,0,0,0
2026-01-21T12:22:15.049908+00:00,s2-eth4,866,4220,11,58,0,0,0,0
2026-01-21T12:22:15.049908+00:00,s2-eth5,796,4114,10,57,0,0,0,0
2026-01-21T12:22:15.251247+00:00,s1-eth1,59695,16060331,641,13514,0,0,0,0
2026-01-21T12:22:15.251247+00:00,s1-eth2,28195685,58655,23233,622,0,0,0,0
2026-01-21T12:22:15.251247+00:00,s1-eth3,1568,4986,21,70,0,0,0,0
2026-01-21T12:22:15.251247+00:00,s1-eth4,1836,5320,24,75,0,0,0,0
2026-01-21T12:22:15.251247+00:00,s1-eth5,1638,5274,22,74,0,0,0,0
2026-01-21T12:22:15.251247+00:00,s2-eth1,16060429,59695,13515,641,0,0,0,0
2026-01-21T12:22:15.251247+00:00,s2-eth2,57579,16062545,613,13543,0,0,0,0
2026-01-21T12:22:15.251247+00:00,s2-eth3,796,4290,10,59,0,0,0,0
2026-01-21T12:22:15.251247+00:00,s2-eth4,866,4220,11,58,0,0,0,0
2026-01-21T12:22:15.251247+00:00,s2-eth5,796,4114,10,57,0,0,0,0
2026-01-21T12:22:15.450291+00:00,s1-eth1,59793,16060429,642,13515,0,0,0,0
2026-01-21T12:22:15.450291+00:00,s1-eth2,28195783,58753,23234,623,0,0,0,0
2026-01-21T12:22:15.450291+00:00,s1-eth3,1568,4986,21,70,0,0,0,0
2026-01-21T12:22:15.450291+00:00,s1-eth4,1836,5320,24,75,0,0,0,0
2026-01-21T12:22:15.450291+00:00,s1-eth5,1638,5274,22,74,0,0,0,0
2026-01-21T12:22:15.450291+00:00,s2-eth1,16060429,59793,13515,642,0,0,0,0
2026-01-21T12:22:15.450291+00:00,s2-eth2,57677,16062545,614,13543,0,0,0,0
2026-01-21T12:22:15.450291+00:00,s2-eth3,796,4290,10,59,0,0,0,0
2026-01-21T12:22:15.450291+00:00,s2-eth4,866,4220,11,58,0,0,0,0
2026-01-21T12:22:15.450291+00:00,s2-eth5,796,4114,10,57,0,0,0,0
2026-01-21T12:22:15.653609+00:00,s1-eth1,59891,16060527,643,13516,0,0,0,0
2026-01-21T12:22:15.653609+00:00,s1-eth2,28195881,58851,23235,624,0,0,0,0
2026-01-21T12:22:15.653609+00:00,s1-eth3,1568,4986,21,70,0,0,0,0
2026-01-21T12:22:15.653609+00:00,s1-eth4,1836,5320,24,75,0,0,0,0
2026-01-21T12:22:15.653609+00:00,s1-eth5,1638,5274,22,74,0,0,0,0
2026-01-21T12:22:15.653609+00:00,s2-eth1,16060625,59891,13517,643,0,0,0,0
2026-01-21T12:22:15.653609+00:00,s2-eth2,57775,16062741,615,13545,0,0,0,0
2026-01-21T12:22:15.653609+00:00,s2-eth3,796,4290,10,59,0,0,0,0
2026-01-21T12:22:15.653609+00:00,s2-eth4,866,4220,11,58,0,0,0,0
2026-01-21T12:22:15.653609+00:00,s2-eth5,796,4114,10,57,0,0,0,0
2026-01-21T12:22:15.853421+00:00,s1-eth1,59989,16060625,644,13517,0,0,0,0
2026-01-21T12:22:15.853421+00:00,s1-eth2,28195979,58949,23236,625,0,0,0,0
2026-01-21T12:22:15.853421+00:00,s1-eth3,1568,4986,21,70,0,0,0,0
2026-01-21T12:22:15.853421+00:00,s1-eth4,1836,5320,24,75,0,0,0,0
2026-01-21T12:22:15.853421+00:00,s1-eth5,1638,5274,22,74,0,0,0,0
2026-01-21T12:22:15.853421+00:00,s2-eth1,16060625,59989,13517,644,0,0,0,0
2026-01-21T12:22:15.853421+00:00,s2-eth2,57873,16062741,616,13545,0,0,98,1
2026-01-21T12:22:15.853421+00:00,s2-eth3,796,4290,10,59,0,0,0,0
2026-01-21T12:22:15.853421+00:00,s2-eth4,866,4220,11,58,0,0,0,0
2026-01-21T12:22:15.853421+00:00,s2-eth5,796,4114,10,57,0,0,0,0
2026-01-21T12:22:16.049772+00:00,s1-eth1,60087,16060723,645,13518,0,0,0,0
2026-01-21T12:22:16.049772+00:00,s1-eth2,28196077,59047,23237,626,0,0,0,0
2026-01-21T12:22:16.049772+00:00,s1-eth3,1568,4986,21,70,0,0,0,0
2026-01-21T12:22:16.049772+00:00,s1-eth4,1836,5320,24,75,0,0,0,0
2026-01-21T12:22:16.049772+00:00,s1-eth5,1638,5274,22,74,0,0,0,0
2026-01-21T12:22:16.049772+00:00,s2-eth1,16060723,60087,13518,645,0,0,0,0
2026-01-21T12:22:16.049772+00:00,s2-eth2,57971,16062839,617,13546,0,0,0,0
2026-01-21T12:22:16.049772+00:00,s2-eth3,796,4290,10,59,0,0,0,0
2026-01-21T12:22:16.049772+00:00,s2-eth4,866,4220,11,58,0,0,0,0
2026-01-21T12:22:16.049772+00:00,s2-eth5,796,4114,10,57,0,0,0,0
2026-01-21T12:22:16.250700+00:00,s1-eth1,60185,16060821,646,13519,0,0,0,0
2026-01-21T12:22:16.250700+00:00,s1-eth2,28196175,59145,23238,627,0,0,0,0
2026-01-21T12:22:16.250700+00:00,s1-eth3,1568,4986,21,70,0,0,0,0
2026-01-21T12:22:16.250700+00:00,s1-eth4,1836,5320,24,75,0,0,0,0
2026-01-21T12:22:16.250700+00:00,s1-eth5,1638,5274,22,74,0,0,0,0
2026-01-21T12:22:16.250700+00:00,s2-eth1,16060821,60185,13519,646,0,0,0,0
2026-01-21T12:22:16.250700+00:00,s2-eth2,58069,16062937,618,13547,0,0,0,0
2026-01-21T12:22:16.250700+00:00,s2-eth3,796,4290,10,59,0,0,0,0
2026-01-21T12:22:16.250700+00:00,s2-eth4,866,4220,11,58,0,0,0,0
2026-01-21T12:22:16.250700+00:00,s2-eth5,796,4114,10,57,0,0,0,0
2026-01-21T12:22:16.450318+00:00,s1-eth1,60283,16060989,647,13521,0,0,0,0
2026-01-21T12:22:16.450318+00:00,s1-eth2,28196273,59243,23239,628,0,0,0,0
2026-01-21T12:22:16.450318+00:00,s1-eth3,1568,4986,21,70,0,0,0,0
2026-01-21T12:22:16.450318+00:00,s1-eth4,1836,5320,24,75,0,0,0,0
2026-01-21T12:22:16.450318+00:00,s1-eth5,1638,5274,22,74,0,0,0,0
2026-01-21T12:22:16.450318+00:00,s2-eth1,16060989,60283,13521,647,0,0,0,0
2026-01-21T12:22:16.450318+00:00,s2-eth2,58167,16063105,619,13549,0,0,0,0
2026-01-21T12:22:16.450318+00:00,s2-eth3,796,4360,10,60,0,0,0,0
2026-01-21T12:22:16.450318+00:00,s2-eth4,866,4290,11,59,0,0,0,0
2026-01-21T12:22:16.450318+00:00,s2-eth5,796,4184,10,58,0,0,0,0
2026-01-21T12:22:16.650196+00:00,s1-eth1,60381,16061087,648,13522,0,0,0,0
2026-01-21T12:22:16.650196+00:00,s1-eth2,28196371,59341,23240,629,0,0,0,0
2026-01-21T12:22:16.650196+00:00,s1-eth3,1568,4986,21,70,0,0,0,0
2026-01-21T12:22:16.650196+00:00,s1-eth4,1836,5320,24,75,0,0,0,0
2026-01-21T12:22:16.650196+00:00,s1-eth5,1638,5274,22,74,0,0,0,0
2026-01-21T12:22:16.650196+00:00,s2-eth1,16061087,60381,13522,648,0,0,0,0
2026-01-21T12:22:16.650196+00:00,s2-eth2,58265,16063203,620,13550,0,0,0,0
2026-01-21T12:22:16.650196+00:00,s2-eth3,796,4360,10,60,0,0,0,0
2026-01-21T12:22:16.650196+00:00,s2-eth4,866,4290,11,59,0,0,0,0
2026-01-21T12:22:16.650196+00:00,s2-eth5,796,4184,10,58,0,0,0,0
2026-01-21T12:22:16.850506+00:00,s1-eth1,60479,16061185,649,13523,0,0,0,0
2026-01-21T12:22:16.850506+00:00,s1-eth2,28196469,59439,23241,630,0,0,0,0
2026-01-21T12:22:16.850506+00:00,s1-eth3,1568,4986,21,70,0,0,0,0
2026-01-21T12:22:16.850506+00:00,s1-eth4,1836,5320,24,75,0,0,0,0
2026-01-21T12:22:16.850506+00:00,s1-eth5,1638,5274,22,74,0,0,0,0
2026-01-21T12:22:16.850506+00:00,s2-eth1,16061185,60479,13523,649,0,0,0,0
2026-01-21T12:22:16.850506+00:00,s2-eth2,58363,16063301,621,13551,0,0,0,0
2026-01-21T12:22:16.850506+00:00,s2-eth3,796,4360,10,60,0,0,0,0
2026-01-21T12:22:16.850506+00:00,s2-eth4,866,4290,11,59,0,0,0,0
2026-01-21T12:22:16.850506+00:00,s2-eth5,796,4184,10,58,0,0,0,0
2026-01-21T12:22:17.051733+00:00,s1-eth1,60577,16061283,650,13524,0,0,0,0
2026-01-21T12:22:17.051733+00:00,s1-eth2,28196567,59537,23242,631,0,0,0,0
2026-01-21T12:22:17.051733+00:00,s1-eth3,1568,4986,21,70,0,0,0,0
2026-01-21T12:22:17.051733+00:00,s1-eth4,1836,5320,24,75,0,0,0,0
2026-01-21T12:22:17.051733+00:00,s1-eth5,1638,5274,22,74,0,0,0,0
2026-01-21T12:22:17.051733+00:00,s2-eth1,16061283,60577,13524,650,0,0,0,0
2026-01-21T12:22:17.051733+00:00,s2-eth2,58461,16063399,622,13552,0,0,0,0
2026-01-21T12:22:17.051733+00:00,s2-eth3,796,4360,10,60,0,0,0,0
2026-01-21T12:22:17.051733+00:00,s2-eth4,866,4290,11,59,0,0,0,0
2026-01-21T12:22:17.051733+00:00,s2-eth5,796,4184,10,58,0,0,0,0
2026-01-21T12:22:17.250465+00:00,s1-eth1,60675,16061381,651,13525,0,0,0,0
2026-01-21T12:22:17.250465+00:00,s1-eth2,28196665,59635,23243,632,0,0,0,0
2026-01-21T12:22:17.250465+00:00,s1-eth3,1568,4986,21,70,0,0,0,0
2026-01-21T12:22:17.250465+00:00,s1-eth4,1836,5320,24,75,0,0,0,0
2026-01-21T12:22:17.250465+00:00,s1-eth5,1638,5274,22,74,0,0,0,0
2026-01-21T12:22:17.250465+00:00,s2-eth1,16061381,60675,13525,651,0,0,0,0
2026-01-21T12:22:17.250465+00:00,s2-eth2,58559,16063497,623,13553,0,0,0,0
2026-01-21T12:22:17.250465+00:00,s2-eth3,796,4360,10,60,0,0,0,0
2026-01-21T12:22:17.250465+00:00,s2-eth4,866,4290,11,59,0,0,0,0
2026-01-21T12:22:17.250465+00:00,s2-eth5,796,4184,10,58,0,0,0,0
2026-01-21T12:22:17.456461+00:00,s1-eth1,60773,16061479,652,13526,0,0,0,0
2026-01-21T12:22:17.456461+00:00,s1-eth2,28196763,59733,23244,633,0,0,0,0
2026-01-21T12:22:17.456461+00:00,s1-eth3,1568,4986,21,70,0,0,0,0
2026-01-21T12:22:17.456461+00:00,s1-eth4,1836,5320,24,75,0,0,0,0
2026-01-21T12:22:17.456461+00:00,s1-eth5,1638,5274,22,74,0,0,0,0
2026-01-21T12:22:17.456461+00:00,s2-eth1,16061479,60773,13526,652,0,0,0,0
2026-01-21T12:22:17.456461+00:00,s2-eth2,58657,16063595,624,13554,0,0,0,0
2026-01-21T12:22:17.456461+00:00,s2-eth3,796,4360,10,60,0,0,0,0
2026-01-21T12:22:17.456461+00:00,s2-eth4,866,4290,11,59,0,0,0,0
2026-01-21T12:22:17.456461+00:00,s2-eth5,796,4184,10,58,0,0,0,0
2026-01-21T12:22:17.651262+00:00,s1-eth1,60871,16061577,653,13527,0,0,0,0
2026-01-21T12:22:17.651262+00:00,s1-eth2,28196861,59831,23245,634,0,0,0,0
2026-01-21T12:22:17.651262+00:00,s1-eth3,1568,4986,21,70,0,0,0,0
2026-01-21T12:22:17.651262+00:00,s1-eth4,1836,5320,24,75,0,0,0,0
2026-01-21T12:22:17.651262+00:00,s1-eth5,1638,5274,22,74,0,0,0,0
2026-01-21T12:22:17.651262+00:00,s2-eth1,16061577,60871,13527,653,0,0,0,0
2026-01-21T12:22:17.651262+00:00,s2-eth2,58755,16063693,625,13555,0,0,0,0
2026-01-21T12:22:17.651262+00:00,s2-eth3,796,4360,10,60,0,0,0,0
2026-01-21T12:22:17.651262+00:00,s2-eth4,866,4290,11,59,0,0,0,0
2026-01-21T12:22:17.651262+00:00,s2-eth5,796,4184,10,58,0,0,0,0
2026-01-21T12:22:17.850779+00:00,s1-eth1,60969,16061675,654,13528,0,0,0,0
2026-01-21T12:22:17.850779+00:00,s1-eth2,28196959,59929,23246,635,0,0,0,0
2026-01-21T12:22:17.850779+00:00,s1-eth3,1568,4986,21,70,0,0,0,0
2026-01-21T12:22:17.850779+00:00,s1-eth4,1836,5320,24,75,0,0,0,0
2026-01-21T12:22:17.850779+00:00,s1-eth5,1638,5274,22,74,0,0,0,0
2026-01-21T12:22:17.850779+00:00,s2-eth1,16061675,60969,13528,654,0,0,0,0
2026-01-21T12:22:17.850779+00:00,s2-eth2,58853,16063791,626,13556,0,0,0,0
2026-01-21T12:22:17.850779+00:00,s2-eth3,796,4360,10,60,0,0,0,0
2026-01-21T12:22:17.850779+00:00,s2-eth4,866,4290,11,59,0,0,0,0
2026-01-21T12:22:17.850779+00:00,s2-eth5,796,4184,10,58,0,0,0,0
2026-01-21T12:22:18.051688+00:00,s1-eth1,61067,16061773,655,13529,0,0,0,0
2026-01-21T12:22:18.051688+00:00,s1-eth2,28197057,60027,23247,636,0,0,0,0
2026-01-21T12:22:18.051688+00:00,s1-eth3,1568,4986,21,70,0,0,0,0
2026-01-21T12:22:18.051688+00:00,s1-eth4,1836,5320,24,75,0,0,0,0
2026-01-21T12:22:18.051688+00:00,s1-eth5,1638,5274,22,74,0,0,0,0
2026-01-21T12:22:18.051688+00:00,s2-eth1,16061773,61067,13529,655,0,0,0,0
2026-01-21T12:22:18.051688+00:00,s2-eth2,58951,16063889,627,13557,0,0,0,0
2026-01-21T12:22:18.051688+00:00,s2-eth3,796,4360,10,60,0,0,0,0
2026-01-21T12:22:18.051688+00:00,s2-eth4,866,4290,11,59,0,0,0,0
2026-01-21T12:22:18.051688+00:00,s2-eth5,796,4184,10,58,0,0,0,0
2026-01-21T12:22:18.250952+00:00,s1-eth1,61165,16061871,656,13530,0,0,0,0
2026-01-21T12:22:18.250952+00:00,s1-eth2,28197155,60125,23248,637,0,0,0,0
2026-01-21T12:22:18.250952+00:00,s1-eth3,1568,4986,21,70,0,0,0,0
2026-01-21T12:22:18.250952+00:00,s1-eth4,1836,5320,24,75,0,0,0,0
2026-01-21T12:22:18.250952+00:00,s1-eth5,1638,5274,22,74,0,0,0,0
2026-01-21T12:22:18.250952+00:00,s2-eth1,16061871,61165,13530,656,0,0,0,0
2026-01-21T12:22:18.250952+00:00,s2-eth2,59049,16063987,628,13558,0,0,0,0
2026-01-21T12:22:18.250952+00:00,s2-eth3,796,4360,10,60,0,0,0,0
2026-01-21T12:22:18.250952+00:00,s2-eth4,866,4290,11,59,0,0,0,0
2026-01-21T12:22:18.250952+00:00,s2-eth5,796,4184,10,58,0,0,0,0
2026-01-21T12:22:18.450228+00:00,s1-eth1,61263,16061969,657,13531,0,0,0,0
2026-01-21T12:22:18.450228+00:00,s1-eth2,28197253,60223,23249,638,0,0,0,0
2026-01-21T12:22:18.450228+00:00,s1-eth3,1568,4986,21,70,0,0,0,0
2026-01-21T12:22:18.450228+00:00,s1-eth4,1836,5390,24,76,0,0,70,1
2026-01-21T12:22:18.450228+00:00,s1-eth5,1638,5344,22,75,0,0,0,0
2026-01-21T12:22:18.450228+00:00,s2-eth1,16061969,61333,13531,658,0,0,0,0
2026-01-21T12:22:18.450228+00:00,s2-eth2,59217,16064085,630,13559,0,0,0,0
2026-01-21T12:22:18.450228+00:00,s2-eth3,796,4430,10,61,0,0,0,0
2026-01-21T12:22:18.450228+00:00,s2-eth4,866,4360,11,60,0,0,0,0
2026-01-21T12:22:18.450228+00:00,s2-eth5,796,4254,10,59,0,0,0,0
2026-01-21T12:22:18.650673+00:00,s1-eth1,61431,16062067,659,13532,0,0,0,0
2026-01-21T12:22:18.650673+00:00,s1-eth2,28197351,60391,23250,640,0,0,0,0
2026-01-21T12:22:18.650673+00:00,s1-eth3,1568,5056,21,71,0,0,0,0
2026-01-21T12:22:18.650673+00:00,s1-eth4,1836,5460,24,77,0,0,0,0
2026-01-21T12:22:18.650673+00:00,s1-eth5,1638,5344,22,75,0,0,0,0
2026-01-21T12:22:18.650673+00:00,s2-eth1,16062067,61431,13532,659,0,0,0,0
2026-01-21T12:22:18.650673+00:00,s2-eth2,59315,16064183,631,13560,0,0,0,0
2026-01-21T12:22:18.650673+00:00,s2-eth3,796,4430,10,61,0,0,0,0
2026-01-21T12:22:18.650673+00:00,s2-eth4,866,4360,11,60,0,0,0,0
2026-01-21T12:22:18.650673+00:00,s2-eth5,796,4254,10,59,0,0,0,0
2026-01-21T12:22:18.850907+00:00,s1-eth1,61529,16062165,660,13533,0,0,0,0
2026-01-21T12:22:18.850907+00:00,s1-eth2,28197449,60489,23251,641,0,0,0,0
2026-01-21T12:22:18.850907+00:00,s1-eth3,1568,5056,21,71,0,0,0,0
2026-01-21T12:22:18.850907+00:00,s1-eth4,1836,5460,24,77,0,0,0,0
2026-01-21T12:22:18.850907+00:00,s1-eth5,1638,5344,22,75,0,0,0,0
2026-01-21T12:22:18.850907+00:00,s2-eth1,16062165,61529,13533,660,0,0,0,0
2026-01-21T12:22:18.850907+00:00,s2-eth2,59413,16064281,632,13561,0,0,0,0
2026-01-21T12:22:18.850907+00:00,s2-eth3,796,4430,10,61,0,0,0,0
2026-01-21T12:22:18.850907+00:00,s2-eth4,866,4360,11,60,0,0,0,0
2026-01-21T12:22:18.850907+00:00,s2-eth5,796,4254,10,59,0,0,0,0
2026-01-21T12:22:19.050313+00:00,s1-eth1,61627,16062263,661,13534,0,0,0,0
2026-01-21T12:22:19.050313+00:00,s1-eth2,28197547,60587,23252,642,0,0,0,0
2026-01-21T12:22:19.050313+00:00,s1-eth3,1568,5056,21,71,0,0,0,0
2026-01-21T12:22:19.050313+00:00,s1-eth4,1836,5460,24,77,0,0,0,0
2026-01-21T12:22:19.050313+00:00,s1-eth5,1638,5344,22,75,0,0,0,0
2026-01-21T12:22:19.050313+00:00,s2-eth1,16062263,61627,13534,661,0,0,0,0
2026-01-21T12:22:19.050313+00:00,s2-eth2,59511,16064379,633,13562,0,0,0,0
2026-01-21T12:22:19.050313+00:00,s2-eth3,796,4430,10,61,0,0,0,0
2026-01-21T12:22:19.050313+00:00,s2-eth4,866,4360,11,60,0,0,0,0
2026-01-21T12:22:19.050313+00:00,s2-eth5,796,4254,10,59,0,0,0,0
2026-01-21T12:22:19.251073+00:00,s1-eth1,61725,16062361,662,13535,0,0,0,0
2026-01-21T12:22:19.251073+00:00,s1-eth2,28197645,60685,23253,643,0,0,0,0
2026-01-21T12:22:19.251073+00:00,s1-eth3,1568,5056,21,71,0,0,0,0
2026-01-21T12:22:19.251073+00:00,s1-eth4,1836,5460,24,77,0,0,0,0
2026-01-21T12:22:19.251073+00:00,s1-eth5,1638,5344,22,75,0,0,0,0
2026-01-21T12:22:19.251073+00:00,s2-eth1,16062361,61725,13535,662,0,0,0,0
2026-01-21T12:22:19.251073+00:00,s2-eth2,59609,16064477,634,13563,0,0,0,0
2026-01-21T12:22:19.251073+00:00,s2-eth3,796,4430,10,61,0,0,0,0
2026-01-21T12:22:19.251073+00:00,s2-eth4,866,4360,11,60,0,0,0,0
2026-01-21T12:22:19.251073+00:00,s2-eth5,796,4254,10,59,0,0,0,0
2026-01-21T12:22:19.450983+00:00,s1-eth1,61823,16062459,663,13536,0,0,0,0
2026-01-21T12:22:19.450983+00:00,s1-eth2,28197743,60783,23254,644,0,0,0,0
2026-01-21T12:22:19.450983+00:00,s1-eth3,1568,5056,21,71,0,0,0,0
2026-01-21T12:22:19.450983+00:00,s1-eth4,1836,5460,24,77,0,0,0,0
2026-01-21T12:22:19.450983+00:00,s1-eth5,1638,5344,22,75,0,0,0,0
2026-01-21T12:22:19.450983+00:00,s2-eth1,16062459,61823,13536,663,0,0,0,0
2026-01-21T12:22:19.450983+00:00,s2-eth2,59707,16064575,635,13564,0,0,0,0
2026-01-21T12:22:19.450983+00:00,s2-eth3,796,4430,10,61,0,0,0,0
2026-01-21T12:22:19.450983+00:00,s2-eth4,866,4360,11,60,0,0,0,0
2026-01-21T12:22:19.450983+00:00,s2-eth5,796,4254,10,59,0,0,0,0
2026-01-21T12:22:19.650035+00:00,s1-eth1,61921,16062557,664,13537,0,0,0,0
2026-01-21T12:22:19.650035+00:00,s1-eth2,28197841,60881,23255,645,0,0,0,0
2026-01-21T12:22:19.650035+00:00,s1-eth3,1568,5056,21,71,0,0,0,0
2026-01-21T12:22:19.650035+00:00,s1-eth4,1836,5460,24,77,0,0,0,0
2026-01-21T12:22:19.650035+00:00,s1-eth5,1638,5344,22,75,0,0,0,0
2026-01-21T12:22:19.650035+00:00,s2-eth1,16062557,61921,13537,664,0,0,0,0
2026-01-21T12:22:19.650035+00:00,s2-eth2,59805,16064673,636,13565,0,0,0,0
2026-01-21T12:22:19.650035+00:00,s2-eth3,796,4430,10,61,0,0,0,0
2026-01-21T12:22:19.650035+00:00,s2-eth4,866,4360,11,60,0,0,0,0
2026-01-21T12:22:19.650035+00:00,s2-eth5,796,4254,10,59,0,0,0,0
2026-01-21T12:22:19.850503+00:00,s1-eth1,62019,16062655,665,13538,0,0,0,0
2026-01-21T12:22:19.850503+00:00,s1-eth2,28197939,60979,23256,646,0,0,0,0
2026-01-21T12:22:19.850503+00:00,s1-eth3,1568,5056,21,71,0,0,0,0
2026-01-21T12:22:19.850503+00:00,s1-eth4,1836,5460,24,77,0,0,0,0
2026-01-21T12:22:19.850503+00:00,s1-eth5,1638,5344,22,75,0,0,0,0
2026-01-21T12:22:19.850503+00:00,s2-eth1,16062655,62019,13538,665,0,0,0,0
2026-01-21T12:22:19.850503+00:00,s2-eth2,59903,16064771,637,13566,0,0,0,0
2026-01-21T12:22:19.850503+00:00,s2-eth3,796,4430,10,61,0,0,0,0
2026-01-21T12:22:19.850503+00:00,s2-eth4,866,4360,11,60,0,0,0,0
2026-01-21T12:22:19.850503+00:00,s2-eth5,796,4254,10,59,0,0,0,0
2026-01-21T12:22:20.050026+00:00,s1-eth1,62117,16062753,666,13539,0,0,0,0
2026-01-21T12:22:20.050026+00:00,s1-eth2,28198037,61077,23257,647,0,0,0,0
2026-01-21T12:22:20.050026+00:00,s1-eth3,1568,5056,21,71,0,0,0,0
2026-01-21T12:22:20.050026+00:00,s1-eth4,1836,5460,24,77,0,0,0,0
2026-01-21T12:22:20.050026+00:00,s1-eth5,1638,5344,22,75,0,0,0,0
2026-01-21T12:22:20.050026+00:00,s2-eth1,16062753,62117,13539,666,0,0,0,0
2026-01-21T12:22:20.050026+00:00,s2-eth2,60001,16064869,638,13567,0,0,0,0
2026-01-21T12:22:20.050026+00:00,s2-eth3,796,4430,10,61,0,0,0,0
2026-01-21T12:22:20.050026+00:00,s2-eth4,866,4360,11,60,0,0,0,0
2026-01-21T12:22:20.050026+00:00,s2-eth5,796,4254,10,59,0,0,0,0
2026-01-21T12:22:20.250356+00:00,s1-eth1,62215,16062851,667,13540,0,0,0,0
2026-01-21T12:22:20.250356+00:00,s1-eth2,28198135,61175,23258,648,0,0,0,0
2026-01-21T12:22:20.250356+00:00,s1-eth3,1568,5056,21,71,0,0,0,0
2026-01-21T12:22:20.250356+00:00,s1-eth4,1836,5460,24,77,0,0,0,0
2026-01-21T12:22:20.250356+00:00,s1-eth5,1638,5344,22,75,0,0,0,0
2026-01-21T12:22:20.250356+00:00,s2-eth1,16062851,62215,13540,667,0,0,0,0
2026-01-21T12:22:20.250356+00:00,s2-eth2,60099,16064967,639,13568,0,0,0,0
2026-01-21T12:22:20.250356+00:00,s2-eth3,796,4430,10,61,0,0,0,0
2026-01-21T12:22:20.250356+00:00,s2-eth4,866,4360,11,60,0,0,0,0
2026-01-21T12:22:20.250356+00:00,s2-eth5,796,4254,10,59,0,0,0,0
2026-01-21T12:22:20.450100+00:00,s1-eth1,62313,16062949,668,13541,0,0,0,0
2026-01-21T12:22:20.450100+00:00,s1-eth2,28198233,61273,23259,649,0,0,0,0
2026-01-21T12:22:20.450100+00:00,s1-eth3,1568,5056,21,71,0,0,0,0
2026-01-21T12:22:20.450100+00:00,s1-eth4,1836,5460,24,77,0,0,0,0
2026-01-21T12:22:20.450100+00:00,s1-eth5,1638,5344,22,75,0,0,0,0
2026-01-21T12:22:20.450100+00:00,s2-eth1,16062949,62313,13541,668,0,0,0,0
2026-01-21T12:22:20.450100+00:00,s2-eth2,60197,16065065,640,13569,0,0,0,0
2026-01-21T12:22:20.450100+00:00,s2-eth3,796,4430,10,61,0,0,0,0
2026-01-21T12:22:20.450100+00:00,s2-eth4,866,4360,11,60,0,0,0,0
2026-01-21T12:22:20.450100+00:00,s2-eth5,796,4254,10,59,0,0,0,0
2026-01-21T12:22:20.651397+00:00,s1-eth1,62411,16063047,669,13542,0,0,0,0
2026-01-21T12:22:20.651397+00:00,s1-eth2,28198331,61371,23260,650,0,0,0,0
2026-01-21T12:22:20.651397+00:00,s1-eth3,1568,5126,21,72,0,0,0,0
2026-01-21T12:22:20.651397+00:00,s1-eth4,1836,5460,24,77,0,0,0,0
2026-01-21T12:22:20.651397+00:00,s1-eth5,1638,5344,22,75,0,0,0,0
2026-01-21T12:22:20.651397+00:00,s2-eth1,16063047,62411,13542,669,0,0,0,0
2026-01-21T12:22:20.651397+00:00,s2-eth2,60295,16065163,641,13570,0,0,0,0
2026-01-21T12:22:20.651397+00:00,s2-eth3,796,4430,10,61,0,0,0,0
2026-01-21T12:22:20.651397+00:00,s2-eth4,866,4360,11,60,0,0,0,0
2026-01-21T12:22:20.651397+00:00,s2-eth5,796,4254,10,59,0,0,0,0
2026-01-21T12:22:20.850175+00:00,s1-eth1,62509,16063145,670,13543,0,0,0,0
2026-01-21T12:22:20.850175+00:00,s1-eth2,28198429,61469,23261,651,0,0,0,0
2026-01-21T12:22:20.850175+00:00,s1-eth3,1568,5126,21,72,0,0,0,0
2026-01-21T12:22:20.850175+00:00,s1-eth4,1836,5460,24,77,0,0,0,0
2026-01-21T12:22:20.850175+00:00,s1-eth5,1638,5344,22,75,0,0,0,0
2026-01-21T12:22:20.850175+00:00,s2-eth1,16063145,62509,13543,670,0,0,0,0
2026-01-21T12:22:20.850175+00:00,s2-eth2,60393,16065261,642,13571,0,0,0,0
2026-01-21T12:22:20.850175+00:00,s2-eth3,796,4430,10,61,0,0,0,0
2026-01-21T12:22:20.850175+00:00,s2-eth4,866,4360,11,60,0,0,0,0
2026-01-21T12:22:20.850175+00:00,s2-eth5,796,4254,10,59,0,0,0,0
2026-01-21T12:22:21.049967+00:00,s1-eth1,62607,16063243,671,13544,0,0,0,0
2026-01-21T12:22:21.049967+00:00,s1-eth2,28198527,61567,23262,652,0,0,0,0
2026-01-21T12:22:21.049967+00:00,s1-eth3,1568,5126,21,72,0,0,0,0
2026-01-21T12:22:21.049967+00:00,s1-eth4,1836,5460,24,77,0,0,0,0
2026-01-21T12:22:21.049967+00:00,s1-eth5,1638,5344,22,75,0,0,0,0
2026-01-21T12:22:21.049967+00:00,s2-eth1,16063243,62607,13544,671,0,0,0,0
2026-01-21T12:22:21.049967+00:00,s2-eth2,60491,16065359,643,13572,0,0,0,0
2026-01-21T12:22:21.049967+00:00,s2-eth3,796,4430,10,61,0,0,0,0
2026-01-21T12:22:21.049967+00:00,s2-eth4,866,4360,11,60,0,0,0,0
2026-01-21T12:22:21.049967+00:00,s2-eth5,796,4254,10,59,0,0,0,0
2026-01-21T12:22:21.253978+00:00,s1-eth1,62705,16063341,672,13545,0,0,0,0
2026-01-21T12:22:21.253978+00:00,s1-eth2,28198625,61665,23263,653,0,0,0,0
2026-01-21T12:22:21.253978+00:00,s1-eth3,1568,5126,21,72,0,0,0,0
2026-01-21T12:22:21.253978+00:00,s1-eth4,1836,5460,24,77,0,0,0,0
2026-01-21T12:22:21.253978+00:00,s1-eth5,1638,5344,22,75,0,0,0,0
2026-01-21T12:22:21.253978+00:00,s2-eth1,16063341,62705,13545,672,0,0,0,0
2026-01-21T12:22:21.253978+00:00,s2-eth2,60589,16065457,644,13573,0,0,0,0
2026-01-21T12:22:21.253978+00:00,s2-eth3,796,4430,10,61,0,0,0,0
2026-01-21T12:22:21.253978+00:00,s2-eth4,866,4360,11,60,0,0,0,0
2026-01-21T12:22:21.253978+00:00,s2-eth5,796,4254,10,59,0,0,0,0
2026-01-21T12:22:21.450170+00:00,s1-eth1,62803,16063439,673,13546,0,0,0,0
2026-01-21T12:22:21.450170+00:00,s1-eth2,28198723,61763,23264,654,0,0,0,0
2026-01-21T12:22:21.450170+00:00,s1-eth3,1568,5126,21,72,0,0,0,0
2026-01-21T12:22:21.450170+00:00,s1-eth4,1836,5460,24,77,0,0,0,0
2026-01-21T12:22:21.450170+00:00,s1-eth5,1638,5344,22,75,0,0,0,0
2026-01-21T12:22:21.450170+00:00,s2-eth1,16063439,62803,13546,673,0,0,0,0
2026-01-21T12:22:21.450170+00:00,s2-eth2,60687,16065555,645,13574,0,0,0,0
2026-01-21T12:22:21.450170+00:00,s2-eth3,796,4430,10,61,0,0,0,0
2026-01-21T12:22:21.450170+00:00,s2-eth4,866,4360,11,60,0,0,0,0
2026-01-21T12:22:21.450170+00:00,s2-eth5,796,4254,10,59,0,0,0,0
2026-01-21T12:22:21.650425+00:00,s1-eth1,62901,16063537,674,13547,0,0,0,0
2026-01-21T12:22:21.650425+00:00,s1-eth2,28198821,61861,23265,655,0,0,0,0
2026-01-21T12:22:21.650425+00:00,s1-eth3,1568,5126,21,72,0,0,0,0
2026-01-21T12:22:21.650425+00:00,s1-eth4,1836,5460,24,77,0,0,0,0
2026-01-21T12:22:21.650425+00:00,s1-eth5,1638,5344,22,75,0,0,0,0
2026-01-21T12:22:21.650425+00:00,s2-eth1,16063537,62901,13547,674,0,0,0,0
2026-01-21T12:22:21.650425+00:00,s2-eth2,60785,16065653,646,13575,0,0,0,0
2026-01-21T12:22:21.650425+00:00,s2-eth3,796,4430,10,61,0,0,0,0
2026-01-21T12:22:21.650425+00:00,s2-eth4,866,4360,11,60,0,0,0,0
2026-01-21T12:22:21.650425+00:00,s2-eth5,796,4254,10,59,0,0,0,0
2026-01-21T12:22:21.855814+00:00,s1-eth1,62999,16063635,675,13548,0,0,0,0
2026-01-21T12:22:21.855814+00:00,s1-eth2,28198919,61959,23266,656,0,0,0,0
2026-01-21T12:22:21.855814+00:00,s1-eth3,1568,5126,21,72,0,0,0,0
2026-01-21T12:22:21.855814+00:00,s1-eth4,1836,5460,24,77,0,0,0,0
2026-01-21T12:22:21.855814+00:00,s1-eth5,1638,5344,22,75,0,0,0,0
2026-01-21T12:22:21.855814+00:00,s2-eth1,16063635,62999,13548,675,0,0,0,0
2026-01-21T12:22:21.855814+00:00,s2-eth2,60883,16065751,647,13576,0,0,0,0
2026-01-21T12:22:21.855814+00:00,s2-eth3,796,4430,10,61,0,0,0,0
2026-01-21T12:22:21.855814+00:00,s2-eth4,866,4360,11,60,0,0,0,0
2026-01-21T12:22:21.855814+00:00,s2-eth5,796,4254,10,59,0,0,0,0
2026-01-21T12:22:22.050705+00:00,s1-eth1,63097,16063733,676,13549,0,0,0,0
2026-01-21T12:22:22.050705+00:00,s1-eth2,28199017,62057,23267,657,0,0,0,0
2026-01-21T12:22:22.050705+00:00,s1-eth3,1568,5126,21,72,0,0,0,0
2026-01-21T12:22:22.050705+00:00,s1-eth4,1836,5460,24,77,0,0,0,0
2026-01-21T12:22:22.050705+00:00,s1-eth5,1638,5344,22,75,0,0,0,0
2026-01-21T12:22:22.050705+00:00,s2-eth1,16063733,63097,13549,676,0,0,0,0
2026-01-21T12:22:22.050705+00:00,s2-eth2,60981,16065849,648,13577,0,0,0,0
2026-01-21T12:22:22.050705+00:00,s2-eth3,796,4430,10,61,0,0,0,0
2026-01-21T12:22:22.050705+00:00,s2-eth4,866,4360,11,60,0,0,0,0
2026-01-21T12:22:22.050705+00:00,s2-eth5,796,4254,10,59,0,0,0,0
2026-01-21T12:22:22.253889+00:00,s1-eth1,63195,16063831,677,13550,0,0,0,0
2026-01-21T12:22:22.253889+00:00,s1-eth2,28199115,62155,23268,658,0,0,0,0
2026-01-21T12:22:22.253889+00:00,s1-eth3,1568,5126,21,72,0,0,0,0
2026-01-21T12:22:22.253889+00:00,s1-eth4,1836,5460,24,77,0,0,0,0
2026-01-21T12:22:22.253889+00:00,s1-eth5,1638,5344,22,75,0,0,0,0
2026-01-21T12:22:22.253889+00:00,s2-eth1,16063831,63195,13550,677,0,0,0,0
2026-01-21T12:22:22.253889+00:00,s2-eth2,61079,16065947,649,13578,0,0,0,0
2026-01-21T12:22:22.253889+00:00,s2-eth3,796,4430,10,61,0,0,0,0
2026-01-21T12:22:22.253889+00:00,s2-eth4,866,4360,11,60,0,0,0,0
2026-01-21T12:22:22.253889+00:00,s2-eth5,796,4254,10,59,0,0,0,0
2026-01-21T12:22:22.449970+00:00,s1-eth1,63293,16063929,678,13551,0,0,0,0
2026-01-21T12:22:22.449970+00:00,s1-eth2,28199213,62253,23269,659,0,0,0,0
2026-01-21T12:22:22.449970+00:00,s1-eth3,1568,5126,21,72,0,0,0,0
2026-01-21T12:22:22.449970+00:00,s1-eth4,1836,5460,24,77,0,0,0,0
2026-01-21T12:22:22.449970+00:00,s1-eth5,1638,5344,22,75,0,0,0,0
2026-01-21T12:22:22.449970+00:00,s2-eth1,16063929,63293,13551,678,0,0,0,0
2026-01-21T12:22:22.449970+00:00,s2-eth2,61177,16066045,650,13579,0,0,0,0
2026-01-21T12:22:22.449970+00:00,s2-eth3,796,4430,10,61,0,0,0,0
2026-01-21T12:22:22.449970+00:00,s2-eth4,866,4360,11,60,0,0,0,0
2026-01-21T12:22:22.449970+00:00,s2-eth5,796,4254,10,59,0,0,0,0
2026-01-21T12:22:22.652646+00:00,s1-eth1,65024,16080925,704,13590,0,0,7452,6
2026-01-21T12:22:22.652646+00:00,s1-eth2,28222610,63007,23300,670,0,0,0,0
2026-01-21T12:22:22.652646+00:00,s1-eth3,1877,5593,25,79,0,0,0,0
2026-01-21T12:22:22.652646+00:00,s1-eth4,2145,5927,28,84,0,0,0,0
2026-01-21T12:22:22.652646+00:00,s1-eth5,2071,5807,28,82,0,0,0,0
2026-01-21T12:22:22.652646+00:00,s2-eth1,16083409,65024,13592,704,0,0,0,0
2026-01-21T12:22:22.652646+00:00,s2-eth2,62908,16085525,676,13620,0,0,0,0
2026-01-21T12:22:22.652646+00:00,s2-eth3,796,4640,10,64,0,0,0,0
2026-01-21T12:22:22.652646+00:00,s2-eth4,866,4500,11,62,0,0,0,0
2026-01-21T12:22:22.652646+00:00,s2-eth5,796,4394,10,61,0,0,0,0
2026-01-21T12:22:22.884173+00:00,s1-eth1,65122,16138155,705,13637,0,0,55890,45
2026-01-21T12:22:22.884173+00:00,s1-eth2,28329520,63105,23387,671,0,0,0,0
2026-01-21T12:22:22.884173+00:00,s1-eth3,1877,5593,25,79,0,0,0,0
2026-01-21T12:22:22.884173+00:00,s1-eth4,2145,5927,28,84,0,0,0,0
2026-01-21T12:22:22.884173+00:00,s1-eth5,2071,5807,28,82,0,0,0,0
2026-01-21T12:22:22.884173+00:00,s2-eth1,16140639,65122,13639,705,0,0,0,0
2026-01-21T12:22:22.884173+00:00,s2-eth2,63006,16143997,677,13668,0,0,0,0
2026-01-21T12:22:22.884173+00:00,s2-eth3,796,4640,10,64,0,0,0,0
2026-01-21T12:22:22.884173+00:00,s2-eth4,866,4500,11,62,0,0,0,0
2026-01-21T12:22:22.884173+00:00,s2-eth5,796,4394,10,61,0,0,0,0
2026-01-21T12:22:23.049996+00:00,s1-eth1,65122,16180383,705,13671,0,0,90764,74
2026-01-21T12:22:23.049996+00:00,s1-eth2,28405380,63105,23449,671,0,0,0,0
2026-01-21T12:22:23.049996+00:00,s1-eth3,1877,5593,25,79,0,0,0,0
2026-01-21T12:22:23.049996+00:00,s1-eth4,2145,5927,28,84,0,0,0,0
2026-01-21T12:22:23.049996+00:00,s1-eth5,2071,5807,28,82,0,0,0,0
2026-01-21T12:22:23.049996+00:00,s2-eth1,16182867,65122,13673,705,0,0,0,0
2026-01-21T12:22:23.049996+00:00,s2-eth2,63006,16184983,677,13701,0,0,1242,1
2026-01-21T12:22:23.049996+00:00,s2-eth3,796,4640,10,64,0,0,0,0
2026-01-21T12:22:23.049996+00:00,s2-eth4,866,4500,11,62,0,0,0,0
2026-01-21T12:22:23.049996+00:00,s2-eth5,796,4394,10,61,0,0,0,0
2026-01-21T12:22:23.250575+00:00,s1-eth1,65220,16228919,706,13711,0,0,103184,84
2026-01-21T12:22:23.250575+00:00,s1-eth2,28496144,63203,23523,672,0,0,0,0
2026-01-21T12:22:23.250575+00:00,s1-eth3,1877,5593,25,79,0,0,0,0
2026-01-21T12:22:23.250575+00:00,s1-eth4,2145,5927,28,84,0,0,0,0
2026-01-21T12:22:23.250575+00:00,s1-eth5,2071,5807,28,82,0,0,0,0
2026-01-21T12:22:23.250575+00:00,s2-eth1,16231403,65220,13713,706,0,0,0,0
2026-01-21T12:22:23.250575+00:00,s2-eth2,63104,16234761,678,13742,0,0,0,0
2026-01-21T12:22:23.250575+00:00,s2-eth3,796,4640,10,64,0,0,0,0
2026-01-21T12:22:23.250575+00:00,s2-eth4,866,4500,11,62,0,0,0,0
2026-01-21T12:22:23.250575+00:00,s2-eth5,796,4394,10,61,0,0,0,0
2026-01-21T12:22:23.451224+00:00,s1-eth1,65220,16279841,706,13752,0,0,103282,85
2026-01-21T12:22:23.451224+00:00,s1-eth2,28586908,63203,23597,672,0,0,0,0
2026-01-21T12:22:23.451224+00:00,s1-eth3,1877,5593,25,79,0,0,0,0
2026-01-21T12:22:23.451224+00:00,s1-eth4,2145,5927,28,84,0,0,0,0
2026-01-21T12:22:23.451224+00:00,s1-eth5,2071,5807,28,82,0,0,0,0
2026-01-21T12:22:23.451224+00:00,s2-eth1,16282325,65220,13754,706,0,0,0,0
2026-01-21T12:22:23.451224+00:00,s2-eth2,63104,16284441,678,13782,0,0,0,0
2026-01-21T12:22:23.451224+00:00,s2-eth3,796,4640,10,64,0,0,0,0
2026-01-21T12:22:23.451224+00:00,s2-eth4,866,4500,11,62,0,0,0,0
2026-01-21T12:22:23.451224+00:00,s2-eth5,796,4394,10,61,0,0,0,0
2026-01-21T12:22:23.650965+00:00,s1-eth1,65318,16329619,707,13793,0,0,103282,85
2026-01-21T12:22:23.650965+00:00,s1-eth2,28677672,63301,23671,673,0,0,0,0
2026-01-21T12:22:23.650965+00:00,s1-eth3,1877,5593,25,79,0,0,0,0
2026-01-21T12:22:23.650965+00:00,s1-eth4,2145,5927,28,84,0,0,0,0
2026-01-21T12:22:23.650965+00:00,s1-eth5,2071,5807,28,82,0,0,0,0
2026-01-21T12:22:23.650965+00:00,s2-eth1,16332103,65318,13795,707,0,0,0,0
2026-01-21T12:22:23.650965+00:00,s2-eth2,63202,16334219,679,13823,0,0,1242,1
2026-01-21T12:22:23.650965+00:00,s2-eth3,796,4640,10,64,0,0,0,0
2026-01-21T12:22:23.650965+00:00,s2-eth4,866,4500,11,62,0,0,0,0
2026-01-21T12:22:23.650965+00:00,s2-eth5,796,4394,10,61,0,0,0,0
2026-01-21T12:22:23.866776+00:00,s1-eth1,65416,16383123,708,13837,0,0,102040,84
2026-01-21T12:22:23.866776+00:00,s1-eth2,28774646,63399,23750,674,0,0,0,0
2026-01-21T12:22:23.866776+00:00,s1-eth3,1877,5593,25,79,0,0,0,0
2026-01-21T12:22:23.866776+00:00,s1-eth4,2145,5927,28,84,0,0,0,0
2026-01-21T12:22:23.866776+00:00,s1-eth5,2071,5807,28,82,0,0,0,0
2026-01-21T12:22:23.866776+00:00,s2-eth1,16385607,65416,13839,708,0,0,0,0
2026-01-21T12:22:23.866776+00:00,s2-eth2,63300,16387723,680,13867,0,0,0,0
2026-01-21T12:22:23.866776+00:00,s2-eth3,796,4640,10,64,0,0,0,0
2026-01-21T12:22:23.866776+00:00,s2-eth4,866,4500,11,62,0,0,0,0
2026-01-21T12:22:23.866776+00:00,s2-eth5,796,4394,10,61,0,0,0,0
2026-01-21T12:22:24.050092+00:00,s1-eth1,65514,16429175,709,13875,0,0,103282,85
2026-01-21T12:22:24.050092+00:00,s1-eth2,28857958,63497,23818,675,0,0,0,0
2026-01-21T12:22:24.050092+00:00,s1-eth3,1877,5593,25,79,0,0,0,0
2026-01-21T12:22:24.050092+00:00,s1-eth4,2145,5927,28,84,0,0,0,0
2026-01-21T12:22:24.050092+00:00,s1-eth5,2071,5807,28,82,0,0,0,0
2026-01-21T12:22:24.050092+00:00,s2-eth1,16431659,65514,13877,709,0,0,0,0
2026-01-21T12:22:24.050092+00:00,s2-eth2,63398,16435017,681,13906,0,0,0,0
2026-01-21T12:22:24.050092+00:00,s2-eth3,796,4640,10,64,0,0,0,0
2026-01-21T12:22:24.050092+00:00,s2-eth4,866,4500,11,62,0,0,0,0
2026-01-21T12:22:24.050092+00:00,s2-eth5,796,4394,10,61,0,0,0,0
2026-01-21T12:22:24.252059+00:00,s1-eth1,65612,16480195,710,13917,0,0,103282,85
2026-01-21T12:22:24.252059+00:00,s1-eth2,28949964,63595,23893,676,0,0,0,0
2026-01-21T12:22:24.252059+00:00,s1-eth3,1877,5593,25,79,0,0,0,0
2026-01-21T12:22:24.252059+00:00,s1-eth4,2145,5927,28,84,0,0,0,0
2026-01-21T12:22:24.252059+00:00,s1-eth5,2071,5807,28,82,0,0,0,0
2026-01-21T12:22:24.252059+00:00,s2-eth1,16482679,65612,13919,710,0,0,0,0
2026-01-21T12:22:24.252059+00:00,s2-eth2,63496,16486037,682,13948,0,0,0,0
2026-01-21T12:22:24.252059+00:00,s2-eth3,796,4640,10,64,0,0,0,0
2026-01-21T12:22:24.252059+00:00,s2-eth4,866,4500,11,62,0,0,0,0
2026-01-21T12:22:24.252059+00:00,s2-eth5,796,4394,10,61,0,0,0,0
2026-01-21T12:22:24.450728+00:00,s1-eth1,65710,16529973,711,13958,0,0,103282,85
2026-01-21T12:22:24.450728+00:00,s1-eth2,29039486,63693,23966,677,0,0,0,0
2026-01-21T12:22:24.450728+00:00,s1-eth3,1877,5593,25,79,0,0,0,0
2026-01-21T12:22:24.450728+00:00,s1-eth4,2145,5927,28,84,0,0,0,0
2026-01-21T12:22:24.450728+00:00,s1-eth5,2071,5807,28,82,0,0,0,0
2026-01-21T12:22:24.450728+00:00,s2-eth1,16532457,65710,13960,711,0,0,0,0
2026-01-21T12:22:24.450728+00:00,s2-eth2,63594,16534573,683,13988,0,0,1242,1
2026-01-21T12:22:24.450728+00:00,s2-eth3,796,4640,10,64,0,0,0,0
2026-01-21T12:22:24.450728+00:00,s2-eth4,866,4500,11,62,0,0,0,0
2026-01-21T12:22:24.450728+00:00,s2-eth5,796,4394,10,61,0,0,0,0
2026-01-21T12:22:24.650510+00:00,s1-eth1,65808,16579751,712,13999,0,0,103282,85
2026-01-21T12:22:24.650510+00:00,s1-eth2,29130250,63791,24040,678,0,0,0,0
2026-01-21T12:22:24.650510+00:00,s1-eth3,1877,5593,25,79,0,0,0,0
2026-01-21T12:22:24.650510+00:00,s1-eth4,2145,5927,28,84,0,0,0,0
2026-01-21T12:22:24.650510+00:00,s1-eth5,2071,5807,28,82,0,0,0,0
2026-01-21T12:22:24.650510+00:00,s2-eth1,16582235,65808,14001,712,0,0,0,0
2026-01-21T12:22:24.650510+00:00,s2-eth2,63692,16584351,684,14029,0,0,0,0
2026-01-21T12:22:24.650510+00:00,s2-eth3,796,4640,10,64,0,0,0,0
2026-01-21T12:22:24.650510+00:00,s2-eth4,866,4500,11,62,0,0,0,0
2026-01-21T12:22:24.650510+00:00,s2-eth5,796,4394,10,61,0,0,0,0
2026-01-21T12:22:24.850872+00:00,s1-eth1,65906,16629529,713,14040,0,0,103282,85
2026-01-21T12:22:24.850872+00:00,s1-eth2,29221014,63889,24114,679,0,0,0,0
2026-01-21T12:22:24.850872+00:00,s1-eth3,1877,5593,25,79,0,0,0,0
2026-01-21T12:22:24.850872+00:00,s1-eth4,2145,5927,28,84,0,0,0,0
2026-01-21T12:22:24.850872+00:00,s1-eth5,2071,5807,28,82,0,0,0,0
2026-01-21T12:22:24.850872+00:00,s2-eth1,16632013,65906,14042,713,0,0,0,0
2026-01-21T12:22:24.850872+00:00,s2-eth2,63790,16634129,685,14070,0,0,1242,1
2026-01-21T12:22:24.850872+00:00,s2-eth3,796,4640,10,64,0,0,0,0
2026-01-21T12:22:24.850872+00:00,s2-eth4,866,4500,11,62,0,0,0,0
2026-01-21T12:22:24.850872+00:00,s2-eth5,796,4394,10,61,0,0,0,0
2026-01-21T12:22:25.057941+00:00,s1-eth1,66004,16678065,714,14080,0,0,103282,85
2026-01-21T12:22:25.057941+00:00,s1-eth2,29314262,63987,24190,680,0,0,0,0
2026-01-21T12:22:25.057941+00:00,s1-eth3,1877,5593,25,79,0,0,0,0
2026-01-21T12:22:25.057941+00:00,s1-eth4,2145,5927,28,84,0,0,0,0
2026-01-21T12:22:25.057941+00:00,s1-eth5,2071,5807,28,82,0,0,0,0
2026-01-21T12:22:25.057941+00:00,s2-eth1,16680549,66004,14082,714,0,0,0,0
2026-01-21T12:22:25.057941+00:00,s2-eth2,63888,16683907,686,14111,0,0,0,0
2026-01-21T12:22:25.057941+00:00,s2-eth3,796,4640,10,64,0,0,0,0
2026-01-21T12:22:25.057941+00:00,s2-eth4,866,4500,11,62,0,0,0,0
2026-01-21T12:22:25.057941+00:00,s2-eth5,796,4394,10,61,0,0,0,0
2026-01-21T12:22:25.263912+00:00,s1-eth1,66102,16729085,715,14122,0,0,103282,85
2026-01-21T12:22:25.263912+00:00,s1-eth2,29408752,64085,24267,681,0,0,0,0
2026-01-21T12:22:25.263912+00:00,s1-eth3,1877,5593,25,79,0,0,0,0
2026-01-21T12:22:25.263912+00:00,s1-eth4,2145,5927,28,84,0,0,0,0
2026-01-21T12:22:25.263912+00:00,s1-eth5,2071,5807,28,82,0,0,0,0
2026-01-21T12:22:25.263912+00:00,s2-eth1,16731569,66102,14124,715,0,0,0,0
2026-01-21T12:22:25.263912+00:00,s2-eth2,63986,16733685,687,14152,0,0,0,0
2026-01-21T12:22:25.263912+00:00,s2-eth3,796,4640,10,64,0,0,0,0
2026-01-21T12:22:25.263912+00:00,s2-eth4,866,4500,11,62,0,0,0,0
2026-01-21T12:22:25.263912+00:00,s2-eth5,796,4394,10,61,0,0,0,0
2026-01-21T12:22:25.449911+00:00,s1-eth1,66200,16776379,716,14161,0,0,103282,85
2026-01-21T12:22:25.449911+00:00,s1-eth2,29493306,64183,24336,682,0,0,0,0
2026-01-21T12:22:25.449911+00:00,s1-eth3,1877,5593,25,79,0,0,0,0
2026-01-21T12:22:25.449911+00:00,s1-eth4,2145,5927,28,84,0,0,0,0
2026-01-21T12:22:25.449911+00:00,s1-eth5,2071,5807,28,82,0,0,0,0
2026-01-21T12:22:25.449911+00:00,s2-eth1,16778863,66200,14163,716,0,0,0,0
2026-01-21T12:22:25.449911+00:00,s2-eth2,64084,16780979,688,14191,0,0,0,0
2026-01-21T12:22:25.449911+00:00,s2-eth3,796,4640,10,64,0,0,0,0
2026-01-21T12:22:25.449911+00:00,s2-eth4,866,4500,11,62,0,0,0,0
2026-01-21T12:22:25.449911+00:00,s2-eth5,796,4394,10,61,0,0,0,0
2026-01-21T12:22:25.650299+00:00,s1-eth1,66298,16826157,717,14202,0,0,103282,85
2026-01-21T12:22:25.650299+00:00,s1-eth2,29584070,64281,24410,683,0,0,0,0
2026-01-21T12:22:25.650299+00:00,s1-eth3,1877,5593,25,79,0,0,0,0
2026-01-21T12:22:25.650299+00:00,s1-eth4,2145,5927,28,84,0,0,0,0
2026-01-21T12:22:25.650299+00:00,s1-eth5,2071,5807,28,82,0,0,0,0
2026-01-21T12:22:25.650299+00:00,s2-eth1,16828641,66298,14204,717,0,0,0,0
2026-01-21T12:22:25.650299+00:00,s2-eth2,64182,16830757,689,14232,0,0,1242,1
2026-01-21T12:22:25.650299+00:00,s2-eth3,796,4640,10,64,0,0,0,0
2026-01-21T12:22:25.650299+00:00,s2-eth4,866,4500,11,62,0,0,0,0
2026-01-21T12:22:25.650299+00:00,s2-eth5,796,4394,10,61,0,0,0,0
2026-01-21T12:22:25.851836+00:00,s1-eth1,66396,16875935,718,14243,0,0,103282,85
2026-01-21T12:22:25.851836+00:00,s1-eth2,29674834,64379,24484,684,0,0,0,0
2026-01-21T12:22:25.851836+00:00,s1-eth3,1877,5593,25,79,0,0,0,0
2026-01-21T12:22:25.851836+00:00,s1-eth4,2145,5927,28,84,0,0,0,0
2026-01-21T12:22:25.851836+00:00,s1-eth5,2071,5807,28,82,0,0,0,0
2026-01-21T12:22:25.851836+00:00,s2-eth1,16878419,66396,14245,718,0,0,0,0
2026-01-21T12:22:25.851836+00:00,s2-eth2,64280,16881777,690,14274,0,0,0,0
2026-01-21T12:22:25.851836+00:00,s2-eth3,796,4640,10,64,0,0,0,0
2026-01-21T12:22:25.851836+00:00,s2-eth4,866,4500,11,62,0,0,0,0
2026-01-21T12:22:25.851836+00:00,s2-eth5,796,4394,10,61,0,0,0,0
2026-01-21T12:22:26.051236+00:00,s1-eth1,66494,16925713,719,14284,0,0,102040,84
2026-01-21T12:22:26.051236+00:00,s1-eth2,29764356,64477,24557,685,0,0,0,0
2026-01-21T12:22:26.051236+00:00,s1-eth3,1877,5593,25,79,0,0,0,0
2026-01-21T12:22:26.051236+00:00,s1-eth4,2145,5927,28,84,0,0,0,0
2026-01-21T12:22:26.051236+00:00,s1-eth5,2071,5807,28,82,0,0,0,0
2026-01-21T12:22:26.051236+00:00,s2-eth1,16928197,66494,14286,719,0,0,0,0
2026-01-21T12:22:26.051236+00:00,s2-eth2,64378,16930313,691,14314,0,0,0,0
2026-01-21T12:22:26.051236+00:00,s2-eth3,796,4640,10,64,0,0,0,0
2026-01-21T12:22:26.051236+00:00,s2-eth4,866,4500,11,62,0,0,0,0
2026-01-21T12:22:26.051236+00:00,s2-eth5,796,4394,10,61,0,0,0,0
2026-01-21T12:22:26.253757+00:00,s1-eth1,66592,16976733,720,14326,0,0,102040,84
2026-01-21T12:22:26.253757+00:00,s1-eth2,29857604,64575,24633,686,0,0,0,0
2026-01-21T12:22:26.253757+00:00,s1-eth3,1877,5593,25,79,0,0,0,0
2026-01-21T12:22:26.253757+00:00,s1-eth4,2145,5927,28,84,0,0,0,0
2026-01-21T12:22:26.253757+00:00,s1-eth5,2071,5807,28,82,0,0,0,0
2026-01-21T12:22:26.253757+00:00,s2-eth1,16979217,66592,14328,720,0,0,0,0
2026-01-21T12:22:26.253757+00:00,s2-eth2,64476,16981333,692,14356,0,0,0,0
2026-01-21T12:22:26.253757+00:00,s2-eth3,796,4640,10,64,0,0,0,0
2026-01-21T12:22:26.253757+00:00,s2-eth4,866,4500,11,62,0,0,0,0
2026-01-21T12:22:26.253757+00:00,s2-eth5,796,4394,10,61,0,0,0,0
2026-01-21T12:22:26.450243+00:00,s1-eth1,66690,17026511,721,14367,0,0,103282,85
2026-01-21T12:22:26.450243+00:00,s1-eth2,29945884,64673,24705,687,0,0,0,0
2026-01-21T12:22:26.450243+00:00,s1-eth3,1877,5593,25,79,0,0,0,0
2026-01-21T12:22:26.450243+00:00,s1-eth4,2145,5927,28,84,0,0,0,0
2026-01-21T12:22:26.450243+00:00,s1-eth5,2071,5807,28,82,0,0,0,0
2026-01-21T12:22:26.450243+00:00,s2-eth1,17028995,66690,14369,721,0,0,0,0
2026-01-21T12:22:26.450243+00:00,s2-eth2,64574,17029869,693,14396,0,0,0,0
2026-01-21T12:22:26.450243+00:00,s2-eth3,796,4640,10,64,0,0,0,0
2026-01-21T12:22:26.450243+00:00,s2-eth4,866,4500,11,62,0,0,0,0
2026-01-21T12:22:26.450243+00:00,s2-eth5,796,4394,10,61,0,0,0,0
2026-01-21T12:22:26.683929+00:00,s1-eth1,66788,17084983,722,14415,0,0,103282,85
2026-01-21T12:22:26.683929+00:00,s1-eth2,30049068,64771,24789,688,0,0,0,0
2026-01-21T12:22:26.683929+00:00,s1-eth3,1877,5593,25,79,0,0,0,0
2026-01-21T12:22:26.683929+00:00,s1-eth4,2145,5927,28,84,0,0,0,0
2026-01-21T12:22:26.683929+00:00,s1-eth5,2071,5807,28,82,0,0,0,0
2026-01-21T12:22:26.683929+00:00,s2-eth1,17087467,66788,14417,722,0,0,0,0
2026-01-21T12:22:26.683929+00:00,s2-eth2,64672,17089653,694,14446,0,0,0,0
2026-01-21T12:22:26.683929+00:00,s2-eth3,796,4640,10,64,0,0,0,0
2026-01-21T12:22:26.683929+00:00,s2-eth4,866,4570,11,63,0,0,0,0
2026-01-21T12:22:26.683929+00:00,s2-eth5,796,4394,10,61,0,0,0,0
2026-01-21T12:22:26.873069+00:00,s1-eth1,66886,17131035,723,14453,0,0,102040,84
2026-01-21T12:22:26.873069+00:00,s1-eth2,30137348,64869,24861,689,0,0,0,0
2026-01-21T12:22:26.873069+00:00,s1-eth3,1877,5593,25,79,0,0,0,0
2026-01-21T12:22:26.873069+00:00,s1-eth4,2145,5927,28,84,0,0,0,0
2026-01-21T12:22:26.873069+00:00,s1-eth5,2071,5807,28,82,0,0,0,0
2026-01-21T12:22:26.873069+00:00,s2-eth1,17133519,66886,14455,723,0,0,0,0
2026-01-21T12:22:26.873069+00:00,s2-eth2,64770,17136947,695,14485,0,0,0,0
2026-01-21T12:22:26.873069+00:00,s2-eth3,796,4640,10,64,0,0,0,0
2026-01-21T12:22:26.873069+00:00,s2-eth4,866,4570,11,63,0,0,0,0
2026-01-21T12:22:26.873069+00:00,s2-eth5,796,4394,10,61,0,0,0,0
2026-01-21T12:22:27.050565+00:00,s1-eth1,66984,17175845,724,14490,0,0,103282,85
2026-01-21T12:22:27.050565+00:00,s1-eth2,30218176,64967,24927,690,0,0,0,0
2026-01-21T12:22:27.050565+00:00,s1-eth3,1877,5593,25,79,0,0,0,0
2026-01-21T12:22:27.050565+00:00,s1-eth4,2145,5927,28,84,0,0,0,0
2026-01-21T12:22:27.050565+00:00,s1-eth5,2071,5807,28,82,0,0,0,0
2026-01-21T12:22:27.050565+00:00,s2-eth1,17178329,66984,14492,724,0,0,0,0
2026-01-21T12:22:27.050565+00:00,s2-eth2,64868,17180515,696,14521,0,0,0,0
2026-01-21T12:22:27.050565+00:00,s2-eth3,796,4640,10,64,0,0,0,0
2026-01-21T12:22:27.050565+00:00,s2-eth4,866,4570,11,63,0,0,0,0
2026-01-21T12:22:27.050565+00:00,s2-eth5,796,4394,10,61,0,0,0,0
2026-01-21T12:22:27.250078+00:00,s1-eth1,67082,17225623,725,14531,0,0,103282,85
2026-01-21T12:22:27.250078+00:00,s1-eth2,30308940,65065,25001,691,0,0,0,0
2026-01-21T12:22:27.250078+00:00,s1-eth3,1877,5593,25,79,0,0,0,0
2026-01-21T12:22:27.250078+00:00,s1-eth4,2145,5927,28,84,0,0,0,0
2026-01-21T12:22:27.250078+00:00,s1-eth5,2071,5807,28,82,0,0,0,0
2026-01-21T12:22:27.250078+00:00,s2-eth1,17228107,67082,14533,725,0,0,0,0
2026-01-21T12:22:27.250078+00:00,s2-eth2,64966,17231535,697,14563,0,0,0,0
2026-01-21T12:22:27.250078+00:00,s2-eth3,796,4640,10,64,0,0,0,0
2026-01-21T12:22:27.250078+00:00,s2-eth4,866,4570,11,63,0,0,0,0
2026-01-21T12:22:27.250078+00:00,s2-eth5,796,4394,10,61,0,0,0,0
2026-01-21T12:22:27.449921+00:00,s1-eth1,67180,17275401,726,14572,0,0,102040,84
2026-01-21T12:22:27.449921+00:00,s1-eth2,30398462,65163,25074,692,0,0,0,0
2026-01-21T12:22:27.449921+00:00,s1-eth3,1877,5593,25,79,0,0,0,0
2026-01-21T12:22:27.449921+00:00,s1-eth4,2145,5927,28,84,0,0,0,0
2026-01-21T12:22:27.449921+00:00,s1-eth5,2071,5807,28,82,0,0,0,0
2026-01-21T12:22:27.449921+00:00,s2-eth1,17277885,67180,14574,726,0,0,0,0
2026-01-21T12:22:27.449921+00:00,s2-eth2,65064,17280071,698,14603,0,0,0,0
2026-01-21T12:22:27.449921+00:00,s2-eth3,796,4640,10,64,0,0,0,0
2026-01-21T12:22:27.449921+00:00,s2-eth4,866,4570,11,63,0,0,0,0
2026-01-21T12:22:27.449921+00:00,s2-eth5,796,4394,10,61,0,0,0,0
2026-01-21T12:22:27.650076+00:00,s1-eth1,67278,17325179,727,14613,0,0,102040,84
2026-01-21T12:22:27.650076+00:00,s1-eth2,30490468,65261,25149,693,0,0,0,0
2026-01-21T12:22:27.650076+00:00,s1-eth3,1877,5593,25,79,0,0,0,0
2026-01-21T12:22:27.650076+00:00,s1-eth4,2145,5927,28,84,0,0,0,0
2026-01-21T12:22:27.650076+00:00,s1-eth5,2071,5807,28,82,0,0,0,0
2026-01-21T12:22:27.650076+00:00,s2-eth1,17328905,67278,14616,727,0,0,0,0
2026-01-21T12:22:27.650076+00:00,s2-eth2,65162,17331091,699,14645,0,0,1242,1
2026-01-21T12:22:27.650076+00:00,s2-eth3,796,4640,10,64,0,0,0,0
2026-01-21T12:22:27.650076+00:00,s2-eth4,866,4570,11,63,0,0,0,0
2026-01-21T12:22:27.650076+00:00,s2-eth5,796,4394,10,61,0,0,0,0
2026-01-21T12:22:27.852632+00:00,s1-eth1,67502,17376199,731,14655,0,0,103534,91
2026-01-21T12:22:27.852632+00:00,s1-eth2,30582474,65359,25224,694,0,0,0,0
2026-01-21T12:22:27.852632+00:00,s1-eth3,1961,5635,27,80,0,0,0,0
2026-01-21T12:22:27.852632+00:00,s1-eth4,2229,5969,30,85,0,0,0,0
2026-01-21T12:22:27.852632+00:00,s1-eth5,2155,5849,30,83,0,0,0,0
2026-01-21T12:22:27.852632+00:00,s2-eth1,17378683,67502,14657,731,0,0,0,0
2026-01-21T12:22:27.852632+00:00,s2-eth2,65386,17380869,703,14686,0,0,1242,1
2026-01-21T12:22:27.852632+00:00,s2-eth3,796,4640,10,64,0,0,0,0
2026-01-21T12:22:27.852632+00:00,s2-eth4,866,4570,11,63,0,0,0,0
2026-01-21T12:22:27.852632+00:00,s2-eth5,796,4394,10,61,0,0,0,0
2026-01-21T12:22:28.049952+00:00,s1-eth1,67600,17425977,732,14696,0,0,103534,91
2026-01-21T12:22:28.049952+00:00,s1-eth2,30671996,65457,25297,695,0,0,0,0
2026-01-21T12:22:28.049952+00:00,s1-eth3,1961,5635,27,80,0,0,0,0
2026-01-21T12:22:28.049952+00:00,s1-eth4,2229,5969,30,85,0,0,0,0
2026-01-21T12:22:28.049952+00:00,s1-eth5,2155,5849,30,83,0,0,0,0
2026-01-21T12:22:28.049952+00:00,s2-eth1,17428461,67600,14698,732,0,0,0,0
2026-01-21T12:22:28.049952+00:00,s2-eth2,65484,17430647,704,14727,0,0,0,0
2026-01-21T12:22:28.049952+00:00,s2-eth3,796,4640,10,64,0,0,0,0
2026-01-21T12:22:28.049952+00:00,s2-eth4,866,4570,11,63,0,0,0,0
2026-01-21T12:22:28.049952+00:00,s2-eth5,796,4394,10,61,0,0,0,0
2026-01-21T12:22:28.250122+00:00,s1-eth1,67824,17476007,736,14743,0,0,103282,85
2026-01-21T12:22:28.250122+00:00,s1-eth2,30761518,65555,25370,696,0,0,0,0
2026-01-21T12:22:28.250122+00:00,s1-eth3,1961,5677,27,81,0,0,0,0
2026-01-21T12:22:28.250122+00:00,s1-eth4,2229,6011,30,86,0,0,0,0
2026-01-21T12:22:28.250122+00:00,s1-eth5,2155,5891,30,84,0,0,0,0
2026-01-21T12:22:28.250122+00:00,s2-eth1,17478491,67824,14745,736,0,0,0,0
2026-01-21T12:22:28.250122+00:00,s2-eth2,65708,17480677,708,14774,0,0,0,0
2026-01-21T12:22:28.250122+00:00,s2-eth3,796,4640,10,64,0,0,0,0
2026-01-21T12:22:28.250122+00:00,s2-eth4,866,4570,11,63,0,0,0,0
2026-01-21T12:22:28.250122+00:00,s2-eth5,796,4394,10,61,0,0,0,0
2026-01-21T12:22:28.450254+00:00,s1-eth1,67922,17525785,737,14784,0,0,103282,85
2026-01-21T12:22:28.450254+00:00,s1-eth2,30852282,65653,25444,697,0,0,0,0
2026-01-21T12:22:28.450254+00:00,s1-eth3,1961,5677,27,81,0,0,0,0
2026-01-21T12:22:28.450254+00:00,s1-eth4,2229,6011,30,86,0,0,0,0
2026-01-21T12:22:28.450254+00:00,s1-eth5,2155,5891,30,84,0,0,0,0
2026-01-21T12:22:28.450254+00:00,s2-eth1,17528269,67922,14786,737,0,0,0,0
2026-01-21T12:22:28.450254+00:00,s2-eth2,65806,17530455,709,14815,0,0,1242,1
2026-01-21T12:22:28.450254+00:00,s2-eth3,796,4640,10,64,0,0,0,0
2026-01-21T12:22:28.450254+00:00,s2-eth4,866,4570,11,63,0,0,0,0
2026-01-21T12:22:28.450254+00:00,s2-eth5,796,4394,10,61,0,0,0,0
2026-01-21T12:22:28.653248+00:00,s1-eth1,68020,17576805,738,14826,0,0,103282,85
2026-01-21T12:22:28.653248+00:00,s1-eth2,30944288,65751,25519,698,0,0,0,0
2026-01-21T12:22:28.653248+00:00,s1-eth3,1961,5677,27,81,0,0,0,0
2026-01-21T12:22:28.653248+00:00,s1-eth4,2229,6011,30,86,0,0,0,0
2026-01-21T12:22:28.653248+00:00,s1-eth5,2155,5891,30,84,0,0,0,0
2026-01-21T12:22:28.653248+00:00,s2-eth1,17579289,68020,14828,738,0,0,0,0
2026-01-21T12:22:28.653248+00:00,s2-eth2,65904,17581475,710,14857,0,0,0,0
2026-01-21T12:22:28.653248+00:00,s2-eth3,796,4640,10,64,0,0,0,0
2026-01-21T12:22:28.653248+00:00,s2-eth4,866,4570,11,63,0,0,0,0
2026-01-21T12:22:28.653248+00:00,s2-eth5,796,4394,10,61,0,0,0,0
2026-01-21T12:22:28.850582+00:00,s1-eth1,68188,17625341,740,14866,0,0,102110,85
2026-01-21T12:22:28.850582+00:00,s1-eth2,31033810,65989,25592,701,0,0,0,0
2026-01-21T12:22:28.850582+00:00,s1-eth3,1961,5817,27,83,0,0,0,0
2026-01-21T12:22:28.850582+00:00,s1-eth4,2299,6081,31,87,0,0,0,0
2026-01-21T12:22:28.850582+00:00,s1-eth5,2155,6031,30,86,0,0,0,0
2026-01-21T12:22:28.850582+00:00,s2-eth1,17629067,68188,14869,740,0,0,0,0
2026-01-21T12:22:28.850582+00:00,s2-eth2,66002,17631323,711,14899,0,0,0,0
2026-01-21T12:22:28.850582+00:00,s2-eth3,866,4640,11,64,0,0,0,0
2026-01-21T12:22:28.850582+00:00,s2-eth4,866,4640,11,64,0,0,0,0
2026-01-21T12:22:28.850582+00:00,s2-eth5,796,4464,10,62,0,0,0,0
2026-01-21T12:22:29.050614+00:00,s1-eth1,68188,17676263,740,14907,0,0,102208,86
2026-01-21T12:22:29.050614+00:00,s1-eth2,31124574,65989,25666,701,0,0,0,0
2026-01-21T12:22:29.050614+00:00,s1-eth3,1961,5817,27,83,0,0,0,0
2026-01-21T12:22:29.050614+00:00,s1-eth4,2299,6081,31,87,0,0,0,0
2026-01-21T12:22:29.050614+00:00,s1-eth5,2155,6031,30,86,0,0,0,0
2026-01-21T12:22:29.050614+00:00,s2-eth1,17677603,68286,14909,741,0,0,0,0
2026-01-21T12:22:29.050614+00:00,s2-eth2,66100,17681101,712,14940,0,0,0,0
2026-01-21T12:22:29.050614+00:00,s2-eth3,866,4640,11,64,0,0,0,0
2026-01-21T12:22:29.050614+00:00,s2-eth4,866,4640,11,64,0,0,0,0
2026-01-21T12:22:29.050614+00:00,s2-eth5,796,4464,10,62,0,0,0,0
2026-01-21T12:22:29.250087+00:00,s1-eth1,68286,17726111,741,14949,0,0,103380,86
2026-01-21T12:22:29.250087+00:00,s1-eth2,31215338,66087,25740,702,0,0,0,0
2026-01-21T12:22:29.250087+00:00,s1-eth3,1961,5817,27,83,0,0,0,0
2026-01-21T12:22:29.250087+00:00,s1-eth4,2299,6081,31,87,0,0,0,0
2026-01-21T12:22:29.250087+00:00,s1-eth5,2155,6031,30,86,0,0,0,0
2026-01-21T12:22:29.250087+00:00,s2-eth1,17728693,68384,14952,742,0,0,0,0
2026-01-21T12:22:29.250087+00:00,s2-eth2,66198,17730949,713,14982,0,0,0,0
2026-01-21T12:22:29.250087+00:00,s2-eth3,866,4710,11,65,0,0,0,0
2026-01-21T12:22:29.250087+00:00,s2-eth4,866,4710,11,65,0,0,0,0
2026-01-21T12:22:29.250087+00:00,s2-eth5,796,4534,10,63,0,0,0,0
2026-01-21T12:22:29.454189+00:00,s1-eth1,68384,17777131,742,14991,0,0,103282,85
2026-01-21T12:22:29.454189+00:00,s1-eth2,31308488,66185,25815,703,0,0,0,0
2026-01-21T12:22:29.454189+00:00,s1-eth3,1961,5817,27,83,0,0,0,0
2026-01-21T12:22:29.454189+00:00,s1-eth4,2299,6081,31,87,0,0,0,0
2026-01-21T12:22:29.454189+00:00,s1-eth5,2155,6031,30,86,0,0,0,0
2026-01-21T12:22:29.454189+00:00,s2-eth1,17779713,68482,14994,743,0,0,0,0
2026-01-21T12:22:29.454189+00:00,s2-eth2,66296,17781969,714,15024,0,0,0,0
2026-01-21T12:22:29.454189+00:00,s2-eth3,866,4710,11,65,0,0,0,0
2026-01-21T12:22:29.454189+00:00,s2-eth4,866,4710,11,65,0,0,0,0
2026-01-21T12:22:29.454189+00:00,s2-eth5,796,4534,10,63,0,0,0,0
2026-01-21T12:22:29.652606+00:00,s1-eth1,68482,17825667,743,15031,0,0,102040,84
2026-01-21T12:22:29.652606+00:00,s1-eth2,31398010,66283,25888,704,0,0,0,0
2026-01-21T12:22:29.652606+00:00,s1-eth3,1961,5817,27,83,0,0,0,0
2026-01-21T12:22:29.652606+00:00,s1-eth4,2299,6081,31,87,0,0,0,0
2026-01-21T12:22:29.652606+00:00,s1-eth5,2155,6031,30,86,0,0,0,0
2026-01-21T12:22:29.652606+00:00,s2-eth1,17828249,68580,15034,744,0,0,0,0
2026-01-21T12:22:29.652606+00:00,s2-eth2,66394,17831747,715,15065,0,0,0,0
2026-01-21T12:22:29.652606+00:00,s2-eth3,866,4710,11,65,0,0,0,0
2026-01-21T12:22:29.652606+00:00,s2-eth4,866,4710,11,65,0,0,0,0
2026-01-21T12:22:29.652606+00:00,s2-eth5,796,4534,10,63,0,0,0,0
2026-01-21T12:22:29.874765+00:00,s1-eth1,68678,17881753,745,15078,0,0,103282,85
2026-01-21T12:22:29.874765+00:00,s1-eth2,31498808,66479,25971,706,0,0,0,0
2026-01-21T12:22:29.874765+00:00,s1-eth3,1961,5817,27,83,0,0,0,0
2026-01-21T12:22:29.874765+00:00,s1-eth4,2299,6081,31,87,0,0,0,0
2026-01-21T12:22:29.874765+00:00,s1-eth5,2155,6031,30,86,0,0,0,0
2026-01-21T12:22:29.874765+00:00,s2-eth1,17884237,68678,15080,745,0,0,0,0
2026-01-21T12:22:29.874765+00:00,s2-eth2,66492,17886493,716,15110,0,0,1242,1
2026-01-21T12:22:29.874765+00:00,s2-eth3,866,4710,11,65,0,0,0,0
2026-01-21T12:22:29.874765+00:00,s2-eth4,866,4710,11,65,0,0,0,0
2026-01-21T12:22:29.874765+00:00,s2-eth5,796,4534,10,63,0,0,0,0
2026-01-21T12:22:30.053949+00:00,s1-eth1,68678,17926465,745,15114,0,0,102040,84
2026-01-21T12:22:30.053949+00:00,s1-eth2,31579538,66479,26036,706,0,0,0,0
2026-01-21T12:22:30.053949+00:00,s1-eth3,1961,5817,27,83,0,0,0,0
2026-01-21T12:22:30.053949+00:00,s1-eth4,2299,6081,31,87,0,0,0,0
2026-01-21T12:22:30.053949+00:00,s1-eth5,2155,6031,30,86,0,0,0,0
2026-01-21T12:22:30.053949+00:00,s2-eth1,17928949,68678,15116,745,0,0,0,0
2026-01-21T12:22:30.053949+00:00,s2-eth2,66492,17931205,716,15146,0,0,0,0
2026-01-21T12:22:30.053949+00:00,s2-eth3,866,4710,11,65,0,0,0,0
2026-01-21T12:22:30.053949+00:00,s2-eth4,866,4710,11,65,0,0,0,0
2026-01-21T12:22:30.053949+00:00,s2-eth5,796,4534,10,63,0,0,0,0
2026-01-21T12:22:30.249889+00:00,s1-eth1,68776,17975001,746,15154,0,0,103282,85
2026-01-21T12:22:30.249889+00:00,s1-eth2,31667818,66577,26108,707,0,0,0,0
2026-01-21T12:22:30.249889+00:00,s1-eth3,1961,5817,27,83,0,0,0,0
2026-01-21T12:22:30.249889+00:00,s1-eth4,2299,6081,31,87,0,0,0,0
2026-01-21T12:22:30.249889+00:00,s1-eth5,2155,6031,30,86,0,0,0,0
2026-01-21T12:22:30.249889+00:00,s2-eth1,17977485,68776,15156,746,0,0,0,0
2026-01-21T12:22:30.249889+00:00,s2-eth2,66590,17979741,717,15186,0,0,0,0
2026-01-21T12:22:30.249889+00:00,s2-eth3,866,4710,11,65,0,0,0,0
2026-01-21T12:22:30.249889+00:00,s2-eth4,866,4710,11,65,0,0,0,0
2026-01-21T12:22:30.249889+00:00,s2-eth5,796,4534,10,63,0,0,0,0
2026-01-21T12:22:30.493372+00:00,s1-eth1,68972,18036055,748,15205,0,0,103282,85
2026-01-21T12:22:30.493372+00:00,s1-eth2,31779794,66773,26200,709,0,0,0,0
2026-01-21T12:22:30.493372+00:00,s1-eth3,1961,5817,27,83,0,0,0,0
2026-01-21T12:22:30.493372+00:00,s1-eth4,2299,6081,31,87,0,0,0,0
2026-01-21T12:22:30.493372+00:00,s1-eth5,2155,6031,30,86,0,0,0,0
2026-01-21T12:22:30.493372+00:00,s2-eth1,18038539,68972,15207,748,0,0,0,0
2026-01-21T12:22:30.493372+00:00,s2-eth2,66786,18040795,719,15237,0,0,0,0
2026-01-21T12:22:30.493372+00:00,s2-eth3,866,4710,11,65,0,0,0,0
2026-01-21T12:22:30.493372+00:00,s2-eth4,866,4710,11,65,0,0,0,0
2026-01-21T12:22:30.493372+00:00,s2-eth5,796,4534,10,63,0,0,0,0
2026-01-21T12:22:30.668745+00:00,s1-eth1,68972,18080767,748,15241,0,0,103282,85
2026-01-21T12:22:30.668745+00:00,s1-eth2,31859282,66773,26264,709,0,0,0,0
2026-01-21T12:22:30.668745+00:00,s1-eth3,1961,5817,27,83,0,0,0,0
2026-01-21T12:22:30.668745+00:00,s1-eth4,2299,6081,31,87,0,0,0,0
2026-01-21T12:22:30.668745+00:00,s1-eth5,2155,6031,30,86,0,0,0,0
2026-01-21T12:22:30.668745+00:00,s2-eth1,18083251,68972,15243,748,0,0,0,0
2026-01-21T12:22:30.668745+00:00,s2-eth2,66786,18085507,719,15273,0,0,0,0
2026-01-21T12:22:30.668745+00:00,s2-eth3,866,4710,11,65,0,0,0,0
2026-01-21T12:22:30.668745+00:00,s2-eth4,866,4710,11,65,0,0,0,0
2026-01-21T12:22:30.668745+00:00,s2-eth5,796,4534,10,63,0,0,0,0
2026-01-21T12:22:30.851369+00:00,s1-eth1,69140,18125577,750,15278,0,0,102040,84
2026-01-21T12:22:30.851369+00:00,s1-eth2,31940110,66941,26330,711,0,0,0,0
2026-01-21T12:22:30.851369+00:00,s1-eth3,1961,5887,27,84,0,0,0,0
2026-01-21T12:22:30.851369+00:00,s1-eth4,2299,6151,31,88,0,0,0,0
2026-01-21T12:22:30.851369+00:00,s1-eth5,2155,6101,30,87,0,0,0,0
2026-01-21T12:22:30.851369+00:00,s2-eth1,18128061,69140,15280,750,0,0,0,0
2026-01-21T12:22:30.851369+00:00,s2-eth2,66884,18131629,720,15312,0,0,0,0
2026-01-21T12:22:30.851369+00:00,s2-eth3,866,4780,11,66,0,0,0,0
2026-01-21T12:22:30.851369+00:00,s2-eth4,866,4780,11,66,0,0,0,0
2026-01-21T12:22:30.851369+00:00,s2-eth5,866,4534,11,63,0,0,0,0
2026-01-21T12:22:31.050596+00:00,s1-eth1,69238,18175355,751,15319,0,0,102040,84
2026-01-21T12:22:31.050596+00:00,s1-eth2,32030874,67039,26404,712,0,0,0,0
2026-01-21T12:22:31.050596+00:00,s1-eth3,1961,5887,27,84,0,0,0,0
2026-01-21T12:22:31.050596+00:00,s1-eth4,2299,6151,31,88,0,0,0,0
2026-01-21T12:22:31.050596+00:00,s1-eth5,2155,6101,30,87,0,0,0,0
2026-01-21T12:22:31.050596+00:00,s2-eth1,18179081,69238,15322,751,0,0,0,0
2026-01-21T12:22:31.050596+00:00,s2-eth2,66982,18181407,721,15353,0,0,0,0
2026-01-21T12:22:31.050596+00:00,s2-eth3,866,4780,11,66,0,0,0,0
2026-01-21T12:22:31.050596+00:00,s2-eth4,866,4780,11,66,0,0,0,0
2026-01-21T12:22:31.050596+00:00,s2-eth5,866,4534,11,63,0,0,0,0
2026-01-21T12:22:31.250551+00:00,s1-eth1,69336,18225133,752,15360,0,0,103282,85
2026-01-21T12:22:31.250551+00:00,s1-eth2,32122880,67137,26479,713,0,0,0,0
2026-01-21T12:22:31.250551+00:00,s1-eth3,1961,5887,27,84,0,0,0,0
2026-01-21T12:22:31.250551+00:00,s1-eth4,2299,6151,31,88,0,0,0,0
2026-01-21T12:22:31.250551+00:00,s1-eth5,2155,6101,30,87,0,0,0,0
2026-01-21T12:22:31.250551+00:00,s2-eth1,18228859,69336,15363,752,0,0,0,0
2026-01-21T12:22:31.250551+00:00,s2-eth2,67080,18231185,722,15394,0,0,1242,1
2026-01-21T12:22:31.250551+00:00,s2-eth3,866,4780,11,66,0,0,0,0
2026-01-21T12:22:31.250551+00:00,s2-eth4,866,4780,11,66,0,0,0,0
2026-01-21T12:22:31.250551+00:00,s2-eth5,866,4534,11,63,0,0,0,0
2026-01-21T12:22:31.450326+00:00,s1-eth1,69434,18276153,753,15402,0,0,103282,85
2026-01-21T12:22:31.450326+00:00,s1-eth2,32212402,67235,26552,714,0,0,0,0
2026-01-21T12:22:31.450326+00:00,s1-eth3,1961,5887,27,84,0,0,0,0
2026-01-21T12:22:31.450326+00:00,s1-eth4,2299,6151,31,88,0,0,0,0
2026-01-21T12:22:31.450326+00:00,s1-eth5,2155,6101,30,87,0,0,0,0
2026-01-21T12:22:31.450326+00:00,s2-eth1,18278637,69434,15404,753,0,0,0,0
2026-01-21T12:22:31.450326+00:00,s2-eth2,67178,18280963,723,15435,0,0,0,0
2026-01-21T12:22:31.450326+00:00,s2-eth3,866,4780,11,66,0,0,0,0
2026-01-21T12:22:31.450326+00:00,s2-eth4,866,4780,11,66,0,0,0,0
2026-01-21T12:22:31.450326+00:00,s2-eth5,866,4534,11,63,0,0,0,0
2026-01-21T12:22:31.652219+00:00,s1-eth1,69532,18325931,754,15443,0,0,102040,84
2026-01-21T12:22:31.652219+00:00,s1-eth2,32304408,67333,26627,715,0,0,0,0
2026-01-21T12:22:31.652219+00:00,s1-eth3,1961,5887,27,84,0,0,0,0
2026-01-21T12:22:31.652219+00:00,s1-eth4,2299,6151,31,88,0,0,0,0
2026-01-21T12:22:31.652219+00:00,s1-eth5,2155,6101,30,87,0,0,0,0
2026-01-21T12:22:31.652219+00:00,s2-eth1,18328415,69532,15445,754,0,0,0,0
2026-01-21T12:22:31.652219+00:00,s2-eth2,67276,18330741,724,15476,0,0,0,0
2026-01-21T12:22:31.652219+00:00,s2-eth3,866,4780,11,66,0,0,0,0
2026-01-21T12:22:31.652219+00:00,s2-eth4,866,4780,11,66,0,0,0,0
2026-01-21T12:22:31.652219+00:00,s2-eth5,866,4534,11,63,0,0,0,0
2026-01-21T12:22:31.964321+00:00,s1-eth1,69728,18404373,756,15508,0,0,103282,85
2026-01-21T12:22:31.964321+00:00,s1-eth2,32446192,67529,26743,717,0,0,0,0
2026-01-21T12:22:31.964321+00:00,s1-eth3,1961,5887,27,84,0,0,0,0
2026-01-21T12:22:31.964321+00:00,s1-eth4,2299,6151,31,88,0,0,0,0
2026-01-21T12:22:31.964321+00:00,s1-eth5,2155,6101,30,87,0,0,0,0
2026-01-21T12:22:31.964321+00:00,s2-eth1,18406857,69728,15510,756,0,0,0,0
2026-01-21T12:22:31.964321+00:00,s2-eth2,67472,18409183,726,15541,0,0,0,0
2026-01-21T12:22:31.964321+00:00,s2-eth3,866,4780,11,66,0,0,0,0
2026-01-21T12:22:31.964321+00:00,s2-eth4,866,4780,11,66,0,0,0,0
2026-01-21T12:22:31.964321+00:00,s2-eth5,866,4534,11,63,0,0,0,0
2026-01-21T12:22:32.050089+00:00,s1-eth1,69728,18425487,756,15525,0,0,103282,85
2026-01-21T12:22:32.050089+00:00,s1-eth2,32484694,67529,26774,717,0,0,0,0
2026-01-21T12:22:32.050089+00:00,s1-eth3,1961,5887,27,84,0,0,0,0
2026-01-21T12:22:32.050089+00:00,s1-eth4,2299,6151,31,88,0,0,0,0
2026-01-21T12:22:32.050089+00:00,s1-eth5,2155,6101,30,87,0,0,0,0
2026-01-21T12:22:32.050089+00:00,s2-eth1,18427971,69728,15527,756,0,0,0,0
2026-01-21T12:22:32.050089+00:00,s2-eth2,67472,18430297,726,15558,0,0,0,0
2026-01-21T12:22:32.050089+00:00,s2-eth3,866,4780,11,66,0,0,0,0
2026-01-21T12:22:32.050089+00:00,s2-eth4,866,4780,11,66,0,0,0,0
2026-01-21T12:22:32.050089+00:00,s2-eth5,866,4534,11,63,0,0,0,0
2026-01-21T12:22:32.254166+00:00,s1-eth1,69826,18476507,757,15567,0,0,103282,85
2026-01-21T12:22:32.254166+00:00,s1-eth2,32576700,67627,26849,718,0,0,0,0
2026-01-21T12:22:32.254166+00:00,s1-eth3,1961,5887,27,84,0,0,0,0
2026-01-21T12:22:32.254166+00:00,s1-eth4,2299,6151,31,88,0,0,0,0
2026-01-21T12:22:32.254166+00:00,s1-eth5,2155,6101,30,87,0,0,0,0
2026-01-21T12:22:32.254166+00:00,s2-eth1,18478991,69826,15569,757,0,0,0,0
2026-01-21T12:22:32.254166+00:00,s2-eth2,67570,18481317,727,15600,0,0,0,0
2026-01-21T12:22:32.254166+00:00,s2-eth3,866,4780,11,66,0,0,0,0
2026-01-21T12:22:32.254166+00:00,s2-eth4,866,4780,11,66,0,0,0,0
2026-01-21T12:22:32.254166+00:00,s2-eth5,866,4534,11,63,0,0,0,0
2026-01-21T12:22:32.451242+00:00,s1-eth1,69924,18526285,758,15608,0,0,103282,85
2026-01-21T12:22:32.451242+00:00,s1-eth2,32666222,67725,26922,719,0,0,0,0
2026-01-21T12:22:32.451242+00:00,s1-eth3,1961,5887,27,84,0,0,0,0
2026-01-21T12:22:32.451242+00:00,s1-eth4,2299,6151,31,88,0,0,0,0
2026-01-21T12:22:32.451242+00:00,s1-eth5,2155,6101,30,87,0,0,0,0
2026-01-21T12:22:32.451242+00:00,s2-eth1,18528769,69924,15610,758,0,0,0,0
2026-01-21T12:22:32.451242+00:00,s2-eth2,67668,18531095,728,15641,0,0,0,0
2026-01-21T12:22:32.451242+00:00,s2-eth3,866,4780,11,66,0,0,0,0
2026-01-21T12:22:32.451242+00:00,s2-eth4,866,4780,11,66,0,0,0,0
2026-01-21T12:22:32.451242+00:00,s2-eth5,866,4534,11,63,0,0,0,0
2026-01-21T12:22:37.071471+00:00,s1-eth1,70092,18594693,760,15664,0,0,72397,62
2026-01-21T12:22:37.071471+00:00,s1-eth2,32733553,67893,26979,721,0,0,0,0
2026-01-21T12:22:37.071471+00:00,s1-eth3,1961,5957,27,85,0,0,0,0
2026-01-21T12:22:37.071471+00:00,s1-eth4,2299,6221,31,89,0,0,0,0
2026-01-21T12:22:37.071471+00:00,s1-eth5,2155,6241,30,89,0,0,0,0
2026-01-21T12:22:37.071471+00:00,s2-eth1,18597275,70092,15667,760,0,0,0,0
2026-01-21T12:22:37.071471+00:00,s2-eth2,67864,18599601,730,15698,0,0,1242,1
2026-01-21T12:22:37.071471+00:00,s2-eth3,866,4780,11,66,0,0,0,0
2026-01-21T12:22:37.071471+00:00,s2-eth4,866,4780,11,66,0,0,0,0
2026-01-21T12:22:37.071471+00:00,s2-eth5,866,4534,11,63,0,0,0,0
2026-01-21T12:22:37.094618+00:00,s1-eth1,70190,18599759,761,15669,0,0,66285,58
2026-01-21T12:22:37.094618+00:00,s1-eth2,32733749,67991,26981,722,0,0,0,0
2026-01-21T12:22:37.094618+00:00,s1-eth3,1961,5957,27,85,0,0,0,0
2026-01-21T12:22:37.094618+00:00,s1-eth4,2299,6221,31,89,0,0,0,0
2026-01-21T12:22:37.094618+00:00,s1-eth5,2155,6241,30,89,0,0,0,0
2026-01-21T12:22:37.094618+00:00,s2-eth1,18602243,70190,15671,761,0,0,0,0
2026-01-21T12:22:37.094618+00:00,s2-eth2,67864,18604569,730,15702,0,0,0,0
2026-01-21T12:22:37.094618+00:00,s2-eth3,866,4780,11,66,0,0,0,0
2026-01-21T12:22:37.094618+00:00,s2-eth4,866,4780,11,66,0,0,0,0
2026-01-21T12:22:37.094618+00:00,s2-eth5,866,4534,11,63,0,0,0,0
2026-01-21T12:22:37.116193+00:00,s1-eth1,70190,18604727,761,15673,0,0,61317,54
2026-01-21T12:22:37.116193+00:00,s1-eth2,32733749,67991,26981,722,0,0,0,0
2026-01-21T12:22:37.116193+00:00,s1-eth3,1961,5957,27,85,0,0,0,0
2026-01-21T12:22:37.116193+00:00,s1-eth4,2299,6221,31,89,0,0,0,0
2026-01-21T12:22:37.116193+00:00,s1-eth5,2155,6241,30,89,0,0,0,0
2026-01-21T12:22:37.116193+00:00,s2-eth1,18608453,70190,15676,761,0,0,0,0
2026-01-21T12:22:37.116193+00:00,s2-eth2,67864,18610779,730,15707,0,0,0,0
2026-01-21T12:22:37.116193+00:00,s2-eth3,866,4780,11,66,0,0,0,0
2026-01-21T12:22:37.116193+00:00,s2-eth4,866,4780,11,66,0,0,0,0
2026-01-21T12:22:37.116193+00:00,s2-eth5,866,4534,11,63,0,0,0,0
2026-01-21T12:22:37.136561+00:00,s1-eth1,70190,18610937,761,15678,0,0,56349,50
2026-01-21T12:22:37.136561+00:00,s1-eth2,32733749,67991,26981,722,0,0,0,0
2026-01-21T12:22:37.136561+00:00,s1-eth3,1961,5957,27,85,0,0,0,0
2026-01-21T12:22:37.136561+00:00,s1-eth4,2299,6221,31,89,0,0,0,0
2026-01-21T12:22:37.136561+00:00,s1-eth5,2155,6241,30,89,0,0,0,0
2026-01-21T12:22:37.136561+00:00,s2-eth1,18612179,70190,15679,761,0,0,0,0
2026-01-21T12:22:37.136561+00:00,s2-eth2,67864,18615747,730,15711,0,0,0,0
2026-01-21T12:22:37.136561+00:00,s2-eth3,866,4780,11,66,0,0,0,0
2026-01-21T12:22:37.136561+00:00,s2-eth4,866,4780,11,66,0,0,0,0
2026-01-21T12:22:37.136561+00:00,s2-eth5,866,4534,11,63,0,0,0,0
2026-01-21T12:22:37.154938+00:00,s1-eth1,70190,18614663,761,15681,0,0,51381,46
2026-01-21T12:22:37.154938+00:00,s1-eth2,32733749,67991,26981,722,0,0,0,0
2026-01-21T12:22:37.154938+00:00,s1-eth3,1961,5957,27,85,0,0,0,0
2026-01-21T12:22:37.154938+00:00,s1-eth4,2299,6221,31,89,0,0,0,0
2026-01-21T12:22:37.154938+00:00,s1-eth5,2155,6241,30,89,0,0,0,0
2026-01-21T12:22:37.154938+00:00,s2-eth1,18617147,70190,15683,761,0,0,0,0
2026-01-21T12:22:37.154938+00:00,s2-eth2,67864,18619473,730,15714,0,0,0,0
2026-01-21T12:22:37.154938+00:00,s2-eth3,866,4780,11,66,0,0,0,0
2026-01-21T12:22:37.154938+00:00,s2-eth4,866,4780,11,66,0,0,0,0
2026-01-21T12:22:37.154938+00:00,s2-eth5,866,4534,11,63,0,0,0,0
2026-01-21T12:22:37.175855+00:00,s1-eth1,70190,18619631,761,15685,0,0,46413,42
2026-01-21T12:22:37.175855+00:00,s1-eth2,32733749,67991,26981,722,0,0,0,0
2026-01-21T12:22:37.175855+00:00,s1-eth3,1961,5957,27,85,0,0,0,0
2026-01-21T12:22:37.175855+00:00,s1-eth4,2299,6221,31,89,0,0,0,0
2026-01-21T12:22:37.175855+00:00,s1-eth5,2155,6241,30,89,0,0,0,0
2026-01-21T12:22:37.175855+00:00,s2-eth1,18623357,70190,15688,761,0,0,0,0
2026-01-21T12:22:37.175855+00:00,s2-eth2,67864,18625683,730,15719,0,0,0,0
2026-01-21T12:22:37.175855+00:00,s2-eth3,866,4780,11,66,0,0,0,0
2026-01-21T12:22:37.175855+00:00,s2-eth4,866,4780,11,66,0,0,0,0
2026-01-21T12:22:37.175855+00:00,s2-eth5,866,4534,11,63,0,0,0,0
2026-01-21T12:22:37.200034+00:00,s1-eth1,70190,18625841,761,15690,0,0,40203,37
2026-01-21T12:22:37.200034+00:00,s1-eth2,32733749,67991,26981,722,0,0,0,0
2026-01-21T12:22:37.200034+00:00,s1-eth3,1961,5957,27,85,0,0,0,0
2026-01-21T12:22:37.200034+00:00,s1-eth4,2299,6221,31,89,0,0,0,0
2026-01-21T12:22:37.200034+00:00,s1-eth5,2155,6241,30,89,0,0,0,0
2026-01-21T12:22:37.200034+00:00,s2-eth1,18629567,70190,15693,761,0,0,0,0
2026-01-21T12:22:37.200034+00:00,s2-eth2,67864,18631893,730,15724,0,0,0,0
2026-01-21T12:22:37.200034+00:00,s2-eth3,866,4780,11,66,0,0,0,0
2026-01-21T12:22:37.200034+00:00,s2-eth4,866,4780,11,66,0,0,0,0
2026-01-21T12:22:37.200034+00:00,s2-eth5,866,4534,11,63,0,0,0,0
2026-01-21T12:22:37.221925+00:00,s1-eth1,70190,18632051,761,15695,0,0,35235,33
2026-01-21T12:22:37.221925+00:00,s1-eth2,32733749,67991,26981,722,0,0,0,0
2026-01-21T12:22:37.221925+00:00,s1-eth3,1961,5957,27,85,0,0,0,0
2026-01-21T12:22:37.221925+00:00,s1-eth4,2299,6221,31,89,0,0,0,0
2026-01-21T12:22:37.221925+00:00,s1-eth5,2155,6241,30,89,0,0,0,0
2026-01-21T12:22:37.221925+00:00,s2-eth1,18634535,70190,15697,761,0,0,0,0
2026-01-21T12:22:37.221925+00:00,s2-eth2,67864,18636861,730,15728,0,0,1242,1
2026-01-21T12:22:37.221925+00:00,s2-eth3,866,4780,11,66,0,0,0,0
2026-01-21T12:22:37.221925+00:00,s2-eth4,866,4780,11,66,0,0,0,0
2026-01-21T12:22:37.221925+00:00,s2-eth5,866,4534,11,63,0,0,0,0
2026-01-21T12:22:37.243760+00:00,s1-eth1,70190,18637019,761,15699,0,0,30267,29
2026-01-21T12:22:37.243760+00:00,s1-eth2,32733749,67991,26981,722,0,0,0,0
2026-01-21T12:22:37.243760+00:00,s1-eth3,1961,5957,27,85,0,0,0,0
2026-01-21T12:22:37.243760+00:00,s1-eth4,2299,6221,31,89,0,0,0,0
2026-01-21T12:22:37.243760+00:00,s1-eth5,2155,6241,30,89,0,0,0,0
2026-01-21T12:22:37.243760+00:00,s2-eth1,18639503,70190,15701,761,0,0,0,0
2026-01-21T12:22:37.243760+00:00,s2-eth2,67864,18641829,730,15732,0,0,0,0
2026-01-21T12:22:37.243760+00:00,s2-eth3,866,4780,11,66,0,0,0,0
2026-01-21T12:22:37.243760+00:00,s2-eth4,866,4780,11,66,0,0,0,0
2026-01-21T12:22:37.243760+00:00,s2-eth5,866,4534,11,63,0,0,0,0
2026-01-21T12:22:37.264762+00:00,s1-eth1,70190,18641987,761,15703,0,0,24057,24
2026-01-21T12:22:37.264762+00:00,s1-eth2,32733749,67991,26981,722,0,0,0,0
2026-01-21T12:22:37.264762+00:00,s1-eth3,1961,5957,27,85,0,0,0,0
2026-01-21T12:22:37.264762+00:00,s1-eth4,2299,6221,31,89,0,0,0,0
2026-01-21T12:22:37.264762+00:00,s1-eth5,2155,6241,30,89,0,0,0,0
2026-01-21T12:22:37.264762+00:00,s2-eth1,18645713,70190,15706,761,0,0,0,0
2026-01-21T12:22:37.264762+00:00,s2-eth2,67864,18648039,730,15737,0,0,0,0
2026-01-21T12:22:37.264762+00:00,s2-eth3,866,4780,11,66,0,0,0,0
2026-01-21T12:22:37.264762+00:00,s2-eth4,866,4780,11,66,0,0,0,0
2026-01-21T12:22:37.264762+00:00,s2-eth5,866,4534,11,63,0,0,0,0
2026-01-21T12:22:37.286974+00:00,s1-eth1,70288,18648295,762,15709,0,0,18991,19
2026-01-21T12:22:37.286974+00:00,s1-eth2,32733749,68089,26981,723,0,0,0,0
2026-01-21T12:22:37.286974+00:00,s1-eth3,1961,5957,27,85,0,0,0,0
2026-01-21T12:22:37.286974+00:00,s1-eth4,2299,6221,31,89,0,0,0,0
2026-01-21T12:22:37.286974+00:00,s1-eth5,2155,6241,30,89,0,0,0,0
2026-01-21T12:22:37.286974+00:00,s2-eth1,18650779,70288,15711,762,0,0,0,0
2026-01-21T12:22:37.286974+00:00,s2-eth2,67962,18653105,731,15742,0,0,1242,1
2026-01-21T12:22:37.286974+00:00,s2-eth3,866,4780,11,66,0,0,0,0
2026-01-21T12:22:37.286974+00:00,s2-eth4,866,4780,11,66,0,0,0,0
2026-01-21T12:22:37.286974+00:00,s2-eth5,866,4534,11,63,0,0,0,0
2026-01-21T12:22:37.308085+00:00,s1-eth1,70288,18653263,762,15713,0,0,14121,16
2026-01-21T12:22:37.308085+00:00,s1-eth2,32733847,68089,26982,723,0,0,0,0
2026-01-21T12:22:37.308085+00:00,s1-eth3,1961,5957,27,85,0,0,0,0
2026-01-21T12:22:37.308085+00:00,s1-eth4,2299,6221,31,89,0,0,0,0
2026-01-21T12:22:37.308085+00:00,s1-eth5,2155,6241,30,89,0,0,0,0
2026-01-21T12:22:37.308085+00:00,s2-eth1,18655747,70288,15715,762,0,0,0,0
2026-01-21T12:22:37.308085+00:00,s2-eth2,67962,18658073,731,15746,0,0,1242,1
2026-01-21T12:22:37.308085+00:00,s2-eth3,866,4780,11,66,0,0,0,0
2026-01-21T12:22:37.308085+00:00,s2-eth4,866,4780,11,66,0,0,0,0
2026-01-21T12:22:37.308085+00:00,s2-eth5,866,4534,11,63,0,0,0,0
2026-01-21T12:22:37.328414+00:00,s1-eth1,70288,18658231,762,15717,0,0,9153,12
2026-01-21T12:22:37.328414+00:00,s1-eth2,32733847,68089,26982,723,0,0,0,0
2026-01-21T12:22:37.328414+00:00,s1-eth3,1961,5957,27,85,0,0,0,0
2026-01-21T12:22:37.328414+00:00,s1-eth4,2299,6221,31,89,0,0,0,0
2026-01-21T12:22:37.328414+00:00,s1-eth5,2155,6241,30,89,0,0,0,0
2026-01-21T12:22:37.328414+00:00,s2-eth1,18660715,70288,15719,762,0,0,0,0
2026-01-21T12:22:37.328414+00:00,s2-eth2,67962,18663041,731,15750,0,0,0,0
2026-01-21T12:22:37.328414+00:00,s2-eth3,866,4780,11,66,0,0,0,0
2026-01-21T12:22:37.328414+00:00,s2-eth4,866,4780,11,66,0,0,0,0
2026-01-21T12:22:37.328414+00:00,s2-eth5,866,4534,11,63,0,0,0,0
2026-01-21T12:22:37.347839+00:00,s1-eth1,70288,18663199,762,15721,0,0,4185,8
2026-01-21T12:22:37.347839+00:00,s1-eth2,32733847,68089,26982,723,0,0,0,0
2026-01-21T12:22:37.347839+00:00,s1-eth3,1961,5957,27,85,0,0,0,0
2026-01-21T12:22:37.347839+00:00,s1-eth4,2299,6221,31,89,0,0,0,0
2026-01-21T12:22:37.347839+00:00,s1-eth5,2155,6241,30,89,0,0,0,0
2026-01-21T12:22:37.347839+00:00,s2-eth1,18665683,70288,15723,762,0,0,0,0
2026-01-21T12:22:37.347839+00:00,s2-eth2,67962,18668009,731,15754,0,0,1407,3
2026-01-21T12:22:37.347839+00:00,s2-eth3,866,4780,11,66,0,0,0,0
2026-01-21T12:22:37.347839+00:00,s2-eth4,866,4780,11,66,0,0,0,0
2026-01-21T12:22:37.347839+00:00,s2-eth5,866,4534,11,63,0,0,0,0
2026-01-21T12:22:37.366431+00:00,s1-eth1,70813,18667384,768,15729,0,0,0,0
2026-01-21T12:22:37.366431+00:00,s1-eth2,32733983,68614,26984,729,0,0,0,0
2026-01-21T12:22:37.366431+00:00,s1-eth3,1961,5957,27,85,0,0,0,0
2026-01-21T12:22:37.366431+00:00,s1-eth4,2299,6221,31,89,0,0,0,0
2026-01-21T12:22:37.366431+00:00,s1-eth5,2155,6241,30,89,0,0,0,0
2026-01-21T12:22:37.366431+00:00,s2-eth1,18667850,70879,15732,769,0,0,0,0
2026-01-21T12:22:37.366431+00:00,s2-eth2,68689,18670176,740,15763,0,0,0,0
2026-01-21T12:22:37.366431+00:00,s2-eth3,866,4780,11,66,0,0,0,0
2026-01-21T12:22:37.366431+00:00,s2-eth4,866,4780,11,66,0,0,0,0
2026-01-21T12:22:37.366431+00:00,s2-eth5,866,4534,11,63,0,0,0,0
2026-01-21T12:22:37.387730+00:00,s1-eth1,71351,18668115,772,15736,0,0,0,0
2026-01-21T12:22:37.387730+00:00,s1-eth2,32734578,69152,26989,733,0,0,66,1
2026-01-21T12:22:37.387730+00:00,s1-eth3,1961,5957,27,85,0,0,0,0
2026-01-21T12:22:37.387730+00:00,s1-eth4,2299,6221,31,89,0,0,0,0
2026-01-21T12:22:37.387730+00:00,s1-eth5,2155,6241,30,89,0,0,0,0
2026-01-21T12:22:37.387730+00:00,s2-eth1,18668181,71417,15737,773,0,0,0,0
2026-01-21T12:22:37.387730+00:00,s2-eth2,69091,18670507,742,15768,0,0,0,0
2026-01-21T12:22:37.387730+00:00,s2-eth3,866,4780,11,66,0,0,0,0
2026-01-21T12:22:37.387730+00:00,s2-eth4,866,4780,11,66,0,0,0,0
2026-01-21T12:22:37.387730+00:00,s2-eth5,866,4534,11,63,0,0,0,0
2026-01-21T12:22:37.406990+00:00,s1-eth1,71417,18668181,773,15737,0,0,0,0
2026-01-21T12:22:37.406990+00:00,s1-eth2,32734644,69218,26990,734,0,0,0,0
2026-01-21T12:22:37.406990+00:00,s1-eth3,1961,5957,27,85,0,0,0,0
2026-01-21T12:22:37.406990+00:00,s1-eth4,2299,6221,31,89,0,0,0,0
2026-01-21T12:22:37.406990+00:00,s1-eth5,2155,6241,30,89,0,0,0,0
2026-01-21T12:22:37.406990+00:00,s2-eth1,18668181,71417,15737,773,0,0,0,0
2026-01-21T12:22:37.406990+00:00,s2-eth2,69091,18670507,742,15768,0,0,0,0
2026-01-21T12:22:37.406990+00:00,s2-eth3,866,4780,11,66,0,0,0,0
2026-01-21T12:22:37.406990+00:00,s2-eth4,866,4780,11,66,0,0,0,0
2026-01-21T12:22:37.406990+00:00,s2-eth5,866,4534,11,63,0,0,0,0
2026-01-21T12:22:37.426596+00:00,s1-eth1,71417,18668181,773,15737,0,0,0,0
2026-01-21T12:22:37.426596+00:00,s1-eth2,32734644,69218,26990,734,0,0,0,0
2026-01-21T12:22:37.426596+00:00,s1-eth3,1961,5957,27,85,0,0,0,0
2026-01-21T12:22:37.426596+00:00,s1-eth4,2299,6221,31,89,0,0,0,0
2026-01-21T12:22:37.426596+00:00,s1-eth5,2155,6241,30,89,0,0,0,0
2026-01-21T12:22:37.426596+00:00,s2-eth1,18668181,71417,15737,773,0,0,0,0
2026-01-21T12:22:37.426596+00:00,s2-eth2,69091,18670507,742,15768,0,0,0,0
2026-01-21T12:22:37.426596+00:00,s2-eth3,866,4780,11,66,0,0,0,0
2026-01-21T12:22:37.426596+00:00,s2-eth4,866,4780,11,66,0,0,0,0
2026-01-21T12:22:37.426596+00:00,s2-eth5,866,4534,11,63,0,0,0,0
2026-01-21T12:22:37.446662+00:00,s1-eth1,71417,18668181,773,15737,0,0,0,0
2026-01-21T12:22:37.446662+00:00,s1-eth2,32734644,69218,26990,734,0,0,0,0
2026-01-21T12:22:37.446662+00:00,s1-eth3,1961,5957,27,85,0,0,0,0
2026-01-21T12:22:37.446662+00:00,s1-eth4,2299,6221,31,89,0,0,0,0
2026-01-21T12:22:37.446662+00:00,s1-eth5,2155,6241,30,89,0,0,0,0
2026-01-21T12:22:37.446662+00:00,s2-eth1,18668181,71417,15737,773,0,0,0,0
2026-01-21T12:22:37.446662+00:00,s2-eth2,69091,18670507,742,15768,0,0,0,0
2026-01-21T12:22:37.446662+00:00,s2-eth3,866,4780,11,66,0,0,0,0
2026-01-21T12:22:37.446662+00:00,s2-eth4,866,4780,11,66,0,0,0,0
2026-01-21T12:22:37.446662+00:00,s2-eth5,866,4534,11,63,0,0,0,0
2026-01-21T12:22:37.465395+00:00,s1-eth1,71417,18668181,773,15737,0,0,0,0
2026-01-21T12:22:37.465395+00:00,s1-eth2,32734644,69218,26990,734,0,0,0,0
2026-01-21T12:22:37.465395+00:00,s1-eth3,1961,5957,27,85,0,0,0,0
2026-01-21T12:22:37.465395+00:00,s1-eth4,2299,6221,31,89,0,0,0,0
2026-01-21T12:22:37.465395+00:00,s1-eth5,2155,6241,30,89,0,0,0,0
2026-01-21T12:22:37.465395+00:00,s2-eth1,18668181,71417,15737,773,0,0,0,0
2026-01-21T12:22:37.465395+00:00,s2-eth2,69091,18670507,742,15768,0,0,0,0
2026-01-21T12:22:37.465395+00:00,s2-eth3,866,4780,11,66,0,0,0,0
2026-01-21T12:22:37.465395+00:00,s2-eth4,866,4780,11,66,0,0,0,0
2026-01-21T12:22:37.465395+00:00,s2-eth5,866,4534,11,63,0,0,0,0
2026-01-21T12:22:37.483434+00:00,s1-eth1,71417,18668181,773,15737,0,0,0,0
2026-01-21T12:22:37.483434+00:00,s1-eth2,32734644,69218,26990,734,0,0,0,0
2026-01-21T12:22:37.483434+00:00,s1-eth3,1961,5957,27,85,0,0,0,0
2026-01-21T12:22:37.483434+00:00,s1-eth4,2299,6221,31,89,0,0,0,0
2026-01-21T12:22:37.483434+00:00,s1-eth5,2155,6241,30,89,0,0,0,0
2026-01-21T12:22:37.483434+00:00,s2-eth1,18668181,71417,15737,773,0,0,0,0
2026-01-21T12:22:37.483434+00:00,s2-eth2,69091,18670507,742,15768,0,0,0,0
2026-01-21T12:22:37.483434+00:00,s2-eth3,866,4780,11,66,0,0,0,0
2026-01-21T12:22:37.483434+00:00,s2-eth4,866,4780,11,66,0,0,0,0
2026-01-21T12:22:37.483434+00:00,s2-eth5,866,4534,11,63,0,0,0,0
2026-01-21T12:22:37.502049+00:00,s1-eth1,71515,18668279,774,15738,0,0,0,0
2026-01-21T12:22:37.502049+00:00,s1-eth2,32734742,69316,26991,735,0,0,0,0
2026-01-21T12:22:37.502049+00:00,s1-eth3,1961,5957,27,85,0,0,0,0
2026-01-21T12:22:37.502049+00:00,s1-eth4,2299,6221,31,89,0,0,0,0
2026-01-21T12:22:37.502049+00:00,s1-eth5,2155,6241,30,89,0,0,0,0
2026-01-21T12:22:37.502049+00:00,s2-eth1,18668279,71515,15738,774,0,0,0,0
2026-01-21T12:22:37.502049+00:00,s2-eth2,69189,18670605,743,15769,0,0,0,0
2026-01-21T12:22:37.502049+00:00,s2-eth3,866,4780,11,66,0,0,0,0
2026-01-21T12:22:37.502049+00:00,s2-eth4,866,4780,11,66,0,0,0,0
2026-01-21T12:22:37.502049+00:00,s2-eth5,866,4534,11,63,0,0,0,0
2026-01-21T12:22:37.520603+00:00,s1-eth1,71515,18668279,774,15738,0,0,0,0
2026-01-21T12:22:37.520603+00:00,s1-eth2,32734742,69316,26991,735,0,0,0,0
2026-01-21T12:22:37.520603+00:00,s1-eth3,1961,5957,27,85,0,0,0,0
2026-01-21T12:22:37.520603+00:00,s1-eth4,2299,6221,31,89,0,0,0,0
2026-01-21T12:22:37.520603+00:00,s1-eth5,2155,6241,30,89,0,0,0,0
2026-01-21T12:22:37.520603+00:00,s2-eth1,18668279,71515,15738,774,0,0,0,0
2026-01-21T12:22:37.520603+00:00,s2-eth2,69189,18670605,743,15769,0,0,0,0
2026-01-21T12:22:37.520603+00:00,s2-eth3,866,4780,11,66,0,0,0,0
2026-01-21T12:22:37.520603+00:00,s2-eth4,866,4780,11,66,0,0,0,0
2026-01-21T12:22:37.520603+00:00,s2-eth5,866,4534,11,63,0,0,0,0
2026-01-21T12:22:37.540244+00:00,s1-eth1,71515,18668279,774,15738,0,0,0,0
2026-01-21T12:22:37.540244+00:00,s1-eth2,32734742,69316,26991,735,0,0,0,0
2026-01-21T12:22:37.540244+00:00,s1-eth3,1961,5957,27,85,0,0,0,0
2026-01-21T12:22:37.540244+00:00,s1-eth4,2299,6221,31,89,0,0,0,0
2026-01-21T12:22:37.540244+00:00,s1-eth5,2155,6241,30,89,0,0,0,0
2026-01-21T12:22:37.540244+00:00,s2-eth1,18668279,71515,15738,774,0,0,0,0
2026-01-21T12:22:37.540244+00:00,s2-eth2,69189,18670605,743,15769,0,0,0,0
2026-01-21T12:22:37.540244+00:00,s2-eth3,866,4780,11,66,0,0,0,0
2026-01-21T12:22:37.540244+00:00,s2-eth4,866,4780,11,66,0,0,0,0
2026-01-21T12:22:37.540244+00:00,s2-eth5,866,4534,11,63,0,0,0,0
2026-01-21T12:22:37.558347+00:00,s1-eth1,71515,18668279,774,15738,0,0,0,0
2026-01-21T12:22:37.558347+00:00,s1-eth2,32734742,69316,26991,735,0,0,0,0
2026-01-21T12:22:37.558347+00:00,s1-eth3,1961,5957,27,85,0,0,0,0
2026-01-21T12:22:37.558347+00:00,s1-eth4,2299,6221,31,89,0,0,0,0
2026-01-21T12:22:37.558347+00:00,s1-eth5,2155,6241,30,89,0,0,0,0
2026-01-21T12:22:37.558347+00:00,s2-eth1,18668279,71515,15738,774,0,0,0,0
2026-01-21T12:22:37.558347+00:00,s2-eth2,69189,18670605,743,15769,0,0,0,0
2026-01-21T12:22:37.558347+00:00,s2-eth3,866,4780,11,66,0,0,0,0
2026-01-21T12:22:37.558347+00:00,s2-eth4,866,4780,11,66,0,0,0,0
2026-01-21T12:22:37.558347+00:00,s2-eth5,866,4534,11,63,0,0,0,0
2026-01-21T12:22:37.649859+00:00,s1-eth1,71515,18668279,774,15738,0,0,0,0
2026-01-21T12:22:37.649859+00:00,s1-eth2,32734742,69316,26991,735,0,0,0,0
2026-01-21T12:22:37.649859+00:00,s1-eth3,1961,5957,27,85,0,0,0,0
2026-01-21T12:22:37.649859+00:00,s1-eth4,2299,6221,31,89,0,0,0,0
2026-01-21T12:22:37.649859+00:00,s1-eth5,2155,6241,30,89,0,0,0,0
2026-01-21T12:22:37.649859+00:00,s2-eth1,18668279,71515,15738,774,0,0,0,0
2026-01-21T12:22:37.649859+00:00,s2-eth2,69189,18670605,743,15769,0,0,0,0
2026-01-21T12:22:37.649859+00:00,s2-eth3,866,4780,11,66,0,0,0,0
2026-01-21T12:22:37.649859+00:00,s2-eth4,866,4780,11,66,0,0,0,0
2026-01-21T12:22:37.649859+00:00,s2-eth5,866,4534,11,63,0,0,0,0
2026-01-21T12:22:37.854439+00:00,s1-eth1,71613,18668377,775,15739,0,0,0,0
2026-01-21T12:22:37.854439+00:00,s1-eth2,32734840,69414,26992,736,0,0,0,0
2026-01-21T12:22:37.854439+00:00,s1-eth3,1961,5957,27,85,0,0,0,0
2026-01-21T12:22:37.854439+00:00,s1-eth4,2299,6221,31,89,0,0,0,0
2026-01-21T12:22:37.854439+00:00,s1-eth5,2155,6241,30,89,0,0,0,0
2026-01-21T12:22:37.854439+00:00,s2-eth1,18668377,71613,15739,775,0,0,0,0
2026-01-21T12:22:37.854439+00:00,s2-eth2,69287,18670703,744,15770,0,0,0,0
2026-01-21T12:22:37.854439+00:00,s2-eth3,866,4780,11,66,0,0,0,0
2026-01-21T12:22:37.854439+00:00,s2-eth4,866,4780,11,66,0,0,0,0
2026-01-21T12:22:37.854439+00:00,s2-eth5,866,4534,11,63,0,0,0,0
2026-01-21T12:22:38.050837+00:00,s1-eth1,71711,18668475,776,15740,0,0,0,0
2026-01-21T12:22:38.050837+00:00,s1-eth2,32734938,69512,26993,737,0,0,0,0
2026-01-21T12:22:38.050837+00:00,s1-eth3,1961,5957,27,85,0,0,0,0
2026-01-21T12:22:38.050837+00:00,s1-eth4,2299,6221,31,89,0,0,0,0
2026-01-21T12:22:38.050837+00:00,s1-eth5,2155,6241,30,89,0,0,0,0
2026-01-21T12:22:38.050837+00:00,s2-eth1,18668475,71711,15740,776,0,0,0,0
2026-01-21T12:22:38.050837+00:00,s2-eth2,69385,18670801,745,15771,0,0,0,0
2026-01-21T12:22:38.050837+00:00,s2-eth3,866,4780,11,66,0,0,0,0
2026-01-21T12:22:38.050837+00:00,s2-eth4,866,4780,11,66,0,0,0,0
2026-01-21T12:22:38.050837+00:00,s2-eth5,866,4534,11,63,0,0,0,0
2026-01-21T12:22:38.259631+00:00,s1-eth1,71809,18668573,777,15741,0,0,0,0
2026-01-21T12:22:38.259631+00:00,s1-eth2,32735036,69610,26994,738,0,0,0,0
2026-01-21T12:22:38.259631+00:00,s1-eth3,1961,5957,27,85,0,0,0,0
2026-01-21T12:22:38.259631+00:00,s1-eth4,2299,6221,31,89,0,0,0,0
2026-01-21T12:22:38.259631+00:00,s1-eth5,2155,6241,30,89,0,0,0,0
2026-01-21T12:22:38.259631+00:00,s2-eth1,18668573,71809,15741,777,0,0,0,0
2026-01-21T12:22:38.259631+00:00,s2-eth2,69483,18670899,746,15772,0,0,0,0
2026-01-21T12:22:38.259631+00:00,s2-eth3,866,4780,11,66,0,0,0,0
2026-01-21T12:22:38.259631+00:00,s2-eth4,866,4780,11,66,0,0,0,0
2026-01-21T12:22:38.259631+00:00,s2-eth5,866,4534,11,63,0,0,0,0
2026-01-21T12:22:38.450774+00:00,s1-eth1,71907,18668671,778,15742,0,0,0,0
2026-01-21T12:22:38.450774+00:00,s1-eth2,32735134,69708,26995,739,0,0,0,0
2026-01-21T12:22:38.450774+00:00,s1-eth3,1961,5957,27,85,0,0,0,0
2026-01-21T12:22:38.450774+00:00,s1-eth4,2299,6221,31,89,0,0,0,0
2026-01-21T12:22:38.450774+00:00,s1-eth5,2155,6241,30,89,0,0,0,0
2026-01-21T12:22:38.450774+00:00,s2-eth1,18668671,71907,15742,778,0,0,0,0
2026-01-21T12:22:38.450774+00:00,s2-eth2,69581,18670997,747,15773,0,0,0,0
2026-01-21T12:22:38.450774+00:00,s2-eth3,866,4780,11,66,0,0,0,0
2026-01-21T12:22:38.450774+00:00,s2-eth4,866,4780,11,66,0,0,0,0
2026-01-21T12:22:38.450774+00:00,s2-eth5,866,4534,11,63,0,0,0,0
2026-01-21T12:22:38.651327+00:00,s1-eth1,72005,18668769,779,15743,0,0,0,0
2026-01-21T12:22:38.651327+00:00,s1-eth2,32735232,69806,26996,740,0,0,0,0
2026-01-21T12:22:38.651327+00:00,s1-eth3,1961,5957,27,85,0,0,0,0
2026-01-21T12:22:38.651327+00:00,s1-eth4,2299,6221,31,89,0,0,0,0
2026-01-21T12:22:38.651327+00:00,s1-eth5,2155,6241,30,89,0,0,0,0
2026-01-21T12:22:38.651327+00:00,s2-eth1,18668769,72005,15743,779,0,0,0,0
2026-01-21T12:22:38.651327+00:00,s2-eth2,69679,18671095,748,15774,0,0,0,0
2026-01-21T12:22:38.651327+00:00,s2-eth3,866,4780,11,66,0,0,0,0
2026-01-21T12:22:38.651327+00:00,s2-eth4,866,4780,11,66,0,0,0,0
2026-01-21T12:22:38.651327+00:00,s2-eth5,866,4534,11,63,0,0,0,0
2026-01-21T12:22:38.851331+00:00,s1-eth1,72103,18668867,780,15744,0,0,0,0
2026-01-21T12:22:38.851331+00:00,s1-eth2,32735330,69904,26997,741,0,0,0,0
2026-01-21T12:22:38.851331+00:00,s1-eth3,1961,5957,27,85,0,0,0,0
2026-01-21T12:22:38.851331+00:00,s1-eth4,2299,6221,31,89,0,0,0,0
2026-01-21T12:22:38.851331+00:00,s1-eth5,2155,6241,30,89,0,0,0,0
2026-01-21T12:22:38.851331+00:00,s2-eth1,18668867,72103,15744,780,0,0,0,0
2026-01-21T12:22:38.851331+00:00,s2-eth2,69777,18671193,749,15775,0,0,0,0
2026-01-21T12:22:38.851331+00:00,s2-eth3,866,4780,11,66,0,0,0,0
2026-01-21T12:22:38.851331+00:00,s2-eth4,866,4780,11,66,0,0,0,0
2026-01-21T12:22:38.851331+00:00,s2-eth5,866,4534,11,63,0,0,0,0
2026-01-21T12:22:39.050335+00:00,s1-eth1,72201,18668965,781,15745,0,0,0,0
2026-01-21T12:22:39.050335+00:00,s1-eth2,32735428,70002,26998,742,0,0,0,0
2026-01-21T12:22:39.050335+00:00,s1-eth3,1961,5957,27,85,0,0,0,0
2026-01-21T12:22:39.050335+00:00,s1-eth4,2299,6221,31,89,0,0,0,0
2026-01-21T12:22:39.050335+00:00,s1-eth5,2155,6241,30,89,0,0,0,0
2026-01-21T12:22:39.050335+00:00,s2-eth1,18668965,72201,15745,781,0,0,0,0
2026-01-21T12:22:39.050335+00:00,s2-eth2,69875,18671291,750,15776,0,0,0,0
2026-01-21T12:22:39.050335+00:00,s2-eth3,866,4780,11,66,0,0,0,0
2026-01-21T12:22:39.050335+00:00,s2-eth4,866,4780,11,66,0,0,0,0
2026-01-21T12:22:39.050335+00:00,s2-eth5,866,4534,11,63,0,0,0,0
2026-01-21T12:22:39.255414+00:00,s1-eth1,72299,18669063,782,15746,0,0,0,0
2026-01-21T12:22:39.255414+00:00,s1-eth2,32735526,70100,26999,743,0,0,0,0
2026-01-21T12:22:39.255414+00:00,s1-eth3,1961,5957,27,85,0,0,0,0
2026-01-21T12:22:39.255414+00:00,s1-eth4,2299,6221,31,89,0,0,0,0
2026-01-21T12:22:39.255414+00:00,s1-eth5,2155,6241,30,89,0,0,0,0
2026-01-21T12:22:39.255414+00:00,s2-eth1,18669063,72299,15746,782,0,0,0,0
2026-01-21T12:22:39.255414+00:00,s2-eth2,69973,18671389,751,15777,0,0,0,0
2026-01-21T12:22:39.255414+00:00,s2-eth3,866,4780,11,66,0,0,0,0
2026-01-21T12:22:39.255414+00:00,s2-eth4,866,4780,11,66,0,0,0,0
2026-01-21T12:22:39.255414+00:00,s2-eth5,866,4534,11,63,0,0,0,0
2026-01-21T12:22:39.455846+00:00,s1-eth1,72397,18669161,783,15747,0,0,0,0
2026-01-21T12:22:39.455846+00:00,s1-eth2,32735624,70198,27000,744,0,0,0,0
2026-01-21T12:22:39.455846+00:00,s1-eth3,1961,5957,27,85,0,0,0,0
2026-01-21T12:22:39.455846+00:00,s1-eth4,2299,6221,31,89,0,0,0,0
2026-01-21T12:22:39.455846+00:00,s1-eth5,2155,6241,30,89,0,0,0,0
2026-01-21T12:22:39.455846+00:00,s2-eth1,18669161,72397,15747,783,0,0,0,0
2026-01-21T12:22:39.455846+00:00,s2-eth2,70071,18671487,752,15778,0,0,0,0
2026-01-21T12:22:39.455846+00:00,s2-eth3,866,4780,11,66,0,0,0,0
2026-01-21T12:22:39.455846+00:00,s2-eth4,866,4780,11,66,0,0,0,0
2026-01-21T12:22:39.455846+00:00,s2-eth5,866,4534,11,63,0,0,0,0
2026-01-21T12:22:39.650683+00:00,s1-eth1,72495,18669259,784,15748,0,0,0,0
2026-01-21T12:22:39.650683+00:00,s1-eth2,32735722,70296,27001,745,0,0,0,0
2026-01-21T12:22:39.650683+00:00,s1-eth3,1961,5957,27,85,0,0,0,0
2026-01-21T12:22:39.650683+00:00,s1-eth4,2299,6221,31,89,0,0,0,0
2026-01-21T12:22:39.650683+00:00,s1-eth5,2155,6241,30,89,0,0,0,0
2026-01-21T12:22:39.650683+00:00,s2-eth1,18669259,72495,15748,784,0,0,0,0
2026-01-21T12:22:39.650683+00:00,s2-eth2,70169,18671585,753,15779,0,0,0,0
2026-01-21T12:22:39.650683+00:00,s2-eth3,866,4780,11,66,0,0,0,0
2026-01-21T12:22:39.650683+00:00,s2-eth4,866,4780,11,66,0,0,0,0
2026-01-21T12:22:39.650683+00:00,s2-eth5,866,4534,11,63,0,0,0,0
2026-01-21T12:22:39.850080+00:00,s1-eth1,72593,18669357,785,15749,0,0,0,0
2026-01-21T12:22:39.850080+00:00,s1-eth2,32735820,70394,27002,746,0,0,0,0
2026-01-21T12:22:39.850080+00:00,s1-eth3,1961,5957,27,85,0,0,0,0
2026-01-21T12:22:39.850080+00:00,s1-eth4,2299,6221,31,89,0,0,0,0
2026-01-21T12:22:39.850080+00:00,s1-eth5,2155,6241,30,89,0,0,0,0
2026-01-21T12:22:39.850080+00:00,s2-eth1,18669357,72593,15749,785,0,0,0,0
2026-01-21T12:22:39.850080+00:00,s2-eth2,70267,18671683,754,15780,0,0,0,0
2026-01-21T12:22:39.850080+00:00,s2-eth3,866,4780,11,66,0,0,0,0
2026-01-21T12:22:39.850080+00:00,s2-eth4,866,4780,11,66,0,0,0,0
2026-01-21T12:22:39.850080+00:00,s2-eth5,866,4534,11,63,0,0,0,0
2026-01-21T12:22:40.050687+00:00,s1-eth1,72691,18669455,786,15750,0,0,0,0
2026-01-21T12:22:40.050687+00:00,s1-eth2,32735918,70492,27003,747,0,0,0,0
2026-01-21T12:22:40.050687+00:00,s1-eth3,1961,5957,27,85,0,0,0,0
2026-01-21T12:22:40.050687+00:00,s1-eth4,2299,6221,31,89,0,0,0,0
2026-01-21T12:22:40.050687+00:00,s1-eth5,2155,6241,30,89,0,0,0,0
2026-01-21T12:22:40.050687+00:00,s2-eth1,18669455,72691,15750,786,0,0,0,0
2026-01-21T12:22:40.050687+00:00,s2-eth2,70365,18671781,755,15781,0,0,0,0
2026-01-21T12:22:40.050687+00:00,s2-eth3,866,4780,11,66,0,0,0,0
2026-01-21T12:22:40.050687+00:00,s2-eth4,866,4780,11,66,0,0,0,0
2026-01-21T12:22:40.050687+00:00,s2-eth5,866,4534,11,63,0,0,0,0
2026-01-21T12:22:40.259020+00:00,s1-eth1,72789,18669553,787,15751,0,0,0,0
2026-01-21T12:22:40.259020+00:00,s1-eth2,32736016,70590,27004,748,0,0,0,0
2026-01-21T12:22:40.259020+00:00,s1-eth3,1961,5957,27,85,0,0,0,0
2026-01-21T12:22:40.259020+00:00,s1-eth4,2299,6221,31,89,0,0,0,0
2026-01-21T12:22:40.259020+00:00,s1-eth5,2155,6241,30,89,0,0,0,0
2026-01-21T12:22:40.259020+00:00,s2-eth1,18669553,72789,15751,787,0,0,0,0
2026-01-21T12:22:40.259020+00:00,s2-eth2,70463,18671879,756,15782,0,0,0,0
2026-01-21T12:22:40.259020+00:00,s2-eth3,866,4780,11,66,0,0,0,0
2026-01-21T12:22:40.259020+00:00,s2-eth4,866,4780,11,66,0,0,0,0
2026-01-21T12:22:40.259020+00:00,s2-eth5,866,4534,11,63,0,0,0,0
2026-01-21T12:22:40.450761+00:00,s1-eth1,72887,18669651,788,15752,0,0,0,0
2026-01-21T12:22:40.450761+00:00,s1-eth2,32736114,70688,27005,749,0,0,0,0
2026-01-21T12:22:40.450761+00:00,s1-eth3,1961,5957,27,85,0,0,0,0
2026-01-21T12:22:40.450761+00:00,s1-eth4,2299,6221,31,89,0,0,0,0
2026-01-21T12:22:40.450761+00:00,s1-eth5,2155,6241,30,89,0,0,0,0
2026-01-21T12:22:40.450761+00:00,s2-eth1,18669651,72887,15752,788,0,0,0,0
2026-01-21T12:22:40.450761+00:00,s2-eth2,70561,18671977,757,15783,0,0,0,0
2026-01-21T12:22:40.450761+00:00,s2-eth3,866,4780,11,66,0,0,0,0
2026-01-21T12:22:40.450761+00:00,s2-eth4,866,4780,11,66,0,0,0,0
2026-01-21T12:22:40.450761+00:00,s2-eth5,866,4534,11,63,0,0,0,0
2026-01-21T12:22:40.650094+00:00,s1-eth1,72985,18669749,789,15753,0,0,0,0
2026-01-21T12:22:40.650094+00:00,s1-eth2,32736212,70786,27006,750,0,0,0,0
2026-01-21T12:22:40.650094+00:00,s1-eth3,1961,5957,27,85,0,0,0,0
2026-01-21T12:22:40.650094+00:00,s1-eth4,2299,6221,31,89,0,0,0,0
2026-01-21T12:22:40.650094+00:00,s1-eth5,2155,6241,30,89,0,0,0,0
2026-01-21T12:22:40.650094+00:00,s2-eth1,18669749,72985,15753,789,0,0,0,0
2026-01-21T12:22:40.650094+00:00,s2-eth2,70659,18672075,758,15784,0,0,0,0
2026-01-21T12:22:40.650094+00:00,s2-eth3,866,4780,11,66,0,0,0,0
2026-01-21T12:22:40.650094+00:00,s2-eth4,866,4780,11,66,0,0,0,0
2026-01-21T12:22:40.650094+00:00,s2-eth5,866,4534,11,63,0,0,0,0
2026-01-21T12:22:40.863170+00:00,s1-eth1,73083,18669847,790,15754,0,0,0,0
2026-01-21T12:22:40.863170+00:00,s1-eth2,32736310,70884,27007,751,0,0,0,0
2026-01-21T12:22:40.863170+00:00,s1-eth3,1961,5957,27,85,0,0,0,0
2026-01-21T12:22:40.863170+00:00,s1-eth4,2299,6221,31,89,0,0,0,0
2026-01-21T12:22:40.863170+00:00,s1-eth5,2155,6241,30,89,0,0,0,0
2026-01-21T12:22:40.863170+00:00,s2-eth1,18669847,73083,15754,790,0,0,0,0
2026-01-21T12:22:40.863170+00:00,s2-eth2,70757,18672173,759,15785,0,0,0,0
2026-01-21T12:22:40.863170+00:00,s2-eth3,866,4780,11,66,0,0,0,0
2026-01-21T12:22:40.863170+00:00,s2-eth4,866,4780,11,66,0,0,0,0
2026-01-21T12:22:40.863170+00:00,s2-eth5,866,4534,11,63,0,0,0,0
2026-01-21T12:22:41.050824+00:00,s1-eth1,73181,18669945,791,15755,0,0,0,0
2026-01-21T12:22:41.050824+00:00,s1-eth2,32736408,70982,27008,752,0,0,0,0
2026-01-21T12:22:41.050824+00:00,s1-eth3,1961,5957,27,85,0,0,0,0
2026-01-21T12:22:41.050824+00:00,s1-eth4,2299,6221,31,89,0,0,0,0
2026-01-21T12:22:41.050824+00:00,s1-eth5,2155,6241,30,89,0,0,0,0
2026-01-21T12:22:41.050824+00:00,s2-eth1,18669945,73181,15755,791,0,0,0,0
2026-01-21T12:22:41.050824+00:00,s2-eth2,70855,18672271,760,15786,0,0,0,0
2026-01-21T12:22:41.050824+00:00,s2-eth3,866,4780,11,66,0,0,0,0
2026-01-21T12:22:41.050824+00:00,s2-eth4,866,4780,11,66,0,0,0,0
2026-01-21T12:22:41.050824+00:00,s2-eth5,866,4534,11,63,0,0,0,0
2026-01-21T12:22:41.253387+00:00,s1-eth1,73279,18670043,792,15756,0,0,0,0
2026-01-21T12:22:41.253387+00:00,s1-eth2,32736506,71080,27009,753,0,0,0,0
2026-01-21T12:22:41.253387+00:00,s1-eth3,1961,5957,27,85,0,0,0,0
2026-01-21T12:22:41.253387+00:00,s1-eth4,2299,6221,31,89,0,0,0,0
2026-01-21T12:22:41.253387+00:00,s1-eth5,2155,6241,30,89,0,0,0,0
2026-01-21T12:22:41.253387+00:00,s2-eth1,18670043,73279,15756,792,0,0,0,0
2026-01-21T12:22:41.253387+00:00,s2-eth2,70953,18672369,761,15787,0,0,0,0
2026-01-21T12:22:41.253387+00:00,s2-eth3,866,4780,11,66,0,0,0,0
2026-01-21T12:22:41.253387+00:00,s2-eth4,866,4780,11,66,0,0,0,0
2026-01-21T12:22:41.253387+00:00,s2-eth5,866,4534,11,63,0,0,0,0
2026-01-21T12:22:41.450923+00:00,s1-eth1,73377,18670141,793,15757,0,0,0,0
2026-01-21T12:22:41.450923+00:00,s1-eth2,32736604,71178,27010,754,0,0,0,0
2026-01-21T12:22:41.450923+00:00,s1-eth3,1961,5957,27,85,0,0,0,0
2026-01-21T12:22:41.450923+00:00,s1-eth4,2299,6221,31,89,0,0,0,0
2026-01-21T12:22:41.450923+00:00,s1-eth5,2155,6241,30,89,0,0,0,0
2026-01-21T12:22:41.450923+00:00,s2-eth1,18670141,73377,15757,793,0,0,0,0
2026-01-21T12:22:41.450923+00:00,s2-eth2,71051,18672467,762,15788,0,0,0,0
2026-01-21T12:22:41.450923+00:00,s2-eth3,866,4780,11,66,0,0,0,0
2026-01-21T12:22:41.450923+00:00,s2-eth4,866,4780,11,66,0,0,0,0
2026-01-21T12:22:41.450923+00:00,s2-eth5,866,4534,11,63,0,0,0,0
2026-01-21T12:22:41.654411+00:00,s1-eth1,73475,18670239,794,15758,0,0,0,0
2026-01-21T12:22:41.654411+00:00,s1-eth2,32736702,71276,27011,755,0,0,0,0
2026-01-21T12:22:41.654411+00:00,s1-eth3,1961,5957,27,85,0,0,0,0
2026-01-21T12:22:41.654411+00:00,s1-eth4,2299,6221,31,89,0,0,0,0
2026-01-21T12:22:41.654411+00:00,s1-eth5,2155,6241,30,89,0,0,0,0
2026-01-21T12:22:41.654411+00:00,s2-eth1,18670239,73475,15758,794,0,0,0,0
2026-01-21T12:22:41.654411+00:00,s2-eth2,71149,18672565,763,15789,0,0,0,0
2026-01-21T12:22:41.654411+00:00,s2-eth3,866,4780,11,66,0,0,0,0
2026-01-21T12:22:41.654411+00:00,s2-eth4,866,4780,11,66,0,0,0,0
2026-01-21T12:22:41.654411+00:00,s2-eth5,866,4534,11,63,0,0,0,0
2026-01-21T12:22:41.851157+00:00,s1-eth1,73573,18670337,795,15759,0,0,0,0
2026-01-21T12:22:41.851157+00:00,s1-eth2,32736800,71374,27012,756,0,0,0,0
2026-01-21T12:22:41.851157+00:00,s1-eth3,1961,5957,27,85,0,0,0,0
2026-01-21T12:22:41.851157+00:00,s1-eth4,2299,6221,31,89,0,0,0,0
2026-01-21T12:22:41.851157+00:00,s1-eth5,2155,6241,30,89,0,0,0,0
2026-01-21T12:22:41.851157+00:00,s2-eth1,18670337,73573,15759,795,0,0,0,0
2026-01-21T12:22:41.851157+00:00,s2-eth2,71247,18672663,764,15790,0,0,0,0
2026-01-21T12:22:41.851157+00:00,s2-eth3,866,4780,11,66,0,0,0,0
2026-01-21T12:22:41.851157+00:00,s2-eth4,866,4780,11,66,0,0,0,0
2026-01-21T12:22:41.851157+00:00,s2-eth5,866,4534,11,63,0,0,0,0
2026-01-21T12:22:42.058532+00:00,s1-eth1,73671,18670435,796,15760,0,0,0,0
2026-01-21T12:22:42.058532+00:00,s1-eth2,32736898,71472,27013,757,0,0,0,0
2026-01-21T12:22:42.058532+00:00,s1-eth3,1961,5957,27,85,0,0,0,0
2026-01-21T12:22:42.058532+00:00,s1-eth4,2299,6221,31,89,0,0,0,0
2026-01-21T12:22:42.058532+00:00,s1-eth5,2155,6241,30,89,0,0,0,0
2026-01-21T12:22:42.058532+00:00,s2-eth1,18670435,73671,15760,796,0,0,0,0
2026-01-21T12:22:42.058532+00:00,s2-eth2,71345,18672761,765,15791,0,0,0,0
2026-01-21T12:22:42.058532+00:00,s2-eth3,866,4780,11,66,0,0,0,0
2026-01-21T12:22:42.058532+00:00,s2-eth4,866,4780,11,66,0,0,0,0
2026-01-21T12:22:42.058532+00:00,s2-eth5,866,4534,11,63,0,0,0,0
2026-01-21T12:22:42.252455+00:00,s1-eth1,73769,18670533,797,15761,0,0,0,0
2026-01-21T12:22:42.252455+00:00,s1-eth2,32736996,71570,27014,758,0,0,0,0
2026-01-21T12:22:42.252455+00:00,s1-eth3,1961,5957,27,85,0,0,0,0
2026-01-21T12:22:42.252455+00:00,s1-eth4,2299,6221,31,89,0,0,0,0
2026-01-21T12:22:42.252455+00:00,s1-eth5,2155,6241,30,89,0,0,0,0
2026-01-21T12:22:42.252455+00:00,s2-eth1,18670533,73769,15761,797,0,0,0,0
2026-01-21T12:22:42.252455+00:00,s2-eth2,71443,18672859,766,15792,0,0,0,0
2026-01-21T12:22:42.252455+00:00,s2-eth3,866,4780,11,66,0,0,0,0
2026-01-21T12:22:42.252455+00:00,s2-eth4,866,4780,11,66,0,0,0,0
2026-01-21T12:22:42.252455+00:00,s2-eth5,866,4534,11,63,0,0,0,0
2026-01-21T12:22:42.452367+00:00,s1-eth1,73867,18670631,798,15762,0,0,0,0
2026-01-21T12:22:42.452367+00:00,s1-eth2,32737094,71668,27015,759,0,0,0,0
2026-01-21T12:22:42.452367+00:00,s1-eth3,1961,5957,27,85,0,0,0,0
2026-01-21T12:22:42.452367+00:00,s1-eth4,2299,6221,31,89,0,0,0,0
2026-01-21T12:22:42.452367+00:00,s1-eth5,2155,6241,30,89,0,0,0,0
2026-01-21T12:22:42.452367+00:00,s2-eth1,18670631,73867,15762,798,0,0,0,0
2026-01-21T12:22:42.452367+00:00,s2-eth2,71541,18672957,767,15793,0,0,0,0
2026-01-21T12:22:42.452367+00:00,s2-eth3,866,4780,11,66,0,0,0,0
2026-01-21T12:22:42.452367+00:00,s2-eth4,866,4780,11,66,0,0,0,0
2026-01-21T12:22:42.452367+00:00,s2-eth5,866,4534,11,63,0,0,0,0
2026-01-21T12:22:42.649921+00:00,s1-eth1,73965,18670729,799,15763,0,0,0,0
2026-01-21T12:22:42.649921+00:00,s1-eth2,32737192,71766,27016,760,0,0,0,0
2026-01-21T12:22:42.649921+00:00,s1-eth3,1961,5957,27,85,0,0,0,0
2026-01-21T12:22:42.649921+00:00,s1-eth4,2299,6221,31,89,0,0,0,0
2026-01-21T12:22:42.649921+00:00,s1-eth5,2155,6241,30,89,0,0,0,0
2026-01-21T12:22:42.649921+00:00,s2-eth1,18670729,73965,15763,799,0,0,0,0
2026-01-21T12:22:42.649921+00:00,s2-eth2,71639,18673055,768,15794,0,0,0,0
2026-01-21T12:22:42.649921+00:00,s2-eth3,866,4780,11,66,0,0,0,0
2026-01-21T12:22:42.649921+00:00,s2-eth4,866,4780,11,66,0,0,0,0
2026-01-21T12:22:42.649921+00:00,s2-eth5,866,4534,11,63,0,0,0,0
2026-01-21T12:22:42.850898+00:00,s1-eth1,74063,18670827,800,15764,0,0,0,0
2026-01-21T12:22:42.850898+00:00,s1-eth2,32737290,71864,27017,761,0,0,0,0
2026-01-21T12:22:42.850898+00:00,s1-eth3,1961,5957,27,85,0,0,0,0
2026-01-21T12:22:42.850898+00:00,s1-eth4,2299,6221,31,89,0,0,0,0
2026-01-21T12:22:42.850898+00:00,s1-eth5,2155,6241,30,89,0,0,0,0
2026-01-21T12:22:42.850898+00:00,s2-eth1,18670827,74063,15764,800,0,0,0,0
2026-01-21T12:22:42.850898+00:00,s2-eth2,71737,18673153,769,15795,0,0,0,0
2026-01-21T12:22:42.850898+00:00,s2-eth3,866,4780,11,66,0,0,0,0
2026-01-21T12:22:42.850898+00:00,s2-eth4,866,4780,11,66,0,0,0,0
2026-01-21T12:22:42.850898+00:00,s2-eth5,866,4534,11,63,0,0,0,0
2026-01-21T12:22:43.050028+00:00,s1-eth1,74161,18670925,801,15765,0,0,0,0
2026-01-21T12:22:43.050028+00:00,s1-eth2,32737388,71962,27018,762,0,0,0,0
2026-01-21T12:22:43.050028+00:00,s1-eth3,1961,5957,27,85,0,0,0,0
2026-01-21T12:22:43.050028+00:00,s1-eth4,2299,6221,31,89,0,0,0,0
2026-01-21T12:22:43.050028+00:00,s1-eth5,2155,6241,30,89,0,0,0,0
2026-01-21T12:22:43.050028+00:00,s2-eth1,18670925,74161,15765,801,0,0,0,0
2026-01-21T12:22:43.050028+00:00,s2-eth2,71835,18673251,770,15796,0,0,0,0
2026-01-21T12:22:43.050028+00:00,s2-eth3,866,4780,11,66,0,0,0,0
2026-01-21T12:22:43.050028+00:00,s2-eth4,866,4780,11,66,0,0,0,0
2026-01-21T12:22:43.050028+00:00,s2-eth5,866,4534,11,63,0,0,0,0
2026-01-21T12:22:43.252881+00:00,s1-eth1,74259,18671023,802,15766,0,0,0,0
2026-01-21T12:22:43.252881+00:00,s1-eth2,32737486,72060,27019,763,0,0,0,0
2026-01-21T12:22:43.252881+00:00,s1-eth3,1961,5957,27,85,0,0,0,0
2026-01-21T12:22:43.252881+00:00,s1-eth4,2299,6221,31,89,0,0,0,0
2026-01-21T12:22:43.252881+00:00,s1-eth5,2155,6241,30,89,0,0,0,0
2026-01-21T12:22:43.252881+00:00,s2-eth1,18671023,74259,15766,802,0,0,0,0
2026-01-21T12:22:43.252881+00:00,s2-eth2,71933,18673349,771,15797,0,0,0,0
2026-01-21T12:22:43.252881+00:00,s2-eth3,866,4780,11,66,0,0,0,0
2026-01-21T12:22:43.252881+00:00,s2-eth4,866,4780,11,66,0,0,0,0
2026-01-21T12:22:43.252881+00:00,s2-eth5,866,4534,11,63,0,0,0,0
2026-01-21T12:22:43.457500+00:00,s1-eth1,74357,18671121,803,15767,0,0,0,0
2026-01-21T12:22:43.457500+00:00,s1-eth2,32737584,72158,27020,764,0,0,0,0
2026-01-21T12:22:43.457500+00:00,s1-eth3,1961,5957,27,85,0,0,0,0
2026-01-21T12:22:43.457500+00:00,s1-eth4,2299,6221,31,89,0,0,0,0
2026-01-21T12:22:43.457500+00:00,s1-eth5,2155,6241,30,89,0,0,0,0
2026-01-21T12:22:43.457500+00:00,s2-eth1,18671121,74357,15767,803,0,0,0,0
2026-01-21T12:22:43.457500+00:00,s2-eth2,72031,18673447,772,15798,0,0,0,0
2026-01-21T12:22:43.457500+00:00,s2-eth3,866,4780,11,66,0,0,0,0
2026-01-21T12:22:43.457500+00:00,s2-eth4,866,4780,11,66,0,0,0,0
2026-01-21T12:22:43.457500+00:00,s2-eth5,866,4534,11,63,0,0,0,0
2026-01-21T12:22:43.650050+00:00,s1-eth1,74455,18671219,804,15768,0,0,0,0
2026-01-21T12:22:43.650050+00:00,s1-eth2,32737682,72256,27021,765,0,0,0,0
2026-01-21T12:22:43.650050+00:00,s1-eth3,1961,5957,27,85,0,0,0,0
2026-01-21T12:22:43.650050+00:00,s1-eth4,2299,6221,31,89,0,0,0,0
2026-01-21T12:22:43.650050+00:00,s1-eth5,2155,6241,30,89,0,0,0,0
2026-01-21T12:22:43.650050+00:00,s2-eth1,18671219,74455,15768,804,0,0,0,0
2026-01-21T12:22:43.650050+00:00,s2-eth2,72129,18673545,773,15799,0,0,0,0
2026-01-21T12:22:43.650050+00:00,s2-eth3,866,4780,11,66,0,0,0,0
2026-01-21T12:22:43.650050+00:00,s2-eth4,866,4780,11,66,0,0,0,0
2026-01-21T12:22:43.650050+00:00,s2-eth5,866,4534,11,63,0,0,0,0
2026-01-21T12:22:43.851338+00:00,s1-eth1,74553,18671317,805,15769,0,0,0,0
2026-01-21T12:22:43.851338+00:00,s1-eth2,32737780,72354,27022,766,0,0,0,0
2026-01-21T12:22:43.851338+00:00,s1-eth3,1961,5957,27,85,0,0,0,0
2026-01-21T12:22:43.851338+00:00,s1-eth4,2299,6221,31,89,0,0,0,0
2026-01-21T12:22:43.851338+00:00,s1-eth5,2155,6241,30,89,0,0,0,0
2026-01-21T12:22:43.851338+00:00,s2-eth1,18671317,74553,15769,805,0,0,0,0
2026-01-21T12:22:43.851338+00:00,s2-eth2,72227,18673643,774,15800,0,0,0,0
2026-01-21T12:22:43.851338+00:00,s2-eth3,866,4780,11,66,0,0,0,0
2026-01-21T12:22:43.851338+00:00,s2-eth4,866,4780,11,66,0,0,0,0
2026-01-21T12:22:43.851338+00:00,s2-eth5,866,4534,11,63,0,0,0,0
2026-01-21T12:22:44.050810+00:00,s1-eth1,74651,18671415,806,15770,0,0,0,0
2026-01-21T12:22:44.050810+00:00,s1-eth2,32737878,72452,27023,767,0,0,0,0
2026-01-21T12:22:44.050810+00:00,s1-eth3,1961,5957,27,85,0,0,0,0
2026-01-21T12:22:44.050810+00:00,s1-eth4,2299,6221,31,89,0,0,0,0
2026-01-21T12:22:44.050810+00:00,s1-eth5,2155,6241,30,89,0,0,0,0
2026-01-21T12:22:44.050810+00:00,s2-eth1,18671415,74651,15770,806,0,0,0,0
2026-01-21T12:22:44.050810+00:00,s2-eth2,72325,18673741,775,15801,0,0,0,0
2026-01-21T12:22:44.050810+00:00,s2-eth3,866,4780,11,66,0,0,0,0
2026-01-21T12:22:44.050810+00:00,s2-eth4,866,4780,11,66,0,0,0,0
2026-01-21T12:22:44.050810+00:00,s2-eth5,866,4534,11,63,0,0,0,0
2026-01-21T12:22:44.250627+00:00,s1-eth1,74749,18671513,807,15771,0,0,0,0
2026-01-21T12:22:44.250627+00:00,s1-eth2,32737976,72550,27024,768,0,0,0,0
2026-01-21T12:22:44.250627+00:00,s1-eth3,1961,5957,27,85,0,0,0,0
2026-01-21T12:22:44.250627+00:00,s1-eth4,2299,6221,31,89,0,0,0,0
2026-01-21T12:22:44.250627+00:00,s1-eth5,2155,6241,30,89,0,0,0,0
2026-01-21T12:22:44.250627+00:00,s2-eth1,18671513,74749,15771,807,0,0,0,0
2026-01-21T12:22:44.250627+00:00,s2-eth2,72423,18673839,776,15802,0,0,0,0
2026-01-21T12:22:44.250627+00:00,s2-eth3,866,4780,11,66,0,0,0,0
2026-01-21T12:22:44.250627+00:00,s2-eth4,866,4780,11,66,0,0,0,0
2026-01-21T12:22:44.250627+00:00,s2-eth5,866,4534,11,63,0,0,0,0
2026-01-21T12:22:44.450191+00:00,s1-eth1,74847,18671611,808,15772,0,0,0,0
2026-01-21T12:22:44.450191+00:00,s1-eth2,32738074,72648,27025,769,0,0,0,0
2026-01-21T12:22:44.450191+00:00,s1-eth3,1961,5957,27,85,0,0,0,0
2026-01-21T12:22:44.450191+00:00,s1-eth4,2299,6221,31,89,0,0,0,0
2026-01-21T12:22:44.450191+00:00,s1-eth5,2155,6241,30,89,0,0,0,0
2026-01-21T12:22:44.450191+00:00,s2-eth1,18671611,74847,15772,808,0,0,0,0
2026-01-21T12:22:44.450191+00:00,s2-eth2,72521,18673937,777,15803,0,0,0,0
2026-01-21T12:22:44.450191+00:00,s2-eth3,866,4780,11,66,0,0,0,0
2026-01-21T12:22:44.450191+00:00,s2-eth4,866,4780,11,66,0,0,0,0
2026-01-21T12:22:44.450191+00:00,s2-eth5,866,4534,11,63,0,0,0,0
2026-01-21T12:22:44.650003+00:00,s1-eth1,74945,18671709,809,15773,0,0,0,0
2026-01-21T12:22:44.650003+00:00,s1-eth2,32738172,72746,27026,770,0,0,0,0
2026-01-21T12:22:44.650003+00:00,s1-eth3,1961,5957,27,85,0,0,0,0
2026-01-21T12:22:44.650003+00:00,s1-eth4,2299,6221,31,89,0,0,0,0
2026-01-21T12:22:44.650003+00:00,s1-eth5,2155,6241,30,89,0,0,0,0
2026-01-21T12:22:44.650003+00:00,s2-eth1,18671709,74945,15773,809,0,0,0,0
2026-01-21T12:22:44.650003+00:00,s2-eth2,72619,18674035,778,15804,0,0,0,0
2026-01-21T12:22:44.650003+00:00,s2-eth3,866,4780,11,66,0,0,0,0
2026-01-21T12:22:44.650003+00:00,s2-eth4,866,4780,11,66,0,0,0,0
2026-01-21T12:22:44.650003+00:00,s2-eth5,866,4534,11,63,0,0,0,0
2026-01-21T12:22:44.883922+00:00,s1-eth1,75043,18671807,810,15774,0,0,0,0
2026-01-21T12:22:44.883922+00:00,s1-eth2,32738270,72844,27027,771,0,0,0,0
2026-01-21T12:22:44.883922+00:00,s1-eth3,1961,5957,27,85,0,0,0,0
2026-01-21T12:22:44.883922+00:00,s1-eth4,2299,6221,31,89,0,0,0,0
2026-01-21T12:22:44.883922+00:00,s1-eth5,2155,6241,30,89,0,0,0,0
2026-01-21T12:22:44.883922+00:00,s2-eth1,18671807,75043,15774,810,0,0,0,0
2026-01-21T12:22:44.883922+00:00,s2-eth2,72717,18674133,779,15805,0,0,0,0
2026-01-21T12:22:44.883922+00:00,s2-eth3,866,4780,11,66,0,0,0,0
2026-01-21T12:22:44.883922+00:00,s2-eth4,866,4780,11,66,0,0,0,0
2026-01-21T12:22:44.883922+00:00,s2-eth5,866,4534,11,63,0,0,0,0
2026-01-21T12:22:45.096281+00:00,s1-eth1,75141,18671905,811,15775,0,0,0,0
2026-01-21T12:22:45.096281+00:00,s1-eth2,32738368,72942,27028,772,0,0,0,0
2026-01-21T12:22:45.096281+00:00,s1-eth3,1961,5957,27,85,0,0,0,0
2026-01-21T12:22:45.096281+00:00,s1-eth4,2299,6221,31,89,0,0,0,0
2026-01-21T12:22:45.096281+00:00,s1-eth5,2155,6241,30,89,0,0,0,0
2026-01-21T12:22:45.096281+00:00,s2-eth1,18671905,75141,15775,811,0,0,0,0
2026-01-21T12:22:45.096281+00:00,s2-eth2,72815,18674231,780,15806,0,0,0,0
2026-01-21T12:22:45.096281+00:00,s2-eth3,866,4780,11,66,0,0,0,0
2026-01-21T12:22:45.096281+00:00,s2-eth4,866,4780,11,66,0,0,0,0
2026-01-21T12:22:45.096281+00:00,s2-eth5,866,4604,11,64,0,0,0,0
2026-01-21T12:22:45.261999+00:00,s1-eth1,75239,18672003,812,15776,0,0,0,0
2026-01-21T12:22:45.261999+00:00,s1-eth2,32738466,73040,27029,773,0,0,0,0
2026-01-21T12:22:45.261999+00:00,s1-eth3,1961,5957,27,85,0,0,0,0
2026-01-21T12:22:45.261999+00:00,s1-eth4,2299,6221,31,89,0,0,0,0
2026-01-21T12:22:45.261999+00:00,s1-eth5,2155,6241,30,89,0,0,0,0
2026-01-21T12:22:45.261999+00:00,s2-eth1,18672003,75239,15776,812,0,0,0,0
2026-01-21T12:22:45.261999+00:00,s2-eth2,72913,18674329,781,15807,0,0,0,0
2026-01-21T12:22:45.261999+00:00,s2-eth3,866,4780,11,66,0,0,0,0
2026-01-21T12:22:45.261999+00:00,s2-eth4,866,4780,11,66,0,0,0,0
2026-01-21T12:22:45.261999+00:00,s2-eth5,866,4604,11,64,0,0,0,0
2026-01-21T12:22:45.451025+00:00,s1-eth1,75337,18672101,813,15777,0,0,0,0
2026-01-21T12:22:45.451025+00:00,s1-eth2,32738564,73138,27030,774,0,0,0,0
2026-01-21T12:22:45.451025+00:00,s1-eth3,1961,5957,27,85,0,0,0,0
2026-01-21T12:22:45.451025+00:00,s1-eth4,2299,6221,31,89,0,0,0,0
2026-01-21T12:22:45.451025+00:00,s1-eth5,2155,6241,30,89,0,0,0,0
2026-01-21T12:22:45.451025+00:00,s2-eth1,18672101,75337,15777,813,0,0,0,0
2026-01-21T12:22:45.451025+00:00,s2-eth2,73011,18674427,782,15808,0,0,0,0
2026-01-21T12:22:45.451025+00:00,s2-eth3,866,4780,11,66,0,0,0,0
2026-01-21T12:22:45.451025+00:00,s2-eth4,866,4780,11,66,0,0,0,0
2026-01-21T12:22:45.451025+00:00,s2-eth5,866,4604,11,64,0,0,0,0
2026-01-21T12:22:45.655291+00:00,s1-eth1,75435,18672199,814,15778,0,0,0,0
2026-01-21T12:22:45.655291+00:00,s1-eth2,32738662,73236,27031,775,0,0,0,0
2026-01-21T12:22:45.655291+00:00,s1-eth3,1961,5957,27,85,0,0,0,0
2026-01-21T12:22:45.655291+00:00,s1-eth4,2299,6221,31,89,0,0,0,0
2026-01-21T12:22:45.655291+00:00,s1-eth5,2155,6241,30,89,0,0,0,0
2026-01-21T12:22:45.655291+00:00,s2-eth1,18672199,75435,15778,814,0,0,0,0
2026-01-21T12:22:45.655291+00:00,s2-eth2,73109,18674525,783,15809,0,0,0,0
2026-01-21T12:22:45.655291+00:00,s2-eth3,866,4780,11,66,0,0,0,0
2026-01-21T12:22:45.655291+00:00,s2-eth4,866,4780,11,66,0,0,0,0
2026-01-21T12:22:45.655291+00:00,s2-eth5,866,4604,11,64,0,0,0,0
2026-01-21T12:22:45.884705+00:00,s1-eth1,75533,18672297,815,15779,0,0,0,0
2026-01-21T12:22:45.884705+00:00,s1-eth2,32738760,73334,27032,776,0,0,0,0
2026-01-21T12:22:45.884705+00:00,s1-eth3,1961,5957,27,85,0,0,0,0
2026-01-21T12:22:45.884705+00:00,s1-eth4,2299,6221,31,89,0,0,0,0
2026-01-21T12:22:45.884705+00:00,s1-eth5,2155,6241,30,89,0,0,0,0
2026-01-21T12:22:45.884705+00:00,s2-eth1,18672297,75533,15779,815,0,0,0,0
2026-01-21T12:22:45.884705+00:00,s2-eth2,73207,18674623,784,15810,0,0,0,0
2026-01-21T12:22:45.884705+00:00,s2-eth3,866,4780,11,66,0,0,0,0
2026-01-21T12:22:45.884705+00:00,s2-eth4,866,4780,11,66,0,0,0,0
2026-01-21T12:22:45.884705+00:00,s2-eth5,866,4604,11,64,0,0,0,0
2026-01-21T12:22:46.049930+00:00,s1-eth1,75631,18672395,816,15780,0,0,0,0
2026-01-21T12:22:46.049930+00:00,s1-eth2,32738858,73432,27033,777,0,0,0,0
2026-01-21T12:22:46.049930+00:00,s1-eth3,1961,5957,27,85,0,0,0,0
2026-01-21T12:22:46.049930+00:00,s1-eth4,2299,6221,31,89,0,0,0,0
2026-01-21T12:22:46.049930+00:00,s1-eth5,2155,6241,30,89,0,0,0,0
2026-01-21T12:22:46.049930+00:00,s2-eth1,18672395,75631,15780,816,0,0,0,0
2026-01-21T12:22:46.049930+00:00,s2-eth2,73305,18674721,785,15811,0,0,0,0
2026-01-21T12:22:46.049930+00:00,s2-eth3,866,4780,11,66,0,0,0,0
2026-01-21T12:22:46.049930+00:00,s2-eth4,866,4780,11,66,0,0,0,0
2026-01-21T12:22:46.049930+00:00,s2-eth5,866,4604,11,64,0,0,0,0
2026-01-21T12:22:46.288743+00:00,s1-eth1,75729,18672493,817,15781,0,0,0,0
2026-01-21T12:22:46.288743+00:00,s1-eth2,32738956,73530,27034,778,0,0,0,0
2026-01-21T12:22:46.288743+00:00,s1-eth3,1961,5957,27,85,0,0,0,0
2026-01-21T12:22:46.288743+00:00,s1-eth4,2299,6221,31,89,0,0,0,0
2026-01-21T12:22:46.288743+00:00,s1-eth5,2155,6241,30,89,0,0,0,0
2026-01-21T12:22:46.288743+00:00,s2-eth1,18672493,75729,15781,817,0,0,0,0
2026-01-21T12:22:46.288743+00:00,s2-eth2,73403,18674819,786,15812,0,0,0,0
2026-01-21T12:22:46.288743+00:00,s2-eth3,866,4780,11,66,0,0,0,0
2026-01-21T12:22:46.288743+00:00,s2-eth4,866,4780,11,66,0,0,0,0
2026-01-21T12:22:46.288743+00:00,s2-eth5,866,4604,11,64,0,0,0,0
2026-01-21T12:22:46.479124+00:00,s1-eth1,75827,18672591,818,15782,0,0,0,0
2026-01-21T12:22:46.479124+00:00,s1-eth2,32739054,73628,27035,779,0,0,0,0
2026-01-21T12:22:46.479124+00:00,s1-eth3,1961,5957,27,85,0,0,0,0
2026-01-21T12:22:46.479124+00:00,s1-eth4,2299,6221,31,89,0,0,0,0
2026-01-21T12:22:46.479124+00:00,s1-eth5,2155,6241,30,89,0,0,0,0
2026-01-21T12:22:46.479124+00:00,s2-eth1,18672591,75827,15782,818,0,0,0,0
2026-01-21T12:22:46.479124+00:00,s2-eth2,73501,18674917,787,15813,0,0,0,0
2026-01-21T12:22:46.479124+00:00,s2-eth3,866,4780,11,66,0,0,0,0
2026-01-21T12:22:46.479124+00:00,s2-eth4,866,4780,11,66,0,0,0,0
2026-01-21T12:22:46.479124+00:00,s2-eth5,866,4604,11,64,0,0,0,0
2026-01-21T12:22:46.650285+00:00,s1-eth1,75925,18672689,819,15783,0,0,0,0
2026-01-21T12:22:46.650285+00:00,s1-eth2,32739152,73726,27036,780,0,0,0,0
2026-01-21T12:22:46.650285+00:00,s1-eth3,1961,5957,27,85,0,0,0,0
2026-01-21T12:22:46.650285+00:00,s1-eth4,2299,6221,31,89,0,0,0,0
2026-01-21T12:22:46.650285+00:00,s1-eth5,2155,6241,30,89,0,0,0,0
2026-01-21T12:22:46.650285+00:00,s2-eth1,18672689,75925,15783,819,0,0,0,0
2026-01-21T12:22:46.650285+00:00,s2-eth2,73599,18675015,788,15814,0,0,0,0
2026-01-21T12:22:46.650285+00:00,s2-eth3,866,4780,11,66,0,0,0,0
2026-01-21T12:22:46.650285+00:00,s2-eth4,866,4780,11,66,0,0,0,0
2026-01-21T12:22:46.650285+00:00,s2-eth5,866,4604,11,64,0,0,0,0
2026-01-21T12:22:46.850678+00:00,s1-eth1,76023,18672787,820,15784,0,0,0,0
2026-01-21T12:22:46.850678+00:00,s1-eth2,32739250,73824,27037,781,0,0,0,0
2026-01-21T12:22:46.850678+00:00,s1-eth3,1961,5957,27,85,0,0,0,0
2026-01-21T12:22:46.850678+00:00,s1-eth4,2299,6221,31,89,0,0,0,0
2026-01-21T12:22:46.850678+00:00,s1-eth5,2155,6241,30,89,0,0,0,0
2026-01-21T12:22:46.850678+00:00,s2-eth1,18672787,76023,15784,820,0,0,0,0
2026-01-21T12:22:46.850678+00:00,s2-eth2,73697,18675113,789,15815,0,0,0,0
2026-01-21T12:22:46.850678+00:00,s2-eth3,866,4780,11,66,0,0,0,0
2026-01-21T12:22:46.850678+00:00,s2-eth4,866,4780,11,66,0,0,0,0
2026-01-21T12:22:46.850678+00:00,s2-eth5,866,4604,11,64,0,0,0,0
2026-01-21T12:22:47.049842+00:00,s1-eth1,76121,18672885,821,15785,0,0,0,0
2026-01-21T12:22:47.049842+00:00,s1-eth2,32739348,73922,27038,782,0,0,0,0
2026-01-21T12:22:47.049842+00:00,s1-eth3,1961,5957,27,85,0,0,0,0
2026-01-21T12:22:47.049842+00:00,s1-eth4,2299,6221,31,89,0,0,0,0
2026-01-21T12:22:47.049842+00:00,s1-eth5,2155,6241,30,89,0,0,0,0
2026-01-21T12:22:47.049842+00:00,s2-eth1,18672885,76121,15785,821,0,0,0,0
2026-01-21T12:22:47.049842+00:00,s2-eth2,73795,18675211,790,15816,0,0,0,0
2026-01-21T12:22:47.049842+00:00,s2-eth3,866,4780,11,66,0,0,0,0
2026-01-21T12:22:47.049842+00:00,s2-eth4,866,4780,11,66,0,0,0,0
2026-01-21T12:22:47.049842+00:00,s2-eth5,866,4604,11,64,0,0,0,0
2026-01-21T12:22:48.025343+00:00,s1-eth1,76741,18673905,830,15797,0,0,0,0
2026-01-21T12:22:48.025343+00:00,s1-eth2,32739977,74195,27045,786,0,0,133,2
2026-01-21T12:22:48.025343+00:00,s1-eth3,2204,6097,30,87,0,0,0,0
2026-01-21T12:22:48.025343+00:00,s1-eth4,2542,6295,34,90,0,0,0,0
2026-01-21T12:22:48.025343+00:00,s1-eth5,2229,6241,31,89,0,0,74,1
2026-01-21T12:22:48.025343+00:00,s2-eth1,18674074,76815,15799,831,0,0,0,0
2026-01-21T12:22:48.025343+00:00,s2-eth2,74489,18676231,800,15828,0,0,169,2
2026-01-21T12:22:48.025343+00:00,s2-eth3,866,4780,11,66,0,0,0,0
2026-01-21T12:22:48.025343+00:00,s2-eth4,866,4780,11,66,0,0,0,0
2026-01-21T12:22:48.025343+00:00,s2-eth5,866,4604,11,64,0,0,0,0
2026-01-21T12:22:48.042848+00:00,s1-eth1,76815,18674074,831,15799,0,0,0,0
2026-01-21T12:22:48.042848+00:00,s1-eth2,32739977,74195,27045,786,0,0,133,2
2026-01-21T12:22:48.042848+00:00,s1-eth3,2204,6097,30,87,0,0,0,0
2026-01-21T12:22:48.042848+00:00,s1-eth4,2542,6295,34,90,0,0,0,0
2026-01-21T12:22:48.042848+00:00,s1-eth5,2229,6241,31,89,0,0,74,1
2026-01-21T12:22:48.042848+00:00,s2-eth1,18674074,76815,15799,831,0,0,0,0
2026-01-21T12:22:48.042848+00:00,s2-eth2,74489,18676231,800,15828,0,0,169,2
2026-01-21T12:22:48.042848+00:00,s2-eth3,866,4780,11,66,0,0,0,0
2026-01-21T12:22:48.042848+00:00,s2-eth4,866,4780,11,66,0,0,0,0
2026-01-21T12:22:48.042848+00:00,s2-eth5,866,4604,11,64,0,0,0,0
2026-01-21T12:22:48.058884+00:00,s1-eth1,76815,18674074,831,15799,0,0,0,0
2026-01-21T12:22:48.058884+00:00,s1-eth2,32739977,74195,27045,786,0,0,133,2
2026-01-21T12:22:48.058884+00:00,s1-eth3,2204,6097,30,87,0,0,0,0
2026-01-21T12:22:48.058884+00:00,s1-eth4,2542,6295,34,90,0,0,0,0
2026-01-21T12:22:48.058884+00:00,s1-eth5,2229,6241,31,89,0,0,74,1
2026-01-21T12:22:48.058884+00:00,s2-eth1,18674074,76815,15799,831,0,0,0,0
2026-01-21T12:22:48.058884+00:00,s2-eth2,74489,18676231,800,15828,0,0,169,2
2026-01-21T12:22:48.058884+00:00,s2-eth3,866,4780,11,66,0,0,0,0
2026-01-21T12:22:48.058884+00:00,s2-eth4,866,4780,11,66,0,0,0,0
2026-01-21T12:22:48.058884+00:00,s2-eth5,866,4604,11,64,0,0,0,0
2026-01-21T12:22:48.075609+00:00,s1-eth1,76815,18674074,831,15799,0,0,0,0
2026-01-21T12:22:48.075609+00:00,s1-eth2,32739977,74195,27045,786,0,0,133,2
2026-01-21T12:22:48.075609+00:00,s1-eth3,2204,6097,30,87,0,0,0,0
2026-01-21T12:22:48.075609+00:00,s1-eth4,2542,6295,34,90,0,0,0,0
2026-01-21T12:22:48.075609+00:00,s1-eth5,2229,6241,31,89,0,0,74,1
2026-01-21T12:22:48.075609+00:00,s2-eth1,18674074,76815,15799,831,0,0,0,0
2026-01-21T12:22:48.075609+00:00,s2-eth2,74489,18676231,800,15828,0,0,169,2
2026-01-21T12:22:48.075609+00:00,s2-eth3,866,4780,11,66,0,0,0,0
2026-01-21T12:22:48.075609+00:00,s2-eth4,866,4780,11,66,0,0,0,0
2026-01-21T12:22:48.075609+00:00,s2-eth5,866,4604,11,64,0,0,0,0
2026-01-21T12:22:48.091349+00:00,s1-eth1,76815,18674074,831,15799,0,0,0,0
2026-01-21T12:22:48.091349+00:00,s1-eth2,32739977,74195,27045,786,0,0,133,2
2026-01-21T12:22:48.091349+00:00,s1-eth3,2204,6097,30,87,0,0,0,0
2026-01-21T12:22:48.091349+00:00,s1-eth4,2542,6295,34,90,0,0,0,0
2026-01-21T12:22:48.091349+00:00,s1-eth5,2229,6241,31,89,0,0,74,1
2026-01-21T12:22:48.091349+00:00,s2-eth1,18674074,76815,15799,831,0,0,0,0
2026-01-21T12:22:48.091349+00:00,s2-eth2,74489,18676231,800,15828,0,0,169,2
2026-01-21T12:22:48.091349+00:00,s2-eth3,866,4780,11,66,0,0,0,0
2026-01-21T12:22:48.091349+00:00,s2-eth4,866,4780,11,66,0,0,0,0
2026-01-21T12:22:48.091349+00:00,s2-eth5,866,4604,11,64,0,0,0,0
2026-01-21T12:22:49.021487+00:00,s1-eth1,76815,18674356,831,15801,0,0,0,0
2026-01-21T12:22:49.021487+00:00,s1-eth2,32740423,74328,27049,788,0,0,67,1
2026-01-21T12:22:49.021487+00:00,s1-eth3,2204,6097,30,87,0,0,0,0
2026-01-21T12:22:49.021487+00:00,s1-eth4,2542,6295,34,90,0,0,66,1
2026-01-21T12:22:49.021487+00:00,s1-eth5,2398,6315,33,90,0,0,74,1
2026-01-21T12:22:49.021487+00:00,s2-eth1,18674689,77022,15805,834,0,0,0,0
2026-01-21T12:22:49.021487+00:00,s2-eth2,74696,18676682,803,15832,0,0,333,4
2026-01-21T12:22:49.021487+00:00,s2-eth3,866,4780,11,66,0,0,0,0
2026-01-21T12:22:49.021487+00:00,s2-eth4,866,4780,11,66,0,0,0,0
2026-01-21T12:22:49.021487+00:00,s2-eth5,866,4604,11,64,0,0,0,0
2026-01-21T12:22:49.039284+00:00,s1-eth1,77022,18674689,834,15805,0,0,0,0
2026-01-21T12:22:49.039284+00:00,s1-eth2,32740423,74328,27049,788,0,0,67,1
2026-01-21T12:22:49.039284+00:00,s1-eth3,2204,6097,30,87,0,0,0,0
2026-01-21T12:22:49.039284+00:00,s1-eth4,2542,6295,34,90,0,0,66,1
2026-01-21T12:22:49.039284+00:00,s1-eth5,2398,6315,33,90,0,0,74,1
2026-01-21T12:22:49.039284+00:00,s2-eth1,18674689,77022,15805,834,0,0,0,0
2026-01-21T12:22:49.039284+00:00,s2-eth2,74696,18676682,803,15832,0,0,333,4
2026-01-21T12:22:49.039284+00:00,s2-eth3,866,4780,11,66,0,0,0,0
2026-01-21T12:22:49.039284+00:00,s2-eth4,866,4780,11,66,0,0,0,0
2026-01-21T12:22:49.039284+00:00,s2-eth5,866,4604,11,64,0,0,0,0
2026-01-21T12:22:49.055931+00:00,s1-eth1,77022,18674689,834,15805,0,0,0,0
2026-01-21T12:22:49.055931+00:00,s1-eth2,32740423,74328,27049,788,0,0,67,1
2026-01-21T12:22:49.055931+00:00,s1-eth3,2204,6097,30,87,0,0,0,0
2026-01-21T12:22:49.055931+00:00,s1-eth4,2542,6295,34,90,0,0,66,1
2026-01-21T12:22:49.055931+00:00,s1-eth5,2398,6315,33,90,0,0,74,1
2026-01-21T12:22:49.055931+00:00,s2-eth1,18674689,77022,15805,834,0,0,0,0
2026-01-21T12:22:49.055931+00:00,s2-eth2,74696,18676682,803,15832,0,0,333,4
2026-01-21T12:22:49.055931+00:00,s2-eth3,866,4780,11,66,0,0,0,0
2026-01-21T12:22:49.055931+00:00,s2-eth4,866,4780,11,66,0,0,0,0
2026-01-21T12:22:49.055931+00:00,s2-eth5,866,4604,11,64,0,0,0,0
2026-01-21T12:22:49.073901+00:00,s1-eth1,77022,18674689,834,15805,0,0,0,0
2026-01-21T12:22:49.073901+00:00,s1-eth2,32740423,74328,27049,788,0,0,67,1
2026-01-21T12:22:49.073901+00:00,s1-eth3,2204,6097,30,87,0,0,0,0
2026-01-21T12:22:49.073901+00:00,s1-eth4,2542,6295,34,90,0,0,66,1
2026-01-21T12:22:49.073901+00:00,s1-eth5,2398,6315,33,90,0,0,74,1
2026-01-21T12:22:49.073901+00:00,s2-eth1,18674689,77022,15805,834,0,0,0,0
2026-01-21T12:22:49.073901+00:00,s2-eth2,74696,18676682,803,15832,0,0,333,4
2026-01-21T12:22:49.073901+00:00,s2-eth3,866,4780,11,66,0,0,0,0
2026-01-21T12:22:49.073901+00:00,s2-eth4,866,4780,11,66,0,0,0,0
2026-01-21T12:22:49.073901+00:00,s2-eth5,866,4604,11,64,0,0,0,0
2026-01-21T12:22:49.092390+00:00,s1-eth1,77022,18674689,834,15805,0,0,0,0
2026-01-21T12:22:49.092390+00:00,s1-eth2,32740423,74328,27049,788,0,0,67,1
2026-01-21T12:22:49.092390+00:00,s1-eth3,2204,6097,30,87,0,0,0,0
2026-01-21T12:22:49.092390+00:00,s1-eth4,2542,6295,34,90,0,0,66,1
2026-01-21T12:22:49.092390+00:00,s1-eth5,2398,6315,33,90,0,0,74,1
2026-01-21T12:22:49.092390+00:00,s2-eth1,18674689,77022,15805,834,0,0,0,0
2026-01-21T12:22:49.092390+00:00,s2-eth2,74696,18676682,803,15832,0,0,333,4
2026-01-21T12:22:49.092390+00:00,s2-eth3,866,4780,11,66,0,0,0,0
2026-01-21T12:22:49.092390+00:00,s2-eth4,866,4780,11,66,0,0,0,0
2026-01-21T12:22:49.092390+00:00,s2-eth5,866,4604,11,64,0,0,0,0
2026-01-21T12:22:50.026271+00:00,s1-eth1,77507,18675080,840,15810,0,0,0,0
2026-01-21T12:22:50.026271+00:00,s1-eth2,32740723,74803,27053,794,0,0,98,1
2026-01-21T12:22:50.026271+00:00,s1-eth3,2270,6230,31,89,0,0,54,1
2026-01-21T12:22:50.026271+00:00,s1-eth4,2711,6626,36,95,0,0,0,0
2026-01-21T12:22:50.026271+00:00,s1-eth5,2530,6642,35,95,0,0,0,0
2026-01-21T12:22:50.026271+00:00,s2-eth1,18677972,78346,15818,853,0,0,0,0
2026-01-21T12:22:50.026271+00:00,s2-eth2,76020,18681540,822,15850,0,0,0,0
2026-01-21T12:22:50.026271+00:00,s2-eth3,866,4780,11,66,0,0,0,0
2026-01-21T12:22:50.026271+00:00,s2-eth4,866,4780,11,66,0,0,0,0
2026-01-21T12:22:50.026271+00:00,s2-eth5,866,4604,11,64,0,0,0,0
2026-01-21T12:22:50.046250+00:00,s1-eth1,78346,18681698,853,15821,0,0,1242,1
2026-01-21T12:22:50.046250+00:00,s1-eth2,32749549,75014,27062,797,0,0,0,0
2026-01-21T12:22:50.046250+00:00,s1-eth3,2270,6284,31,90,0,0,0,0
2026-01-21T12:22:50.046250+00:00,s1-eth4,2711,6626,36,95,0,0,0,0
2026-01-21T12:22:50.046250+00:00,s1-eth5,2530,6642,35,95,0,0,0,0
2026-01-21T12:22:50.046250+00:00,s2-eth1,18684182,78346,15823,853,0,0,0,0
2026-01-21T12:22:50.046250+00:00,s2-eth2,76020,18686508,822,15854,0,0,0,0
2026-01-21T12:22:50.046250+00:00,s2-eth3,866,4780,11,66,0,0,0,0
2026-01-21T12:22:50.046250+00:00,s2-eth4,866,4780,11,66,0,0,0,0
2026-01-21T12:22:50.046250+00:00,s2-eth5,866,4604,11,64,0,0,0,0
2026-01-21T12:22:50.067566+00:00,s1-eth1,78346,18686666,853,15825,0,0,4968,4
2026-01-21T12:22:50.067566+00:00,s1-eth2,32758243,75014,27069,797,0,0,0,0
2026-01-21T12:22:50.067566+00:00,s1-eth3,2270,6284,31,90,0,0,0,0
2026-01-21T12:22:50.067566+00:00,s1-eth4,2711,6626,36,95,0,0,0,0
2026-01-21T12:22:50.067566+00:00,s1-eth5,2530,6642,35,95,0,0,0,0
2026-01-21T12:22:50.067566+00:00,s2-eth1,18689150,78346,15827,853,0,0,0,0
2026-01-21T12:22:50.067566+00:00,s2-eth2,76020,18691476,822,15858,0,0,0,0
2026-01-21T12:22:50.067566+00:00,s2-eth3,866,4780,11,66,0,0,0,0
2026-01-21T12:22:50.067566+00:00,s2-eth4,866,4780,11,66,0,0,0,0
2026-01-21T12:22:50.067566+00:00,s2-eth5,866,4604,11,64,0,0,0,0
2026-01-21T12:22:50.087122+00:00,s1-eth1,78346,18691634,853,15829,0,0,8694,7
2026-01-21T12:22:50.087122+00:00,s1-eth2,32766937,75014,27076,797,0,0,0,0
2026-01-21T12:22:50.087122+00:00,s1-eth3,2270,6284,31,90,0,0,0,0
2026-01-21T12:22:50.087122+00:00,s1-eth4,2711,6626,36,95,0,0,0,0
2026-01-21T12:22:50.087122+00:00,s1-eth5,2530,6642,35,95,0,0,0,0
2026-01-21T12:22:50.087122+00:00,s2-eth1,18694118,78346,15831,853,0,0,0,0
2026-01-21T12:22:50.087122+00:00,s2-eth2,76020,18696444,822,15862,0,0,0,0
2026-01-21T12:22:50.087122+00:00,s2-eth3,866,4780,11,66,0,0,0,0
2026-01-21T12:22:50.087122+00:00,s2-eth4,866,4780,11,66,0,0,0,0
2026-01-21T12:22:50.087122+00:00,s2-eth5,866,4604,11,64,0,0,0,0
2026-01-21T12:22:50.106628+00:00,s1-eth1,78346,18696602,853,15833,0,0,13662,11
2026-01-21T12:22:50.106628+00:00,s1-eth2,32776873,75014,27084,797,0,0,0,0
2026-01-21T12:22:50.106628+00:00,s1-eth3,2270,6284,31,90,0,0,0,0
2026-01-21T12:22:50.106628+00:00,s1-eth4,2711,6626,36,95,0,0,0,0
2026-01-21T12:22:50.106628+00:00,s1-eth5,2530,6642,35,95,0,0,0,0
2026-01-21T12:22:50.106628+00:00,s2-eth1,18699086,78346,15835,853,0,0,0,0
2026-01-21T12:22:50.106628+00:00,s2-eth2,76020,18701412,822,15866,0,0,0,0
2026-01-21T12:22:50.106628+00:00,s2-eth3,866,4780,11,66,0,0,0,0
2026-01-21T12:22:50.106628+00:00,s2-eth4,866,4780,11,66,0,0,0,0
2026-01-21T12:22:50.106628+00:00,s2-eth5,866,4604,11,64,0,0,0,0
2026-01-21T12:22:50.250603+00:00,s1-eth1,78346,18732620,853,15862,0,0,42326,35
2026-01-21T12:22:50.250603+00:00,s1-eth2,32841555,75014,27137,797,0,0,0,0
2026-01-21T12:22:50.250603+00:00,s1-eth3,2270,6284,31,90,0,0,0,0
2026-01-21T12:22:50.250603+00:00,s1-eth4,2711,6626,36,95,0,0,0,0
2026-01-21T12:22:50.250603+00:00,s1-eth5,2530,6642,35,95,0,0,0,0
2026-01-21T12:22:50.250603+00:00,s2-eth1,18735104,78346,15864,853,0,0,0,0
2026-01-21T12:22:50.250603+00:00,s2-eth2,76020,18737430,822,15895,0,0,0,0
2026-01-21T12:22:50.250603+00:00,s2-eth3,866,4780,11,66,0,0,0,0
2026-01-21T12:22:50.250603+00:00,s2-eth4,866,4780,11,66,0,0,0,0
2026-01-21T12:22:50.250603+00:00,s2-eth5,866,4604,11,64,0,0,0,0
2026-01-21T12:22:50.450144+00:00,s1-eth1,78444,18782398,854,15903,0,0,83312,68
2026-01-21T12:22:50.450144+00:00,s1-eth2,32932319,75112,27211,798,0,0,0,0
2026-01-21T12:22:50.450144+00:00,s1-eth3,2270,6284,31,90,0,0,0,0
2026-01-21T12:22:50.450144+00:00,s1-eth4,2711,6626,36,95,0,0,0,0
2026-01-21T12:22:50.450144+00:00,s1-eth5,2530,6642,35,95,0,0,0,0
2026-01-21T12:22:50.450144+00:00,s2-eth1,18784882,78444,15905,854,0,0,0,0
2026-01-21T12:22:50.450144+00:00,s2-eth2,76118,18788450,823,15937,0,0,0,0
2026-01-21T12:22:50.450144+00:00,s2-eth3,866,4780,11,66,0,0,0,0
2026-01-21T12:22:50.450144+00:00,s2-eth4,866,4780,11,66,0,0,0,0
2026-01-21T12:22:50.450144+00:00,s2-eth5,866,4604,11,64,0,0,0,0
2026-01-21T12:22:50.735485+00:00,s1-eth1,78444,18854434,854,15961,0,0,103282,85
2026-01-21T12:22:50.735485+00:00,s1-eth2,33061585,75112,27316,798,0,0,0,0
2026-01-21T12:22:50.735485+00:00,s1-eth3,2270,6284,31,90,0,0,0,0
2026-01-21T12:22:50.735485+00:00,s1-eth4,2711,6626,36,95,0,0,0,0
2026-01-21T12:22:50.735485+00:00,s1-eth5,2530,6642,35,95,0,0,0,0
2026-01-21T12:22:50.735485+00:00,s2-eth1,18857016,78542,15964,855,0,0,0,0
2026-01-21T12:22:50.735485+00:00,s2-eth2,76216,18859342,824,15995,0,0,0,0
2026-01-21T12:22:50.735485+00:00,s2-eth3,866,4780,11,66,0,0,0,0
2026-01-21T12:22:50.735485+00:00,s2-eth4,866,4780,11,66,0,0,0,0
2026-01-21T12:22:50.735485+00:00,s2-eth5,866,4604,11,64,0,0,0,0
2026-01-21T12:22:50.850376+00:00,s1-eth1,78542,18880614,855,15983,0,0,103282,85
2026-01-21T12:22:50.850376+00:00,s1-eth2,33113847,75210,27359,799,0,0,0,0
2026-01-21T12:22:50.850376+00:00,s1-eth3,2270,6284,31,90,0,0,0,0
2026-01-21T12:22:50.850376+00:00,s1-eth4,2711,6626,36,95,0,0,0,0
2026-01-21T12:22:50.850376+00:00,s1-eth5,2530,6642,35,95,0,0,0,0
2026-01-21T12:22:50.850376+00:00,s2-eth1,18884340,78542,15986,855,0,0,0,0
2026-01-21T12:22:50.850376+00:00,s2-eth2,76216,18886666,824,16017,0,0,0,0
2026-01-21T12:22:50.850376+00:00,s2-eth3,866,4780,11,66,0,0,0,0
2026-01-21T12:22:50.850376+00:00,s2-eth4,866,4780,11,66,0,0,0,0
2026-01-21T12:22:50.850376+00:00,s2-eth5,866,4604,11,64,0,0,0,0
2026-01-21T12:22:51.050887+00:00,s1-eth1,78640,18931634,856,16025,0,0,102040,84
2026-01-21T12:22:51.050887+00:00,s1-eth2,33203369,75308,27432,800,0,0,0,0
2026-01-21T12:22:51.050887+00:00,s1-eth3,2270,6284,31,90,0,0,0,0
2026-01-21T12:22:51.050887+00:00,s1-eth4,2711,6626,36,95,0,0,0,0
2026-01-21T12:22:51.050887+00:00,s1-eth5,2530,6642,35,95,0,0,0,0
2026-01-21T12:22:51.050887+00:00,s2-eth1,18934118,78640,16027,856,0,0,0,0
2026-01-21T12:22:51.050887+00:00,s2-eth2,76314,18936444,825,16058,0,0,0,0
2026-01-21T12:22:51.050887+00:00,s2-eth3,866,4780,11,66,0,0,0,0
2026-01-21T12:22:51.050887+00:00,s2-eth4,866,4780,11,66,0,0,0,0
2026-01-21T12:22:51.050887+00:00,s2-eth5,866,4604,11,64,0,0,0,0
2026-01-21T12:22:51.328014+00:00,s1-eth1,78738,19000042,857,16081,0,0,103282,85
2026-01-21T12:22:51.328014+00:00,s1-eth2,33330151,75406,27535,801,0,0,0,0
2026-01-21T12:22:51.328014+00:00,s1-eth3,2270,6284,31,90,0,0,0,0
2026-01-21T12:22:51.328014+00:00,s1-eth4,2711,6626,36,95,0,0,0,0
2026-01-21T12:22:51.328014+00:00,s1-eth5,2530,6642,35,95,0,0,0,0
2026-01-21T12:22:51.328014+00:00,s2-eth1,19002526,78738,16083,857,0,0,0,0
2026-01-21T12:22:51.328014+00:00,s2-eth2,76412,19004852,826,16114,0,0,0,0
2026-01-21T12:22:51.328014+00:00,s2-eth3,866,4780,11,66,0,0,0,0
2026-01-21T12:22:51.328014+00:00,s2-eth4,866,4780,11,66,0,0,0,0
2026-01-21T12:22:51.328014+00:00,s2-eth5,866,4604,11,64,0,0,0,0
2026-01-21T12:22:51.523499+00:00,s1-eth1,78836,19042368,858,16116,0,0,103282,85
2026-01-21T12:22:51.523499+00:00,s1-eth2,33419673,75504,27608,802,0,0,0,0
2026-01-21T12:22:51.523499+00:00,s1-eth3,2270,6284,31,90,0,0,0,0
2026-01-21T12:22:51.523499+00:00,s1-eth4,2711,6626,36,95,0,0,0,0
2026-01-21T12:22:51.523499+00:00,s1-eth5,2530,6642,35,95,0,0,0,0
2026-01-21T12:22:51.523499+00:00,s2-eth1,19044852,78836,16118,858,0,0,0,0
2026-01-21T12:22:51.523499+00:00,s2-eth2,76510,19047178,827,16149,0,0,1242,1
2026-01-21T12:22:51.523499+00:00,s2-eth3,866,4780,11,66,0,0,0,0
2026-01-21T12:22:51.523499+00:00,s2-eth4,866,4780,11,66,0,0,0,0
2026-01-21T12:22:51.523499+00:00,s2-eth5,866,4604,11,64,0,0,0,0
2026-01-21T12:22:51.700030+00:00,s1-eth1,78836,19085838,858,16151,0,0,102138,85
2026-01-21T12:22:51.700030+00:00,s1-eth2,33499259,75504,27673,802,0,0,0,0
2026-01-21T12:22:51.700030+00:00,s1-eth3,2270,6284,31,90,0,0,0,0
2026-01-21T12:22:51.700030+00:00,s1-eth4,2711,6626,36,95,0,0,0,0
2026-01-21T12:22:51.700030+00:00,s1-eth5,2530,6642,35,95,0,0,0,0
2026-01-21T12:22:51.700030+00:00,s2-eth1,19088322,78836,16153,858,0,0,0,0
2026-01-21T12:22:51.700030+00:00,s2-eth2,76510,19091988,827,16186,0,0,0,0
2026-01-21T12:22:51.700030+00:00,s2-eth3,866,4780,11,66,0,0,0,0
2026-01-21T12:22:51.700030+00:00,s2-eth4,866,4780,11,66,0,0,0,0
2026-01-21T12:22:51.700030+00:00,s2-eth5,866,4604,11,64,0,0,0,0
2026-01-21T12:22:51.859714+00:00,s1-eth1,78934,19125680,859,16184,0,0,103282,85
2026-01-21T12:22:51.859714+00:00,s1-eth2,33571295,75602,27731,803,0,0,0,0
2026-01-21T12:22:51.859714+00:00,s1-eth3,2270,6284,31,90,0,0,0,0
2026-01-21T12:22:51.859714+00:00,s1-eth4,2711,6626,36,95,0,0,0,0
2026-01-21T12:22:51.859714+00:00,s1-eth5,2530,6642,35,95,0,0,0,0
2026-01-21T12:22:51.859714+00:00,s2-eth1,19128164,78934,16186,859,0,0,0,0
2026-01-21T12:22:51.859714+00:00,s2-eth2,76608,19130490,828,16218,0,0,0,0
2026-01-21T12:22:51.859714+00:00,s2-eth3,866,4780,11,66,0,0,0,0
2026-01-21T12:22:51.859714+00:00,s2-eth4,866,4780,11,66,0,0,0,0
2026-01-21T12:22:51.859714+00:00,s2-eth5,866,4604,11,64,0,0,0,0
2026-01-21T12:22:52.049968+00:00,s1-eth1,79032,19174216,860,16224,0,0,103282,85
2026-01-21T12:22:52.049968+00:00,s1-eth2,33657091,75700,27801,804,0,0,0,0
2026-01-21T12:22:52.049968+00:00,s1-eth3,2270,6284,31,90,0,0,0,0
2026-01-21T12:22:52.049968+00:00,s1-eth4,2711,6626,36,95,0,0,0,0
2026-01-21T12:22:52.049968+00:00,s1-eth5,2530,6642,35,95,0,0,0,0
2026-01-21T12:22:52.049968+00:00,s2-eth1,19176700,79032,16226,860,0,0,0,0
2026-01-21T12:22:52.049968+00:00,s2-eth2,76706,19179026,829,16257,0,0,0,0
2026-01-21T12:22:52.049968+00:00,s2-eth3,866,4780,11,66,0,0,0,0
2026-01-21T12:22:52.049968+00:00,s2-eth4,866,4780,11,66,0,0,0,0
2026-01-21T12:22:52.049968+00:00,s2-eth5,866,4604,11,64,0,0,0,0
2026-01-21T12:22:52.306495+00:00,s1-eth1,79130,19237656,861,16276,0,0,103380,86
2026-01-21T12:22:52.306495+00:00,s1-eth2,33774035,75798,27897,805,0,0,0,0
2026-01-21T12:22:52.306495+00:00,s1-eth3,2270,6284,31,90,0,0,0,0
2026-01-21T12:22:52.306495+00:00,s1-eth4,2711,6626,36,95,0,0,0,0
2026-01-21T12:22:52.306495+00:00,s1-eth5,2530,6642,35,95,0,0,0,0
2026-01-21T12:22:52.306495+00:00,s2-eth1,19240238,79130,16279,861,0,0,0,0
2026-01-21T12:22:52.306495+00:00,s2-eth2,76902,19242564,831,16310,0,0,0,0
2026-01-21T12:22:52.306495+00:00,s2-eth3,866,4780,11,66,0,0,0,0
2026-01-21T12:22:52.306495+00:00,s2-eth4,866,4780,11,66,0,0,0,0
2026-01-21T12:22:52.306495+00:00,s2-eth5,866,4604,11,64,0,0,0,0
2026-01-21T12:22:52.479909+00:00,s1-eth1,79228,19281224,862,16312,0,0,103282,85
2026-01-21T12:22:52.479909+00:00,s1-eth2,33852281,75896,27960,806,0,0,0,0
2026-01-21T12:22:52.479909+00:00,s1-eth3,2270,6284,31,90,0,0,0,0
2026-01-21T12:22:52.479909+00:00,s1-eth4,2711,6626,36,95,0,0,0,0
2026-01-21T12:22:52.479909+00:00,s1-eth5,2530,6642,35,95,0,0,0,0
2026-01-21T12:22:52.479909+00:00,s2-eth1,19283708,79228,16314,862,0,0,0,0
2026-01-21T12:22:52.479909+00:00,s2-eth2,76902,19286034,831,16345,0,0,0,0
2026-01-21T12:22:52.479909+00:00,s2-eth3,866,4780,11,66,0,0,0,0
2026-01-21T12:22:52.479909+00:00,s2-eth4,866,4780,11,66,0,0,0,0
2026-01-21T12:22:52.479909+00:00,s2-eth5,866,4604,11,64,0,0,0,0
2026-01-21T12:22:52.659519+00:00,s1-eth1,79326,19326034,863,16349,0,0,103282,85
2026-01-21T12:22:52.659519+00:00,s1-eth2,33933109,75994,28026,807,0,0,0,0
2026-01-21T12:22:52.659519+00:00,s1-eth3,2270,6284,31,90,0,0,0,0
2026-01-21T12:22:52.659519+00:00,s1-eth4,2711,6626,36,95,0,0,0,0
2026-01-21T12:22:52.659519+00:00,s1-eth5,2530,6642,35,95,0,0,0,0
2026-01-21T12:22:52.659519+00:00,s2-eth1,19328518,79326,16351,863,0,0,0,0
2026-01-21T12:22:52.659519+00:00,s2-eth2,77000,19330844,832,16382,0,0,0,0
2026-01-21T12:22:52.659519+00:00,s2-eth3,866,4780,11,66,0,0,0,0
2026-01-21T12:22:52.659519+00:00,s2-eth4,866,4780,11,66,0,0,0,0
2026-01-21T12:22:52.659519+00:00,s2-eth5,866,4604,11,64,0,0,0,0
2026-01-21T12:22:52.850267+00:00,s1-eth1,79424,19373328,864,16388,0,0,102040,84
2026-01-21T12:22:52.850267+00:00,s1-eth2,34020147,76092,28097,808,0,0,0,0
2026-01-21T12:22:52.850267+00:00,s1-eth3,2270,6284,31,90,0,0,0,0
2026-01-21T12:22:52.850267+00:00,s1-eth4,2711,6626,36,95,0,0,0,0
2026-01-21T12:22:52.850267+00:00,s1-eth5,2530,6642,35,95,0,0,0,0
2026-01-21T12:22:52.850267+00:00,s2-eth1,19375812,79424,16390,864,0,0,0,0
2026-01-21T12:22:52.850267+00:00,s2-eth2,77098,19378138,833,16421,0,0,0,0
2026-01-21T12:22:52.850267+00:00,s2-eth3,866,4780,11,66,0,0,0,0
2026-01-21T12:22:52.850267+00:00,s2-eth4,866,4780,11,66,0,0,0,0
2026-01-21T12:22:52.850267+00:00,s2-eth5,866,4604,11,64,0,0,0,0
2026-01-21T12:22:53.051007+00:00,s1-eth1,79522,19423106,865,16429,0,0,102040,84
2026-01-21T12:22:53.051007+00:00,s1-eth2,34110911,76190,28171,809,0,0,0,0
2026-01-21T12:22:53.051007+00:00,s1-eth3,2270,6284,31,90,0,0,0,0
2026-01-21T12:22:53.051007+00:00,s1-eth4,2711,6626,36,95,0,0,0,0
2026-01-21T12:22:53.051007+00:00,s1-eth5,2530,6642,35,95,0,0,0,0
2026-01-21T12:22:53.051007+00:00,s2-eth1,19425590,79522,16431,865,0,0,0,0
2026-01-21T12:22:53.051007+00:00,s2-eth2,77196,19429158,834,16463,0,0,0,0
2026-01-21T12:22:53.051007+00:00,s2-eth3,866,4780,11,66,0,0,0,0
2026-01-21T12:22:53.051007+00:00,s2-eth4,866,4780,11,66,0,0,0,0
2026-01-21T12:22:53.051007+00:00,s2-eth5,866,4604,11,64,0,0,0,0
2026-01-21T12:22:53.250102+00:00,s1-eth1,79620,19472884,866,16470,0,0,103282,85
2026-01-21T12:22:53.250102+00:00,s1-eth2,34201675,76288,28245,810,0,0,0,0
2026-01-21T12:22:53.250102+00:00,s1-eth3,2270,6284,31,90,0,0,0,0
2026-01-21T12:22:53.250102+00:00,s1-eth4,2711,6626,36,95,0,0,0,0
2026-01-21T12:22:53.250102+00:00,s1-eth5,2530,6642,35,95,0,0,0,0
2026-01-21T12:22:53.250102+00:00,s2-eth1,19475368,79620,16472,866,0,0,0,0
2026-01-21T12:22:53.250102+00:00,s2-eth2,77294,19478936,835,16504,0,0,0,0
2026-01-21T12:22:53.250102+00:00,s2-eth3,866,4780,11,66,0,0,0,0
2026-01-21T12:22:53.250102+00:00,s2-eth4,866,4780,11,66,0,0,0,0
2026-01-21T12:22:53.250102+00:00,s2-eth5,866,4604,11,64,0,0,0,0
2026-01-21T12:22:53.450324+00:00,s1-eth1,79718,19523904,867,16512,0,0,103282,85
2026-01-21T12:22:53.450324+00:00,s1-eth2,34292439,76386,28319,811,0,0,0,0
2026-01-21T12:22:53.450324+00:00,s1-eth3,2270,6284,31,90,0,0,0,0
2026-01-21T12:22:53.450324+00:00,s1-eth4,2711,6626,36,95,0,0,0,0
2026-01-21T12:22:53.450324+00:00,s1-eth5,2530,6642,35,95,0,0,0,0
2026-01-21T12:22:53.450324+00:00,s2-eth1,19526388,79718,16514,867,0,0,0,0
2026-01-21T12:22:53.450324+00:00,s2-eth2,77392,19528714,836,16545,0,0,0,0
2026-01-21T12:22:53.450324+00:00,s2-eth3,866,4780,11,66,0,0,0,0
2026-01-21T12:22:53.450324+00:00,s2-eth4,866,4780,11,66,0,0,0,0
2026-01-21T12:22:53.450324+00:00,s2-eth5,866,4604,11,64,0,0,0,0
2026-01-21T12:22:53.650054+00:00,s1-eth1,79816,19573682,868,16553,0,0,103282,85
2026-01-21T12:22:53.650054+00:00,s1-eth2,34383203,76484,28393,812,0,0,0,0
2026-01-21T12:22:53.650054+00:00,s1-eth3,2270,6284,31,90,0,0,0,0
2026-01-21T12:22:53.650054+00:00,s1-eth4,2711,6626,36,95,0,0,0,0
2026-01-21T12:22:53.650054+00:00,s1-eth5,2530,6642,35,95,0,0,0,0
2026-01-21T12:22:53.650054+00:00,s2-eth1,19576166,79816,16555,868,0,0,0,0
2026-01-21T12:22:53.650054+00:00,s2-eth2,77490,19578492,837,16586,0,0,1242,1
2026-01-21T12:22:53.650054+00:00,s2-eth3,866,4780,11,66,0,0,0,0
2026-01-21T12:22:53.650054+00:00,s2-eth4,866,4780,11,66,0,0,0,0
2026-01-21T12:22:53.650054+00:00,s2-eth5,866,4604,11,64,0,0,0,0
2026-01-21T12:22:53.849926+00:00,s1-eth1,79914,19623460,869,16594,0,0,103282,85
2026-01-21T12:22:53.849926+00:00,s1-eth2,34473967,76582,28467,813,0,0,0,0
2026-01-21T12:22:53.849926+00:00,s1-eth3,2270,6284,31,90,0,0,0,0
2026-01-21T12:22:53.849926+00:00,s1-eth4,2711,6626,36,95,0,0,0,0
2026-01-21T12:22:53.849926+00:00,s1-eth5,2530,6642,35,95,0,0,0,0
2026-01-21T12:22:53.849926+00:00,s2-eth1,19625944,79914,16596,869,0,0,0,0
2026-01-21T12:22:53.849926+00:00,s2-eth2,77588,19628270,838,16627,0,0,1242,1
2026-01-21T12:22:53.849926+00:00,s2-eth3,866,4780,11,66,0,0,0,0
2026-01-21T12:22:53.849926+00:00,s2-eth4,866,4780,11,66,0,0,0,0
2026-01-21T12:22:53.849926+00:00,s2-eth5,866,4604,11,64,0,0,0,0
2026-01-21T12:22:54.050059+00:00,s1-eth1,80012,19673238,870,16635,0,0,102040,84
2026-01-21T12:22:54.050059+00:00,s1-eth2,34564731,76680,28541,814,0,0,0,0
2026-01-21T12:22:54.050059+00:00,s1-eth3,2270,6284,31,90,0,0,0,0
2026-01-21T12:22:54.050059+00:00,s1-eth4,2711,6626,36,95,0,0,0,0
2026-01-21T12:22:54.050059+00:00,s1-eth5,2530,6642,35,95,0,0,0,0
2026-01-21T12:22:54.050059+00:00,s2-eth1,19675722,80012,16637,870,0,0,0,0
2026-01-21T12:22:54.050059+00:00,s2-eth2,77686,19679290,839,16669,0,0,0,0
2026-01-21T12:22:54.050059+00:00,s2-eth3,866,4780,11,66,0,0,0,0
2026-01-21T12:22:54.050059+00:00,s2-eth4,866,4780,11,66,0,0,0,0
2026-01-21T12:22:54.050059+00:00,s2-eth5,866,4604,11,64,0,0,0,0
2026-01-21T12:22:54.260217+00:00,s1-eth1,80110,19725500,871,16678,0,0,103282,85
2026-01-21T12:22:54.260217+00:00,s1-eth2,34659221,76778,28618,815,0,0,0,0
2026-01-21T12:22:54.260217+00:00,s1-eth3,2270,6284,31,90,0,0,0,0
2026-01-21T12:22:54.260217+00:00,s1-eth4,2711,6626,36,95,0,0,0,0
2026-01-21T12:22:54.260217+00:00,s1-eth5,2530,6642,35,95,0,0,0,0
2026-01-21T12:22:54.260217+00:00,s2-eth1,19727984,80110,16680,871,0,0,0,0
2026-01-21T12:22:54.260217+00:00,s2-eth2,77784,19730310,840,16711,0,0,0,0
2026-01-21T12:22:54.260217+00:00,s2-eth3,866,4780,11,66,0,0,0,0
2026-01-21T12:22:54.260217+00:00,s2-eth4,866,4780,11,66,0,0,0,0
2026-01-21T12:22:54.260217+00:00,s2-eth5,866,4604,11,64,0,0,0,0
2026-01-21T12:22:54.449810+00:00,s1-eth1,80208,19772794,872,16717,0,0,102040,84
2026-01-21T12:22:54.449810+00:00,s1-eth2,34745017,76876,28688,816,0,0,0,0
2026-01-21T12:22:54.449810+00:00,s1-eth3,2270,6284,31,90,0,0,0,0
2026-01-21T12:22:54.449810+00:00,s1-eth4,2711,6626,36,95,0,0,0,0
2026-01-21T12:22:54.449810+00:00,s1-eth5,2530,6642,35,95,0,0,0,0
2026-01-21T12:22:54.449810+00:00,s2-eth1,19776520,80208,16720,872,0,0,0,0
2026-01-21T12:22:54.449810+00:00,s2-eth2,77882,19778846,841,16751,0,0,0,0
2026-01-21T12:22:54.449810+00:00,s2-eth3,866,4780,11,66,0,0,0,0
2026-01-21T12:22:54.449810+00:00,s2-eth4,866,4780,11,66,0,0,0,0
2026-01-21T12:22:54.449810+00:00,s2-eth5,866,4604,11,64,0,0,0,0
2026-01-21T12:22:54.669850+00:00,s1-eth1,80306,19828782,873,16763,0,0,103282,85
2026-01-21T12:22:54.669850+00:00,s1-eth2,34845717,76974,28770,817,0,0,0,0
2026-01-21T12:22:54.669850+00:00,s1-eth3,2270,6284,31,90,0,0,0,0
2026-01-21T12:22:54.669850+00:00,s1-eth4,2711,6626,36,95,0,0,0,0
2026-01-21T12:22:54.669850+00:00,s1-eth5,2530,6642,35,95,0,0,0,0
2026-01-21T12:22:54.669850+00:00,s2-eth1,19831266,80306,16765,873,0,0,0,0
2026-01-21T12:22:54.669850+00:00,s2-eth2,77980,19833592,842,16796,0,0,0,0
2026-01-21T12:22:54.669850+00:00,s2-eth3,866,4780,11,66,0,0,0,0
2026-01-21T12:22:54.669850+00:00,s2-eth4,866,4780,11,66,0,0,0,0
2026-01-21T12:22:54.669850+00:00,s2-eth5,866,4604,11,64,0,0,0,0
2026-01-21T12:22:54.851677+00:00,s1-eth1,80404,19873592,874,16800,0,0,103282,85
2026-01-21T12:22:54.851677+00:00,s1-eth2,34927787,77072,28837,818,0,0,0,0
2026-01-21T12:22:54.851677+00:00,s1-eth3,2270,6284,31,90,0,0,0,0
2026-01-21T12:22:54.851677+00:00,s1-eth4,2711,6626,36,95,0,0,0,0
2026-01-21T12:22:54.851677+00:00,s1-eth5,2530,6642,35,95,0,0,0,0
2026-01-21T12:22:54.851677+00:00,s2-eth1,19876076,80404,16802,874,0,0,0,0
2026-01-21T12:22:54.851677+00:00,s2-eth2,78078,19878402,843,16833,0,0,0,0
2026-01-21T12:22:54.851677+00:00,s2-eth3,866,4780,11,66,0,0,0,0
2026-01-21T12:22:54.851677+00:00,s2-eth4,866,4780,11,66,0,0,0,0
2026-01-21T12:22:54.851677+00:00,s2-eth5,866,4604,11,64,0,0,0,0
2026-01-21T12:22:55.050003+00:00,s1-eth1,80502,19923370,875,16841,0,0,103282,85
2026-01-21T12:22:55.050003+00:00,s1-eth2,35017309,77170,28910,819,0,0,0,0
2026-01-21T12:22:55.050003+00:00,s1-eth3,2270,6284,31,90,0,0,0,0
2026-01-21T12:22:55.050003+00:00,s1-eth4,2711,6626,36,95,0,0,0,0
2026-01-21T12:22:55.050003+00:00,s1-eth5,2530,6642,35,95,0,0,0,0
2026-01-21T12:22:55.050003+00:00,s2-eth1,19925854,80502,16843,875,0,0,0,0
2026-01-21T12:22:55.050003+00:00,s2-eth2,78176,19928180,844,16874,0,0,1242,1
2026-01-21T12:22:55.050003+00:00,s2-eth3,866,4780,11,66,0,0,0,0
2026-01-21T12:22:55.050003+00:00,s2-eth4,866,4780,11,66,0,0,0,0
2026-01-21T12:22:55.050003+00:00,s2-eth5,866,4604,11,64,0,0,0,0
2026-01-21T12:22:55.264706+00:00,s1-eth1,80600,19976874,876,16885,0,0,103282,85
2026-01-21T12:22:55.264706+00:00,s1-eth2,35114283,77268,28989,820,0,0,0,0
2026-01-21T12:22:55.264706+00:00,s1-eth3,2270,6284,31,90,0,0,0,0
2026-01-21T12:22:55.264706+00:00,s1-eth4,2711,6626,36,95,0,0,0,0
2026-01-21T12:22:55.264706+00:00,s1-eth5,2530,6642,35,95,0,0,0,0
2026-01-21T12:22:55.264706+00:00,s2-eth1,19979358,80600,16887,876,0,0,0,0
2026-01-21T12:22:55.264706+00:00,s2-eth2,78274,19981684,845,16918,0,0,0,0
2026-01-21T12:22:55.264706+00:00,s2-eth3,866,4780,11,66,0,0,0,0
2026-01-21T12:22:55.264706+00:00,s2-eth4,866,4780,11,66,0,0,0,0
2026-01-21T12:22:55.264706+00:00,s2-eth5,866,4604,11,64,0,0,0,0
2026-01-21T12:22:55.450276+00:00,s1-eth1,80698,20022926,877,16923,0,0,103282,85
2026-01-21T12:22:55.450276+00:00,s1-eth2,35198837,77366,29058,821,0,0,0,0
2026-01-21T12:22:55.450276+00:00,s1-eth3,2270,6284,31,90,0,0,0,0
2026-01-21T12:22:55.450276+00:00,s1-eth4,2711,6626,36,95,0,0,0,0
2026-01-21T12:22:55.450276+00:00,s1-eth5,2530,6642,35,95,0,0,0,0
2026-01-21T12:22:55.450276+00:00,s2-eth1,20025410,80698,16925,877,0,0,0,0
2026-01-21T12:22:55.450276+00:00,s2-eth2,78372,20028978,846,16957,0,0,0,0
2026-01-21T12:22:55.450276+00:00,s2-eth3,866,4780,11,66,0,0,0,0
2026-01-21T12:22:55.450276+00:00,s2-eth4,866,4780,11,66,0,0,0,0
2026-01-21T12:22:55.450276+00:00,s2-eth5,866,4604,11,64,0,0,0,0
2026-01-21T12:22:55.657322+00:00,s1-eth1,80796,20075188,878,16966,0,0,103282,85
2026-01-21T12:22:55.657322+00:00,s1-eth2,35293327,77464,29135,822,0,0,0,0
2026-01-21T12:22:55.657322+00:00,s1-eth3,2270,6284,31,90,0,0,0,0
2026-01-21T12:22:55.657322+00:00,s1-eth4,2711,6626,36,95,0,0,0,0
2026-01-21T12:22:55.657322+00:00,s1-eth5,2530,6642,35,95,0,0,0,0
2026-01-21T12:22:55.657322+00:00,s2-eth1,20077672,80796,16968,878,0,0,0,0
2026-01-21T12:22:55.657322+00:00,s2-eth2,78470,20079998,847,16999,0,0,1242,1
2026-01-21T12:22:55.657322+00:00,s2-eth3,866,4780,11,66,0,0,0,0
2026-01-21T12:22:55.657322+00:00,s2-eth4,866,4780,11,66,0,0,0,0
2026-01-21T12:22:55.657322+00:00,s2-eth5,866,4604,11,64,0,0,0,0
2026-01-21T12:22:55.882855+00:00,s1-eth1,80894,20131176,879,17012,0,0,102040,84
2026-01-21T12:22:55.882855+00:00,s1-eth2,35394027,77562,29217,823,0,0,0,0
2026-01-21T12:22:55.882855+00:00,s1-eth3,2270,6284,31,90,0,0,0,0
2026-01-21T12:22:55.882855+00:00,s1-eth4,2711,6626,36,95,0,0,0,0
2026-01-21T12:22:55.882855+00:00,s1-eth5,2530,6642,35,95,0,0,0,0
2026-01-21T12:22:55.882855+00:00,s2-eth1,20134902,80894,17015,879,0,0,0,0
2026-01-21T12:22:55.882855+00:00,s2-eth2,78568,20137228,848,17046,0,0,0,0
2026-01-21T12:22:55.882855+00:00,s2-eth3,866,4780,11,66,0,0,0,0
2026-01-21T12:22:55.882855+00:00,s2-eth4,866,4780,11,66,0,0,0,0
2026-01-21T12:22:55.882855+00:00,s2-eth5,866,4604,11,64,0,0,0,0
2026-01-21T12:22:56.051297+00:00,s1-eth1,80992,20173502,880,17047,0,0,102040,84
2026-01-21T12:22:56.051297+00:00,s1-eth2,35471129,77660,29280,824,0,0,0,0
2026-01-21T12:22:56.051297+00:00,s1-eth3,2270,6284,31,90,0,0,0,0
2026-01-21T12:22:56.051297+00:00,s1-eth4,2711,6626,36,95,0,0,0,0
2026-01-21T12:22:56.051297+00:00,s1-eth5,2530,6642,35,95,0,0,0,0
2026-01-21T12:22:56.051297+00:00,s2-eth1,20175986,80992,17049,880,0,0,0,0
2026-01-21T12:22:56.051297+00:00,s2-eth2,78666,20178312,849,17080,0,0,0,0
2026-01-21T12:22:56.051297+00:00,s2-eth3,866,4780,11,66,0,0,0,0
2026-01-21T12:22:56.051297+00:00,s2-eth4,866,4780,11,66,0,0,0,0
2026-01-21T12:22:56.051297+00:00,s2-eth5,866,4604,11,64,0,0,0,0
2026-01-21T12:22:56.250496+00:00,s1-eth1,81090,20223280,881,17088,0,0,103282,85
2026-01-21T12:22:56.250496+00:00,s1-eth2,35561893,77758,29354,825,0,0,0,0
2026-01-21T12:22:56.250496+00:00,s1-eth3,2270,6284,31,90,0,0,0,0
2026-01-21T12:22:56.250496+00:00,s1-eth4,2711,6626,36,95,0,0,0,0
2026-01-21T12:22:56.250496+00:00,s1-eth5,2530,6642,35,95,0,0,0,0
2026-01-21T12:22:56.250496+00:00,s2-eth1,20225764,81090,17090,881,0,0,0,0
2026-01-21T12:22:56.250496+00:00,s2-eth2,78764,20228090,850,17121,0,0,0,0
2026-01-21T12:22:56.250496+00:00,s2-eth3,866,4780,11,66,0,0,0,0
2026-01-21T12:22:56.250496+00:00,s2-eth4,866,4780,11,66,0,0,0,0
2026-01-21T12:22:56.250496+00:00,s2-eth5,866,4604,11,64,0,0,0,0
2026-01-21T12:22:56.450393+00:00,s1-eth1,81188,20273058,882,17129,0,0,102040,84
2026-01-21T12:22:56.450393+00:00,s1-eth2,35652657,77856,29428,826,0,0,0,0
2026-01-21T12:22:56.450393+00:00,s1-eth3,2270,6284,31,90,0,0,0,0
2026-01-21T12:22:56.450393+00:00,s1-eth4,2711,6626,36,95,0,0,0,0
2026-01-21T12:22:56.450393+00:00,s1-eth5,2530,6642,35,95,0,0,0,0
2026-01-21T12:22:56.450393+00:00,s2-eth1,20276784,81188,17132,882,0,0,0,0
2026-01-21T12:22:56.450393+00:00,s2-eth2,78862,20279110,851,17163,0,0,1242,1
2026-01-21T12:22:56.450393+00:00,s2-eth3,866,4780,11,66,0,0,0,0
2026-01-21T12:22:56.450393+00:00,s2-eth4,866,4780,11,66,0,0,0,0
2026-01-21T12:22:56.450393+00:00,s2-eth5,866,4604,11,64,0,0,0,0
2026-01-21T12:22:56.650771+00:00,s1-eth1,81286,20324078,883,17171,0,0,103282,85
2026-01-21T12:22:56.650771+00:00,s1-eth2,35743421,77954,29502,827,0,0,0,0
2026-01-21T12:22:56.650771+00:00,s1-eth3,2270,6284,31,90,0,0,0,0
2026-01-21T12:22:56.650771+00:00,s1-eth4,2711,6626,36,95,0,0,0,0
2026-01-21T12:22:56.650771+00:00,s1-eth5,2530,6642,35,95,0,0,0,0
2026-01-21T12:22:56.650771+00:00,s2-eth1,20326562,81286,17173,883,0,0,0,0
2026-01-21T12:22:56.650771+00:00,s2-eth2,78960,20328888,852,17204,0,0,0,0
2026-01-21T12:22:56.650771+00:00,s2-eth3,866,4780,11,66,0,0,0,0
2026-01-21T12:22:56.650771+00:00,s2-eth4,866,4780,11,66,0,0,0,0
2026-01-21T12:22:56.650771+00:00,s2-eth5,866,4604,11,64,0,0,0,0
2026-01-21T12:22:56.850113+00:00,s1-eth1,81384,20373856,884,17212,0,0,103282,85
2026-01-21T12:22:56.850113+00:00,s1-eth2,35832943,78052,29575,828,0,0,0,0
2026-01-21T12:22:56.850113+00:00,s1-eth3,2270,6284,31,90,0,0,0,0
2026-01-21T12:22:56.850113+00:00,s1-eth4,2711,6626,36,95,0,0,0,0
2026-01-21T12:22:56.850113+00:00,s1-eth5,2530,6642,35,95,0,0,0,0
2026-01-21T12:22:56.850113+00:00,s2-eth1,20376340,81384,17214,884,0,0,0,0
2026-01-21T12:22:56.850113+00:00,s2-eth2,79058,20378666,853,17245,0,0,0,0
2026-01-21T12:22:56.850113+00:00,s2-eth3,866,4780,11,66,0,0,0,0
2026-01-21T12:22:56.850113+00:00,s2-eth4,866,4780,11,66,0,0,0,0
2026-01-21T12:22:56.850113+00:00,s2-eth5,866,4604,11,64,0,0,0,0
2026-01-21T12:22:57.050187+00:00,s1-eth1,81482,20423634,885,17253,0,0,103282,85
2026-01-21T12:22:57.050187+00:00,s1-eth2,35923707,78150,29649,829,0,0,0,0
2026-01-21T12:22:57.050187+00:00,s1-eth3,2270,6284,31,90,0,0,0,0
2026-01-21T12:22:57.050187+00:00,s1-eth4,2711,6626,36,95,0,0,0,0
2026-01-21T12:22:57.050187+00:00,s1-eth5,2530,6642,35,95,0,0,0,0
2026-01-21T12:22:57.050187+00:00,s2-eth1,20426118,81482,17255,885,0,0,0,0
2026-01-21T12:22:57.050187+00:00,s2-eth2,79156,20428444,854,17286,0,0,1242,1
2026-01-21T12:22:57.050187+00:00,s2-eth3,866,4780,11,66,0,0,0,0
2026-01-21T12:22:57.050187+00:00,s2-eth4,866,4780,11,66,0,0,0,0
2026-01-21T12:22:57.050187+00:00,s2-eth5,866,4604,11,64,0,0,0,0
2026-01-21T12:22:57.300438+00:00,s1-eth1,81580,20485832,886,17304,0,0,103282,85
2026-01-21T12:22:57.300438+00:00,s1-eth2,36036827,78248,29741,830,0,0,0,0
2026-01-21T12:22:57.300438+00:00,s1-eth3,2270,6284,31,90,0,0,0,0
2026-01-21T12:22:57.300438+00:00,s1-eth4,2711,6626,36,95,0,0,0,0
2026-01-21T12:22:57.300438+00:00,s1-eth5,2530,6642,35,95,0,0,0,0
2026-01-21T12:22:57.300438+00:00,s2-eth1,20488316,81580,17306,886,0,0,0,0
2026-01-21T12:22:57.300438+00:00,s2-eth2,79254,20490642,855,17337,0,0,0,0
2026-01-21T12:22:57.300438+00:00,s2-eth3,866,4780,11,66,0,0,0,0
2026-01-21T12:22:57.300438+00:00,s2-eth4,866,4780,11,66,0,0,0,0
2026-01-21T12:22:57.300438+00:00,s2-eth5,866,4604,11,64,0,0,0,0
2026-01-21T12:22:57.450006+00:00,s1-eth1,81678,20523190,887,17335,0,0,103282,85
2026-01-21T12:22:57.450006+00:00,s1-eth2,36105235,78346,29797,831,0,0,0,0
2026-01-21T12:22:57.450006+00:00,s1-eth3,2270,6284,31,90,0,0,0,0
2026-01-21T12:22:57.450006+00:00,s1-eth4,2711,6626,36,95,0,0,0,0
2026-01-21T12:22:57.450006+00:00,s1-eth5,2530,6642,35,95,0,0,0,0
2026-01-21T12:22:57.450006+00:00,s2-eth1,20525674,81678,17337,887,0,0,0,0
2026-01-21T12:22:57.450006+00:00,s2-eth2,79352,20528000,856,17368,0,0,0,0
2026-01-21T12:22:57.450006+00:00,s2-eth3,866,4780,11,66,0,0,0,0
2026-01-21T12:22:57.450006+00:00,s2-eth4,866,4780,11,66,0,0,0,0
2026-01-21T12:22:57.450006+00:00,s2-eth5,866,4604,11,64,0,0,0,0
2026-01-21T12:22:57.711935+00:00,s1-eth1,81776,20589114,888,17389,0,0,103282,85
2026-01-21T12:22:57.711935+00:00,s1-eth2,36209661,78444,29882,832,0,0,0,0
2026-01-21T12:22:57.711935+00:00,s1-eth3,2270,6284,31,90,0,0,0,0
2026-01-21T12:22:57.711935+00:00,s1-eth4,2711,6626,36,95,0,0,0,0
2026-01-21T12:22:57.711935+00:00,s1-eth5,2530,6642,35,95,0,0,0,0
2026-01-21T12:22:57.711935+00:00,s2-eth1,20590356,81776,17390,888,0,0,0,0
2026-01-21T12:22:57.711935+00:00,s2-eth2,79450,20592682,857,17421,0,0,0,0
2026-01-21T12:22:57.711935+00:00,s2-eth3,866,4780,11,66,0,0,0,0
2026-01-21T12:22:57.711935+00:00,s2-eth4,866,4780,11,66,0,0,0,0
2026-01-21T12:22:57.711935+00:00,s2-eth5,866,4604,11,64,0,0,0,0
2026-01-21T12:22:57.854728+00:00,s1-eth1,81874,20622746,889,17417,0,0,103282,85
2026-01-21T12:22:57.854728+00:00,s1-eth2,36288005,78542,29946,833,0,0,0,0
2026-01-21T12:22:57.854728+00:00,s1-eth3,2270,6284,31,90,0,0,0,0
2026-01-21T12:22:57.854728+00:00,s1-eth4,2711,6626,36,95,0,0,0,0
2026-01-21T12:22:57.854728+00:00,s1-eth5,2530,6642,35,95,0,0,0,0
2026-01-21T12:22:57.854728+00:00,s2-eth1,20625230,81874,17419,889,0,0,0,0
2026-01-21T12:22:57.854728+00:00,s2-eth2,79548,20627556,858,17450,0,0,1242,1
2026-01-21T12:22:57.854728+00:00,s2-eth3,866,4780,11,66,0,0,0,0
2026-01-21T12:22:57.854728+00:00,s2-eth4,866,4780,11,66,0,0,0,0
2026-01-21T12:22:57.854728+00:00,s2-eth5,866,4604,11,64,0,0,0,0
2026-01-21T12:22:58.051309+00:00,s1-eth1,81972,20671282,890,17457,0,0,102040,84
2026-01-21T12:22:58.051309+00:00,s1-eth2,36378769,78640,30020,834,0,0,0,0
2026-01-21T12:22:58.051309+00:00,s1-eth3,2270,6284,31,90,0,0,0,0
2026-01-21T12:22:58.051309+00:00,s1-eth4,2711,6626,36,95,0,0,0,0
2026-01-21T12:22:58.051309+00:00,s1-eth5,2530,6642,35,95,0,0,0,0
2026-01-21T12:22:58.051309+00:00,s2-eth1,20675008,81972,17460,890,0,0,0,0
2026-01-21T12:22:58.051309+00:00,s2-eth2,79646,20677334,859,17491,0,0,0,0
2026-01-21T12:22:58.051309+00:00,s2-eth3,866,4780,11,66,0,0,0,0
2026-01-21T12:22:58.051309+00:00,s2-eth4,866,4780,11,66,0,0,0,0
2026-01-21T12:22:58.051309+00:00,s2-eth5,866,4604,11,64,0,0,0,0
2026-01-21T12:22:58.309116+00:00,s1-eth1,82070,20735964,891,17510,0,0,103282,85
2026-01-21T12:22:58.309116+00:00,s1-eth2,36494373,78738,30114,835,0,0,0,0
2026-01-21T12:22:58.309116+00:00,s1-eth3,2270,6284,31,90,0,0,0,0
2026-01-21T12:22:58.309116+00:00,s1-eth4,2711,6626,36,95,0,0,0,0
2026-01-21T12:22:58.309116+00:00,s1-eth5,2530,6642,35,95,0,0,0,0
2026-01-21T12:22:58.309116+00:00,s2-eth1,20738448,82070,17512,891,0,0,0,0
2026-01-21T12:22:58.309116+00:00,s2-eth2,79744,20740774,860,17543,0,0,0,0
2026-01-21T12:22:58.309116+00:00,s2-eth3,866,4780,11,66,0,0,0,0
2026-01-21T12:22:58.309116+00:00,s2-eth4,866,4780,11,66,0,0,0,0
2026-01-21T12:22:58.309116+00:00,s2-eth5,866,4604,11,64,0,0,0,0
2026-01-21T12:22:58.452218+00:00,s1-eth1,82168,20772080,892,17540,0,0,103282,85
2026-01-21T12:22:58.452218+00:00,s1-eth2,36559055,78836,30167,836,0,0,0,0
2026-01-21T12:22:58.452218+00:00,s1-eth3,2270,6284,31,90,0,0,0,0
2026-01-21T12:22:58.452218+00:00,s1-eth4,2711,6626,36,95,0,0,0,0
2026-01-21T12:22:58.452218+00:00,s1-eth5,2530,6642,35,95,0,0,0,0
2026-01-21T12:22:58.452218+00:00,s2-eth1,20774564,82168,17542,892,0,0,0,0
2026-01-21T12:22:58.452218+00:00,s2-eth2,79842,20776890,861,17573,0,0,0,0
2026-01-21T12:22:58.452218+00:00,s2-eth3,866,4780,11,66,0,0,0,0
2026-01-21T12:22:58.452218+00:00,s2-eth4,866,4780,11,66,0,0,0,0
2026-01-21T12:22:58.452218+00:00,s2-eth5,866,4604,11,64,0,0,0,0
2026-01-21T12:22:58.649804+00:00,s1-eth1,82266,20821858,893,17581,0,0,103282,85
2026-01-21T12:22:58.649804+00:00,s1-eth2,36649819,78934,30241,837,0,0,0,0
2026-01-21T12:22:58.649804+00:00,s1-eth3,2270,6284,31,90,0,0,0,0
2026-01-21T12:22:58.649804+00:00,s1-eth4,2711,6626,36,95,0,0,0,0
2026-01-21T12:22:58.649804+00:00,s1-eth5,2530,6642,35,95,0,0,0,0
2026-01-21T12:22:58.649804+00:00,s2-eth1,20824342,82266,17583,893,0,0,0,0
2026-01-21T12:22:58.649804+00:00,s2-eth2,79940,20826668,862,17614,0,0,0,0
2026-01-21T12:22:58.649804+00:00,s2-eth3,866,4780,11,66,0,0,0,0
2026-01-21T12:22:58.649804+00:00,s2-eth4,866,4780,11,66,0,0,0,0
2026-01-21T12:22:58.649804+00:00,s2-eth5,866,4604,11,64,0,0,0,0
2026-01-21T12:22:58.912305+00:00,s1-eth1,82364,20886540,894,17634,0,0,103282,85
2026-01-21T12:22:58.912305+00:00,s1-eth2,36767907,79032,30337,838,0,0,0,0
2026-01-21T12:22:58.912305+00:00,s1-eth3,2270,6284,31,90,0,0,0,0
2026-01-21T12:22:58.912305+00:00,s1-eth4,2711,6626,36,95,0,0,0,0
2026-01-21T12:22:58.912305+00:00,s1-eth5,2530,6642,35,95,0,0,0,0
2026-01-21T12:22:58.912305+00:00,s2-eth1,20889024,82364,17636,894,0,0,0,0
2026-01-21T12:22:58.912305+00:00,s2-eth2,80038,20891350,863,17667,0,0,0,0
2026-01-21T12:22:58.912305+00:00,s2-eth3,866,4780,11,66,0,0,0,0
2026-01-21T12:22:58.912305+00:00,s2-eth4,866,4780,11,66,0,0,0,0
2026-01-21T12:22:58.912305+00:00,s2-eth5,866,4604,11,64,0,0,0,0
2026-01-21T12:22:59.050508+00:00,s1-eth1,82462,20921414,895,17663,0,0,103282,85
2026-01-21T12:22:59.050508+00:00,s1-eth2,36831347,79130,30389,839,0,0,0,0
2026-01-21T12:22:59.050508+00:00,s1-eth3,2270,6284,31,90,0,0,0,0
2026-01-21T12:22:59.050508+00:00,s1-eth4,2711,6626,36,95,0,0,0,0
2026-01-21T12:22:59.050508+00:00,s1-eth5,2530,6642,35,95,0,0,0,0
2026-01-21T12:22:59.050508+00:00,s2-eth1,20923898,82462,17665,895,0,0,0,0
2026-01-21T12:22:59.050508+00:00,s2-eth2,80136,20926224,864,17696,0,0,1242,1
2026-01-21T12:22:59.050508+00:00,s2-eth3,866,4780,11,66,0,0,0,0
2026-01-21T12:22:59.050508+00:00,s2-eth4,866,4780,11,66,0,0,0,0
2026-01-21T12:22:59.050508+00:00,s2-eth5,866,4604,11,64,0,0,0,0
2026-01-21T12:22:59.311230+00:00,s1-eth1,82560,20986096,896,17716,0,0,103282,85
2026-01-21T12:22:59.311230+00:00,s1-eth2,36949435,79228,30485,840,0,0,0,0
2026-01-21T12:22:59.311230+00:00,s1-eth3,2270,6284,31,90,0,0,0,0
2026-01-21T12:22:59.311230+00:00,s1-eth4,2711,6626,36,95,0,0,0,0
2026-01-21T12:22:59.311230+00:00,s1-eth5,2530,6642,35,95,0,0,0,0
2026-01-21T12:22:59.311230+00:00,s2-eth1,20989822,82560,17719,896,0,0,0,0
2026-01-21T12:22:59.311230+00:00,s2-eth2,80234,20992148,865,17750,0,0,0,0
2026-01-21T12:22:59.311230+00:00,s2-eth3,866,4780,11,66,0,0,0,0
2026-01-21T12:22:59.311230+00:00,s2-eth4,866,4780,11,66,0,0,0,0
2026-01-21T12:22:59.311230+00:00,s2-eth5,866,4604,11,64,0,0,0,0
2026-01-21T12:22:59.521403+00:00,s1-eth1,82658,21039600,897,17760,0,0,103282,85
2026-01-21T12:22:59.521403+00:00,s1-eth2,37045167,79326,30563,841,0,0,0,0
2026-01-21T12:22:59.521403+00:00,s1-eth3,2270,6284,31,90,0,0,0,0
2026-01-21T12:22:59.521403+00:00,s1-eth4,2711,6626,36,95,0,0,0,0
2026-01-21T12:22:59.521403+00:00,s1-eth5,2530,6642,35,95,0,0,0,0
2026-01-21T12:22:59.521403+00:00,s2-eth1,21042084,82658,17762,897,0,0,0,0
2026-01-21T12:22:59.521403+00:00,s2-eth2,80332,21044410,866,17793,0,0,1242,1
2026-01-21T12:22:59.521403+00:00,s2-eth3,866,4780,11,66,0,0,0,0
2026-01-21T12:22:59.521403+00:00,s2-eth4,866,4780,11,66,0,0,0,0
2026-01-21T12:22:59.521403+00:00,s2-eth5,866,4604,11,64,0,0,0,0
2026-01-21T12:22:59.721671+00:00,s1-eth1,82756,21089378,898,17801,0,0,103282,85
2026-01-21T12:22:59.721671+00:00,s1-eth2,37134689,79424,30636,842,0,0,0,0
2026-01-21T12:22:59.721671+00:00,s1-eth3,2270,6284,31,90,0,0,0,0
2026-01-21T12:22:59.721671+00:00,s1-eth4,2711,6626,36,95,0,0,0,0
2026-01-21T12:22:59.721671+00:00,s1-eth5,2530,6642,35,95,0,0,0,0
2026-01-21T12:22:59.721671+00:00,s2-eth1,21091862,82756,17803,898,0,0,0,0
2026-01-21T12:22:59.721671+00:00,s2-eth2,80430,21094188,867,17834,0,0,1242,1
2026-01-21T12:22:59.721671+00:00,s2-eth3,866,4780,11,66,0,0,0,0
2026-01-21T12:22:59.721671+00:00,s2-eth4,866,4780,11,66,0,0,0,0
2026-01-21T12:22:59.721671+00:00,s2-eth5,866,4604,11,64,0,0,0,0
2026-01-21T12:22:59.909073+00:00,s1-eth1,82854,21136672,899,17840,0,0,103282,85
2026-01-21T12:22:59.909073+00:00,s1-eth2,37220485,79522,30706,843,0,0,0,0
2026-01-21T12:22:59.909073+00:00,s1-eth3,2270,6284,31,90,0,0,0,0
2026-01-21T12:22:59.909073+00:00,s1-eth4,2711,6626,36,95,0,0,0,0
2026-01-21T12:22:59.909073+00:00,s1-eth5,2530,6642,35,95,0,0,0,0
2026-01-21T12:22:59.909073+00:00,s2-eth1,21139156,82854,17842,899,0,0,0,0
2026-01-21T12:22:59.909073+00:00,s2-eth2,80528,21141482,868,17873,0,0,0,0
2026-01-21T12:22:59.909073+00:00,s2-eth3,866,4780,11,66,0,0,0,0
2026-01-21T12:22:59.909073+00:00,s2-eth4,866,4780,11,66,0,0,0,0
2026-01-21T12:22:59.909073+00:00,s2-eth5,866,4604,11,64,0,0,0,0
2026-01-21T12:23:00.050929+00:00,s1-eth1,82952,21171546,900,17869,0,0,98381,82
2026-01-21T12:23:00.050929+00:00,s1-eth2,37274056,79620,30751,844,0,0,0,0
2026-01-21T12:23:00.050929+00:00,s1-eth3,2270,6284,31,90,0,0,0,0
2026-01-21T12:23:00.050929+00:00,s1-eth4,2711,6626,36,95,0,0,0,0
2026-01-21T12:23:00.050929+00:00,s1-eth5,2530,6642,35,95,0,0,0,0
2026-01-21T12:23:00.050929+00:00,s2-eth1,21174030,82952,17871,900,0,0,0,0
2026-01-21T12:23:00.050929+00:00,s2-eth2,80626,21176356,869,17902,0,0,1242,1
2026-01-21T12:23:00.050929+00:00,s2-eth3,866,4780,11,66,0,0,0,0
2026-01-21T12:23:00.050929+00:00,s2-eth4,866,4780,11,66,0,0,0,0
2026-01-21T12:23:00.050929+00:00,s2-eth5,866,4604,11,64,0,0,0,0
2026-01-21T12:23:00.249876+00:00,s1-eth1,83050,21221324,901,17910,0,0,48701,42
2026-01-21T12:23:00.249876+00:00,s1-eth2,37274154,79718,30752,845,0,0,0,0
2026-01-21T12:23:00.249876+00:00,s1-eth3,2270,6284,31,90,0,0,0,0
2026-01-21T12:23:00.249876+00:00,s1-eth4,2711,6626,36,95,0,0,0,0
2026-01-21T12:23:00.249876+00:00,s1-eth5,2530,6642,35,95,0,0,0,0
2026-01-21T12:23:00.249876+00:00,s2-eth1,21223808,83050,17912,901,0,0,0,0
2026-01-21T12:23:00.249876+00:00,s2-eth2,80724,21226134,870,17943,0,0,1242,1
2026-01-21T12:23:00.249876+00:00,s2-eth3,866,4780,11,66,0,0,0,0
2026-01-21T12:23:00.249876+00:00,s2-eth4,866,4780,11,66,0,0,0,0
2026-01-21T12:23:00.249876+00:00,s2-eth5,866,4604,11,64,0,0,0,0
2026-01-21T12:23:00.450958+00:00,s1-eth1,83148,21263650,902,17945,0,0,6473,8
2026-01-21T12:23:00.450958+00:00,s1-eth2,37274252,79816,30753,846,0,0,0,0
2026-01-21T12:23:00.450958+00:00,s1-eth3,2270,6284,31,90,0,0,0,0
2026-01-21T12:23:00.450958+00:00,s1-eth4,2711,6626,36,95,0,0,0,0
2026-01-21T12:23:00.450958+00:00,s1-eth5,2530,6642,35,95,0,0,0,0
2026-01-21T12:23:00.450958+00:00,s2-eth1,21266134,83148,17947,902,0,0,0,0
2026-01-21T12:23:00.450958+00:00,s2-eth2,80822,21268460,871,17978,0,0,1242,1
2026-01-21T12:23:00.450958+00:00,s2-eth3,866,4780,11,66,0,0,0,0
2026-01-21T12:23:00.450958+00:00,s2-eth4,866,4780,11,66,0,0,0,0
2026-01-21T12:23:00.450958+00:00,s2-eth5,866,4604,11,64,0,0,0,0
2026-01-21T12:23:00.650327+00:00,s1-eth1,84263,21271017,913,17962,0,0,0,0
2026-01-21T12:23:00.650327+00:00,s1-eth2,37275146,80931,30762,857,0,0,0,0
2026-01-21T12:23:00.650327+00:00,s1-eth3,2270,6284,31,90,0,0,0,0
2026-01-21T12:23:00.650327+00:00,s1-eth4,2711,6626,36,95,0,0,0,0
2026-01-21T12:23:00.650327+00:00,s1-eth5,2530,6642,35,95,0,0,0,0
2026-01-21T12:23:00.650327+00:00,s2-eth1,21271017,84263,17962,913,0,0,0,0
2026-01-21T12:23:00.650327+00:00,s2-eth2,81937,21273343,882,17993,0,0,0,0
2026-01-21T12:23:00.650327+00:00,s2-eth3,866,4780,11,66,0,0,0,0
2026-01-21T12:23:00.650327+00:00,s2-eth4,866,4780,11,66,0,0,0,0
2026-01-21T12:23:00.650327+00:00,s2-eth5,866,4604,11,64,0,0,0,0
2026-01-21T12:23:00.852982+00:00,s1-eth1,84361,21271115,914,17963,0,0,0,0
2026-01-21T12:23:00.852982+00:00,s1-eth2,37275244,81029,30763,858,0,0,0,0
2026-01-21T12:23:00.852982+00:00,s1-eth3,2270,6284,31,90,0,0,0,0
2026-01-21T12:23:00.852982+00:00,s1-eth4,2711,6626,36,95,0,0,0,0
2026-01-21T12:23:00.852982+00:00,s1-eth5,2530,6642,35,95,0,0,0,0
2026-01-21T12:23:00.852982+00:00,s2-eth1,21271115,84361,17963,914,0,0,0,0
2026-01-21T12:23:00.852982+00:00,s2-eth2,82035,21273441,883,17994,0,0,0,0
2026-01-21T12:23:00.852982+00:00,s2-eth3,866,4780,11,66,0,0,0,0
2026-01-21T12:23:00.852982+00:00,s2-eth4,866,4780,11,66,0,0,0,0
2026-01-21T12:23:00.852982+00:00,s2-eth5,866,4604,11,64,0,0,0,0
2026-01-21T12:23:01.051064+00:00,s1-eth1,84459,21271213,915,17964,0,0,0,0
2026-01-21T12:23:01.051064+00:00,s1-eth2,37275342,81127,30764,859,0,0,0,0
2026-01-21T12:23:01.051064+00:00,s1-eth3,2270,6284,31,90,0,0,0,0
2026-01-21T12:23:01.051064+00:00,s1-eth4,2711,6626,36,95,0,0,0,0
2026-01-21T12:23:01.051064+00:00,s1-eth5,2530,6642,35,95,0,0,0,0
2026-01-21T12:23:01.051064+00:00,s2-eth1,21271213,84459,17964,915,0,0,0,0
2026-01-21T12:23:01.051064+00:00,s2-eth2,82133,21273539,884,17995,0,0,0,0
2026-01-21T12:23:01.051064+00:00,s2-eth3,866,4780,11,66,0,0,0,0
2026-01-21T12:23:01.051064+00:00,s2-eth4,866,4780,11,66,0,0,0,0
2026-01-21T12:23:01.051064+00:00,s2-eth5,866,4604,11,64,0,0,0,0
2026-01-21T12:23:01.250315+00:00,s1-eth1,84557,21271311,916,17965,0,0,0,0
2026-01-21T12:23:01.250315+00:00,s1-eth2,37275440,81225,30765,860,0,0,0,0
2026-01-21T12:23:01.250315+00:00,s1-eth3,2270,6284,31,90,0,0,0,0
2026-01-21T12:23:01.250315+00:00,s1-eth4,2711,6626,36,95,0,0,0,0
2026-01-21T12:23:01.250315+00:00,s1-eth5,2530,6642,35,95,0,0,0,0
2026-01-21T12:23:01.250315+00:00,s2-eth1,21271311,84557,17965,916,0,0,0,0
2026-01-21T12:23:01.250315+00:00,s2-eth2,82231,21273637,885,17996,0,0,0,0
2026-01-21T12:23:01.250315+00:00,s2-eth3,866,4780,11,66,0,0,0,0
2026-01-21T12:23:01.250315+00:00,s2-eth4,866,4780,11,66,0,0,0,0
2026-01-21T12:23:01.250315+00:00,s2-eth5,866,4604,11,64,0,0,0,0
2026-01-21T12:23:01.450150+00:00,s1-eth1,84655,21271409,917,17966,0,0,0,0
2026-01-21T12:23:01.450150+00:00,s1-eth2,37275538,81323,30766,861,0,0,0,0
2026-01-21T12:23:01.450150+00:00,s1-eth3,2270,6284,31,90,0,0,0,0
2026-01-21T12:23:01.450150+00:00,s1-eth4,2711,6626,36,95,0,0,0,0
2026-01-21T12:23:01.450150+00:00,s1-eth5,2530,6642,35,95,0,0,0,0
2026-01-21T12:23:01.450150+00:00,s2-eth1,21271409,84655,17966,917,0,0,0,0
2026-01-21T12:23:01.450150+00:00,s2-eth2,82329,21273735,886,17997,0,0,0,0
2026-01-21T12:23:01.450150+00:00,s2-eth3,866,4780,11,66,0,0,0,0
2026-01-21T12:23:01.450150+00:00,s2-eth4,866,4780,11,66,0,0,0,0
2026-01-21T12:23:01.450150+00:00,s2-eth5,866,4604,11,64,0,0,0,0
2026-01-21T12:23:01.649922+00:00,s1-eth1,84753,21271507,918,17967,0,0,0,0
2026-01-21T12:23:01.649922+00:00,s1-eth2,37275636,81421,30767,862,0,0,0,0
2026-01-21T12:23:01.649922+00:00,s1-eth3,2270,6284,31,90,0,0,0,0
2026-01-21T12:23:01.649922+00:00,s1-eth4,2711,6626,36,95,0,0,0,0
2026-01-21T12:23:01.649922+00:00,s1-eth5,2530,6642,35,95,0,0,0,0
2026-01-21T12:23:01.649922+00:00,s2-eth1,21271507,84753,17967,918,0,0,0,0
2026-01-21T12:23:01.649922+00:00,s2-eth2,82427,21273833,887,17998,0,0,0,0
2026-01-21T12:23:01.649922+00:00,s2-eth3,866,4780,11,66,0,0,0,0
2026-01-21T12:23:01.649922+00:00,s2-eth4,866,4780,11,66,0,0,0,0
2026-01-21T12:23:01.649922+00:00,s2-eth5,866,4604,11,64,0,0,0,0
2026-01-21T12:23:01.850357+00:00,s1-eth1,84851,21271605,919,17968,0,0,0,0
2026-01-21T12:23:01.850357+00:00,s1-eth2,37275734,81519,30768,863,0,0,0,0
2026-01-21T12:23:01.850357+00:00,s1-eth3,2270,6284,31,90,0,0,0,0
2026-01-21T12:23:01.850357+00:00,s1-eth4,2711,6626,36,95,0,0,0,0
2026-01-21T12:23:01.850357+00:00,s1-eth5,2530,6642,35,95,0,0,0,0
2026-01-21T12:23:01.850357+00:00,s2-eth1,21271605,84851,17968,919,0,0,0,0
2026-01-21T12:23:01.850357+00:00,s2-eth2,82525,21273931,888,17999,0,0,0,0
2026-01-21T12:23:01.850357+00:00,s2-eth3,866,4780,11,66,0,0,0,0
2026-01-21T12:23:01.850357+00:00,s2-eth4,866,4780,11,66,0,0,0,0
2026-01-21T12:23:01.850357+00:00,s2-eth5,866,4604,11,64,0,0,0,0
2026-01-21T12:23:02.050506+00:00,s1-eth1,84949,21271703,920,17969,0,0,0,0
2026-01-21T12:23:02.050506+00:00,s1-eth2,37275832,81617,30769,864,0,0,0,0
2026-01-21T12:23:02.050506+00:00,s1-eth3,2270,6284,31,90,0,0,0,0
2026-01-21T12:23:02.050506+00:00,s1-eth4,2711,6626,36,95,0,0,0,0
2026-01-21T12:23:02.050506+00:00,s1-eth5,2530,6642,35,95,0,0,0,0
2026-01-21T12:23:02.050506+00:00,s2-eth1,21271703,84949,17969,920,0,0,0,0
2026-01-21T12:23:02.050506+00:00,s2-eth2,82623,21274029,889,18000,0,0,0,0
2026-01-21T12:23:02.050506+00:00,s2-eth3,866,4780,11,66,0,0,0,0
2026-01-21T12:23:02.050506+00:00,s2-eth4,866,4780,11,66,0,0,0,0
2026-01-21T12:23:02.050506+00:00,s2-eth5,866,4604,11,64,0,0,0,0
2026-01-21T12:23:02.300094+00:00,s1-eth1,85047,21271801,921,17970,0,0,0,0
2026-01-21T12:23:02.300094+00:00,s1-eth2,37275930,81715,30770,865,0,0,0,0
2026-01-21T12:23:02.300094+00:00,s1-eth3,2270,6284,31,90,0,0,0,0
2026-01-21T12:23:02.300094+00:00,s1-eth4,2711,6626,36,95,0,0,0,0
2026-01-21T12:23:02.300094+00:00,s1-eth5,2530,6642,35,95,0,0,0,0
2026-01-21T12:23:02.300094+00:00,s2-eth1,21271801,85047,17970,921,0,0,0,0
2026-01-21T12:23:02.300094+00:00,s2-eth2,82721,21274127,890,18001,0,0,0,0
2026-01-21T12:23:02.300094+00:00,s2-eth3,866,4780,11,66,0,0,0,0
2026-01-21T12:23:02.300094+00:00,s2-eth4,866,4780,11,66,0,0,0,0
2026-01-21T12:23:02.300094+00:00,s2-eth5,866,4604,11,64,0,0,0,0
2026-01-21T12:23:02.456372+00:00,s1-eth1,85145,21271899,922,17971,0,0,0,0
2026-01-21T12:23:02.456372+00:00,s1-eth2,37276028,81813,30771,866,0,0,0,0
2026-01-21T12:23:02.456372+00:00,s1-eth3,2270,6284,31,90,0,0,0,0
2026-01-21T12:23:02.456372+00:00,s1-eth4,2711,6626,36,95,0,0,0,0
2026-01-21T12:23:02.456372+00:00,s1-eth5,2530,6642,35,95,0,0,0,0
2026-01-21T12:23:02.456372+00:00,s2-eth1,21271899,85145,17971,922,0,0,0,0
2026-01-21T12:23:02.456372+00:00,s2-eth2,82819,21274225,891,18002,0,0,0,0
2026-01-21T12:23:02.456372+00:00,s2-eth3,866,4780,11,66,0,0,0,0
2026-01-21T12:23:02.456372+00:00,s2-eth4,866,4780,11,66,0,0,0,0
2026-01-21T12:23:02.456372+00:00,s2-eth5,866,4604,11,64,0,0,0,0
2026-01-21T12:23:02.650013+00:00,s1-eth1,85243,21271997,923,17972,0,0,0,0
2026-01-21T12:23:02.650013+00:00,s1-eth2,37276126,81911,30772,867,0,0,0,0
2026-01-21T12:23:02.650013+00:00,s1-eth3,2270,6284,31,90,0,0,0,0
2026-01-21T12:23:02.650013+00:00,s1-eth4,2711,6626,36,95,0,0,0,0
2026-01-21T12:23:02.650013+00:00,s1-eth5,2530,6642,35,95,0,0,0,0
2026-01-21T12:23:02.650013+00:00,s2-eth1,21271997,85243,17972,923,0,0,0,0
2026-01-21T12:23:02.650013+00:00,s2-eth2,82917,21274323,892,18003,0,0,0,0
2026-01-21T12:23:02.650013+00:00,s2-eth3,866,4780,11,66,0,0,0,0
2026-01-21T12:23:02.650013+00:00,s2-eth4,866,4780,11,66,0,0,0,0
2026-01-21T12:23:02.650013+00:00,s2-eth5,866,4604,11,64,0,0,0,0
2026-01-21T12:23:02.858147+00:00,s1-eth1,85341,21272095,924,17973,0,0,0,0
2026-01-21T12:23:02.858147+00:00,s1-eth2,37276224,82009,30773,868,0,0,0,0
2026-01-21T12:23:02.858147+00:00,s1-eth3,2270,6284,31,90,0,0,0,0
2026-01-21T12:23:02.858147+00:00,s1-eth4,2711,6626,36,95,0,0,0,0
2026-01-21T12:23:02.858147+00:00,s1-eth5,2530,6642,35,95,0,0,0,0
2026-01-21T12:23:02.858147+00:00,s2-eth1,21272095,85341,17973,924,0,0,0,0
2026-01-21T12:23:02.858147+00:00,s2-eth2,83015,21274421,893,18004,0,0,0,0
2026-01-21T12:23:02.858147+00:00,s2-eth3,866,4780,11,66,0,0,0,0
2026-01-21T12:23:02.858147+00:00,s2-eth4,866,4780,11,66,0,0,0,0
2026-01-21T12:23:02.858147+00:00,s2-eth5,866,4604,11,64,0,0,0,0
2026-01-21T12:23:03.049983+00:00,s1-eth1,85439,21272193,925,17974,0,0,0,0
2026-01-21T12:23:03.049983+00:00,s1-eth2,37276322,82107,30774,869,0,0,0,0
2026-01-21T12:23:03.049983+00:00,s1-eth3,2270,6284,31,90,0,0,0,0
2026-01-21T12:23:03.049983+00:00,s1-eth4,2711,6626,36,95,0,0,0,0
2026-01-21T12:23:03.049983+00:00,s1-eth5,2530,6642,35,95,0,0,0,0
2026-01-21T12:23:03.049983+00:00,s2-eth1,21272193,85439,17974,925,0,0,0,0
2026-01-21T12:23:03.049983+00:00,s2-eth2,83113,21274519,894,18005,0,0,0,0
2026-01-21T12:23:03.049983+00:00,s2-eth3,866,4780,11,66,0,0,0,0
2026-01-21T12:23:03.049983+00:00,s2-eth4,866,4780,11,66,0,0,0,0
2026-01-21T12:23:03.049983+00:00,s2-eth5,866,4604,11,64,0,0,0,0
2026-01-21T12:23:03.254810+00:00,s1-eth1,85537,21272291,926,17975,0,0,0,0
2026-01-21T12:23:03.254810+00:00,s1-eth2,37276420,82205,30775,870,0,0,0,0
2026-01-21T12:23:03.254810+00:00,s1-eth3,2270,6284,31,90,0,0,0,0
2026-01-21T12:23:03.254810+00:00,s1-eth4,2711,6626,36,95,0,0,0,0
2026-01-21T12:23:03.254810+00:00,s1-eth5,2530,6642,35,95,0,0,0,0
2026-01-21T12:23:03.254810+00:00,s2-eth1,21272291,85537,17975,926,0,0,0,0
2026-01-21T12:23:03.254810+00:00,s2-eth2,83211,21274617,895,18006,0,0,0,0
2026-01-21T12:23:03.254810+00:00,s2-eth3,866,4780,11,66,0,0,0,0
2026-01-21T12:23:03.254810+00:00,s2-eth4,866,4780,11,66,0,0,0,0
2026-01-21T12:23:03.254810+00:00,s2-eth5,866,4604,11,64,0,0,0,0
2026-01-21T12:23:03.449887+00:00,s1-eth1,85635,21272389,927,17976,0,0,0,0
2026-01-21T12:23:03.449887+00:00,s1-eth2,37276518,82303,30776,871,0,0,0,0
2026-01-21T12:23:03.449887+00:00,s1-eth3,2270,6284,31,90,0,0,0,0
2026-01-21T12:23:03.449887+00:00,s1-eth4,2711,6626,36,95,0,0,0,0
2026-01-21T12:23:03.449887+00:00,s1-eth5,2530,6642,35,95,0,0,0,0
2026-01-21T12:23:03.449887+00:00,s2-eth1,21272389,85635,17976,927,0,0,0,0
2026-01-21T12:23:03.449887+00:00,s2-eth2,83309,21274715,896,18007,0,0,0,0
2026-01-21T12:23:03.449887+00:00,s2-eth3,866,4780,11,66,0,0,0,0
2026-01-21T12:23:03.449887+00:00,s2-eth4,866,4780,11,66,0,0,0,0
2026-01-21T12:23:03.449887+00:00,s2-eth5,866,4604,11,64,0,0,0,0
2026-01-21T12:23:03.652981+00:00,s1-eth1,85733,21272487,928,17977,0,0,0,0
2026-01-21T12:23:03.652981+00:00,s1-eth2,37276616,82401,30777,872,0,0,0,0
2026-01-21T12:23:03.652981+00:00,s1-eth3,2270,6284,31,90,0,0,0,0
2026-01-21T12:23:03.652981+00:00,s1-eth4,2711,6626,36,95,0,0,0,0
2026-01-21T12:23:03.652981+00:00,s1-eth5,2530,6642,35,95,0,0,0,0
2026-01-21T12:23:03.652981+00:00,s2-eth1,21272487,85733,17977,928,0,0,0,0
2026-01-21T12:23:03.652981+00:00,s2-eth2,83407,21274813,897,18008,0,0,0,0
2026-01-21T12:23:03.652981+00:00,s2-eth3,866,4780,11,66,0,0,0,0
2026-01-21T12:23:03.652981+00:00,s2-eth4,866,4780,11,66,0,0,0,0
2026-01-21T12:23:03.652981+00:00,s2-eth5,866,4604,11,64,0,0,0,0
2026-01-21T12:23:03.866697+00:00,s1-eth1,85831,21272585,929,17978,0,0,0,0
2026-01-21T12:23:03.866697+00:00,s1-eth2,37276714,82499,30778,873,0,0,0,0
2026-01-21T12:23:03.866697+00:00,s1-eth3,2270,6284,31,90,0,0,0,0
2026-01-21T12:23:03.866697+00:00,s1-eth4,2711,6626,36,95,0,0,0,0
2026-01-21T12:23:03.866697+00:00,s1-eth5,2530,6642,35,95,0,0,0,0
2026-01-21T12:23:03.866697+00:00,s2-eth1,21272585,85831,17978,929,0,0,0,0
2026-01-21T12:23:03.866697+00:00,s2-eth2,83505,21274911,898,18009,0,0,0,0
2026-01-21T12:23:03.866697+00:00,s2-eth3,866,4780,11,66,0,0,0,0
2026-01-21T12:23:03.866697+00:00,s2-eth4,866,4780,11,66,0,0,0,0
2026-01-21T12:23:03.866697+00:00,s2-eth5,866,4604,11,64,0,0,0,0
2026-01-21T12:23:04.050025+00:00,s1-eth1,85929,21272683,930,17979,0,0,0,0
2026-01-21T12:23:04.050025+00:00,s1-eth2,37276812,82597,30779,874,0,0,0,0
2026-01-21T12:23:04.050025+00:00,s1-eth3,2270,6284,31,90,0,0,0,0
2026-01-21T12:23:04.050025+00:00,s1-eth4,2711,6626,36,95,0,0,0,0
2026-01-21T12:23:04.050025+00:00,s1-eth5,2530,6642,35,95,0,0,0,0
2026-01-21T12:23:04.050025+00:00,s2-eth1,21272683,85929,17979,930,0,0,0,0
2026-01-21T12:23:04.050025+00:00,s2-eth2,83603,21275009,899,18010,0,0,0,0
2026-01-21T12:23:04.050025+00:00,s2-eth3,866,4780,11,66,0,0,0,0
2026-01-21T12:23:04.050025+00:00,s2-eth4,866,4780,11,66,0,0,0,0
2026-01-21T12:23:04.050025+00:00,s2-eth5,866,4604,11,64,0,0,0,0
2026-01-21T12:23:04.275225+00:00,s1-eth1,86027,21272781,931,17980,0,0,0,0
2026-01-21T12:23:04.275225+00:00,s1-eth2,37276910,82695,30780,875,0,0,0,0
2026-01-21T12:23:04.275225+00:00,s1-eth3,2270,6284,31,90,0,0,0,0
2026-01-21T12:23:04.275225+00:00,s1-eth4,2711,6626,36,95,0,0,0,0
2026-01-21T12:23:04.275225+00:00,s1-eth5,2530,6642,35,95,0,0,0,0
2026-01-21T12:23:04.275225+00:00,s2-eth1,21272781,86027,17980,931,0,0,0,0
2026-01-21T12:23:04.275225+00:00,s2-eth2,83701,21275107,900,18011,0,0,0,0
2026-01-21T12:23:04.275225+00:00,s2-eth3,866,4780,11,66,0,0,0,0
2026-01-21T12:23:04.275225+00:00,s2-eth4,866,4780,11,66,0,0,0,0
2026-01-21T12:23:04.275225+00:00,s2-eth5,866,4604,11,64,0,0,0,0
2026-01-21T12:23:04.470134+00:00,s1-eth1,86125,21272879,932,17981,0,0,0,0
2026-01-21T12:23:04.470134+00:00,s1-eth2,37277008,82793,30781,876,0,0,0,0
2026-01-21T12:23:04.470134+00:00,s1-eth3,2270,6284,31,90,0,0,0,0
2026-01-21T12:23:04.470134+00:00,s1-eth4,2711,6626,36,95,0,0,0,0
2026-01-21T12:23:04.470134+00:00,s1-eth5,2530,6642,35,95,0,0,0,0
2026-01-21T12:23:04.470134+00:00,s2-eth1,21272879,86125,17981,932,0,0,0,0
2026-01-21T12:23:04.470134+00:00,s2-eth2,83799,21275205,901,18012,0,0,0,0
2026-01-21T12:23:04.470134+00:00,s2-eth3,866,4780,11,66,0,0,0,0
2026-01-21T12:23:04.470134+00:00,s2-eth4,866,4780,11,66,0,0,0,0
2026-01-21T12:23:04.470134+00:00,s2-eth5,866,4604,11,64,0,0,0,0
2026-01-21T12:23:04.658702+00:00,s1-eth1,86223,21272977,933,17982,0,0,0,0
2026-01-21T12:23:04.658702+00:00,s1-eth2,37277106,82891,30782,877,0,0,0,0
2026-01-21T12:23:04.658702+00:00,s1-eth3,2270,6284,31,90,0,0,0,0
2026-01-21T12:23:04.658702+00:00,s1-eth4,2711,6626,36,95,0,0,0,0
2026-01-21T12:23:04.658702+00:00,s1-eth5,2530,6642,35,95,0,0,0,0
2026-01-21T12:23:04.658702+00:00,s2-eth1,21272977,86223,17982,933,0,0,0,0
2026-01-21T12:23:04.658702+00:00,s2-eth2,83897,21275303,902,18013,0,0,0,0
2026-01-21T12:23:04.658702+00:00,s2-eth3,866,4780,11,66,0,0,0,0
2026-01-21T12:23:04.658702+00:00,s2-eth4,866,4780,11,66,0,0,0,0
2026-01-21T12:23:04.658702+00:00,s2-eth5,866,4604,11,64,0,0,0,0
2026-01-21T12:23:04.851894+00:00,s1-eth1,86321,21273075,934,17983,0,0,0,0
2026-01-21T12:23:04.851894+00:00,s1-eth2,37277204,82891,30783,877,0,0,0,0
2026-01-21T12:23:04.851894+00:00,s1-eth3,2270,6284,31,90,0,0,0,0
2026-01-21T12:23:04.851894+00:00,s1-eth4,2711,6626,36,95,0,0,0,0
2026-01-21T12:23:04.851894+00:00,s1-eth5,2530,6642,35,95,0,0,0,0
2026-01-21T12:23:04.851894+00:00,s2-eth1,21273075,86321,17983,934,0,0,0,0
2026-01-21T12:23:04.851894+00:00,s2-eth2,83995,21275401,903,18014,0,0,0,0
2026-01-21T12:23:04.851894+00:00,s2-eth3,866,4780,11,66,0,0,0,0
2026-01-21T12:23:04.851894+00:00,s2-eth4,866,4780,11,66,0,0,0,0
2026-01-21T12:23:04.851894+00:00,s2-eth5,866,4604,11,64,0,0,0,0
2026-01-21T12:23:05.049999+00:00,s1-eth1,86419,21273173,935,17984,0,0,0,0
2026-01-21T12:23:05.049999+00:00,s1-eth2,37277302,83087,30784,879,0,0,0,0
2026-01-21T12:23:05.049999+00:00,s1-eth3,2270,6284,31,90,0,0,0,0
2026-01-21T12:23:05.049999+00:00,s1-eth4,2711,6626,36,95,0,0,0,0
2026-01-21T12:23:05.049999+00:00,s1-eth5,2530,6642,35,95,0,0,0,0
2026-01-21T12:23:05.049999+00:00,s2-eth1,21273173,86419,17984,935,0,0,0,0
2026-01-21T12:23:05.049999+00:00,s2-eth2,84093,21275499,904,18015,0,0,0,0
2026-01-21T12:23:05.049999+00:00,s2-eth3,866,4780,11,66,0,0,0,0
2026-01-21T12:23:05.049999+00:00,s2-eth4,866,4780,11,66,0,0,0,0
2026-01-21T12:23:05.049999+00:00,s2-eth5,866,4604,11,64,0,0,0,0
2026-01-21T12:23:05.249922+00:00,s1-eth1,86517,21273271,936,17985,0,0,0,0
2026-01-21T12:23:05.249922+00:00,s1-eth2,37277400,83185,30785,880,0,0,0,0
2026-01-21T12:23:05.249922+00:00,s1-eth3,2270,6284,31,90,0,0,0,0
2026-01-21T12:23:05.249922+00:00,s1-eth4,2711,6626,36,95,0,0,0,0
2026-01-21T12:23:05.249922+00:00,s1-eth5,2530,6642,35,95,0,0,0,0
2026-01-21T12:23:05.249922+00:00,s2-eth1,21273271,86517,17985,936,0,0,0,0
2026-01-21T12:23:05.249922+00:00,s2-eth2,84191,21275597,905,18016,0,0,0,0
2026-01-21T12:23:05.249922+00:00,s2-eth3,866,4780,11,66,0,0,0,0
2026-01-21T12:23:05.249922+00:00,s2-eth4,866,4780,11,66,0,0,0,0
2026-01-21T12:23:05.249922+00:00,s2-eth5,866,4604,11,64,0,0,0,0
2026-01-21T12:23:05.450393+00:00,s1-eth1,86615,21273369,937,17986,0,0,0,0
2026-01-21T12:23:05.450393+00:00,s1-eth2,37277498,83283,30786,881,0,0,0,0
2026-01-21T12:23:05.450393+00:00,s1-eth3,2270,6284,31,90,0,0,0,0
2026-01-21T12:23:05.450393+00:00,s1-eth4,2711,6626,36,95,0,0,0,0
2026-01-21T12:23:05.450393+00:00,s1-eth5,2530,6642,35,95,0,0,0,0
2026-01-21T12:23:05.450393+00:00,s2-eth1,21273369,86615,17986,937,0,0,0,0
2026-01-21T12:23:05.450393+00:00,s2-eth2,84289,21275695,906,18017,0,0,0,0
2026-01-21T12:23:05.450393+00:00,s2-eth3,866,4780,11,66,0,0,0,0
2026-01-21T12:23:05.450393+00:00,s2-eth4,866,4780,11,66,0,0,0,0
2026-01-21T12:23:05.450393+00:00,s2-eth5,866,4604,11,64,0,0,0,0
2026-01-21T12:23:05.657023+00:00,s1-eth1,86713,21273467,938,17987,0,0,0,0
2026-01-21T12:23:05.657023+00:00,s1-eth2,37277596,83381,30787,882,0,0,0,0
2026-01-21T12:23:05.657023+00:00,s1-eth3,2270,6284,31,90,0,0,0,0
2026-01-21T12:23:05.657023+00:00,s1-eth4,2711,6626,36,95,0,0,0,0
2026-01-21T12:23:05.657023+00:00,s1-eth5,2530,6642,35,95,0,0,0,0
2026-01-21T12:23:05.657023+00:00,s2-eth1,21273467,86713,17987,938,0,0,0,0
2026-01-21T12:23:05.657023+00:00,s2-eth2,84387,21275793,907,18018,0,0,0,0
2026-01-21T12:23:05.657023+00:00,s2-eth3,866,4780,11,66,0,0,0,0
2026-01-21T12:23:05.657023+00:00,s2-eth4,866,4780,11,66,0,0,0,0
2026-01-21T12:23:05.657023+00:00,s2-eth5,866,4604,11,64,0,0,0,0
2026-01-21T12:23:05.853985+00:00,s1-eth1,86811,21273565,939,17988,0,0,0,0
2026-01-21T12:23:05.853985+00:00,s1-eth2,37277694,83479,30788,883,0,0,0,0
2026-01-21T12:23:05.853985+00:00,s1-eth3,2270,6284,31,90,0,0,0,0
2026-01-21T12:23:05.853985+00:00,s1-eth4,2711,6626,36,95,0,0,0,0
2026-01-21T12:23:05.853985+00:00,s1-eth5,2530,6642,35,95,0,0,0,0
2026-01-21T12:23:05.853985+00:00,s2-eth1,21273565,86811,17988,939,0,0,0,0
2026-01-21T12:23:05.853985+00:00,s2-eth2,84485,21275891,908,18019,0,0,0,0
2026-01-21T12:23:05.853985+00:00,s2-eth3,866,4780,11,66,0,0,0,0
2026-01-21T12:23:05.853985+00:00,s2-eth4,866,4780,11,66,0,0,0,0
2026-01-21T12:23:05.853985+00:00,s2-eth5,866,4604,11,64,0,0,0,0
2026-01-21T12:23:06.050617+00:00,s1-eth1,86909,21273663,940,17989,0,0,0,0
2026-01-21T12:23:06.050617+00:00,s1-eth2,37277792,83577,30789,884,0,0,0,0
2026-01-21T12:23:06.050617+00:00,s1-eth3,2270,6284,31,90,0,0,0,0
2026-01-21T12:23:06.050617+00:00,s1-eth4,2711,6626,36,95,0,0,0,0
2026-01-21T12:23:06.050617+00:00,s1-eth5,2530,6642,35,95,0,0,0,0
2026-01-21T12:23:06.050617+00:00,s2-eth1,21273663,86909,17989,940,0,0,0,0
2026-01-21T12:23:06.050617+00:00,s2-eth2,84583,21275989,909,18020,0,0,0,0
2026-01-21T12:23:06.050617+00:00,s2-eth3,866,4780,11,66,0,0,0,0
2026-01-21T12:23:06.050617+00:00,s2-eth4,866,4780,11,66,0,0,0,0
2026-01-21T12:23:06.050617+00:00,s2-eth5,866,4604,11,64,0,0,0,0
2026-01-21T12:23:06.251406+00:00,s1-eth1,87007,21273761,941,17990,0,0,0,0
2026-01-21T12:23:06.251406+00:00,s1-eth2,37277890,83675,30790,885,0,0,0,0
2026-01-21T12:23:06.251406+00:00,s1-eth3,2270,6284,31,90,0,0,0,0
2026-01-21T12:23:06.251406+00:00,s1-eth4,2711,6626,36,95,0,0,0,0
2026-01-21T12:23:06.251406+00:00,s1-eth5,2530,6642,35,95,0,0,0,0
2026-01-21T12:23:06.251406+00:00,s2-eth1,21273761,87007,17990,941,0,0,0,0
2026-01-21T12:23:06.251406+00:00,s2-eth2,84681,21276087,910,18021,0,0,0,0
2026-01-21T12:23:06.251406+00:00,s2-eth3,866,4780,11,66,0,0,0,0
2026-01-21T12:23:06.251406+00:00,s2-eth4,866,4780,11,66,0,0,0,0
2026-01-21T12:23:06.251406+00:00,s2-eth5,866,4604,11,64,0,0,0,0
2026-01-21T12:23:06.450733+00:00,s1-eth1,87105,21273859,942,17991,0,0,0,0
2026-01-21T12:23:06.450733+00:00,s1-eth2,37277988,83773,30791,886,0,0,0,0
2026-01-21T12:23:06.450733+00:00,s1-eth3,2270,6284,31,90,0,0,0,0
2026-01-21T12:23:06.450733+00:00,s1-eth4,2711,6626,36,95,0,0,0,0
2026-01-21T12:23:06.450733+00:00,s1-eth5,2530,6642,35,95,0,0,0,0
2026-01-21T12:23:06.450733+00:00,s2-eth1,21273859,87105,17991,942,0,0,0,0
2026-01-21T12:23:06.450733+00:00,s2-eth2,84779,21276185,911,18022,0,0,0,0
2026-01-21T12:23:06.450733+00:00,s2-eth3,866,4780,11,66,0,0,0,0
2026-01-21T12:23:06.450733+00:00,s2-eth4,866,4780,11,66,0,0,0,0
2026-01-21T12:23:06.450733+00:00,s2-eth5,866,4604,11,64,0,0,0,0
2026-01-21T12:23:06.654918+00:00,s1-eth1,87203,21273957,943,17992,0,0,0,0
2026-01-21T12:23:06.654918+00:00,s1-eth2,37278086,83871,30792,887,0,0,0,0
2026-01-21T12:23:06.654918+00:00,s1-eth3,2270,6284,31,90,0,0,0,0
2026-01-21T12:23:06.654918+00:00,s1-eth4,2711,6626,36,95,0,0,0,0
2026-01-21T12:23:06.654918+00:00,s1-eth5,2530,6642,35,95,0,0,0,0
2026-01-21T12:23:06.654918+00:00,s2-eth1,21273957,87203,17992,943,0,0,0,0
2026-01-21T12:23:06.654918+00:00,s2-eth2,84877,21276283,912,18023,0,0,0,0
2026-01-21T12:23:06.654918+00:00,s2-eth3,866,4780,11,66,0,0,0,0
2026-01-21T12:23:06.654918+00:00,s2-eth4,866,4780,11,66,0,0,0,0
2026-01-21T12:23:06.654918+00:00,s2-eth5,866,4604,11,64,0,0,0,0
2026-01-21T12:23:06.850662+00:00,s1-eth1,87301,21274055,944,17993,0,0,0,0
2026-01-21T12:23:06.850662+00:00,s1-eth2,37278184,83969,30793,888,0,0,0,0
2026-01-21T12:23:06.850662+00:00,s1-eth3,2270,6284,31,90,0,0,0,0
2026-01-21T12:23:06.850662+00:00,s1-eth4,2711,6626,36,95,0,0,0,0
2026-01-21T12:23:06.850662+00:00,s1-eth5,2530,6642,35,95,0,0,0,0
2026-01-21T12:23:06.850662+00:00,s2-eth1,21274055,87301,17993,944,0,0,0,0
2026-01-21T12:23:06.850662+00:00,s2-eth2,84975,21276381,913,18024,0,0,0,0
2026-01-21T12:23:06.850662+00:00,s2-eth3,866,4780,11,66,0,0,0,0
2026-01-21T12:23:06.850662+00:00,s2-eth4,866,4780,11,66,0,0,0,0
2026-01-21T12:23:06.850662+00:00,s2-eth5,866,4604,11,64,0,0,0,0
2026-01-21T12:23:07.050188+00:00,s1-eth1,87399,21274153,945,17994,0,0,0,0
2026-01-21T12:23:07.050188+00:00,s1-eth2,37278282,84067,30794,889,0,0,0,0
2026-01-21T12:23:07.050188+00:00,s1-eth3,2270,6284,31,90,0,0,0,0
2026-01-21T12:23:07.050188+00:00,s1-eth4,2711,6626,36,95,0,0,0,0
2026-01-21T12:23:07.050188+00:00,s1-eth5,2530,6642,35,95,0,0,0,0
2026-01-21T12:23:07.050188+00:00,s2-eth1,21274153,87399,17994,945,0,0,0,0
2026-01-21T12:23:07.050188+00:00,s2-eth2,85073,21276479,914,18025,0,0,0,0
2026-01-21T12:23:07.050188+00:00,s2-eth3,866,4780,11,66,0,0,0,0
2026-01-21T12:23:07.050188+00:00,s2-eth4,866,4780,11,66,0,0,0,0
2026-01-21T12:23:07.050188+00:00,s2-eth5,866,4604,11,64,0,0,0,0
2026-01-21T12:23:07.250089+00:00,s1-eth1,87497,21274251,946,17995,0,0,0,0
2026-01-21T12:23:07.250089+00:00,s1-eth2,37278380,84165,30795,890,0,0,0,0
2026-01-21T12:23:07.250089+00:00,s1-eth3,2270,6284,31,90,0,0,0,0
2026-01-21T12:23:07.250089+00:00,s1-eth4,2711,6626,36,95,0,0,0,0
2026-01-21T12:23:07.250089+00:00,s1-eth5,2530,6642,35,95,0,0,0,0
2026-01-21T12:23:07.250089+00:00,s2-eth1,21274251,87497,17995,946,0,0,0,0
2026-01-21T12:23:07.250089+00:00,s2-eth2,85171,21276577,915,18026,0,0,0,0
2026-01-21T12:23:07.250089+00:00,s2-eth3,866,4780,11,66,0,0,0,0
2026-01-21T12:23:07.250089+00:00,s2-eth4,866,4780,11,66,0,0,0,0
2026-01-21T12:23:07.250089+00:00,s2-eth5,866,4604,11,64,0,0,0,0
2026-01-21T12:23:07.450958+00:00,s1-eth1,87595,21274349,947,17996,0,0,0,0
2026-01-21T12:23:07.450958+00:00,s1-eth2,37278478,84263,30796,891,0,0,0,0
2026-01-21T12:23:07.450958+00:00,s1-eth3,2270,6284,31,90,0,0,0,0
2026-01-21T12:23:07.450958+00:00,s1-eth4,2711,6626,36,95,0,0,0,0
2026-01-21T12:23:07.450958+00:00,s1-eth5,2530,6642,35,95,0,0,0,0
2026-01-21T12:23:07.450958+00:00,s2-eth1,21274349,87595,17996,947,0,0,0,0
2026-01-21T12:23:07.450958+00:00,s2-eth2,85269,21276675,916,18027,0,0,0,0
2026-01-21T12:23:07.450958+00:00,s2-eth3,866,4780,11,66,0,0,0,0
2026-01-21T12:23:07.450958+00:00,s2-eth4,866,4780,11,66,0,0,0,0
2026-01-21T12:23:07.450958+00:00,s2-eth5,866,4604,11,64,0,0,0,0
2026-01-21T12:23:07.650054+00:00,s1-eth1,87693,21274447,948,17997,0,0,0,0
2026-01-21T12:23:07.650054+00:00,s1-eth2,37278576,84361,30797,892,0,0,0,0
2026-01-21T12:23:07.650054+00:00,s1-eth3,2270,6284,31,90,0,0,0,0
2026-01-21T12:23:07.650054+00:00,s1-eth4,2711,6626,36,95,0,0,0,0
2026-01-21T12:23:07.650054+00:00,s1-eth5,2530,6642,35,95,0,0,0,0
2026-01-21T12:23:07.650054+00:00,s2-eth1,21274447,87693,17997,948,0,0,0,0
2026-01-21T12:23:07.650054+00:00,s2-eth2,85367,21276773,917,18028,0,0,0,0
2026-01-21T12:23:07.650054+00:00,s2-eth3,866,4780,11,66,0,0,0,0
2026-01-21T12:23:07.650054+00:00,s2-eth4,866,4780,11,66,0,0,0,0
2026-01-21T12:23:07.650054+00:00,s2-eth5,866,4604,11,64,0,0,0,0
2026-01-21T12:23:07.850524+00:00,s1-eth1,89260,21314683,972,18050,0,0,27422,23
2026-01-21T12:23:07.850524+00:00,s1-eth2,37346549,84947,30862,901,0,0,0,0
2026-01-21T12:23:07.850524+00:00,s1-eth3,2579,6611,35,95,0,0,0,0
2026-01-21T12:23:07.850524+00:00,s1-eth4,3020,6953,40,100,0,0,0,0
2026-01-21T12:23:07.850524+00:00,s1-eth5,2839,6969,39,100,0,0,0,0
2026-01-21T12:23:07.850524+00:00,s2-eth1,21317167,89260,18052,972,0,0,0,0
2026-01-21T12:23:07.850524+00:00,s2-eth2,86934,21319493,941,18083,0,0,0,0
2026-01-21T12:23:07.850524+00:00,s2-eth3,866,4780,11,66,0,0,0,0
2026-01-21T12:23:07.850524+00:00,s2-eth4,866,4780,11,66,0,0,0,0
2026-01-21T12:23:07.850524+00:00,s2-eth5,866,4604,11,64,0,0,0,0
2026-01-21T12:23:08.049983+00:00,s1-eth1,89358,21364461,973,18091,0,0,67166,55
2026-01-21T12:23:08.049983+00:00,s1-eth2,37437313,85045,30936,902,0,0,0,0
2026-01-21T12:23:08.049983+00:00,s1-eth3,2579,6611,35,95,0,0,0,0
2026-01-21T12:23:08.049983+00:00,s1-eth4,3020,6953,40,100,0,0,0,0
2026-01-21T12:23:08.049983+00:00,s1-eth5,2839,6969,39,100,0,0,0,0
2026-01-21T12:23:08.049983+00:00,s2-eth1,21366945,89358,18093,973,0,0,0,0
2026-01-21T12:23:08.049983+00:00,s2-eth2,87032,21369271,942,18124,0,0,1242,1
2026-01-21T12:23:08.049983+00:00,s2-eth3,866,4780,11,66,0,0,0,0
2026-01-21T12:23:08.049983+00:00,s2-eth4,866,4780,11,66,0,0,0,0
2026-01-21T12:23:08.049983+00:00,s2-eth5,866,4604,11,64,0,0,0,0
2026-01-21T12:23:08.251113+00:00,s1-eth1,89358,21415383,973,18132,0,0,103282,85
2026-01-21T12:23:08.251113+00:00,s1-eth2,37528077,85045,31010,902,0,0,0,0
2026-01-21T12:23:08.251113+00:00,s1-eth3,2579,6611,35,95,0,0,0,0
2026-01-21T12:23:08.251113+00:00,s1-eth4,3020,6953,40,100,0,0,0,0
2026-01-21T12:23:08.251113+00:00,s1-eth5,2839,6969,39,100,0,0,0,0
2026-01-21T12:23:08.251113+00:00,s2-eth1,21416625,89358,18133,973,0,0,0,0
2026-01-21T12:23:08.251113+00:00,s2-eth2,87032,21420193,942,18165,0,0,0,0
2026-01-21T12:23:08.251113+00:00,s2-eth3,866,4780,11,66,0,0,0,0
2026-01-21T12:23:08.251113+00:00,s2-eth4,866,4780,11,66,0,0,0,0
2026-01-21T12:23:08.251113+00:00,s2-eth5,866,4604,11,64,0,0,0,0
2026-01-21T12:23:08.514054+00:00,s1-eth1,89456,21477581,974,18183,0,0,103282,85
2026-01-21T12:23:08.514054+00:00,s1-eth2,37647407,85143,31107,903,0,0,0,0
2026-01-21T12:23:08.514054+00:00,s1-eth3,2579,6611,35,95,0,0,0,0
2026-01-21T12:23:08.514054+00:00,s1-eth4,3020,6953,40,100,0,0,0,0
2026-01-21T12:23:08.514054+00:00,s1-eth5,2839,6969,39,100,0,0,0,0
2026-01-21T12:23:08.514054+00:00,s2-eth1,21480065,89456,18185,974,0,0,0,0
2026-01-21T12:23:08.514054+00:00,s2-eth2,87130,21482391,943,18216,0,0,1242,1
2026-01-21T12:23:08.514054+00:00,s2-eth3,866,4780,11,66,0,0,0,0
2026-01-21T12:23:08.514054+00:00,s2-eth4,866,4780,11,66,0,0,0,0
2026-01-21T12:23:08.514054+00:00,s2-eth5,866,4604,11,64,0,0,0,0
2026-01-21T12:23:08.668934+00:00,s1-eth1,89554,21516181,975,18215,0,0,101942,83
2026-01-21T12:23:08.668934+00:00,s1-eth2,37716959,85241,31163,904,0,0,0,0
2026-01-21T12:23:08.668934+00:00,s1-eth3,2579,6611,35,95,0,0,0,0
2026-01-21T12:23:08.668934+00:00,s1-eth4,3020,6953,40,100,0,0,0,0
2026-01-21T12:23:08.668934+00:00,s1-eth5,2839,6969,39,100,0,0,0,0
2026-01-21T12:23:08.668934+00:00,s2-eth1,21518665,89554,18217,975,0,0,0,0
2026-01-21T12:23:08.668934+00:00,s2-eth2,87228,21520991,944,18248,0,0,1242,1
2026-01-21T12:23:08.668934+00:00,s2-eth3,866,4780,11,66,0,0,0,0
2026-01-21T12:23:08.668934+00:00,s2-eth4,866,4780,11,66,0,0,0,0
2026-01-21T12:23:08.668934+00:00,s2-eth5,866,4604,11,64,0,0,0,0
2026-01-21T12:23:08.850564+00:00,s1-eth1,89554,21562135,975,18252,0,0,103282,85
2026-01-21T12:23:08.850564+00:00,s1-eth2,37799029,85241,31230,904,0,0,0,0
2026-01-21T12:23:08.850564+00:00,s1-eth3,2579,6611,35,95,0,0,0,0
2026-01-21T12:23:08.850564+00:00,s1-eth4,3020,6953,40,100,0,0,0,0
2026-01-21T12:23:08.850564+00:00,s1-eth5,2839,6969,39,100,0,0,0,0
2026-01-21T12:23:08.850564+00:00,s2-eth1,21564619,89554,18254,975,0,0,0,0
2026-01-21T12:23:08.850564+00:00,s2-eth2,87228,21566945,944,18285,0,0,0,0
2026-01-21T12:23:08.850564+00:00,s2-eth3,866,4780,11,66,0,0,0,0
2026-01-21T12:23:08.850564+00:00,s2-eth4,866,4780,11,66,0,0,0,0
2026-01-21T12:23:08.850564+00:00,s2-eth5,866,4604,11,64,0,0,0,0
2026-01-21T12:23:09.050305+00:00,s1-eth1,89652,21611913,976,18293,0,0,103282,85
2026-01-21T12:23:09.050305+00:00,s1-eth2,37889793,85339,31304,905,0,0,0,0
2026-01-21T12:23:09.050305+00:00,s1-eth3,2579,6611,35,95,0,0,0,0
2026-01-21T12:23:09.050305+00:00,s1-eth4,3020,6953,40,100,0,0,0,0
2026-01-21T12:23:09.050305+00:00,s1-eth5,2839,6969,39,100,0,0,0,0
2026-01-21T12:23:09.050305+00:00,s2-eth1,21614397,89652,18295,976,0,0,0,0
2026-01-21T12:23:09.050305+00:00,s2-eth2,87326,21616723,945,18326,0,0,1242,1
2026-01-21T12:23:09.050305+00:00,s2-eth3,866,4780,11,66,0,0,0,0
2026-01-21T12:23:09.050305+00:00,s2-eth4,866,4780,11,66,0,0,0,0
2026-01-21T12:23:09.050305+00:00,s2-eth5,866,4604,11,64,0,0,0,0
2026-01-21T12:23:09.250655+00:00,s1-eth1,89750,21661691,977,18334,0,0,103282,85
2026-01-21T12:23:09.250655+00:00,s1-eth2,37980557,85437,31378,906,0,0,0,0
2026-01-21T12:23:09.250655+00:00,s1-eth3,2579,6611,35,95,0,0,0,0
2026-01-21T12:23:09.250655+00:00,s1-eth4,3020,6953,40,100,0,0,0,0
2026-01-21T12:23:09.250655+00:00,s1-eth5,2839,6969,39,100,0,0,0,0
2026-01-21T12:23:09.250655+00:00,s2-eth1,21664175,89750,18336,977,0,0,0,0
2026-01-21T12:23:09.250655+00:00,s2-eth2,87424,21666501,946,18367,0,0,0,0
2026-01-21T12:23:09.250655+00:00,s2-eth3,866,4780,11,66,0,0,0,0
2026-01-21T12:23:09.250655+00:00,s2-eth4,866,4780,11,66,0,0,0,0
2026-01-21T12:23:09.250655+00:00,s2-eth5,866,4604,11,64,0,0,0,0
2026-01-21T12:23:09.450062+00:00,s1-eth1,89848,21711469,978,18375,0,0,102040,84
2026-01-21T12:23:09.450062+00:00,s1-eth2,38071321,85535,31452,907,0,0,0,0
2026-01-21T12:23:09.450062+00:00,s1-eth3,2579,6611,35,95,0,0,0,0
2026-01-21T12:23:09.450062+00:00,s1-eth4,3020,6953,40,100,0,0,0,0
2026-01-21T12:23:09.450062+00:00,s1-eth5,2839,6969,39,100,0,0,0,0
2026-01-21T12:23:09.450062+00:00,s2-eth1,21713953,89848,18377,978,0,0,0,0
2026-01-21T12:23:09.450062+00:00,s2-eth2,87522,21716279,947,18408,0,0,0,0
2026-01-21T12:23:09.450062+00:00,s2-eth3,866,4780,11,66,0,0,0,0
2026-01-21T12:23:09.450062+00:00,s2-eth4,866,4780,11,66,0,0,0,0
2026-01-21T12:23:09.450062+00:00,s2-eth5,866,4604,11,64,0,0,0,0
2026-01-21T12:23:09.650268+00:00,s1-eth1,89946,21761247,979,18416,0,0,103282,85
2026-01-21T12:23:09.650268+00:00,s1-eth2,38162085,85633,31526,908,0,0,0,0
2026-01-21T12:23:09.650268+00:00,s1-eth3,2579,6611,35,95,0,0,0,0
2026-01-21T12:23:09.650268+00:00,s1-eth4,3020,6953,40,100,0,0,0,0
2026-01-21T12:23:09.650268+00:00,s1-eth5,2839,6969,39,100,0,0,0,0
2026-01-21T12:23:09.650268+00:00,s2-eth1,21764973,89946,18419,979,0,0,0,0
2026-01-21T12:23:09.650268+00:00,s2-eth2,87620,21767299,948,18450,0,0,0,0
2026-01-21T12:23:09.650268+00:00,s2-eth3,866,4780,11,66,0,0,0,0
2026-01-21T12:23:09.650268+00:00,s2-eth4,866,4780,11,66,0,0,0,0
2026-01-21T12:23:09.650268+00:00,s2-eth5,866,4604,11,64,0,0,0,0
2026-01-21T12:23:09.850545+00:00,s1-eth1,90044,21812267,980,18458,0,0,103282,85
2026-01-21T12:23:09.850545+00:00,s1-eth2,38252849,85731,31600,909,0,0,0,0
2026-01-21T12:23:09.850545+00:00,s1-eth3,2579,6611,35,95,0,0,0,0
2026-01-21T12:23:09.850545+00:00,s1-eth4,3020,6953,40,100,0,0,0,0
2026-01-21T12:23:09.850545+00:00,s1-eth5,2839,6969,39,100,0,0,0,0
2026-01-21T12:23:09.850545+00:00,s2-eth1,21814751,90044,18460,980,0,0,0,0
2026-01-21T12:23:09.850545+00:00,s2-eth2,87718,21817077,949,18491,0,0,0,0
2026-01-21T12:23:09.850545+00:00,s2-eth3,866,4780,11,66,0,0,0,0
2026-01-21T12:23:09.850545+00:00,s2-eth4,866,4780,11,66,0,0,0,0
2026-01-21T12:23:09.850545+00:00,s2-eth5,866,4604,11,64,0,0,0,0
2026-01-21T12:23:10.064028+00:00,s1-eth1,90142,21865771,981,18502,0,0,103282,85
2026-01-21T12:23:10.064028+00:00,s1-eth2,38349823,85829,31679,910,0,0,0,0
2026-01-21T12:23:10.064028+00:00,s1-eth3,2579,6611,35,95,0,0,0,0
2026-01-21T12:23:10.064028+00:00,s1-eth4,3020,6953,40,100,0,0,0,0
2026-01-21T12:23:10.064028+00:00,s1-eth5,2839,6969,39,100,0,0,0,0
2026-01-21T12:23:10.064028+00:00,s2-eth1,21868255,90142,18504,981,0,0,0,0
2026-01-21T12:23:10.064028+00:00,s2-eth2,87816,21870581,950,18535,0,0,0,0
2026-01-21T12:23:10.064028+00:00,s2-eth3,866,4780,11,66,0,0,0,0
2026-01-21T12:23:10.064028+00:00,s2-eth4,866,4780,11,66,0,0,0,0
2026-01-21T12:23:10.064028+00:00,s2-eth5,866,4604,11,64,0,0,0,0
2026-01-21T12:23:10.249944+00:00,s1-eth1,90240,21911823,982,18540,0,0,103282,85
2026-01-21T12:23:10.249944+00:00,s1-eth2,38433135,85927,31747,911,0,0,0,0
2026-01-21T12:23:10.249944+00:00,s1-eth3,2579,6611,35,95,0,0,0,0
2026-01-21T12:23:10.249944+00:00,s1-eth4,3020,6953,40,100,0,0,0,0
2026-01-21T12:23:10.249944+00:00,s1-eth5,2839,6969,39,100,0,0,0,0
2026-01-21T12:23:10.249944+00:00,s2-eth1,21914307,90240,18542,982,0,0,0,0
2026-01-21T12:23:10.249944+00:00,s2-eth2,87914,21916633,951,18573,0,0,1242,1
2026-01-21T12:23:10.249944+00:00,s2-eth3,866,4780,11,66,0,0,0,0
2026-01-21T12:23:10.249944+00:00,s2-eth4,866,4780,11,66,0,0,0,0
2026-01-21T12:23:10.249944+00:00,s2-eth5,866,4604,11,64,0,0,0,0
2026-01-21T12:23:10.450873+00:00,s1-eth1,90338,21961601,983,18581,0,0,103282,85
2026-01-21T12:23:10.450873+00:00,s1-eth2,38525141,86025,31822,912,0,0,0,0
2026-01-21T12:23:10.450873+00:00,s1-eth3,2579,6611,35,95,0,0,0,0
2026-01-21T12:23:10.450873+00:00,s1-eth4,3020,6953,40,100,0,0,0,0
2026-01-21T12:23:10.450873+00:00,s1-eth5,2839,6969,39,100,0,0,0,0
2026-01-21T12:23:10.450873+00:00,s2-eth1,21964085,90338,18583,983,0,0,0,0
2026-01-21T12:23:10.450873+00:00,s2-eth2,88012,21966411,952,18614,0,0,0,0
2026-01-21T12:23:10.450873+00:00,s2-eth3,866,4780,11,66,0,0,0,0
2026-01-21T12:23:10.450873+00:00,s2-eth4,866,4780,11,66,0,0,0,0
2026-01-21T12:23:10.450873+00:00,s2-eth5,866,4604,11,64,0,0,0,0
2026-01-21T12:23:10.649966+00:00,s1-eth1,90436,22011379,984,18622,0,0,103282,85
2026-01-21T12:23:10.649966+00:00,s1-eth2,38615905,86123,31896,913,0,0,0,0
2026-01-21T12:23:10.649966+00:00,s1-eth3,2579,6611,35,95,0,0,0,0
2026-01-21T12:23:10.649966+00:00,s1-eth4,3020,6953,40,100,0,0,0,0
2026-01-21T12:23:10.649966+00:00,s1-eth5,2839,6969,39,100,0,0,0,0
2026-01-21T12:23:10.649966+00:00,s2-eth1,22013863,90436,18624,984,0,0,0,0
2026-01-21T12:23:10.649966+00:00,s2-eth2,88110,22016189,953,18655,0,0,1242,1
2026-01-21T12:23:10.649966+00:00,s2-eth3,866,4780,11,66,0,0,0,0
2026-01-21T12:23:10.649966+00:00,s2-eth4,866,4780,11,66,0,0,0,0
2026-01-21T12:23:10.649966+00:00,s2-eth5,866,4604,11,64,0,0,0,0
2026-01-21T12:23:10.850207+00:00,s1-eth1,90534,22061157,985,18663,0,0,102040,84
2026-01-21T12:23:10.850207+00:00,s1-eth2,38706669,86221,31970,914,0,0,0,0
2026-01-21T12:23:10.850207+00:00,s1-eth3,2579,6611,35,95,0,0,0,0
2026-01-21T12:23:10.850207+00:00,s1-eth4,3020,6953,40,100,0,0,0,0
2026-01-21T12:23:10.850207+00:00,s1-eth5,2839,6969,39,100,0,0,0,0
2026-01-21T12:23:10.850207+00:00,s2-eth1,22063641,90534,18665,985,0,0,0,0
2026-01-21T12:23:10.850207+00:00,s2-eth2,88208,22067209,954,18697,0,0,0,0
2026-01-21T12:23:10.850207+00:00,s2-eth3,866,4780,11,66,0,0,0,0
2026-01-21T12:23:10.850207+00:00,s2-eth4,866,4780,11,66,0,0,0,0
2026-01-21T12:23:10.850207+00:00,s2-eth5,866,4604,11,64,0,0,0,0
2026-01-21T12:23:11.050061+00:00,s1-eth1,90632,22112177,986,18705,0,0,103282,85
2026-01-21T12:23:11.050061+00:00,s1-eth2,38796191,86319,32043,915,0,0,0,0
2026-01-21T12:23:11.050061+00:00,s1-eth3,2579,6611,35,95,0,0,0,0
2026-01-21T12:23:11.050061+00:00,s1-eth4,3020,6953,40,100,0,0,0,0
2026-01-21T12:23:11.050061+00:00,s1-eth5,2839,6969,39,100,0,0,0,0
2026-01-21T12:23:11.050061+00:00,s2-eth1,22114661,90632,18707,986,0,0,0,0
2026-01-21T12:23:11.050061+00:00,s2-eth2,88306,22116987,955,18738,0,0,0,0
2026-01-21T12:23:11.050061+00:00,s2-eth3,866,4780,11,66,0,0,0,0
2026-01-21T12:23:11.050061+00:00,s2-eth4,866,4780,11,66,0,0,0,0
2026-01-21T12:23:11.050061+00:00,s2-eth5,866,4604,11,64,0,0,0,0
2026-01-21T12:23:11.256583+00:00,s1-eth1,90730,22163197,987,18747,0,0,103282,85
2026-01-21T12:23:11.256583+00:00,s1-eth2,38890681,86417,32120,916,0,0,0,0
2026-01-21T12:23:11.256583+00:00,s1-eth3,2579,6611,35,95,0,0,0,0
2026-01-21T12:23:11.256583+00:00,s1-eth4,3020,6953,40,100,0,0,0,0
2026-01-21T12:23:11.256583+00:00,s1-eth5,2839,6969,39,100,0,0,0,0
2026-01-21T12:23:11.256583+00:00,s2-eth1,22165681,90730,18749,987,0,0,0,0
2026-01-21T12:23:11.256583+00:00,s2-eth2,88404,22168007,956,18780,0,0,0,0
2026-01-21T12:23:11.256583+00:00,s2-eth3,866,4780,11,66,0,0,0,0
2026-01-21T12:23:11.256583+00:00,s2-eth4,866,4780,11,66,0,0,0,0
2026-01-21T12:23:11.256583+00:00,s2-eth5,866,4604,11,64,0,0,0,0
2026-01-21T12:23:11.450633+00:00,s1-eth1,90828,22211733,988,18787,0,0,103282,85
2026-01-21T12:23:11.450633+00:00,s1-eth2,38978961,86515,32192,917,0,0,0,0
2026-01-21T12:23:11.450633+00:00,s1-eth3,2579,6611,35,95,0,0,0,0
2026-01-21T12:23:11.450633+00:00,s1-eth4,3020,6953,40,100,0,0,0,0
2026-01-21T12:23:11.450633+00:00,s1-eth5,2839,6969,39,100,0,0,0,0
2026-01-21T12:23:11.450633+00:00,s2-eth1,22214217,90828,18789,988,0,0,0,0
2026-01-21T12:23:11.450633+00:00,s2-eth2,88502,22216543,957,18820,0,0,1242,1
2026-01-21T12:23:11.450633+00:00,s2-eth3,866,4780,11,66,0,0,0,0
2026-01-21T12:23:11.450633+00:00,s2-eth4,866,4780,11,66,0,0,0,0
2026-01-21T12:23:11.450633+00:00,s2-eth5,866,4604,11,64,0,0,0,0
2026-01-21T12:23:11.650179+00:00,s1-eth1,90926,22261511,989,18828,0,0,103282,85
2026-01-21T12:23:11.650179+00:00,s1-eth2,39068483,86613,32265,918,0,0,0,0
2026-01-21T12:23:11.650179+00:00,s1-eth3,2579,6611,35,95,0,0,0,0
2026-01-21T12:23:11.650179+00:00,s1-eth4,3020,6953,40,100,0,0,0,0
2026-01-21T12:23:11.650179+00:00,s1-eth5,2839,6969,39,100,0,0,0,0
2026-01-21T12:23:11.650179+00:00,s2-eth1,22263995,90926,18830,989,0,0,0,0
2026-01-21T12:23:11.650179+00:00,s2-eth2,88600,22266321,958,18861,0,0,0,0
2026-01-21T12:23:11.650179+00:00,s2-eth3,866,4780,11,66,0,0,0,0
2026-01-21T12:23:11.650179+00:00,s2-eth4,866,4780,11,66,0,0,0,0
2026-01-21T12:23:11.650179+00:00,s2-eth5,866,4604,11,64,0,0,0,0
2026-01-21T12:23:11.878375+00:00,s1-eth1,91024,22318741,990,18875,0,0,103282,85
2026-01-21T12:23:11.878375+00:00,s1-eth2,39171667,86711,32349,919,0,0,0,0
2026-01-21T12:23:11.878375+00:00,s1-eth3,2579,6611,35,95,0,0,0,0
2026-01-21T12:23:11.878375+00:00,s1-eth4,3020,6953,40,100,0,0,0,0
2026-01-21T12:23:11.878375+00:00,s1-eth5,2839,6969,39,100,0,0,0,0
2026-01-21T12:23:11.878375+00:00,s2-eth1,22321225,91024,18877,990,0,0,0,0
2026-01-21T12:23:11.878375+00:00,s2-eth2,88698,22323551,959,18908,0,0,0,0
2026-01-21T12:23:11.878375+00:00,s2-eth3,866,4780,11,66,0,0,0,0
2026-01-21T12:23:11.878375+00:00,s2-eth4,866,4780,11,66,0,0,0,0
2026-01-21T12:23:11.878375+00:00,s2-eth5,866,4604,11,64,0,0,0,0
2026-01-21T12:23:12.057464+00:00,s1-eth1,91122,22363551,991,18912,0,0,103282,85
2026-01-21T12:23:12.057464+00:00,s1-eth2,39248769,86809,32412,920,0,0,0,0
2026-01-21T12:23:12.057464+00:00,s1-eth3,2579,6611,35,95,0,0,0,0
2026-01-21T12:23:12.057464+00:00,s1-eth4,3020,6953,40,100,0,0,0,0
2026-01-21T12:23:12.057464+00:00,s1-eth5,2839,6969,39,100,0,0,0,0
2026-01-21T12:23:12.057464+00:00,s2-eth1,22366035,91122,18914,991,0,0,0,0
2026-01-21T12:23:12.057464+00:00,s2-eth2,88796,22368361,960,18945,0,0,0,0
2026-01-21T12:23:12.057464+00:00,s2-eth3,866,4780,11,66,0,0,0,0
2026-01-21T12:23:12.057464+00:00,s2-eth4,866,4780,11,66,0,0,0,0
2026-01-21T12:23:12.057464+00:00,s2-eth5,866,4604,11,64,0,0,0,0
2026-01-21T12:23:12.257260+00:00,s1-eth1,91220,22413329,992,18953,0,0,103282,85
2026-01-21T12:23:12.257260+00:00,s1-eth2,39344501,86907,32490,921,0,0,0,0
2026-01-21T12:23:12.257260+00:00,s1-eth3,2579,6611,35,95,0,0,0,0
2026-01-21T12:23:12.257260+00:00,s1-eth4,3020,6953,40,100,0,0,0,0
2026-01-21T12:23:12.257260+00:00,s1-eth5,2839,6969,39,100,0,0,0,0
2026-01-21T12:23:12.257260+00:00,s2-eth1,22415813,91220,18955,992,0,0,0,0
2026-01-21T12:23:12.257260+00:00,s2-eth2,88894,22418139,961,18986,0,0,0,0
2026-01-21T12:23:12.257260+00:00,s2-eth3,866,4780,11,66,0,0,0,0
2026-01-21T12:23:12.257260+00:00,s2-eth4,866,4780,11,66,0,0,0,0
2026-01-21T12:23:12.257260+00:00,s2-eth5,866,4604,11,64,0,0,0,0
2026-01-21T12:23:12.451110+00:00,s1-eth1,91318,22461865,993,18993,0,0,103282,85
2026-01-21T12:23:12.451110+00:00,s1-eth2,39431539,87005,32561,922,0,0,0,0
2026-01-21T12:23:12.451110+00:00,s1-eth3,2579,6611,35,95,0,0,0,0
2026-01-21T12:23:12.451110+00:00,s1-eth4,3020,6953,40,100,0,0,0,0
2026-01-21T12:23:12.451110+00:00,s1-eth5,2839,6969,39,100,0,0,0,0
2026-01-21T12:23:12.451110+00:00,s2-eth1,22464349,91318,18995,993,0,0,0,0
2026-01-21T12:23:12.451110+00:00,s2-eth2,88992,22466675,962,19026,0,0,0,0
2026-01-21T12:23:12.451110+00:00,s2-eth3,866,4780,11,66,0,0,0,0
2026-01-21T12:23:12.451110+00:00,s2-eth4,866,4780,11,66,0,0,0,0
2026-01-21T12:23:12.451110+00:00,s2-eth5,866,4604,11,64,0,0,0,0
2026-01-21T12:23:12.651615+00:00,s1-eth1,91416,22511643,994,19034,0,0,103282,85
2026-01-21T12:23:12.651615+00:00,s1-eth2,39522303,87103,32635,923,0,0,0,0
2026-01-21T12:23:12.651615+00:00,s1-eth3,2579,6611,35,95,0,0,0,0
2026-01-21T12:23:12.651615+00:00,s1-eth4,3020,6953,40,100,0,0,0,0
2026-01-21T12:23:12.651615+00:00,s1-eth5,2839,6969,39,100,0,0,0,0
2026-01-21T12:23:12.651615+00:00,s2-eth1,22514127,91416,19036,994,0,0,0,0
2026-01-21T12:23:12.651615+00:00,s2-eth2,89090,22517695,963,19068,0,0,0,0
2026-01-21T12:23:12.651615+00:00,s2-eth3,866,4780,11,66,0,0,0,0
2026-01-21T12:23:12.651615+00:00,s2-eth4,866,4780,11,66,0,0,0,0
2026-01-21T12:23:12.651615+00:00,s2-eth5,866,4604,11,64,0,0,0,0
2026-01-21T12:23:12.850329+00:00,s1-eth1,91514,22561421,995,19075,0,0,102040,84
2026-01-21T12:23:12.850329+00:00,s1-eth2,39613067,87201,32709,924,0,0,0,0
2026-01-21T12:23:12.850329+00:00,s1-eth3,2579,6611,35,95,0,0,0,0
2026-01-21T12:23:12.850329+00:00,s1-eth4,3020,6953,40,100,0,0,0,0
2026-01-21T12:23:12.850329+00:00,s1-eth5,2839,6969,39,100,0,0,0,0
2026-01-21T12:23:12.850329+00:00,s2-eth1,22565147,91514,19078,995,0,0,0,0
2026-01-21T12:23:12.850329+00:00,s2-eth2,89188,22567473,964,19109,0,0,0,0
2026-01-21T12:23:12.850329+00:00,s2-eth3,866,4780,11,66,0,0,0,0
2026-01-21T12:23:12.850329+00:00,s2-eth4,866,4780,11,66,0,0,0,0
2026-01-21T12:23:12.850329+00:00,s2-eth5,866,4604,11,64,0,0,0,0
2026-01-21T12:23:13.049970+00:00,s1-eth1,91612,22611199,996,19116,0,0,103282,85
2026-01-21T12:23:13.049970+00:00,s1-eth2,39703831,87299,32783,925,0,0,0,0
2026-01-21T12:23:13.049970+00:00,s1-eth3,2579,6611,35,95,0,0,0,0
2026-01-21T12:23:13.049970+00:00,s1-eth4,3020,6953,40,100,0,0,0,0
2026-01-21T12:23:13.049970+00:00,s1-eth5,2839,6969,39,100,0,0,0,0
2026-01-21T12:23:13.049970+00:00,s2-eth1,22613683,91612,19118,996,0,0,0,0
2026-01-21T12:23:13.049970+00:00,s2-eth2,89286,22617251,965,19150,0,0,0,0
2026-01-21T12:23:13.049970+00:00,s2-eth3,866,4780,11,66,0,0,0,0
2026-01-21T12:23:13.049970+00:00,s2-eth4,866,4780,11,66,0,0,0,0
2026-01-21T12:23:13.049970+00:00,s2-eth5,866,4604,11,64,0,0,0,0
2026-01-21T12:23:13.250173+00:00,s1-eth1,91710,22662219,997,19158,0,0,103282,85
2026-01-21T12:23:13.250173+00:00,s1-eth2,39794595,87397,32857,926,0,0,0,0
2026-01-21T12:23:13.250173+00:00,s1-eth3,2579,6611,35,95,0,0,0,0
2026-01-21T12:23:13.250173+00:00,s1-eth4,3020,6953,40,100,0,0,0,0
2026-01-21T12:23:13.250173+00:00,s1-eth5,2839,6969,39,100,0,0,0,0
2026-01-21T12:23:13.250173+00:00,s2-eth1,22664703,91710,19160,997,0,0,0,0
2026-01-21T12:23:13.250173+00:00,s2-eth2,89384,22667029,966,19191,0,0,1242,1
2026-01-21T12:23:13.250173+00:00,s2-eth3,866,4780,11,66,0,0,0,0
2026-01-21T12:23:13.250173+00:00,s2-eth4,866,4780,11,66,0,0,0,0
2026-01-21T12:23:13.250173+00:00,s2-eth5,866,4604,11,64,0,0,0,0
2026-01-21T12:23:13.450539+00:00,s1-eth1,91808,22711997,998,19199,0,0,103282,85
2026-01-21T12:23:13.450539+00:00,s1-eth2,39884117,87495,32930,927,0,0,0,0
2026-01-21T12:23:13.450539+00:00,s1-eth3,2579,6611,35,95,0,0,0,0
2026-01-21T12:23:13.450539+00:00,s1-eth4,3020,6953,40,100,0,0,0,0
2026-01-21T12:23:13.450539+00:00,s1-eth5,2839,6969,39,100,0,0,0,0
2026-01-21T12:23:13.450539+00:00,s2-eth1,22714481,91808,19201,998,0,0,0,0
2026-01-21T12:23:13.450539+00:00,s2-eth2,89482,22716807,967,19232,0,0,1242,1
2026-01-21T12:23:13.450539+00:00,s2-eth3,866,4780,11,66,0,0,0,0
2026-01-21T12:23:13.450539+00:00,s2-eth4,866,4780,11,66,0,0,0,0
2026-01-21T12:23:13.450539+00:00,s2-eth5,866,4604,11,64,0,0,0,0
2026-01-21T12:23:13.659276+00:00,s1-eth1,91906,22764259,999,19242,0,0,103282,85
2026-01-21T12:23:13.659276+00:00,s1-eth2,39979849,87593,33008,928,0,0,0,0
2026-01-21T12:23:13.659276+00:00,s1-eth3,2579,6611,35,95,0,0,0,0
2026-01-21T12:23:13.659276+00:00,s1-eth4,3020,6953,40,100,0,0,0,0
2026-01-21T12:23:13.659276+00:00,s1-eth5,2839,6969,39,100,0,0,0,0
2026-01-21T12:23:13.659276+00:00,s2-eth1,22766743,91906,19244,999,0,0,0,0
2026-01-21T12:23:13.659276+00:00,s2-eth2,89580,22769069,968,19275,0,0,0,0
2026-01-21T12:23:13.659276+00:00,s2-eth3,866,4780,11,66,0,0,0,0
2026-01-21T12:23:13.659276+00:00,s2-eth4,866,4780,11,66,0,0,0,0
2026-01-21T12:23:13.659276+00:00,s2-eth5,866,4604,11,64,0,0,0,0
2026-01-21T12:23:13.888904+00:00,s1-eth1,92004,22821489,1000,19289,0,0,103282,85
2026-01-21T12:23:13.888904+00:00,s1-eth2,40083033,87691,33092,929,0,0,0,0
2026-01-21T12:23:13.888904+00:00,s1-eth3,2579,6611,35,95,0,0,0,0
2026-01-21T12:23:13.888904+00:00,s1-eth4,3020,6953,40,100,0,0,0,0
2026-01-21T12:23:13.888904+00:00,s1-eth5,2839,6969,39,100,0,0,0,0
2026-01-21T12:23:13.888904+00:00,s2-eth1,22823973,92004,19291,1000,0,0,0,0
2026-01-21T12:23:13.888904+00:00,s2-eth2,89678,22826299,969,19322,0,0,1242,1
2026-01-21T12:23:13.888904+00:00,s2-eth3,866,4780,11,66,0,0,0,0
2026-01-21T12:23:13.888904+00:00,s2-eth4,866,4780,11,66,0,0,0,0
2026-01-21T12:23:13.888904+00:00,s2-eth5,866,4604,11,64,0,0,0,0
2026-01-21T12:23:14.050282+00:00,s1-eth1,92102,22861331,1001,19322,0,0,102040,84
2026-01-21T12:23:14.050282+00:00,s1-eth2,40157651,87789,33153,930,0,0,0,0
2026-01-21T12:23:14.050282+00:00,s1-eth3,2579,6611,35,95,0,0,0,0
2026-01-21T12:23:14.050282+00:00,s1-eth4,3020,6953,40,100,0,0,0,0
2026-01-21T12:23:14.050282+00:00,s1-eth5,2839,6969,39,100,0,0,0,0
2026-01-21T12:23:14.050282+00:00,s2-eth1,22863815,92102,19324,1001,0,0,0,0
2026-01-21T12:23:14.050282+00:00,s2-eth2,89776,22867383,970,19356,0,0,0,0
2026-01-21T12:23:14.050282+00:00,s2-eth3,866,4780,11,66,0,0,0,0
2026-01-21T12:23:14.050282+00:00,s2-eth4,866,4780,11,66,0,0,0,0
2026-01-21T12:23:14.050282+00:00,s2-eth5,866,4604,11,64,0,0,0,0
2026-01-21T12:23:14.250305+00:00,s1-eth1,92200,22911109,1002,19363,0,0,103282,85
2026-01-21T12:23:14.250305+00:00,s1-eth2,40247173,87887,33226,931,0,0,0,0
2026-01-21T12:23:14.250305+00:00,s1-eth3,2579,6611,35,95,0,0,0,0
2026-01-21T12:23:14.250305+00:00,s1-eth4,3020,6953,40,100,0,0,0,0
2026-01-21T12:23:14.250305+00:00,s1-eth5,2839,6969,39,100,0,0,0,0
2026-01-21T12:23:14.250305+00:00,s2-eth1,22914835,92200,19366,1002,0,0,0,0
2026-01-21T12:23:14.250305+00:00,s2-eth2,89874,22917161,971,19397,0,0,0,0
2026-01-21T12:23:14.250305+00:00,s2-eth3,866,4780,11,66,0,0,0,0
2026-01-21T12:23:14.250305+00:00,s2-eth4,866,4780,11,66,0,0,0,0
2026-01-21T12:23:14.250305+00:00,s2-eth5,866,4604,11,64,0,0,0,0
2026-01-21T12:23:14.450278+00:00,s1-eth1,92298,22962129,1003,19405,0,0,103282,85
2026-01-21T12:23:14.450278+00:00,s1-eth2,40337937,87985,33300,932,0,0,0,0
2026-01-21T12:23:14.450278+00:00,s1-eth3,2579,6611,35,95,0,0,0,0
2026-01-21T12:23:14.450278+00:00,s1-eth4,3020,6953,40,100,0,0,0,0
2026-01-21T12:23:14.450278+00:00,s1-eth5,2839,6969,39,100,0,0,0,0
2026-01-21T12:23:14.450278+00:00,s2-eth1,22964613,92298,19407,1003,0,0,0,0
2026-01-21T12:23:14.450278+00:00,s2-eth2,89972,22966939,972,19438,0,0,1242,1
2026-01-21T12:23:14.450278+00:00,s2-eth3,866,4780,11,66,0,0,0,0
2026-01-21T12:23:14.450278+00:00,s2-eth4,866,4780,11,66,0,0,0,0
2026-01-21T12:23:14.450278+00:00,s2-eth5,866,4604,11,64,0,0,0,0
2026-01-21T12:23:14.660597+00:00,s1-eth1,92396,23014391,1004,19448,0,0,103282,85
2026-01-21T12:23:14.660597+00:00,s1-eth2,40433669,88083,33378,933,0,0,0,0
2026-01-21T12:23:14.660597+00:00,s1-eth3,2579,6611,35,95,0,0,0,0
2026-01-21T12:23:14.660597+00:00,s1-eth4,3020,6953,40,100,0,0,0,0
2026-01-21T12:23:14.660597+00:00,s1-eth5,2839,6969,39,100,0,0,0,0
2026-01-21T12:23:14.660597+00:00,s2-eth1,23016875,92396,19450,1004,0,0,0,0
2026-01-21T12:23:14.660597+00:00,s2-eth2,90070,23019201,973,19481,0,0,1242,1
2026-01-21T12:23:14.660597+00:00,s2-eth3,866,4780,11,66,0,0,0,0
2026-01-21T12:23:14.660597+00:00,s2-eth4,866,4780,11,66,0,0,0,0
2026-01-21T12:23:14.660597+00:00,s2-eth5,866,4604,11,64,0,0,0,0
2026-01-21T12:23:14.852892+00:00,s1-eth1,92494,23062927,1005,19488,0,0,103282,85
2026-01-21T12:23:14.852892+00:00,s1-eth2,40520707,88181,33449,934,0,0,0,0
2026-01-21T12:23:14.852892+00:00,s1-eth3,2579,6611,35,95,0,0,0,0
2026-01-21T12:23:14.852892+00:00,s1-eth4,3020,6953,40,100,0,0,0,0
2026-01-21T12:23:14.852892+00:00,s1-eth5,2839,6969,39,100,0,0,0,0
2026-01-21T12:23:14.852892+00:00,s2-eth1,23065411,92494,19490,1005,0,0,0,0
2026-01-21T12:23:14.852892+00:00,s2-eth2,90168,23067737,974,19521,0,0,0,0
2026-01-21T12:23:14.852892+00:00,s2-eth3,866,4780,11,66,0,0,0,0
2026-01-21T12:23:14.852892+00:00,s2-eth4,866,4780,11,66,0,0,0,0
2026-01-21T12:23:14.852892+00:00,s2-eth5,866,4604,11,64,0,0,0,0
2026-01-21T12:23:15.142726+00:00,s1-eth1,92592,23135061,1006,19547,0,0,103282,85
2026-01-21T12:23:15.142726+00:00,s1-eth2,40652457,88279,33556,935,0,0,0,0
2026-01-21T12:23:15.142726+00:00,s1-eth3,2579,6611,35,95,0,0,0,0
2026-01-21T12:23:15.142726+00:00,s1-eth4,3020,6953,40,100,0,0,0,0
2026-01-21T12:23:15.142726+00:00,s1-eth5,2839,6969,39,100,0,0,0,0
2026-01-21T12:23:15.142726+00:00,s2-eth1,23137545,92592,19549,1006,0,0,0,0
2026-01-21T12:23:15.142726+00:00,s2-eth2,90266,23139871,975,19580,0,0,1242,1
2026-01-21T12:23:15.142726+00:00,s2-eth3,866,4780,11,66,0,0,0,0
2026-01-21T12:23:15.142726+00:00,s2-eth4,866,4780,11,66,0,0,0,0
2026-01-21T12:23:15.142726+00:00,s2-eth5,866,4604,11,64,0,0,0,0
2026-01-21T12:23:15.249861+00:00,s1-eth1,92592,23161143,1006,19568,0,0,103282,85
2026-01-21T12:23:15.249861+00:00,s1-eth2,40700993,88279,33596,935,0,0,0,0
2026-01-21T12:23:15.249861+00:00,s1-eth3,2579,6611,35,95,0,0,0,0
2026-01-21T12:23:15.249861+00:00,s1-eth4,3020,6953,40,100,0,0,0,0
2026-01-21T12:23:15.249861+00:00,s1-eth5,2839,6969,39,100,0,0,0,0
2026-01-21T12:23:15.249861+00:00,s2-eth1,23163725,92690,19571,1007,0,0,0,0
2026-01-21T12:23:15.249861+00:00,s2-eth2,90364,23167293,976,19603,0,0,0,0
2026-01-21T12:23:15.249861+00:00,s2-eth3,866,4780,11,66,0,0,0,0
2026-01-21T12:23:15.249861+00:00,s2-eth4,866,4780,11,66,0,0,0,0
2026-01-21T12:23:15.249861+00:00,s2-eth5,866,4604,11,64,0,0,0,0
2026-01-21T12:23:15.450561+00:00,s1-eth1,92690,23212163,1007,19610,0,0,103282,85
2026-01-21T12:23:15.450561+00:00,s1-eth2,40791659,88377,33669,936,0,0,0,0
2026-01-21T12:23:15.450561+00:00,s1-eth3,2579,6611,35,95,0,0,0,0
2026-01-21T12:23:15.450561+00:00,s1-eth4,3020,6953,40,100,0,0,0,0
2026-01-21T12:23:15.450561+00:00,s1-eth5,2839,6969,39,100,0,0,0,0
2026-01-21T12:23:15.450561+00:00,s2-eth1,23214647,92690,19612,1007,0,0,0,0
2026-01-21T12:23:15.450561+00:00,s2-eth2,90364,23216973,976,19643,0,0,0,0
2026-01-21T12:23:15.450561+00:00,s2-eth3,866,4780,11,66,0,0,0,0
2026-01-21T12:23:15.450561+00:00,s2-eth4,866,4780,11,66,0,0,0,0
2026-01-21T12:23:15.450561+00:00,s2-eth5,866,4604,11,64,0,0,0,0
2026-01-21T12:23:15.650281+00:00,s1-eth1,92788,23261941,1008,19651,0,0,103282,85
2026-01-21T12:23:15.650281+00:00,s1-eth2,40882423,88475,33743,937,0,0,0,0
2026-01-21T12:23:15.650281+00:00,s1-eth3,2579,6611,35,95,0,0,0,0
2026-01-21T12:23:15.650281+00:00,s1-eth4,3020,6953,40,100,0,0,0,0
2026-01-21T12:23:15.650281+00:00,s1-eth5,2839,6969,39,100,0,0,0,0
2026-01-21T12:23:15.650281+00:00,s2-eth1,23264425,92788,19653,1008,0,0,0,0
2026-01-21T12:23:15.650281+00:00,s2-eth2,90462,23266751,977,19684,0,0,1242,1
2026-01-21T12:23:15.650281+00:00,s2-eth3,866,4780,11,66,0,0,0,0
2026-01-21T12:23:15.650281+00:00,s2-eth4,866,4780,11,66,0,0,0,0
2026-01-21T12:23:15.650281+00:00,s2-eth5,866,4604,11,64,0,0,0,0
2026-01-21T12:23:15.849936+00:00,s1-eth1,92886,23311719,1009,19692,0,0,103282,85
2026-01-21T12:23:15.849936+00:00,s1-eth2,40971945,88573,33816,938,0,0,0,0
2026-01-21T12:23:15.849936+00:00,s1-eth3,2579,6611,35,95,0,0,0,0
2026-01-21T12:23:15.849936+00:00,s1-eth4,3020,6953,40,100,0,0,0,0
2026-01-21T12:23:15.849936+00:00,s1-eth5,2839,6969,39,100,0,0,0,0
2026-01-21T12:23:15.849936+00:00,s2-eth1,23314203,92886,19694,1009,0,0,0,0
2026-01-21T12:23:15.849936+00:00,s2-eth2,90560,23316529,978,19725,0,0,0,0
2026-01-21T12:23:15.849936+00:00,s2-eth3,866,4780,11,66,0,0,0,0
2026-01-21T12:23:15.849936+00:00,s2-eth4,866,4780,11,66,0,0,0,0
2026-01-21T12:23:15.849936+00:00,s2-eth5,866,4604,11,64,0,0,0,0
2026-01-21T12:23:16.049849+00:00,s1-eth1,92984,23361497,1010,19733,0,0,103282,85
2026-01-21T12:23:16.049849+00:00,s1-eth2,41062709,88671,33890,939,0,0,0,0
2026-01-21T12:23:16.049849+00:00,s1-eth3,2579,6611,35,95,0,0,0,0
2026-01-21T12:23:16.049849+00:00,s1-eth4,3020,6953,40,100,0,0,0,0
2026-01-21T12:23:16.049849+00:00,s1-eth5,2839,6969,39,100,0,0,0,0
2026-01-21T12:23:16.049849+00:00,s2-eth1,23363981,92984,19735,1010,0,0,0,0
2026-01-21T12:23:16.049849+00:00,s2-eth2,90658,23367549,979,19767,0,0,0,0
2026-01-21T12:23:16.049849+00:00,s2-eth3,866,4780,11,66,0,0,0,0
2026-01-21T12:23:16.049849+00:00,s2-eth4,866,4780,11,66,0,0,0,0
2026-01-21T12:23:16.049849+00:00,s2-eth5,866,4604,11,64,0,0,0,0
2026-01-21T12:23:16.251206+00:00,s1-eth1,93082,23412517,1011,19775,0,0,103282,85
2026-01-21T12:23:16.251206+00:00,s1-eth2,41154715,88769,33965,940,0,0,0,0
2026-01-21T12:23:16.251206+00:00,s1-eth3,2579,6611,35,95,0,0,0,0
2026-01-21T12:23:16.251206+00:00,s1-eth4,3020,6953,40,100,0,0,0,0
2026-01-21T12:23:16.251206+00:00,s1-eth5,2839,6969,39,100,0,0,0,0
2026-01-21T12:23:16.251206+00:00,s2-eth1,23416341,93082,19779,1011,0,0,0,0
2026-01-21T12:23:16.251206+00:00,s2-eth2,90756,23418667,980,19810,0,0,1242,1
2026-01-21T12:23:16.251206+00:00,s2-eth3,866,4780,11,66,0,0,0,0
2026-01-21T12:23:16.251206+00:00,s2-eth4,866,4780,11,66,0,0,0,0
2026-01-21T12:23:16.251206+00:00,s2-eth5,866,4604,11,64,0,0,0,0
2026-01-21T12:23:16.450633+00:00,s1-eth1,93180,23462295,1012,19816,0,0,103282,85
2026-01-21T12:23:16.450633+00:00,s1-eth2,41244237,88867,34038,941,0,0,0,0
2026-01-21T12:23:16.450633+00:00,s1-eth3,2579,6611,35,95,0,0,0,0
2026-01-21T12:23:16.450633+00:00,s1-eth4,3020,6953,40,100,0,0,0,0
2026-01-21T12:23:16.450633+00:00,s1-eth5,2839,6969,39,100,0,0,0,0
2026-01-21T12:23:16.450633+00:00,s2-eth1,23464779,93180,19818,1012,0,0,0,0
2026-01-21T12:23:16.450633+00:00,s2-eth2,90854,23467105,981,19849,0,0,0,0
2026-01-21T12:23:16.450633+00:00,s2-eth3,866,4780,11,66,0,0,0,0
2026-01-21T12:23:16.450633+00:00,s2-eth4,866,4780,11,66,0,0,0,0
2026-01-21T12:23:16.450633+00:00,s2-eth5,866,4604,11,64,0,0,0,0
2026-01-21T12:23:16.656450+00:00,s1-eth1,93278,23513315,1013,19858,0,0,103380,86
2026-01-21T12:23:16.656450+00:00,s1-eth2,41337583,88965,34115,942,0,0,0,0
2026-01-21T12:23:16.656450+00:00,s1-eth3,2579,6611,35,95,0,0,0,0
2026-01-21T12:23:16.656450+00:00,s1-eth4,3020,6953,40,100,0,0,0,0
2026-01-21T12:23:16.656450+00:00,s1-eth5,2839,6969,39,100,0,0,0,0
2026-01-21T12:23:16.656450+00:00,s2-eth1,23515897,93278,19861,1013,0,0,0,0
2026-01-21T12:23:16.656450+00:00,s2-eth2,91050,23518223,983,19892,0,0,0,0
2026-01-21T12:23:16.656450+00:00,s2-eth3,866,4780,11,66,0,0,0,0
2026-01-21T12:23:16.656450+00:00,s2-eth4,866,4780,11,66,0,0,0,0
2026-01-21T12:23:16.656450+00:00,s2-eth5,866,4604,11,64,0,0,0,0
2026-01-21T12:23:16.850952+00:00,s1-eth1,93376,23561851,1014,19898,0,0,103282,85
2026-01-21T12:23:16.850952+00:00,s1-eth2,41425765,89063,34186,943,0,0,0,0
2026-01-21T12:23:16.850952+00:00,s1-eth3,2579,6611,35,95,0,0,0,0
2026-01-21T12:23:16.850952+00:00,s1-eth4,3020,6953,40,100,0,0,0,0
2026-01-21T12:23:16.850952+00:00,s1-eth5,2839,6969,39,100,0,0,0,0
2026-01-21T12:23:16.850952+00:00,s2-eth1,23564335,93376,19900,1014,0,0,0,0
2026-01-21T12:23:16.850952+00:00,s2-eth2,91050,23566661,983,19931,0,0,1242,1
2026-01-21T12:23:16.850952+00:00,s2-eth3,866,4780,11,66,0,0,0,0
2026-01-21T12:23:16.850952+00:00,s2-eth4,866,4780,11,66,0,0,0,0
2026-01-21T12:23:16.850952+00:00,s2-eth5,866,4604,11,64,0,0,0,0
2026-01-21T12:23:17.050923+00:00,s1-eth1,93474,23611629,1015,19939,0,0,102040,84
2026-01-21T12:23:17.050923+00:00,s1-eth2,41516529,89161,34260,944,0,0,0,0
2026-01-21T12:23:17.050923+00:00,s1-eth3,2579,6611,35,95,0,0,0,0
2026-01-21T12:23:17.050923+00:00,s1-eth4,3020,6953,40,100,0,0,0,0
2026-01-21T12:23:17.050923+00:00,s1-eth5,2839,6969,39,100,0,0,0,0
2026-01-21T12:23:17.050923+00:00,s2-eth1,23614113,93474,19941,1015,0,0,0,0
2026-01-21T12:23:17.050923+00:00,s2-eth2,91148,23616439,984,19972,0,0,0,0
2026-01-21T12:23:17.050923+00:00,s2-eth3,866,4780,11,66,0,0,0,0
2026-01-21T12:23:17.050923+00:00,s2-eth4,866,4780,11,66,0,0,0,0
2026-01-21T12:23:17.050923+00:00,s2-eth5,866,4604,11,64,0,0,0,0
2026-01-21T12:23:17.249968+00:00,s1-eth1,93572,23661407,1016,19980,0,0,102040,84
2026-01-21T12:23:17.249968+00:00,s1-eth2,41606051,89259,34333,945,0,0,0,0
2026-01-21T12:23:17.249968+00:00,s1-eth3,2579,6611,35,95,0,0,0,0
2026-01-21T12:23:17.249968+00:00,s1-eth4,3020,6953,40,100,0,0,0,0
2026-01-21T12:23:17.249968+00:00,s1-eth5,2839,6969,39,100,0,0,0,0
2026-01-21T12:23:17.249968+00:00,s2-eth1,23663891,93572,19982,1016,0,0,0,0
2026-01-21T12:23:17.249968+00:00,s2-eth2,91246,23667459,985,20014,0,0,0,0
2026-01-21T12:23:17.249968+00:00,s2-eth3,866,4780,11,66,0,0,0,0
2026-01-21T12:23:17.249968+00:00,s2-eth4,866,4780,11,66,0,0,0,0
2026-01-21T12:23:17.249968+00:00,s2-eth5,866,4604,11,64,0,0,0,0
2026-01-21T12:23:17.450222+00:00,s1-eth1,93670,23711185,1017,20021,0,0,102040,84
2026-01-21T12:23:17.450222+00:00,s1-eth2,41696815,89357,34407,946,0,0,0,0
2026-01-21T12:23:17.450222+00:00,s1-eth3,2579,6611,35,95,0,0,0,0
2026-01-21T12:23:17.450222+00:00,s1-eth4,3020,6953,40,100,0,0,0,0
2026-01-21T12:23:17.450222+00:00,s1-eth5,2839,6969,39,100,0,0,0,0
2026-01-21T12:23:17.450222+00:00,s2-eth1,23713669,93670,20023,1017,0,0,0,0
2026-01-21T12:23:17.450222+00:00,s2-eth2,91344,23715995,986,20054,0,0,0,0
2026-01-21T12:23:17.450222+00:00,s2-eth3,866,4780,11,66,0,0,0,0
2026-01-21T12:23:17.450222+00:00,s2-eth4,866,4780,11,66,0,0,0,0
2026-01-21T12:23:17.450222+00:00,s2-eth5,866,4604,11,64,0,0,0,0
2026-01-21T12:23:17.655227+00:00,s1-eth1,93768,23763447,1018,20064,0,0,103282,85
2026-01-21T12:23:17.655227+00:00,s1-eth2,41787579,89455,34481,947,0,0,0,0
2026-01-21T12:23:17.655227+00:00,s1-eth3,2579,6611,35,95,0,0,0,0
2026-01-21T12:23:17.655227+00:00,s1-eth4,3020,6953,40,100,0,0,0,0
2026-01-21T12:23:17.655227+00:00,s1-eth5,2839,6969,39,100,0,0,0,0
2026-01-21T12:23:17.655227+00:00,s2-eth1,23767173,93768,20067,1018,0,0,0,0
2026-01-21T12:23:17.655227+00:00,s2-eth2,91442,23769499,987,20098,0,0,1340,2
2026-01-21T12:23:17.655227+00:00,s2-eth3,866,4780,11,66,0,0,0,0
2026-01-21T12:23:17.655227+00:00,s2-eth4,866,4780,11,66,0,0,0,0
2026-01-21T12:23:17.655227+00:00,s2-eth5,866,4604,11,64,0,0,0,0
2026-01-21T12:23:18.020551+00:00,s1-eth1,93866,23788385,1019,20085,0,0,89687,75
2026-01-21T12:23:18.020551+00:00,s1-eth2,41812584,89553,34503,948,0,0,0,0
2026-01-21T12:23:18.020551+00:00,s1-eth3,2579,6611,35,95,0,0,0,0
2026-01-21T12:23:18.020551+00:00,s1-eth4,3020,6953,40,100,0,0,0,0
2026-01-21T12:23:18.020551+00:00,s1-eth5,2839,6969,39,100,0,0,0,0
2026-01-21T12:23:18.020551+00:00,s2-eth1,23788385,93866,20085,1019,0,0,0,0
2026-01-21T12:23:18.020551+00:00,s2-eth2,91540,23789469,988,20115,0,0,1242,1
2026-01-21T12:23:18.020551+00:00,s2-eth3,866,4780,11,66,0,0,0,0
2026-01-21T12:23:18.020551+00:00,s2-eth4,866,4780,11,66,0,0,0,0
2026-01-21T12:23:18.020551+00:00,s2-eth5,866,4604,11,64,0,0,0,0
2026-01-21T12:23:19.022655+00:00,s1-eth1,93866,23792111,1019,20088,0,0,86059,73
2026-01-21T12:23:19.022655+00:00,s1-eth2,41812682,89553,34504,948,0,0,0,0
2026-01-21T12:23:19.022655+00:00,s1-eth3,2579,6611,35,95,0,0,0,0
2026-01-21T12:23:19.022655+00:00,s1-eth4,3020,6953,40,100,0,0,0,0
2026-01-21T12:23:19.022655+00:00,s1-eth5,2839,6969,39,100,0,0,0,0
2026-01-21T12:23:19.022655+00:00,s2-eth1,23798321,93866,20093,1019,0,0,0,0
2026-01-21T12:23:19.022655+00:00,s2-eth2,91540,23798163,988,20122,0,0,2484,2
2026-01-21T12:23:19.022655+00:00,s2-eth3,866,4780,11,66,0,0,0,0
2026-01-21T12:23:19.022655+00:00,s2-eth4,866,4780,11,66,0,0,0,0
2026-01-21T12:23:19.022655+00:00,s2-eth5,866,4604,11,64,0,0,0,0
2026-01-21T12:23:20.053722+00:00,s1-eth1,93866,23798321,1019,20093,0,0,79947,69
2026-01-21T12:23:20.053722+00:00,s1-eth2,41812780,89553,34505,948,0,0,0,0
2026-01-21T12:23:20.053722+00:00,s1-eth3,2579,6611,35,95,0,0,0,0
2026-01-21T12:23:20.053722+00:00,s1-eth4,3020,6953,40,100,0,0,0,0
2026-01-21T12:23:20.053722+00:00,s1-eth5,2839,6969,39,100,0,0,0,0
2026-01-21T12:23:20.053722+00:00,s2-eth1,23798321,93866,20093,1019,0,0,0,0
2026-01-21T12:23:20.053722+00:00,s2-eth2,91540,23798163,988,20122,0,0,2484,2
2026-01-21T12:23:20.053722+00:00,s2-eth3,866,4780,11,66,0,0,0,0
2026-01-21T12:23:20.053722+00:00,s2-eth4,866,4780,11,66,0,0,0,0
2026-01-21T12:23:20.053722+00:00,s2-eth5,866,4604,11,64,0,0,0,0
2026-01-21T12:23:20.094235+00:00,s1-eth1,93866,23798321,1019,20093,0,0,79947,69
2026-01-21T12:23:20.094235+00:00,s1-eth2,41812780,89553,34505,948,0,0,0,0
2026-01-21T12:23:20.094235+00:00,s1-eth3,2579,6611,35,95,0,0,0,0
2026-01-21T12:23:20.094235+00:00,s1-eth4,3020,6953,40,100,0,0,0,0
2026-01-21T12:23:20.094235+00:00,s1-eth5,2839,6969,39,100,0,0,0,0
2026-01-21T12:23:20.094235+00:00,s2-eth1,23798321,93866,20093,1019,0,0,0,0
2026-01-21T12:23:20.094235+00:00,s2-eth2,91540,23798163,988,20122,0,0,2484,2
2026-01-21T12:23:20.094235+00:00,s2-eth3,866,4780,11,66,0,0,0,0
2026-01-21T12:23:20.094235+00:00,s2-eth4,866,4780,11,66,0,0,0,0
2026-01-21T12:23:20.094235+00:00,s2-eth5,866,4604,11,64,0,0,0,0
2026-01-21T12:23:20.136116+00:00,s1-eth1,93866,23798321,1019,20093,0,0,79947,69
2026-01-21T12:23:20.136116+00:00,s1-eth2,41812780,89553,34505,948,0,0,0,0
2026-01-21T12:23:20.136116+00:00,s1-eth3,2579,6611,35,95,0,0,0,0
2026-01-21T12:23:20.136116+00:00,s1-eth4,3020,6953,40,100,0,0,0,0
2026-01-21T12:23:20.136116+00:00,s1-eth5,2839,6969,39,100,0,0,0,0
2026-01-21T12:23:20.136116+00:00,s2-eth1,23798321,93866,20093,1019,0,0,0,0
2026-01-21T12:23:20.136116+00:00,s2-eth2,91540,23798163,988,20122,0,0,2484,2
2026-01-21T12:23:20.136116+00:00,s2-eth3,866,4780,11,66,0,0,0,0
2026-01-21T12:23:20.136116+00:00,s2-eth4,866,4780,11,66,0,0,0,0
2026-01-21T12:23:20.136116+00:00,s2-eth5,866,4604,11,64,0,0,0,0
2026-01-21T12:23:20.172169+00:00,s1-eth1,93866,23798321,1019,20093,0,0,79947,69
2026-01-21T12:23:20.172169+00:00,s1-eth2,41812780,89553,34505,948,0,0,0,0
2026-01-21T12:23:20.172169+00:00,s1-eth3,2579,6611,35,95,0,0,0,0
2026-01-21T12:23:20.172169+00:00,s1-eth4,3020,6953,40,100,0,0,0,0
2026-01-21T12:23:20.172169+00:00,s1-eth5,2839,6969,39,100,0,0,0,0
2026-01-21T12:23:20.172169+00:00,s2-eth1,23798321,93866,20093,1019,0,0,0,0
2026-01-21T12:23:20.172169+00:00,s2-eth2,91540,23798163,988,20122,0,0,2484,2
2026-01-21T12:23:20.172169+00:00,s2-eth3,866,4780,11,66,0,0,0,0
2026-01-21T12:23:20.172169+00:00,s2-eth4,866,4780,11,66,0,0,0,0
2026-01-21T12:23:20.172169+00:00,s2-eth5,866,4604,11,64,0,0,0,0
2026-01-21T12:23:20.200085+00:00,s1-eth1,93866,23798321,1019,20093,0,0,79947,69
2026-01-21T12:23:20.200085+00:00,s1-eth2,41812780,89553,34505,948,0,0,0,0
2026-01-21T12:23:20.200085+00:00,s1-eth3,2579,6611,35,95,0,0,0,0
2026-01-21T12:23:20.200085+00:00,s1-eth4,3020,6953,40,100,0,0,0,0
2026-01-21T12:23:20.200085+00:00,s1-eth5,2839,6969,39,100,0,0,0,0
2026-01-21T12:23:20.200085+00:00,s2-eth1,23798321,93866,20093,1019,0,0,0,0
2026-01-21T12:23:20.200085+00:00,s2-eth2,91540,23798163,988,20122,0,0,2484,2
2026-01-21T12:23:20.200085+00:00,s2-eth3,866,4780,11,66,0,0,0,0
2026-01-21T12:23:20.200085+00:00,s2-eth4,866,4780,11,66,0,0,0,0
2026-01-21T12:23:20.200085+00:00,s2-eth5,866,4604,11,64,0,0,0,0
2026-01-21T12:23:20.224851+00:00,s1-eth1,93866,23798321,1019,20093,0,0,79947,69
2026-01-21T12:23:20.224851+00:00,s1-eth2,41812780,89553,34505,948,0,0,0,0
2026-01-21T12:23:20.224851+00:00,s1-eth3,2579,6611,35,95,0,0,0,0
2026-01-21T12:23:20.224851+00:00,s1-eth4,3020,6953,40,100,0,0,0,0
2026-01-21T12:23:20.224851+00:00,s1-eth5,2839,6969,39,100,0,0,0,0
2026-01-21T12:23:20.224851+00:00,s2-eth1,23798321,93866,20093,1019,0,0,0,0
2026-01-21T12:23:20.224851+00:00,s2-eth2,91540,23798163,988,20122,0,0,2484,2
2026-01-21T12:23:20.224851+00:00,s2-eth3,866,4780,11,66,0,0,0,0
2026-01-21T12:23:20.224851+00:00,s2-eth4,866,4780,11,66,0,0,0,0
2026-01-21T12:23:20.224851+00:00,s2-eth5,866,4604,11,64,0,0,0,0
2026-01-21T12:23:20.246953+00:00,s1-eth1,93866,23798321,1019,20093,0,0,79947,69
2026-01-21T12:23:20.246953+00:00,s1-eth2,41812780,89553,34505,948,0,0,0,0
2026-01-21T12:23:20.246953+00:00,s1-eth3,2579,6611,35,95,0,0,0,0
2026-01-21T12:23:20.246953+00:00,s1-eth4,3020,6953,40,100,0,0,0,0
2026-01-21T12:23:20.246953+00:00,s1-eth5,2839,6969,39,100,0,0,0,0
2026-01-21T12:23:20.246953+00:00,s2-eth1,23798321,93866,20093,1019,0,0,0,0
2026-01-21T12:23:20.246953+00:00,s2-eth2,91540,23798163,988,20122,0,0,2484,2
2026-01-21T12:23:20.246953+00:00,s2-eth3,866,4780,11,66,0,0,0,0
2026-01-21T12:23:20.246953+00:00,s2-eth4,866,4780,11,66,0,0,0,0
2026-01-21T12:23:20.246953+00:00,s2-eth5,866,4604,11,64,0,0,0,0
2026-01-21T12:23:20.267589+00:00,s1-eth1,93866,23798321,1019,20093,0,0,79947,69
2026-01-21T12:23:20.267589+00:00,s1-eth2,41812780,89553,34505,948,0,0,0,0
2026-01-21T12:23:20.267589+00:00,s1-eth3,2579,6611,35,95,0,0,0,0
2026-01-21T12:23:20.267589+00:00,s1-eth4,3020,6953,40,100,0,0,0,0
2026-01-21T12:23:20.267589+00:00,s1-eth5,2839,6969,39,100,0,0,0,0
2026-01-21T12:23:20.267589+00:00,s2-eth1,23798321,93866,20093,1019,0,0,0,0
2026-01-21T12:23:20.267589+00:00,s2-eth2,91540,23798163,988,20122,0,0,2484,2
2026-01-21T12:23:20.267589+00:00,s2-eth3,866,4780,11,66,0,0,0,0
2026-01-21T12:23:20.267589+00:00,s2-eth4,866,4780,11,66,0,0,0,0
2026-01-21T12:23:20.267589+00:00,s2-eth5,866,4604,11,64,0,0,0,0
2026-01-21T12:23:20.289337+00:00,s1-eth1,93866,23798321,1019,20093,0,0,79947,69
2026-01-21T12:23:20.289337+00:00,s1-eth2,41812780,89553,34505,948,0,0,0,0
2026-01-21T12:23:20.289337+00:00,s1-eth3,2579,6611,35,95,0,0,0,0
2026-01-21T12:23:20.289337+00:00,s1-eth4,3020,6953,40,100,0,0,0,0
2026-01-21T12:23:20.289337+00:00,s1-eth5,2839,6969,39,100,0,0,0,0
2026-01-21T12:23:20.289337+00:00,s2-eth1,23798321,93866,20093,1019,0,0,0,0
2026-01-21T12:23:20.289337+00:00,s2-eth2,91540,23798163,988,20122,0,0,2484,2
2026-01-21T12:23:20.289337+00:00,s2-eth3,866,4780,11,66,0,0,0,0
2026-01-21T12:23:20.289337+00:00,s2-eth4,866,4780,11,66,0,0,0,0
2026-01-21T12:23:20.289337+00:00,s2-eth5,866,4604,11,64,0,0,0,0
2026-01-21T12:23:20.309379+00:00,s1-eth1,93866,23798321,1019,20093,0,0,79947,69
2026-01-21T12:23:20.309379+00:00,s1-eth2,41812780,89553,34505,948,0,0,0,0
2026-01-21T12:23:20.309379+00:00,s1-eth3,2579,6611,35,95,0,0,0,0
2026-01-21T12:23:20.309379+00:00,s1-eth4,3020,6953,40,100,0,0,0,0
2026-01-21T12:23:20.309379+00:00,s1-eth5,2839,6969,39,100,0,0,0,0
2026-01-21T12:23:20.309379+00:00,s2-eth1,23798321,93866,20093,1019,0,0,0,0
2026-01-21T12:23:20.309379+00:00,s2-eth2,91540,23798163,988,20122,0,0,2484,2
2026-01-21T12:23:20.309379+00:00,s2-eth3,866,4780,11,66,0,0,0,0
2026-01-21T12:23:20.309379+00:00,s2-eth4,866,4780,11,66,0,0,0,0
2026-01-21T12:23:20.309379+00:00,s2-eth5,866,4604,11,64,0,0,0,0
2026-01-21T12:23:20.328515+00:00,s1-eth1,93866,23798321,1019,20093,0,0,79947,69
2026-01-21T12:23:20.328515+00:00,s1-eth2,41812780,89553,34505,948,0,0,0,0
2026-01-21T12:23:20.328515+00:00,s1-eth3,2579,6611,35,95,0,0,0,0
2026-01-21T12:23:20.328515+00:00,s1-eth4,3020,6953,40,100,0,0,0,0
2026-01-21T12:23:20.328515+00:00,s1-eth5,2839,6969,39,100,0,0,0,0
2026-01-21T12:23:20.328515+00:00,s2-eth1,23798321,93866,20093,1019,0,0,0,0
2026-01-21T12:23:20.328515+00:00,s2-eth2,91540,23798163,988,20122,0,0,2484,2
2026-01-21T12:23:20.328515+00:00,s2-eth3,866,4780,11,66,0,0,0,0
2026-01-21T12:23:20.328515+00:00,s2-eth4,866,4780,11,66,0,0,0,0
2026-01-21T12:23:20.328515+00:00,s2-eth5,866,4604,11,64,0,0,0,0
2026-01-21T12:23:22.021532+00:00,s1-eth1,93866,23805773,1019,20099,0,0,72593,64
2026-01-21T12:23:22.021532+00:00,s1-eth2,41812878,89553,34506,948,0,0,0,0
2026-01-21T12:23:22.021532+00:00,s1-eth3,2579,6611,35,95,0,0,0,0
2026-01-21T12:23:22.021532+00:00,s1-eth4,3020,6953,40,100,0,0,0,0
2026-01-21T12:23:22.021532+00:00,s1-eth5,2839,6969,39,100,0,0,0,0
2026-01-21T12:23:22.021532+00:00,s2-eth1,23805773,93866,20099,1019,0,0,0,0
2026-01-21T12:23:22.021532+00:00,s2-eth2,91540,23808099,988,20130,0,0,0,0
2026-01-21T12:23:22.021532+00:00,s2-eth3,866,4780,11,66,0,0,0,0
2026-01-21T12:23:22.021532+00:00,s2-eth4,866,4780,11,66,0,0,0,0
2026-01-21T12:23:22.021532+00:00,s2-eth5,866,4604,11,64,0,0,0,0
2026-01-21T12:23:22.039492+00:00,s1-eth1,93866,23805773,1019,20099,0,0,72593,64
2026-01-21T12:23:22.039492+00:00,s1-eth2,41812878,89553,34506,948,0,0,0,0
2026-01-21T12:23:22.039492+00:00,s1-eth3,2579,6611,35,95,0,0,0,0
2026-01-21T12:23:22.039492+00:00,s1-eth4,3020,6953,40,100,0,0,0,0
2026-01-21T12:23:22.039492+00:00,s1-eth5,2839,6969,39,100,0,0,0,0
2026-01-21T12:23:22.039492+00:00,s2-eth1,23805773,93866,20099,1019,0,0,0,0
2026-01-21T12:23:22.039492+00:00,s2-eth2,91540,23808099,988,20130,0,0,0,0
2026-01-21T12:23:22.039492+00:00,s2-eth3,866,4780,11,66,0,0,0,0
2026-01-21T12:23:22.039492+00:00,s2-eth4,866,4780,11,66,0,0,0,0
2026-01-21T12:23:22.039492+00:00,s2-eth5,866,4604,11,64,0,0,0,0
2026-01-21T12:23:22.054852+00:00,s1-eth1,93866,23805773,1019,20099,0,0,72593,64
2026-01-21T12:23:22.054852+00:00,s1-eth2,41812878,89553,34506,948,0,0,0,0
2026-01-21T12:23:22.054852+00:00,s1-eth3,2579,6611,35,95,0,0,0,0
2026-01-21T12:23:22.054852+00:00,s1-eth4,3020,6953,40,100,0,0,0,0
2026-01-21T12:23:22.054852+00:00,s1-eth5,2839,6969,39,100,0,0,0,0
2026-01-21T12:23:22.054852+00:00,s2-eth1,23805773,93866,20099,1019,0,0,0,0
2026-01-21T12:23:22.054852+00:00,s2-eth2,91540,23808099,988,20130,0,0,0,0
2026-01-21T12:23:22.054852+00:00,s2-eth3,866,4780,11,66,0,0,0,0
2026-01-21T12:23:22.054852+00:00,s2-eth4,866,4780,11,66,0,0,0,0
2026-01-21T12:23:22.054852+00:00,s2-eth5,866,4604,11,64,0,0,0,0
2026-01-21T12:23:22.071232+00:00,s1-eth1,93866,23805773,1019,20099,0,0,72593,64
2026-01-21T12:23:22.071232+00:00,s1-eth2,41812878,89553,34506,948,0,0,0,0
2026-01-21T12:23:22.071232+00:00,s1-eth3,2579,6611,35,95,0,0,0,0
2026-01-21T12:23:22.071232+00:00,s1-eth4,3020,6953,40,100,0,0,0,0
2026-01-21T12:23:22.071232+00:00,s1-eth5,2839,6969,39,100,0,0,0,0
2026-01-21T12:23:22.071232+00:00,s2-eth1,23805773,93866,20099,1019,0,0,0,0
2026-01-21T12:23:22.071232+00:00,s2-eth2,91540,23808099,988,20130,0,0,0,0
2026-01-21T12:23:22.071232+00:00,s2-eth3,866,4780,11,66,0,0,0,0
2026-01-21T12:23:22.071232+00:00,s2-eth4,866,4780,11,66,0,0,0,0
2026-01-21T12:23:22.071232+00:00,s2-eth5,866,4604,11,64,0,0,0,0
2026-01-21T12:23:22.088164+00:00,s1-eth1,93866,23805773,1019,20099,0,0,72593,64
2026-01-21T12:23:22.088164+00:00,s1-eth2,41812878,89553,34506,948,0,0,0,0
2026-01-21T12:23:22.088164+00:00,s1-eth3,2579,6611,35,95,0,0,0,0
2026-01-21T12:23:22.088164+00:00,s1-eth4,3020,6953,40,100,0,0,0,0
2026-01-21T12:23:22.088164+00:00,s1-eth5,2839,6969,39,100,0,0,0,0
2026-01-21T12:23:22.088164+00:00,s2-eth1,23805773,93866,20099,1019,0,0,0,0
2026-01-21T12:23:22.088164+00:00,s2-eth2,91540,23808099,988,20130,0,0,0,0
2026-01-21T12:23:22.088164+00:00,s2-eth3,866,4780,11,66,0,0,0,0
2026-01-21T12:23:22.088164+00:00,s2-eth4,866,4780,11,66,0,0,0,0
2026-01-21T12:23:22.088164+00:00,s2-eth5,866,4604,11,64,0,0,0,0
2026-01-21T12:23:22.103610+00:00,s1-eth1,93866,23805773,1019,20099,0,0,72593,64
2026-01-21T12:23:22.103610+00:00,s1-eth2,41812878,89553,34506,948,0,0,0,0
2026-01-21T12:23:22.103610+00:00,s1-eth3,2579,6611,35,95,0,0,0,0
2026-01-21T12:23:22.103610+00:00,s1-eth4,3020,6953,40,100,0,0,0,0
2026-01-21T12:23:22.103610+00:00,s1-eth5,2839,6969,39,100,0,0,0,0
2026-01-21T12:23:22.103610+00:00,s2-eth1,23805773,93866,20099,1019,0,0,0,0
2026-01-21T12:23:22.103610+00:00,s2-eth2,91540,23808099,988,20130,0,0,0,0
2026-01-21T12:23:22.103610+00:00,s2-eth3,866,4780,11,66,0,0,0,0
2026-01-21T12:23:22.103610+00:00,s2-eth4,866,4780,11,66,0,0,0,0
2026-01-21T12:23:22.103610+00:00,s2-eth5,866,4604,11,64,0,0,0,0
2026-01-21T12:23:22.119363+00:00,s1-eth1,93866,23805773,1019,20099,0,0,72593,64
2026-01-21T12:23:22.119363+00:00,s1-eth2,41812878,89553,34506,948,0,0,0,0
2026-01-21T12:23:22.119363+00:00,s1-eth3,2579,6611,35,95,0,0,0,0
2026-01-21T12:23:22.119363+00:00,s1-eth4,3020,6953,40,100,0,0,0,0
2026-01-21T12:23:22.119363+00:00,s1-eth5,2839,6969,39,100,0,0,0,0
2026-01-21T12:23:22.119363+00:00,s2-eth1,23805773,93866,20099,1019,0,0,0,0
2026-01-21T12:23:22.119363+00:00,s2-eth2,91540,23808099,988,20130,0,0,0,0
2026-01-21T12:23:22.119363+00:00,s2-eth3,866,4780,11,66,0,0,0,0
2026-01-21T12:23:22.119363+00:00,s2-eth4,866,4780,11,66,0,0,0,0
2026-01-21T12:23:22.119363+00:00,s2-eth5,866,4604,11,64,0,0,0,0
2026-01-21T12:23:22.135263+00:00,s1-eth1,93866,23805773,1019,20099,0,0,72593,64
2026-01-21T12:23:22.135263+00:00,s1-eth2,41812878,89553,34506,948,0,0,0,0
2026-01-21T12:23:22.135263+00:00,s1-eth3,2579,6611,35,95,0,0,0,0
2026-01-21T12:23:22.135263+00:00,s1-eth4,3020,6953,40,100,0,0,0,0
2026-01-21T12:23:22.135263+00:00,s1-eth5,2839,6969,39,100,0,0,0,0
2026-01-21T12:23:22.135263+00:00,s2-eth1,23805773,93866,20099,1019,0,0,0,0
2026-01-21T12:23:22.135263+00:00,s2-eth2,91540,23808099,988,20130,0,0,0,0
2026-01-21T12:23:22.135263+00:00,s2-eth3,866,4780,11,66,0,0,0,0
2026-01-21T12:23:22.135263+00:00,s2-eth4,866,4780,11,66,0,0,0,0
2026-01-21T12:23:22.135263+00:00,s2-eth5,866,4604,11,64,0,0,0,0
2026-01-21T12:23:22.153808+00:00,s1-eth1,93866,23805773,1019,20099,0,0,72593,64
2026-01-21T12:23:22.153808+00:00,s1-eth2,41812878,89553,34506,948,0,0,0,0
2026-01-21T12:23:22.153808+00:00,s1-eth3,2579,6611,35,95,0,0,0,0
2026-01-21T12:23:22.153808+00:00,s1-eth4,3020,6953,40,100,0,0,0,0
2026-01-21T12:23:22.153808+00:00,s1-eth5,2839,6969,39,100,0,0,0,0
2026-01-21T12:23:22.153808+00:00,s2-eth1,23805773,93866,20099,1019,0,0,0,0
2026-01-21T12:23:22.153808+00:00,s2-eth2,91540,23808099,988,20130,0,0,0,0
2026-01-21T12:23:22.153808+00:00,s2-eth3,866,4780,11,66,0,0,0,0
2026-01-21T12:23:22.153808+00:00,s2-eth4,866,4780,11,66,0,0,0,0
2026-01-21T12:23:22.153808+00:00,s2-eth5,866,4604,11,64,0,0,0,0
2026-01-21T12:23:26.024475+00:00,s1-eth1,93866,23820775,1019,20112,0,0,57689,52
2026-01-21T12:23:26.024475+00:00,s1-eth2,41812976,89553,34507,948,0,0,0,0
2026-01-21T12:23:26.024475+00:00,s1-eth3,2579,6611,35,95,0,0,0,0
2026-01-21T12:23:26.024475+00:00,s1-eth4,3020,6953,40,100,0,0,0,0
2026-01-21T12:23:26.024475+00:00,s1-eth5,2839,6969,39,100,0,0,0,0
2026-01-21T12:23:26.024475+00:00,s2-eth1,23820775,93866,20112,1019,0,0,0,0
2026-01-21T12:23:26.024475+00:00,s2-eth2,91540,23823101,988,20143,0,0,0,0
2026-01-21T12:23:26.024475+00:00,s2-eth3,866,4780,11,66,0,0,0,0
2026-01-21T12:23:26.024475+00:00,s2-eth4,866,4780,11,66,0,0,0,0
2026-01-21T12:23:26.024475+00:00,s2-eth5,866,4604,11,64,0,0,0,0
2026-01-21T12:23:26.041242+00:00,s1-eth1,93866,23820775,1019,20112,0,0,57689,52
2026-01-21T12:23:26.041242+00:00,s1-eth2,41812976,89553,34507,948,0,0,0,0
2026-01-21T12:23:26.041242+00:00,s1-eth3,2579,6611,35,95,0,0,0,0
2026-01-21T12:23:26.041242+00:00,s1-eth4,3020,6953,40,100,0,0,0,0
2026-01-21T12:23:26.041242+00:00,s1-eth5,2839,6969,39,100,0,0,0,0
2026-01-21T12:23:26.041242+00:00,s2-eth1,23820775,93866,20112,1019,0,0,0,0
2026-01-21T12:23:26.041242+00:00,s2-eth2,91540,23823101,988,20143,0,0,0,0
2026-01-21T12:23:26.041242+00:00,s2-eth3,866,4780,11,66,0,0,0,0
2026-01-21T12:23:26.041242+00:00,s2-eth4,866,4780,11,66,0,0,0,0
2026-01-21T12:23:26.041242+00:00,s2-eth5,866,4604,11,64,0,0,0,0
2026-01-21T12:23:26.056689+00:00,s1-eth1,93866,23820775,1019,20112,0,0,57689,52
2026-01-21T12:23:26.056689+00:00,s1-eth2,41812976,89553,34507,948,0,0,0,0
2026-01-21T12:23:26.056689+00:00,s1-eth3,2579,6611,35,95,0,0,0,0
2026-01-21T12:23:26.056689+00:00,s1-eth4,3020,6953,40,100,0,0,0,0
2026-01-21T12:23:26.056689+00:00,s1-eth5,2839,6969,39,100,0,0,0,0
2026-01-21T12:23:26.056689+00:00,s2-eth1,23820775,93866,20112,1019,0,0,0,0
2026-01-21T12:23:26.056689+00:00,s2-eth2,91540,23823101,988,20143,0,0,0,0
2026-01-21T12:23:26.056689+00:00,s2-eth3,866,4780,11,66,0,0,0,0
2026-01-21T12:23:26.056689+00:00,s2-eth4,866,4780,11,66,0,0,0,0
2026-01-21T12:23:26.056689+00:00,s2-eth5,866,4604,11,64,0,0,0,0
2026-01-21T12:23:26.071695+00:00,s1-eth1,93866,23820775,1019,20112,0,0,57689,52
2026-01-21T12:23:26.071695+00:00,s1-eth2,41812976,89553,34507,948,0,0,0,0
2026-01-21T12:23:26.071695+00:00,s1-eth3,2579,6611,35,95,0,0,0,0
2026-01-21T12:23:26.071695+00:00,s1-eth4,3020,6953,40,100,0,0,0,0
2026-01-21T12:23:26.071695+00:00,s1-eth5,2839,6969,39,100,0,0,0,0
2026-01-21T12:23:26.071695+00:00,s2-eth1,23820775,93866,20112,1019,0,0,0,0
2026-01-21T12:23:26.071695+00:00,s2-eth2,91540,23823101,988,20143,0,0,0,0
2026-01-21T12:23:26.071695+00:00,s2-eth3,866,4780,11,66,0,0,0,0
2026-01-21T12:23:26.071695+00:00,s2-eth4,866,4780,11,66,0,0,0,0
2026-01-21T12:23:26.071695+00:00,s2-eth5,866,4604,11,64,0,0,0,0
2026-01-21T12:23:26.086937+00:00,s1-eth1,93866,23820775,1019,20112,0,0,57689,52
2026-01-21T12:23:26.086937+00:00,s1-eth2,41812976,89553,34507,948,0,0,0,0
2026-01-21T12:23:26.086937+00:00,s1-eth3,2579,6611,35,95,0,0,0,0
2026-01-21T12:23:26.086937+00:00,s1-eth4,3020,6953,40,100,0,0,0,0
2026-01-21T12:23:26.086937+00:00,s1-eth5,2839,6969,39,100,0,0,0,0
2026-01-21T12:23:26.086937+00:00,s2-eth1,23820775,93866,20112,1019,0,0,0,0
2026-01-21T12:23:26.086937+00:00,s2-eth2,91540,23823101,988,20143,0,0,0,0
2026-01-21T12:23:26.086937+00:00,s2-eth3,866,4780,11,66,0,0,0,0
2026-01-21T12:23:26.086937+00:00,s2-eth4,866,4780,11,66,0,0,0,0
2026-01-21T12:23:26.086937+00:00,s2-eth5,866,4604,11,64,0,0,0,0
2026-01-21T12:23:26.101047+00:00,s1-eth1,93866,23820775,1019,20112,0,0,57689,52
2026-01-21T12:23:26.101047+00:00,s1-eth2,41812976,89553,34507,948,0,0,0,0
2026-01-21T12:23:26.101047+00:00,s1-eth3,2579,6611,35,95,0,0,0,0
2026-01-21T12:23:26.101047+00:00,s1-eth4,3020,6953,40,100,0,0,0,0
2026-01-21T12:23:26.101047+00:00,s1-eth5,2839,6969,39,100,0,0,0,0
2026-01-21T12:23:26.101047+00:00,s2-eth1,23820775,93866,20112,1019,0,0,0,0
2026-01-21T12:23:26.101047+00:00,s2-eth2,91540,23823101,988,20143,0,0,0,0
2026-01-21T12:23:26.101047+00:00,s2-eth3,866,4780,11,66,0,0,0,0
2026-01-21T12:23:26.101047+00:00,s2-eth4,866,4780,11,66,0,0,0,0
2026-01-21T12:23:26.101047+00:00,s2-eth5,866,4604,11,64,0,0,0,0
2026-01-21T12:23:26.115430+00:00,s1-eth1,93866,23820775,1019,20112,0,0,57689,52
2026-01-21T12:23:26.115430+00:00,s1-eth2,41812976,89553,34507,948,0,0,0,0
2026-01-21T12:23:26.115430+00:00,s1-eth3,2579,6611,35,95,0,0,0,0
2026-01-21T12:23:26.115430+00:00,s1-eth4,3020,6953,40,100,0,0,0,0
2026-01-21T12:23:26.115430+00:00,s1-eth5,2839,6969,39,100,0,0,0,0
2026-01-21T12:23:26.115430+00:00,s2-eth1,23820775,93866,20112,1019,0,0,0,0
2026-01-21T12:23:26.115430+00:00,s2-eth2,91540,23823101,988,20143,0,0,0,0
2026-01-21T12:23:26.115430+00:00,s2-eth3,866,4780,11,66,0,0,0,0
2026-01-21T12:23:26.115430+00:00,s2-eth4,866,4780,11,66,0,0,0,0
2026-01-21T12:23:26.115430+00:00,s2-eth5,866,4604,11,64,0,0,0,0
2026-01-21T12:23:26.131969+00:00,s1-eth1,93866,23820775,1019,20112,0,0,57689,52
2026-01-21T12:23:26.131969+00:00,s1-eth2,41812976,89553,34507,948,0,0,0,0
2026-01-21T12:23:26.131969+00:00,s1-eth3,2579,6611,35,95,0,0,0,0
2026-01-21T12:23:26.131969+00:00,s1-eth4,3020,6953,40,100,0,0,0,0
2026-01-21T12:23:26.131969+00:00,s1-eth5,2839,6969,39,100,0,0,0,0
2026-01-21T12:23:26.131969+00:00,s2-eth1,23820775,93866,20112,1019,0,0,0,0
2026-01-21T12:23:26.131969+00:00,s2-eth2,91540,23823101,988,20143,0,0,0,0
2026-01-21T12:23:26.131969+00:00,s2-eth3,866,4780,11,66,0,0,0,0
2026-01-21T12:23:26.131969+00:00,s2-eth4,866,4780,11,66,0,0,0,0
2026-01-21T12:23:26.131969+00:00,s2-eth5,866,4604,11,64,0,0,0,0
2026-01-21T12:23:26.146882+00:00,s1-eth1,93866,23820775,1019,20112,0,0,57689,52
2026-01-21T12:23:26.146882+00:00,s1-eth2,41812976,89553,34507,948,0,0,0,0
2026-01-21T12:23:26.146882+00:00,s1-eth3,2579,6611,35,95,0,0,0,0
2026-01-21T12:23:26.146882+00:00,s1-eth4,3020,6953,40,100,0,0,0,0
2026-01-21T12:23:26.146882+00:00,s1-eth5,2839,6969,39,100,0,0,0,0
2026-01-21T12:23:26.146882+00:00,s2-eth1,23820775,93866,20112,1019,0,0,0,0
2026-01-21T12:23:26.146882+00:00,s2-eth2,91540,23823101,988,20143,0,0,0,0
2026-01-21T12:23:26.146882+00:00,s2-eth3,866,4780,11,66,0,0,0,0
2026-01-21T12:23:26.146882+00:00,s2-eth4,866,4780,11,66,0,0,0,0
2026-01-21T12:23:26.146882+00:00,s2-eth5,866,4604,11,64,0,0,0,0
2026-01-21T12:23:26.161564+00:00,s1-eth1,93866,23820775,1019,20112,0,0,57689,52
2026-01-21T12:23:26.161564+00:00,s1-eth2,41812976,89553,34507,948,0,0,0,0
2026-01-21T12:23:26.161564+00:00,s1-eth3,2579,6611,35,95,0,0,0,0
2026-01-21T12:23:26.161564+00:00,s1-eth4,3020,6953,40,100,0,0,0,0
2026-01-21T12:23:26.161564+00:00,s1-eth5,2839,6969,39,100,0,0,0,0
2026-01-21T12:23:26.161564+00:00,s2-eth1,23820775,93866,20112,1019,0,0,0,0
2026-01-21T12:23:26.161564+00:00,s2-eth2,91540,23823101,988,20143,0,0,0,0
2026-01-21T12:23:26.161564+00:00,s2-eth3,866,4780,11,66,0,0,0,0
2026-01-21T12:23:26.161564+00:00,s2-eth4,866,4780,11,66,0,0,0,0
2026-01-21T12:23:26.161564+00:00,s2-eth5,866,4604,11,64,0,0,0,0
2026-01-21T12:23:26.179352+00:00,s1-eth1,93866,23820775,1019,20112,0,0,57689,52
2026-01-21T12:23:26.179352+00:00,s1-eth2,41812976,89553,34507,948,0,0,0,0
2026-01-21T12:23:26.179352+00:00,s1-eth3,2579,6611,35,95,0,0,0,0
2026-01-21T12:23:26.179352+00:00,s1-eth4,3020,6953,40,100,0,0,0,0
2026-01-21T12:23:26.179352+00:00,s1-eth5,2839,6969,39,100,0,0,0,0
2026-01-21T12:23:26.179352+00:00,s2-eth1,23820775,93866,20112,1019,0,0,0,0
2026-01-21T12:23:26.179352+00:00,s2-eth2,91540,23823101,988,20143,0,0,0,0
2026-01-21T12:23:26.179352+00:00,s2-eth3,866,4780,11,66,0,0,0,0
2026-01-21T12:23:26.179352+00:00,s2-eth4,866,4780,11,66,0,0,0,0
2026-01-21T12:23:26.179352+00:00,s2-eth5,866,4604,11,64,0,0,0,0
2026-01-21T12:23:26.197120+00:00,s1-eth1,93866,23820775,1019,20112,0,0,57689,52
2026-01-21T12:23:26.197120+00:00,s1-eth2,41812976,89553,34507,948,0,0,0,0
2026-01-21T12:23:26.197120+00:00,s1-eth3,2579,6611,35,95,0,0,0,0
2026-01-21T12:23:26.197120+00:00,s1-eth4,3020,6953,40,100,0,0,0,0
2026-01-21T12:23:26.197120+00:00,s1-eth5,2839,6969,39,100,0,0,0,0
2026-01-21T12:23:26.197120+00:00,s2-eth1,23820775,93866,20112,1019,0,0,0,0
2026-01-21T12:23:26.197120+00:00,s2-eth2,91540,23823101,988,20143,0,0,0,0
2026-01-21T12:23:26.197120+00:00,s2-eth3,866,4780,11,66,0,0,0,0
2026-01-21T12:23:26.197120+00:00,s2-eth4,866,4780,11,66,0,0,0,0
2026-01-21T12:23:26.197120+00:00,s2-eth5,866,4604,11,64,0,0,0,0
2026-01-21T12:23:26.214375+00:00,s1-eth1,93866,23820775,1019,20112,0,0,57689,52
2026-01-21T12:23:26.214375+00:00,s1-eth2,41812976,89553,34507,948,0,0,0,0
2026-01-21T12:23:26.214375+00:00,s1-eth3,2579,6611,35,95,0,0,0,0
2026-01-21T12:23:26.214375+00:00,s1-eth4,3020,6953,40,100,0,0,0,0
2026-01-21T12:23:26.214375+00:00,s1-eth5,2839,6969,39,100,0,0,0,0
2026-01-21T12:23:26.214375+00:00,s2-eth1,23820775,93866,20112,1019,0,0,0,0
2026-01-21T12:23:26.214375+00:00,s2-eth2,91540,23823101,988,20143,0,0,0,0
2026-01-21T12:23:26.214375+00:00,s2-eth3,866,4780,11,66,0,0,0,0
2026-01-21T12:23:26.214375+00:00,s2-eth4,866,4780,11,66,0,0,0,0
2026-01-21T12:23:26.214375+00:00,s2-eth5,866,4604,11,64,0,0,0,0
2026-01-21T12:23:26.231486+00:00,s1-eth1,93866,23820775,1019,20112,0,0,57689,52
2026-01-21T12:23:26.231486+00:00,s1-eth2,41812976,89553,34507,948,0,0,0,0
2026-01-21T12:23:26.231486+00:00,s1-eth3,2579,6611,35,95,0,0,0,0
2026-01-21T12:23:26.231486+00:00,s1-eth4,3020,6953,40,100,0,0,0,0
2026-01-21T12:23:26.231486+00:00,s1-eth5,2839,6969,39,100,0,0,0,0
2026-01-21T12:23:26.231486+00:00,s2-eth1,23820775,93866,20112,1019,0,0,0,0
2026-01-21T12:23:26.231486+00:00,s2-eth2,91540,23823101,988,20143,0,0,0,0
2026-01-21T12:23:26.231486+00:00,s2-eth3,866,4780,11,66,0,0,0,0
2026-01-21T12:23:26.231486+00:00,s2-eth4,866,4780,11,66,0,0,0,0
2026-01-21T12:23:26.231486+00:00,s2-eth5,866,4604,11,64,0,0,0,0
2026-01-21T12:23:26.248761+00:00,s1-eth1,93866,23820775,1019,20112,0,0,57689,52
2026-01-21T12:23:26.248761+00:00,s1-eth2,41812976,89553,34507,948,0,0,0,0
2026-01-21T12:23:26.248761+00:00,s1-eth3,2579,6611,35,95,0,0,0,0
2026-01-21T12:23:26.248761+00:00,s1-eth4,3020,6953,40,100,0,0,0,0
2026-01-21T12:23:26.248761+00:00,s1-eth5,2839,6969,39,100,0,0,0,0
2026-01-21T12:23:26.248761+00:00,s2-eth1,23820775,93866,20112,1019,0,0,0,0
2026-01-21T12:23:26.248761+00:00,s2-eth2,91540,23823101,988,20143,0,0,0,0
2026-01-21T12:23:26.248761+00:00,s2-eth3,866,4780,11,66,0,0,0,0
2026-01-21T12:23:26.248761+00:00,s2-eth4,866,4780,11,66,0,0,0,0
2026-01-21T12:23:26.248761+00:00,s2-eth5,866,4604,11,64,0,0,0,0
2026-01-21T12:23:26.265325+00:00,s1-eth1,93866,23820775,1019,20112,0,0,57689,52
2026-01-21T12:23:26.265325+00:00,s1-eth2,41812976,89553,34507,948,0,0,0,0
2026-01-21T12:23:26.265325+00:00,s1-eth3,2579,6611,35,95,0,0,0,0
2026-01-21T12:23:26.265325+00:00,s1-eth4,3020,6953,40,100,0,0,0,0
2026-01-21T12:23:26.265325+00:00,s1-eth5,2839,6969,39,100,0,0,0,0
2026-01-21T12:23:26.265325+00:00,s2-eth1,23820775,93866,20112,1019,0,0,0,0
2026-01-21T12:23:26.265325+00:00,s2-eth2,91540,23823101,988,20143,0,0,0,0
2026-01-21T12:23:26.265325+00:00,s2-eth3,866,4780,11,66,0,0,0,0
2026-01-21T12:23:26.265325+00:00,s2-eth4,866,4780,11,66,0,0,0,0
2026-01-21T12:23:26.265325+00:00,s2-eth5,866,4604,11,64,0,0,0,0
2026-01-21T12:23:26.281458+00:00,s1-eth1,93866,23820775,1019,20112,0,0,57689,52
2026-01-21T12:23:26.281458+00:00,s1-eth2,41812976,89553,34507,948,0,0,0,0
2026-01-21T12:23:26.281458+00:00,s1-eth3,2579,6611,35,95,0,0,0,0
2026-01-21T12:23:26.281458+00:00,s1-eth4,3020,6953,40,100,0,0,0,0
2026-01-21T12:23:26.281458+00:00,s1-eth5,2839,6969,39,100,0,0,0,0
2026-01-21T12:23:26.281458+00:00,s2-eth1,23820775,93866,20112,1019,0,0,0,0
2026-01-21T12:23:26.281458+00:00,s2-eth2,91540,23823101,988,20143,0,0,0,0
2026-01-21T12:23:26.281458+00:00,s2-eth3,866,4780,11,66,0,0,0,0
2026-01-21T12:23:26.281458+00:00,s2-eth4,866,4780,11,66,0,0,0,0
2026-01-21T12:23:26.281458+00:00,s2-eth5,866,4604,11,64,0,0,0,0
2026-01-21T12:23:26.299115+00:00,s1-eth1,93866,23820775,1019,20112,0,0,57689,52
2026-01-21T12:23:26.299115+00:00,s1-eth2,41812976,89553,34507,948,0,0,0,0
2026-01-21T12:23:26.299115+00:00,s1-eth3,2579,6611,35,95,0,0,0,0
2026-01-21T12:23:26.299115+00:00,s1-eth4,3020,6953,40,100,0,0,0,0
2026-01-21T12:23:26.299115+00:00,s1-eth5,2839,6969,39,100,0,0,0,0
2026-01-21T12:23:26.299115+00:00,s2-eth1,23820775,93866,20112,1019,0,0,0,0
2026-01-21T12:23:26.299115+00:00,s2-eth2,91540,23823101,988,20143,0,0,0,0
2026-01-21T12:23:26.299115+00:00,s2-eth3,866,4780,11,66,0,0,0,0
2026-01-21T12:23:26.299115+00:00,s2-eth4,866,4780,11,66,0,0,0,0
2026-01-21T12:23:26.299115+00:00,s2-eth5,866,4604,11,64,0,0,0,0
2026-01-21T12:23:26.315836+00:00,s1-eth1,93866,23820775,1019,20112,0,0,57689,52
2026-01-21T12:23:26.315836+00:00,s1-eth2,41812976,89553,34507,948,0,0,0,0
2026-01-21T12:23:26.315836+00:00,s1-eth3,2579,6611,35,95,0,0,0,0
2026-01-21T12:23:26.315836+00:00,s1-eth4,3020,6953,40,100,0,0,0,0
2026-01-21T12:23:26.315836+00:00,s1-eth5,2839,6969,39,100,0,0,0,0
2026-01-21T12:23:26.315836+00:00,s2-eth1,23820775,93866,20112,1019,0,0,0,0
2026-01-21T12:23:26.315836+00:00,s2-eth2,91540,23823101,988,20143,0,0,0,0
2026-01-21T12:23:26.315836+00:00,s2-eth3,866,4780,11,66,0,0,0,0
2026-01-21T12:23:26.315836+00:00,s2-eth4,866,4780,11,66,0,0,0,0
2026-01-21T12:23:26.315836+00:00,s2-eth5,866,4604,11,64,0,0,0,0
2026-01-21T12:23:26.332278+00:00,s1-eth1,93866,23820775,1019,20112,0,0,57689,52
2026-01-21T12:23:26.332278+00:00,s1-eth2,41812976,89553,34507,948,0,0,0,0
2026-01-21T12:23:26.332278+00:00,s1-eth3,2579,6611,35,95,0,0,0,0
2026-01-21T12:23:26.332278+00:00,s1-eth4,3020,6953,40,100,0,0,0,0
2026-01-21T12:23:26.332278+00:00,s1-eth5,2839,6969,39,100,0,0,0,0
2026-01-21T12:23:26.332278+00:00,s2-eth1,23820775,93866,20112,1019,0,0,0,0
2026-01-21T12:23:26.332278+00:00,s2-eth2,91540,23823101,988,20143,0,0,0,0
2026-01-21T12:23:26.332278+00:00,s2-eth3,866,4780,11,66,0,0,0,0
2026-01-21T12:23:26.332278+00:00,s2-eth4,866,4780,11,66,0,0,0,0
2026-01-21T12:23:26.332278+00:00,s2-eth5,866,4604,11,64,0,0,0,0
2026-01-21T12:23:26.349602+00:00,s1-eth1,93866,23820775,1019,20112,0,0,57689,52
2026-01-21T12:23:26.349602+00:00,s1-eth2,41812976,89553,34507,948,0,0,0,0
2026-01-21T12:23:26.349602+00:00,s1-eth3,2579,6611,35,95,0,0,0,0
2026-01-21T12:23:26.349602+00:00,s1-eth4,3020,6953,40,100,0,0,0,0
2026-01-21T12:23:26.349602+00:00,s1-eth5,2839,6969,39,100,0,0,0,0
2026-01-21T12:23:26.349602+00:00,s2-eth1,23820775,93866,20112,1019,0,0,0,0
2026-01-21T12:23:26.349602+00:00,s2-eth2,91540,23823101,988,20143,0,0,0,0
2026-01-21T12:23:26.349602+00:00,s2-eth3,866,4780,11,66,0,0,0,0
2026-01-21T12:23:26.349602+00:00,s2-eth4,866,4780,11,66,0,0,0,0
2026-01-21T12:23:26.349602+00:00,s2-eth5,866,4604,11,64,0,0,0,0
2026-01-21T12:23:27.019871+00:00,s1-eth1,93964,23824501,1020,20115,0,0,54061,50
2026-01-21T12:23:27.019871+00:00,s1-eth2,41813074,89651,34508,949,0,0,0,0
2026-01-21T12:23:27.019871+00:00,s1-eth3,2579,6611,35,95,0,0,0,0
2026-01-21T12:23:27.019871+00:00,s1-eth4,3020,6953,40,100,0,0,0,0
2026-01-21T12:23:27.019871+00:00,s1-eth5,2839,6969,39,100,0,0,0,0
2026-01-21T12:23:27.019871+00:00,s2-eth1,23824501,93964,20115,1020,0,0,0,0
2026-01-21T12:23:27.019871+00:00,s2-eth2,91638,23826827,989,20146,0,0,0,0
2026-01-21T12:23:27.019871+00:00,s2-eth3,866,4780,11,66,0,0,0,0
2026-01-21T12:23:27.019871+00:00,s2-eth4,866,4780,11,66,0,0,0,0
2026-01-21T12:23:27.019871+00:00,s2-eth5,866,4604,11,64,0,0,0,0
2026-01-21T12:23:27.038222+00:00,s1-eth1,93964,23824501,1020,20115,0,0,54061,50
2026-01-21T12:23:27.038222+00:00,s1-eth2,41813074,89651,34508,949,0,0,0,0
2026-01-21T12:23:27.038222+00:00,s1-eth3,2579,6611,35,95,0,0,0,0
2026-01-21T12:23:27.038222+00:00,s1-eth4,3020,6953,40,100,0,0,0,0
2026-01-21T12:23:27.038222+00:00,s1-eth5,2839,6969,39,100,0,0,0,0
2026-01-21T12:23:27.038222+00:00,s2-eth1,23824501,93964,20115,1020,0,0,0,0
2026-01-21T12:23:27.038222+00:00,s2-eth2,91638,23826827,989,20146,0,0,0,0
2026-01-21T12:23:27.038222+00:00,s2-eth3,866,4780,11,66,0,0,0,0
2026-01-21T12:23:27.038222+00:00,s2-eth4,866,4780,11,66,0,0,0,0
2026-01-21T12:23:27.038222+00:00,s2-eth5,866,4604,11,64,0,0,0,0
2026-01-21T12:23:27.055779+00:00,s1-eth1,93964,23824501,1020,20115,0,0,54061,50
2026-01-21T12:23:27.055779+00:00,s1-eth2,41813074,89651,34508,949,0,0,0,0
2026-01-21T12:23:27.055779+00:00,s1-eth3,2579,6611,35,95,0,0,0,0
2026-01-21T12:23:27.055779+00:00,s1-eth4,3020,6953,40,100,0,0,0,0
2026-01-21T12:23:27.055779+00:00,s1-eth5,2839,6969,39,100,0,0,0,0
2026-01-21T12:23:27.055779+00:00,s2-eth1,23824501,93964,20115,1020,0,0,0,0
2026-01-21T12:23:27.055779+00:00,s2-eth2,91638,23826827,989,20146,0,0,0,0
2026-01-21T12:23:27.055779+00:00,s2-eth3,866,4780,11,66,0,0,0,0
2026-01-21T12:23:27.055779+00:00,s2-eth4,866,4780,11,66,0,0,0,0
2026-01-21T12:23:27.055779+00:00,s2-eth5,866,4604,11,64,0,0,0,0
2026-01-21T12:23:27.072867+00:00,s1-eth1,93964,23824501,1020,20115,0,0,54061,50
2026-01-21T12:23:27.072867+00:00,s1-eth2,41813074,89651,34508,949,0,0,0,0
2026-01-21T12:23:27.072867+00:00,s1-eth3,2579,6611,35,95,0,0,0,0
2026-01-21T12:23:27.072867+00:00,s1-eth4,3020,6953,40,100,0,0,0,0
2026-01-21T12:23:27.072867+00:00,s1-eth5,2839,6969,39,100,0,0,0,0
2026-01-21T12:23:27.072867+00:00,s2-eth1,23824501,93964,20115,1020,0,0,0,0
2026-01-21T12:23:27.072867+00:00,s2-eth2,91638,23826827,989,20146,0,0,0,0
2026-01-21T12:23:27.072867+00:00,s2-eth3,866,4780,11,66,0,0,0,0
2026-01-21T12:23:27.072867+00:00,s2-eth4,866,4780,11,66,0,0,0,0
2026-01-21T12:23:27.072867+00:00,s2-eth5,866,4604,11,64,0,0,0,0
2026-01-21T12:23:28.019863+00:00,s1-eth1,93964,23828227,1020,20118,0,0,50335,47
2026-01-21T12:23:28.019863+00:00,s1-eth2,41813074,89651,34508,949,0,0,0,0
2026-01-21T12:23:28.019863+00:00,s1-eth3,2579,6611,35,95,0,0,0,0
2026-01-21T12:23:28.019863+00:00,s1-eth4,3020,6953,40,100,0,0,0,0
2026-01-21T12:23:28.019863+00:00,s1-eth5,2839,6969,39,100,0,0,0,0
2026-01-21T12:23:28.019863+00:00,s2-eth1,23830711,93964,20120,1020,0,0,0,0
2026-01-21T12:23:28.019863+00:00,s2-eth2,91638,23834279,989,20152,0,0,0,0
2026-01-21T12:23:28.019863+00:00,s2-eth3,866,4780,11,66,0,0,0,0
2026-01-21T12:23:28.019863+00:00,s2-eth4,866,4780,11,66,0,0,0,0
2026-01-21T12:23:28.019863+00:00,s2-eth5,866,4604,11,64,0,0,0,0
2026-01-21T12:23:28.042219+00:00,s1-eth1,93964,23833195,1020,20122,0,0,44223,43
2026-01-21T12:23:28.042219+00:00,s1-eth2,41813172,89651,34509,949,0,0,0,0
2026-01-21T12:23:28.042219+00:00,s1-eth3,2579,6611,35,95,0,0,0,0
2026-01-21T12:23:28.042219+00:00,s1-eth4,3020,6953,40,100,0,0,0,0
2026-01-21T12:23:28.042219+00:00,s1-eth5,2839,6969,39,100,0,0,0,0
2026-01-21T12:23:28.042219+00:00,s2-eth1,23836921,93964,20125,1020,0,0,0,0
2026-01-21T12:23:28.042219+00:00,s2-eth2,91638,23839247,989,20156,0,0,0,0
2026-01-21T12:23:28.042219+00:00,s2-eth3,866,4780,11,66,0,0,0,0
2026-01-21T12:23:28.042219+00:00,s2-eth4,866,4780,11,66,0,0,0,0
2026-01-21T12:23:28.042219+00:00,s2-eth5,866,4604,11,64,0,0,0,0
2026-01-21T12:23:28.067960+00:00,s1-eth1,93964,23840647,1020,20128,0,0,38013,38
2026-01-21T12:23:28.067960+00:00,s1-eth2,41813172,89651,34509,949,0,0,0,0
2026-01-21T12:23:28.067960+00:00,s1-eth3,2579,6611,35,95,0,0,0,0
2026-01-21T12:23:28.067960+00:00,s1-eth4,3020,6953,40,100,0,0,0,0
2026-01-21T12:23:28.067960+00:00,s1-eth5,2839,6969,39,100,0,0,0,0
2026-01-21T12:23:28.067960+00:00,s2-eth1,23841889,93964,20129,1020,0,0,0,0
2026-01-21T12:23:28.067960+00:00,s2-eth2,91638,23845457,989,20161,0,0,0,0
2026-01-21T12:23:28.067960+00:00,s2-eth3,866,4780,11,66,0,0,0,0
2026-01-21T12:23:28.067960+00:00,s2-eth4,866,4780,11,66,0,0,0,0
2026-01-21T12:23:28.067960+00:00,s2-eth5,866,4604,11,64,0,0,0,0
2026-01-21T12:23:28.087262+00:00,s1-eth1,93964,23844373,1020,20131,0,0,33045,34
2026-01-21T12:23:28.087262+00:00,s1-eth2,41813172,89651,34509,949,0,0,0,0
2026-01-21T12:23:28.087262+00:00,s1-eth3,2579,6611,35,95,0,0,0,0
2026-01-21T12:23:28.087262+00:00,s1-eth4,3020,6953,40,100,0,0,0,0
2026-01-21T12:23:28.087262+00:00,s1-eth5,2839,6969,39,100,0,0,0,0
2026-01-21T12:23:28.087262+00:00,s2-eth1,23846857,93964,20133,1020,0,0,0,0
2026-01-21T12:23:28.087262+00:00,s2-eth2,91638,23849183,989,20164,0,0,0,0
2026-01-21T12:23:28.087262+00:00,s2-eth3,866,4780,11,66,0,0,0,0
2026-01-21T12:23:28.087262+00:00,s2-eth4,866,4780,11,66,0,0,0,0
2026-01-21T12:23:28.087262+00:00,s2-eth5,866,4604,11,64,0,0,0,0
2026-01-21T12:23:28.105532+00:00,s1-eth1,93964,23849341,1020,20135,0,0,29319,31
2026-01-21T12:23:28.105532+00:00,s1-eth2,41813172,89651,34509,949,0,0,0,0
2026-01-21T12:23:28.105532+00:00,s1-eth3,2579,6611,35,95,0,0,0,0
2026-01-21T12:23:28.105532+00:00,s1-eth4,3020,6953,40,100,0,0,0,0
2026-01-21T12:23:28.105532+00:00,s1-eth5,2839,6969,39,100,0,0,0,0
2026-01-21T12:23:28.105532+00:00,s2-eth1,23851825,93964,20137,1020,0,0,0,0
2026-01-21T12:23:28.105532+00:00,s2-eth2,91638,23854151,989,20168,0,0,0,0
2026-01-21T12:23:28.105532+00:00,s2-eth3,866,4780,11,66,0,0,0,0
2026-01-21T12:23:28.105532+00:00,s2-eth4,866,4780,11,66,0,0,0,0
2026-01-21T12:23:28.105532+00:00,s2-eth5,866,4604,11,64,0,0,0,0
2026-01-21T12:23:28.249879+00:00,s1-eth1,95483,23879554,1035,20175,0,0,0,0
2026-01-21T12:23:28.249879+00:00,s1-eth2,41814066,91170,34518,964,0,0,0,0
2026-01-21T12:23:28.249879+00:00,s1-eth3,2579,6611,35,95,0,0,0,0
2026-01-21T12:23:28.249879+00:00,s1-eth4,3020,6953,40,100,0,0,0,0
2026-01-21T12:23:28.249879+00:00,s1-eth5,2839,6969,39,100,0,0,0,0
2026-01-21T12:23:28.249879+00:00,s2-eth1,23879554,95483,20175,1035,0,0,0,0
2026-01-21T12:23:28.249879+00:00,s2-eth2,93157,23881880,1004,20206,0,0,0,0
2026-01-21T12:23:28.249879+00:00,s2-eth3,866,4780,11,66,0,0,0,0
2026-01-21T12:23:28.249879+00:00,s2-eth4,866,4780,11,66,0,0,0,0
2026-01-21T12:23:28.249879+00:00,s2-eth5,866,4604,11,64,0,0,0,0
2026-01-21T12:23:28.466308+00:00,s1-eth1,95581,23879652,1036,20176,0,0,0,0
2026-01-21T12:23:28.466308+00:00,s1-eth2,41814164,91268,34519,965,0,0,0,0
2026-01-21T12:23:28.466308+00:00,s1-eth3,2579,6611,35,95,0,0,0,0
2026-01-21T12:23:28.466308+00:00,s1-eth4,3020,6953,40,100,0,0,0,0
2026-01-21T12:23:28.466308+00:00,s1-eth5,2839,6969,39,100,0,0,0,0
2026-01-21T12:23:28.466308+00:00,s2-eth1,23879652,95581,20176,1036,0,0,0,0
2026-01-21T12:23:28.466308+00:00,s2-eth2,93255,23881978,1005,20207,0,0,0,0
2026-01-21T12:23:28.466308+00:00,s2-eth3,866,4780,11,66,0,0,0,0
2026-01-21T12:23:28.466308+00:00,s2-eth4,866,4780,11,66,0,0,0,0
2026-01-21T12:23:28.466308+00:00,s2-eth5,866,4604,11,64,0,0,0,0
2026-01-21T12:23:28.655838+00:00,s1-eth1,95679,23879750,1037,20177,0,0,0,0
2026-01-21T12:23:28.655838+00:00,s1-eth2,41814262,91366,34520,966,0,0,0,0
2026-01-21T12:23:28.655838+00:00,s1-eth3,2579,6611,35,95,0,0,0,0
2026-01-21T12:23:28.655838+00:00,s1-eth4,3020,6953,40,100,0,0,0,0
2026-01-21T12:23:28.655838+00:00,s1-eth5,2839,6969,39,100,0,0,0,0
2026-01-21T12:23:28.655838+00:00,s2-eth1,23879750,95679,20177,1037,0,0,0,0
2026-01-21T12:23:28.655838+00:00,s2-eth2,93353,23882076,1006,20208,0,0,0,0
2026-01-21T12:23:28.655838+00:00,s2-eth3,866,4780,11,66,0,0,0,0
2026-01-21T12:23:28.655838+00:00,s2-eth4,866,4780,11,66,0,0,0,0
2026-01-21T12:23:28.655838+00:00,s2-eth5,866,4604,11,64,0,0,0,0
2026-01-21T12:23:28.854500+00:00,s1-eth1,95777,23879848,1038,20178,0,0,0,0
2026-01-21T12:23:28.854500+00:00,s1-eth2,41814360,91464,34521,967,0,0,0,0
2026-01-21T12:23:28.854500+00:00,s1-eth3,2579,6611,35,95,0,0,0,0
2026-01-21T12:23:28.854500+00:00,s1-eth4,3020,6953,40,100,0,0,0,0
2026-01-21T12:23:28.854500+00:00,s1-eth5,2839,6969,39,100,0,0,0,0
2026-01-21T12:23:28.854500+00:00,s2-eth1,23879848,95777,20178,1038,0,0,0,0
2026-01-21T12:23:28.854500+00:00,s2-eth2,93451,23882174,1007,20209,0,0,0,0
2026-01-21T12:23:28.854500+00:00,s2-eth3,866,4780,11,66,0,0,0,0
2026-01-21T12:23:28.854500+00:00,s2-eth4,866,4780,11,66,0,0,0,0
2026-01-21T12:23:28.854500+00:00,s2-eth5,866,4604,11,64,0,0,0,0
2026-01-21T12:23:29.050024+00:00,s1-eth1,95949,23880020,1040,20180,0,0,0,0
2026-01-21T12:23:29.050024+00:00,s1-eth2,41814701,91636,34525,969,0,0,133,2
2026-01-21T12:23:29.050024+00:00,s1-eth3,2653,6611,36,95,0,0,0,0
2026-01-21T12:23:29.050024+00:00,s1-eth4,3094,6953,41,100,0,0,0,0
2026-01-21T12:23:29.050024+00:00,s1-eth5,2839,6969,39,100,0,0,0,0
2026-01-21T12:23:29.050024+00:00,s2-eth1,23880642,96296,20189,1045,0,0,0,0
2026-01-21T12:23:29.050024+00:00,s2-eth2,94169,23883321,1017,20222,0,0,66,1
2026-01-21T12:23:29.050024+00:00,s2-eth3,866,4780,11,66,0,0,0,0
2026-01-21T12:23:29.050024+00:00,s2-eth4,866,4780,11,66,0,0,0,0
2026-01-21T12:23:29.050024+00:00,s2-eth5,866,4604,11,64,0,0,0,0
2026-01-21T12:23:29.250620+00:00,s1-eth1,97550,23926524,1065,20239,0,0,33632,28
2026-01-21T12:23:29.250620+00:00,s1-eth2,41894851,92148,34597,977,0,0,0,0
2026-01-21T12:23:29.250620+00:00,s1-eth3,2888,6938,39,100,0,0,0,0
2026-01-21T12:23:29.250620+00:00,s1-eth4,3329,7280,44,105,0,0,0,0
2026-01-21T12:23:29.250620+00:00,s1-eth5,3280,7404,45,107,0,0,0,0
2026-01-21T12:23:29.250620+00:00,s2-eth1,23929008,97550,20241,1065,0,0,0,0
2026-01-21T12:23:29.250620+00:00,s2-eth2,95224,23931334,1034,20272,0,0,0,0
2026-01-21T12:23:29.250620+00:00,s2-eth3,866,4780,11,66,0,0,0,0
2026-01-21T12:23:29.250620+00:00,s2-eth4,866,4780,11,66,0,0,0,0
2026-01-21T12:23:29.250620+00:00,s2-eth5,866,4604,11,64,0,0,0,0
2026-01-21T12:23:29.450206+00:00,s1-eth1,97648,23977544,1066,20281,0,0,74520,60
2026-01-21T12:23:29.450206+00:00,s1-eth2,41985615,92246,34671,978,0,0,0,0
2026-01-21T12:23:29.450206+00:00,s1-eth3,2888,6938,39,100,0,0,0,0
2026-01-21T12:23:29.450206+00:00,s1-eth4,3329,7280,44,105,0,0,0,0
2026-01-21T12:23:29.450206+00:00,s1-eth5,3280,7404,45,107,0,0,0,0
2026-01-21T12:23:29.450206+00:00,s2-eth1,23980028,97648,20283,1066,0,0,0,0
2026-01-21T12:23:29.450206+00:00,s2-eth2,95322,23982354,1035,20314,0,0,0,0
2026-01-21T12:23:29.450206+00:00,s2-eth3,866,4780,11,66,0,0,0,0
2026-01-21T12:23:29.450206+00:00,s2-eth4,866,4780,11,66,0,0,0,0
2026-01-21T12:23:29.450206+00:00,s2-eth5,866,4604,11,64,0,0,0,0
2026-01-21T12:23:29.669444+00:00,s1-eth1,97648,24032192,1066,20325,0,0,103184,84
2026-01-21T12:23:29.669444+00:00,s1-eth2,42084975,92246,34751,978,0,0,0,0
2026-01-21T12:23:29.669444+00:00,s1-eth3,2888,6938,39,100,0,0,0,0
2026-01-21T12:23:29.669444+00:00,s1-eth4,3329,7280,44,105,0,0,0,0
2026-01-21T12:23:29.669444+00:00,s1-eth5,3280,7404,45,107,0,0,0,0
2026-01-21T12:23:29.669444+00:00,s2-eth1,24034676,97648,20327,1066,0,0,0,0
2026-01-21T12:23:29.669444+00:00,s2-eth2,95322,24037002,1035,20358,0,0,0,0
2026-01-21T12:23:29.669444+00:00,s2-eth3,866,4780,11,66,0,0,0,0
2026-01-21T12:23:29.669444+00:00,s2-eth4,866,4780,11,66,0,0,0,0
2026-01-21T12:23:29.669444+00:00,s2-eth5,866,4604,11,64,0,0,0,0
2026-01-21T12:23:29.850866+00:00,s1-eth1,97746,24077002,1067,20362,0,0,103184,84
2026-01-21T12:23:29.850866+00:00,s1-eth2,42167045,92344,34818,979,0,0,0,0
2026-01-21T12:23:29.850866+00:00,s1-eth3,2888,6938,39,100,0,0,0,0
2026-01-21T12:23:29.850866+00:00,s1-eth4,3329,7280,44,105,0,0,0,0
2026-01-21T12:23:29.850866+00:00,s1-eth5,3280,7404,45,107,0,0,0,0
2026-01-21T12:23:29.850866+00:00,s2-eth1,24079486,97746,20364,1067,0,0,0,0
2026-01-21T12:23:29.850866+00:00,s2-eth2,95420,24083054,1036,20396,0,0,0,0
2026-01-21T12:23:29.850866+00:00,s2-eth3,866,4780,11,66,0,0,0,0
2026-01-21T12:23:29.850866+00:00,s2-eth4,866,4780,11,66,0,0,0,0
2026-01-21T12:23:29.850866+00:00,s2-eth5,866,4604,11,64,0,0,0,0
2026-01-21T12:23:30.051530+00:00,s1-eth1,97746,24127924,1067,20403,0,0,103282,85
2026-01-21T12:23:30.051530+00:00,s1-eth2,42257809,92344,34892,979,0,0,0,0
2026-01-21T12:23:30.051530+00:00,s1-eth3,2888,6938,39,100,0,0,0,0
2026-01-21T12:23:30.051530+00:00,s1-eth4,3329,7280,44,105,0,0,0,0
2026-01-21T12:23:30.051530+00:00,s1-eth5,3280,7404,45,107,0,0,0,0
2026-01-21T12:23:30.051530+00:00,s2-eth1,24130408,97746,20405,1067,0,0,0,0
2026-01-21T12:23:30.051530+00:00,s2-eth2,95420,24132734,1036,20436,0,0,0,0
2026-01-21T12:23:30.051530+00:00,s2-eth3,866,4780,11,66,0,0,0,0
2026-01-21T12:23:30.051530+00:00,s2-eth4,866,4780,11,66,0,0,0,0
2026-01-21T12:23:30.051530+00:00,s2-eth5,866,4604,11,64,0,0,0,0
2026-01-21T12:23:30.275578+00:00,s1-eth1,97844,24183912,1068,20449,0,0,103282,85
2026-01-21T12:23:30.275578+00:00,s1-eth2,42359751,92442,34975,980,0,0,0,0
2026-01-21T12:23:30.275578+00:00,s1-eth3,2888,6938,39,100,0,0,0,0
2026-01-21T12:23:30.275578+00:00,s1-eth4,3329,7280,44,105,0,0,0,0
2026-01-21T12:23:30.275578+00:00,s1-eth5,3280,7404,45,107,0,0,0,0
2026-01-21T12:23:30.275578+00:00,s2-eth1,24186494,97942,20452,1069,0,0,0,0
2026-01-21T12:23:30.275578+00:00,s2-eth2,95616,24188820,1038,20483,0,0,0,0
2026-01-21T12:23:30.275578+00:00,s2-eth3,866,4780,11,66,0,0,0,0
2026-01-21T12:23:30.275578+00:00,s2-eth4,866,4780,11,66,0,0,0,0
2026-01-21T12:23:30.275578+00:00,s2-eth5,866,4604,11,64,0,0,0,0
2026-01-21T12:23:30.450342+00:00,s1-eth1,97942,24227480,1069,20485,0,0,103282,85
2026-01-21T12:23:30.450342+00:00,s1-eth2,42439337,92540,35040,981,0,0,0,0
2026-01-21T12:23:30.450342+00:00,s1-eth3,2888,6938,39,100,0,0,0,0
2026-01-21T12:23:30.450342+00:00,s1-eth4,3329,7280,44,105,0,0,0,0
2026-01-21T12:23:30.450342+00:00,s1-eth5,3280,7404,45,107,0,0,0,0
2026-01-21T12:23:30.450342+00:00,s2-eth1,24229964,97942,20487,1069,0,0,0,0
2026-01-21T12:23:30.450342+00:00,s2-eth2,95616,24233532,1038,20519,0,0,1242,1
2026-01-21T12:23:30.450342+00:00,s2-eth3,866,4780,11,66,0,0,0,0
2026-01-21T12:23:30.450342+00:00,s2-eth4,866,4780,11,66,0,0,0,0
2026-01-21T12:23:30.450342+00:00,s2-eth5,866,4604,11,64,0,0,0,0
2026-01-21T12:23:30.660223+00:00,s1-eth1,98040,24278500,1070,20527,0,0,103282,85
2026-01-21T12:23:30.660223+00:00,s1-eth2,42533827,92638,35117,982,0,0,0,0
2026-01-21T12:23:30.660223+00:00,s1-eth3,2888,6938,39,100,0,0,0,0
2026-01-21T12:23:30.660223+00:00,s1-eth4,3329,7280,44,105,0,0,0,0
2026-01-21T12:23:30.660223+00:00,s1-eth5,3280,7404,45,107,0,0,0,0
2026-01-21T12:23:30.660223+00:00,s2-eth1,24280984,98040,20529,1070,0,0,0,0
2026-01-21T12:23:30.660223+00:00,s2-eth2,95714,24283310,1039,20560,0,0,0,0
2026-01-21T12:23:30.660223+00:00,s2-eth3,866,4780,11,66,0,0,0,0
2026-01-21T12:23:30.660223+00:00,s2-eth4,866,4780,11,66,0,0,0,0
2026-01-21T12:23:30.660223+00:00,s2-eth5,866,4604,11,64,0,0,0,0
2026-01-21T12:23:30.850331+00:00,s1-eth1,98138,24325794,1071,20566,0,0,102040,84
2026-01-21T12:23:30.850331+00:00,s1-eth2,42620865,92736,35188,983,0,0,0,0
2026-01-21T12:23:30.850331+00:00,s1-eth3,2888,6938,39,100,0,0,0,0
2026-01-21T12:23:30.850331+00:00,s1-eth4,3329,7280,44,105,0,0,0,0
2026-01-21T12:23:30.850331+00:00,s1-eth5,3280,7404,45,107,0,0,0,0
2026-01-21T12:23:30.850331+00:00,s2-eth1,24330762,98138,20570,1071,0,0,0,0
2026-01-21T12:23:30.850331+00:00,s2-eth2,95812,24333088,1040,20601,0,0,0,0
2026-01-21T12:23:30.850331+00:00,s2-eth3,866,4780,11,66,0,0,0,0
2026-01-21T12:23:30.850331+00:00,s2-eth4,866,4780,11,66,0,0,0,0
2026-01-21T12:23:30.850331+00:00,s2-eth5,866,4604,11,64,0,0,0,0
2026-01-21T12:23:31.051821+00:00,s1-eth1,98236,24375572,1072,20607,0,0,102040,84
2026-01-21T12:23:31.051821+00:00,s1-eth2,42711629,92834,35262,984,0,0,0,0
2026-01-21T12:23:31.051821+00:00,s1-eth3,2888,6938,39,100,0,0,0,0
2026-01-21T12:23:31.051821+00:00,s1-eth4,3329,7280,44,105,0,0,0,0
2026-01-21T12:23:31.051821+00:00,s1-eth5,3280,7404,45,107,0,0,0,0
2026-01-21T12:23:31.051821+00:00,s2-eth1,24379298,98236,20610,1072,0,0,0,0
2026-01-21T12:23:31.051821+00:00,s2-eth2,95910,24381624,1041,20641,0,0,1242,1
2026-01-21T12:23:31.051821+00:00,s2-eth3,866,4780,11,66,0,0,0,0
2026-01-21T12:23:31.051821+00:00,s2-eth4,866,4780,11,66,0,0,0,0
2026-01-21T12:23:31.051821+00:00,s2-eth5,866,4604,11,64,0,0,0,0
2026-01-21T12:23:31.250073+00:00,s1-eth1,98334,24425350,1073,20648,0,0,102040,84
2026-01-21T12:23:31.250073+00:00,s1-eth2,42801151,92932,35335,985,0,0,0,0
2026-01-21T12:23:31.250073+00:00,s1-eth3,2888,6938,39,100,0,0,0,0
2026-01-21T12:23:31.250073+00:00,s1-eth4,3329,7280,44,105,0,0,0,0
2026-01-21T12:23:31.250073+00:00,s1-eth5,3280,7404,45,107,0,0,0,0
2026-01-21T12:23:31.250073+00:00,s2-eth1,24429076,98334,20651,1073,0,0,0,0
2026-01-21T12:23:31.250073+00:00,s2-eth2,96008,24432644,1042,20683,0,0,0,0
2026-01-21T12:23:31.250073+00:00,s2-eth3,866,4780,11,66,0,0,0,0
2026-01-21T12:23:31.250073+00:00,s2-eth4,866,4780,11,66,0,0,0,0
2026-01-21T12:23:31.250073+00:00,s2-eth5,866,4604,11,64,0,0,0,0
2026-01-21T12:23:31.450020+00:00,s1-eth1,98432,24475128,1074,20689,0,0,103282,85
2026-01-21T12:23:31.450020+00:00,s1-eth2,42891915,93030,35409,986,0,0,0,0
2026-01-21T12:23:31.450020+00:00,s1-eth3,2888,6938,39,100,0,0,0,0
2026-01-21T12:23:31.450020+00:00,s1-eth4,3329,7280,44,105,0,0,0,0
2026-01-21T12:23:31.450020+00:00,s1-eth5,3280,7404,45,107,0,0,0,0
2026-01-21T12:23:31.450020+00:00,s2-eth1,24480096,98432,20693,1074,0,0,0,0
2026-01-21T12:23:31.450020+00:00,s2-eth2,96106,24482422,1043,20724,0,0,0,0
2026-01-21T12:23:31.450020+00:00,s2-eth3,866,4780,11,66,0,0,0,0
2026-01-21T12:23:31.450020+00:00,s2-eth4,866,4780,11,66,0,0,0,0
2026-01-21T12:23:31.450020+00:00,s2-eth5,866,4604,11,64,0,0,0,0
2026-01-21T12:23:31.651136+00:00,s1-eth1,98530,24526148,1075,20731,0,0,103282,85
2026-01-21T12:23:31.651136+00:00,s1-eth2,42982679,93128,35483,987,0,0,0,0
2026-01-21T12:23:31.651136+00:00,s1-eth3,2888,6938,39,100,0,0,0,0
2026-01-21T12:23:31.651136+00:00,s1-eth4,3329,7280,44,105,0,0,0,0
2026-01-21T12:23:31.651136+00:00,s1-eth5,3280,7404,45,107,0,0,0,0
2026-01-21T12:23:31.651136+00:00,s2-eth1,24528632,98530,20733,1075,0,0,0,0
2026-01-21T12:23:31.651136+00:00,s2-eth2,96204,24532200,1044,20765,0,0,0,0
2026-01-21T12:23:31.651136+00:00,s2-eth3,866,4780,11,66,0,0,0,0
2026-01-21T12:23:31.651136+00:00,s2-eth4,866,4780,11,66,0,0,0,0
2026-01-21T12:23:31.651136+00:00,s2-eth5,866,4604,11,64,0,0,0,0
2026-01-21T12:23:31.849833+00:00,s1-eth1,98628,24575926,1076,20772,0,0,103282,85
2026-01-21T12:23:31.849833+00:00,s1-eth2,43072201,93226,35556,988,0,0,0,0
2026-01-21T12:23:31.849833+00:00,s1-eth3,2888,6938,39,100,0,0,0,0
2026-01-21T12:23:31.849833+00:00,s1-eth4,3329,7280,44,105,0,0,0,0
2026-01-21T12:23:31.849833+00:00,s1-eth5,3280,7404,45,107,0,0,0,0
2026-01-21T12:23:31.849833+00:00,s2-eth1,24578410,98628,20774,1076,0,0,0,0
2026-01-21T12:23:31.849833+00:00,s2-eth2,96302,24580736,1045,20805,0,0,0,0
2026-01-21T12:23:31.849833+00:00,s2-eth3,866,4780,11,66,0,0,0,0
2026-01-21T12:23:31.849833+00:00,s2-eth4,866,4780,11,66,0,0,0,0
2026-01-21T12:23:31.849833+00:00,s2-eth5,866,4604,11,64,0,0,0,0
2026-01-21T12:23:32.051038+00:00,s1-eth1,98726,24625704,1077,20813,0,0,102040,84
2026-01-21T12:23:32.051038+00:00,s1-eth2,43164207,93324,35631,989,0,0,0,0
2026-01-21T12:23:32.051038+00:00,s1-eth3,2888,6938,39,100,0,0,0,0
2026-01-21T12:23:32.051038+00:00,s1-eth4,3329,7280,44,105,0,0,0,0
2026-01-21T12:23:32.051038+00:00,s1-eth5,3280,7404,45,107,0,0,0,0
2026-01-21T12:23:32.051038+00:00,s2-eth1,24629430,98726,20816,1077,0,0,0,0
2026-01-21T12:23:32.051038+00:00,s2-eth2,96400,24631756,1046,20847,0,0,1242,1
2026-01-21T12:23:32.051038+00:00,s2-eth3,866,4780,11,66,0,0,0,0
2026-01-21T12:23:32.051038+00:00,s2-eth4,866,4780,11,66,0,0,0,0
2026-01-21T12:23:32.051038+00:00,s2-eth5,866,4604,11,64,0,0,0,0
2026-01-21T12:23:32.250759+00:00,s1-eth1,98824,24675482,1078,20854,0,0,102040,84
2026-01-21T12:23:32.250759+00:00,s1-eth2,43254971,93422,35705,990,0,0,0,0
2026-01-21T12:23:32.250759+00:00,s1-eth3,2888,6938,39,100,0,0,0,0
2026-01-21T12:23:32.250759+00:00,s1-eth4,3329,7280,44,105,0,0,0,0
2026-01-21T12:23:32.250759+00:00,s1-eth5,3280,7404,45,107,0,0,0,0
2026-01-21T12:23:32.250759+00:00,s2-eth1,24680450,98824,20858,1078,0,0,0,0
2026-01-21T12:23:32.250759+00:00,s2-eth2,96498,24682776,1047,20889,0,0,0,0
2026-01-21T12:23:32.250759+00:00,s2-eth3,866,4780,11,66,0,0,0,0
2026-01-21T12:23:32.250759+00:00,s2-eth4,866,4780,11,66,0,0,0,0
2026-01-21T12:23:32.250759+00:00,s2-eth5,866,4604,11,64,0,0,0,0
2026-01-21T12:23:32.450282+00:00,s1-eth1,98922,24725260,1079,20895,0,0,103282,85
2026-01-21T12:23:32.450282+00:00,s1-eth2,43345735,93520,35779,991,0,0,0,0
2026-01-21T12:23:32.450282+00:00,s1-eth3,2888,6938,39,100,0,0,0,0
2026-01-21T12:23:32.450282+00:00,s1-eth4,3329,7280,44,105,0,0,0,0
2026-01-21T12:23:32.450282+00:00,s1-eth5,3280,7404,45,107,0,0,0,0
2026-01-21T12:23:32.450282+00:00,s2-eth1,24728986,98922,20898,1079,0,0,0,0
2026-01-21T12:23:32.450282+00:00,s2-eth2,96596,24731312,1048,20929,0,0,0,0
2026-01-21T12:23:32.450282+00:00,s2-eth3,866,4780,11,66,0,0,0,0
2026-01-21T12:23:32.450282+00:00,s2-eth4,866,4780,11,66,0,0,0,0
2026-01-21T12:23:32.450282+00:00,s2-eth5,866,4604,11,64,0,0,0,0
2026-01-21T12:23:32.649828+00:00,s1-eth1,99020,24775038,1080,20936,0,0,102040,84
2026-01-21T12:23:32.649828+00:00,s1-eth2,43436499,93618,35853,992,0,0,0,0
2026-01-21T12:23:32.649828+00:00,s1-eth3,2888,6938,39,100,0,0,0,0
2026-01-21T12:23:32.649828+00:00,s1-eth4,3329,7280,44,105,0,0,0,0
2026-01-21T12:23:32.649828+00:00,s1-eth5,3280,7404,45,107,0,0,0,0
2026-01-21T12:23:32.649828+00:00,s2-eth1,24778764,99020,20939,1080,0,0,0,0
2026-01-21T12:23:32.649828+00:00,s2-eth2,96694,24781090,1049,20970,0,0,1242,1
2026-01-21T12:23:32.649828+00:00,s2-eth3,866,4780,11,66,0,0,0,0
2026-01-21T12:23:32.649828+00:00,s2-eth4,866,4780,11,66,0,0,0,0
2026-01-21T12:23:32.649828+00:00,s2-eth5,866,4604,11,64,0,0,0,0
2026-01-21T12:23:32.850372+00:00,s1-eth1,99118,24826058,1081,20978,0,0,103282,85
2026-01-21T12:23:32.850372+00:00,s1-eth2,43527263,93716,35927,993,0,0,0,0
2026-01-21T12:23:32.850372+00:00,s1-eth3,2888,6938,39,100,0,0,0,0
2026-01-21T12:23:32.850372+00:00,s1-eth4,3329,7280,44,105,0,0,0,0
2026-01-21T12:23:32.850372+00:00,s1-eth5,3280,7404,45,107,0,0,0,0
2026-01-21T12:23:32.850372+00:00,s2-eth1,24829784,99118,20981,1081,0,0,0,0
2026-01-21T12:23:32.850372+00:00,s2-eth2,96792,24832110,1050,21012,0,0,0,0
2026-01-21T12:23:32.850372+00:00,s2-eth3,866,4780,11,66,0,0,0,0
2026-01-21T12:23:32.850372+00:00,s2-eth4,866,4780,11,66,0,0,0,0
2026-01-21T12:23:32.850372+00:00,s2-eth5,866,4604,11,64,0,0,0,0
2026-01-21T12:23:33.052819+00:00,s1-eth1,99216,24875836,1082,21019,0,0,103282,85
2026-01-21T12:23:33.052819+00:00,s1-eth2,43618027,93814,36001,994,0,0,0,0
2026-01-21T12:23:33.052819+00:00,s1-eth3,2888,6938,39,100,0,0,0,0
2026-01-21T12:23:33.052819+00:00,s1-eth4,3329,7280,44,105,0,0,0,0
2026-01-21T12:23:33.052819+00:00,s1-eth5,3280,7404,45,107,0,0,0,0
2026-01-21T12:23:33.052819+00:00,s2-eth1,24879562,99216,21022,1082,0,0,0,0
2026-01-21T12:23:33.052819+00:00,s2-eth2,96890,24881888,1051,21053,0,0,1242,1
2026-01-21T12:23:33.052819+00:00,s2-eth3,866,4780,11,66,0,0,0,0
2026-01-21T12:23:33.052819+00:00,s2-eth4,866,4780,11,66,0,0,0,0
2026-01-21T12:23:33.052819+00:00,s2-eth5,866,4604,11,64,0,0,0,0
2026-01-21T12:23:33.250116+00:00,s1-eth1,99314,24925614,1083,21060,0,0,103282,85
2026-01-21T12:23:33.250116+00:00,s1-eth2,43708791,93912,36075,995,0,0,0,0
2026-01-21T12:23:33.250116+00:00,s1-eth3,2888,6938,39,100,0,0,0,0
2026-01-21T12:23:33.250116+00:00,s1-eth4,3329,7280,44,105,0,0,0,0
2026-01-21T12:23:33.250116+00:00,s1-eth5,3280,7404,45,107,0,0,0,0
2026-01-21T12:23:33.250116+00:00,s2-eth1,24929340,99314,21063,1083,0,0,0,0
2026-01-21T12:23:33.250116+00:00,s2-eth2,96988,24931666,1052,21094,0,0,0,0
2026-01-21T12:23:33.250116+00:00,s2-eth3,866,4780,11,66,0,0,0,0
2026-01-21T12:23:33.250116+00:00,s2-eth4,866,4780,11,66,0,0,0,0
2026-01-21T12:23:33.250116+00:00,s2-eth5,866,4604,11,64,0,0,0,0
2026-01-21T12:23:33.450303+00:00,s1-eth1,99412,24975392,1084,21101,0,0,102040,84
2026-01-21T12:23:33.450303+00:00,s1-eth2,43798313,94010,36148,996,0,0,0,0
2026-01-21T12:23:33.450303+00:00,s1-eth3,2888,6938,39,100,0,0,0,0
2026-01-21T12:23:33.450303+00:00,s1-eth4,3329,7280,44,105,0,0,0,0
2026-01-21T12:23:33.450303+00:00,s1-eth5,3280,7404,45,107,0,0,0,0
2026-01-21T12:23:33.450303+00:00,s2-eth1,24979118,99412,21104,1084,0,0,0,0
2026-01-21T12:23:33.450303+00:00,s2-eth2,97086,24981444,1053,21135,0,0,0,0
2026-01-21T12:23:33.450303+00:00,s2-eth3,866,4780,11,66,0,0,0,0
2026-01-21T12:23:33.450303+00:00,s2-eth4,866,4780,11,66,0,0,0,0
2026-01-21T12:23:33.450303+00:00,s2-eth5,866,4604,11,64,0,0,0,0
2026-01-21T12:23:33.650043+00:00,s1-eth1,99510,25025170,1085,21142,0,0,103282,85
2026-01-21T12:23:33.650043+00:00,s1-eth2,43889077,94108,36222,997,0,0,0,0
2026-01-21T12:23:33.650043+00:00,s1-eth3,2888,6938,39,100,0,0,0,0
2026-01-21T12:23:33.650043+00:00,s1-eth4,3329,7280,44,105,0,0,0,0
2026-01-21T12:23:33.650043+00:00,s1-eth5,3280,7404,45,107,0,0,0,0
2026-01-21T12:23:33.650043+00:00,s2-eth1,25028896,99510,21145,1085,0,0,0,0
2026-01-21T12:23:33.650043+00:00,s2-eth2,97184,25031222,1054,21176,0,0,0,0
2026-01-21T12:23:33.650043+00:00,s2-eth3,866,4780,11,66,0,0,0,0
2026-01-21T12:23:33.650043+00:00,s2-eth4,866,4780,11,66,0,0,0,0
2026-01-21T12:23:33.650043+00:00,s2-eth5,866,4604,11,64,0,0,0,0
2026-01-21T12:23:33.850174+00:00,s1-eth1,99608,25076190,1086,21184,0,0,103282,85
2026-01-21T12:23:33.850174+00:00,s1-eth2,43979841,94206,36296,998,0,0,0,0
2026-01-21T12:23:33.850174+00:00,s1-eth3,2888,6938,39,100,0,0,0,0
2026-01-21T12:23:33.850174+00:00,s1-eth4,3329,7280,44,105,0,0,0,0
2026-01-21T12:23:33.850174+00:00,s1-eth5,3280,7404,45,107,0,0,0,0
2026-01-21T12:23:33.850174+00:00,s2-eth1,25078674,99608,21186,1086,0,0,0,0
2026-01-21T12:23:33.850174+00:00,s2-eth2,97282,25081000,1055,21217,0,0,1242,1
2026-01-21T12:23:33.850174+00:00,s2-eth3,866,4780,11,66,0,0,0,0
2026-01-21T12:23:33.850174+00:00,s2-eth4,866,4780,11,66,0,0,0,0
2026-01-21T12:23:33.850174+00:00,s2-eth5,866,4604,11,64,0,0,0,0
2026-01-21T12:23:34.050142+00:00,s1-eth1,99706,25125968,1087,21225,0,0,103282,85
2026-01-21T12:23:34.050142+00:00,s1-eth2,44070605,94304,36370,999,0,0,0,0
2026-01-21T12:23:34.050142+00:00,s1-eth3,2888,6938,39,100,0,0,0,0
2026-01-21T12:23:34.050142+00:00,s1-eth4,3329,7280,44,105,0,0,0,0
2026-01-21T12:23:34.050142+00:00,s1-eth5,3280,7404,45,107,0,0,0,0
2026-01-21T12:23:34.050142+00:00,s2-eth1,25128452,99706,21227,1087,0,0,0,0
2026-01-21T12:23:34.050142+00:00,s2-eth2,97380,25130778,1056,21258,0,0,0,0
2026-01-21T12:23:34.050142+00:00,s2-eth3,866,4780,11,66,0,0,0,0
2026-01-21T12:23:34.050142+00:00,s2-eth4,866,4780,11,66,0,0,0,0
2026-01-21T12:23:34.050142+00:00,s2-eth5,866,4604,11,64,0,0,0,0
2026-01-21T12:23:34.253968+00:00,s1-eth1,99804,25176988,1088,21267,0,0,103282,85
2026-01-21T12:23:34.253968+00:00,s1-eth2,44162611,94402,36445,1000,0,0,0,0
2026-01-21T12:23:34.253968+00:00,s1-eth3,2888,6938,39,100,0,0,0,0
2026-01-21T12:23:34.253968+00:00,s1-eth4,3329,7280,44,105,0,0,0,0
2026-01-21T12:23:34.253968+00:00,s1-eth5,3280,7404,45,107,0,0,0,0
2026-01-21T12:23:34.253968+00:00,s2-eth1,25179472,99804,21269,1088,0,0,0,0
2026-01-21T12:23:34.253968+00:00,s2-eth2,97478,25181798,1057,21300,0,0,1242,1
2026-01-21T12:23:34.253968+00:00,s2-eth3,866,4780,11,66,0,0,0,0
2026-01-21T12:23:34.253968+00:00,s2-eth4,866,4780,11,66,0,0,0,0
2026-01-21T12:23:34.253968+00:00,s2-eth5,866,4604,11,64,0,0,0,0
2026-01-21T12:23:34.450328+00:00,s1-eth1,99902,25225524,1089,21307,0,0,103282,85
2026-01-21T12:23:34.450328+00:00,s1-eth2,44252133,94500,36518,1001,0,0,0,0
2026-01-21T12:23:34.450328+00:00,s1-eth3,2888,6938,39,100,0,0,0,0
2026-01-21T12:23:34.450328+00:00,s1-eth4,3329,7280,44,105,0,0,0,0
2026-01-21T12:23:34.450328+00:00,s1-eth5,3280,7404,45,107,0,0,0,0
2026-01-21T12:23:34.450328+00:00,s2-eth1,25228008,99902,21309,1089,0,0,0,0
2026-01-21T12:23:34.450328+00:00,s2-eth2,97576,25230334,1058,21340,0,0,0,0
2026-01-21T12:23:34.450328+00:00,s2-eth3,866,4780,11,66,0,0,0,0
2026-01-21T12:23:34.450328+00:00,s2-eth4,866,4780,11,66,0,0,0,0
2026-01-21T12:23:34.450328+00:00,s2-eth5,866,4604,11,64,0,0,0,0
2026-01-21T12:23:34.649883+00:00,s1-eth1,100000,25275302,1090,21348,0,0,103282,85
2026-01-21T12:23:34.649883+00:00,s1-eth2,44342897,94598,36592,1002,0,0,0,0
2026-01-21T12:23:34.649883+00:00,s1-eth3,2888,6938,39,100,0,0,0,0
2026-01-21T12:23:34.649883+00:00,s1-eth4,3329,7280,44,105,0,0,0,0
2026-01-21T12:23:34.649883+00:00,s1-eth5,3280,7404,45,107,0,0,0,0
2026-01-21T12:23:34.649883+00:00,s2-eth1,25277786,100000,21350,1090,0,0,0,0
2026-01-21T12:23:34.649883+00:00,s2-eth2,97674,25280112,1059,21381,0,0,0,0
2026-01-21T12:23:34.649883+00:00,s2-eth3,866,4780,11,66,0,0,0,0
2026-01-21T12:23:34.649883+00:00,s2-eth4,866,4780,11,66,0,0,0,0
2026-01-21T12:23:34.649883+00:00,s2-eth5,866,4604,11,64,0,0,0,0
2026-01-21T12:23:34.925781+00:00,s1-eth1,100196,25345050,1092,21406,0,0,103282,85
2026-01-21T12:23:34.925781+00:00,s1-eth2,44467293,94794,36694,1004,0,0,0,0
2026-01-21T12:23:34.925781+00:00,s1-eth3,2888,6938,39,100,0,0,0,0
2026-01-21T12:23:34.925781+00:00,s1-eth4,3329,7280,44,105,0,0,0,0
2026-01-21T12:23:34.925781+00:00,s1-eth5,3280,7404,45,107,0,0,0,0
2026-01-21T12:23:34.925781+00:00,s2-eth1,25347534,100196,21408,1092,0,0,0,0
2026-01-21T12:23:34.925781+00:00,s2-eth2,97870,25349860,1061,21439,0,0,0,0
2026-01-21T12:23:34.925781+00:00,s2-eth3,866,4780,11,66,0,0,0,0
2026-01-21T12:23:34.925781+00:00,s2-eth4,866,4780,11,66,0,0,0,0
2026-01-21T12:23:34.925781+00:00,s2-eth5,866,4604,11,64,0,0,0,0
2026-01-21T12:23:35.049992+00:00,s1-eth1,100196,25376100,1092,21431,0,0,103282,85
2026-01-21T12:23:35.049992+00:00,s1-eth2,44524425,94794,36740,1004,0,0,0,0
2026-01-21T12:23:35.049992+00:00,s1-eth3,2888,6938,39,100,0,0,0,0
2026-01-21T12:23:35.049992+00:00,s1-eth4,3329,7280,44,105,0,0,0,0
2026-01-21T12:23:35.049992+00:00,s1-eth5,3280,7404,45,107,0,0,0,0
2026-01-21T12:23:35.049992+00:00,s2-eth1,25378584,100196,21433,1092,0,0,0,0
2026-01-21T12:23:35.049992+00:00,s2-eth2,97870,25380910,1061,21464,0,0,0,0
2026-01-21T12:23:35.049992+00:00,s2-eth3,866,4780,11,66,0,0,0,0
2026-01-21T12:23:35.049992+00:00,s2-eth4,866,4780,11,66,0,0,0,0
2026-01-21T12:23:35.049992+00:00,s2-eth5,866,4604,11,64,0,0,0,0
2026-01-21T12:23:35.249823+00:00,s1-eth1,100294,25425878,1093,21472,0,0,103282,85
2026-01-21T12:23:35.249823+00:00,s1-eth2,44613947,94892,36813,1005,0,0,0,0
2026-01-21T12:23:35.249823+00:00,s1-eth3,2888,6938,39,100,0,0,0,0
2026-01-21T12:23:35.249823+00:00,s1-eth4,3329,7280,44,105,0,0,0,0
2026-01-21T12:23:35.249823+00:00,s1-eth5,3280,7404,45,107,0,0,0,0
2026-01-21T12:23:35.249823+00:00,s2-eth1,25428362,100294,21474,1093,0,0,0,0
2026-01-21T12:23:35.249823+00:00,s2-eth2,97968,25430688,1062,21505,0,0,1242,1
2026-01-21T12:23:35.249823+00:00,s2-eth3,866,4780,11,66,0,0,0,0
2026-01-21T12:23:35.249823+00:00,s2-eth4,866,4780,11,66,0,0,0,0
2026-01-21T12:23:35.249823+00:00,s2-eth5,866,4604,11,64,0,0,0,0
2026-01-21T12:23:35.555283+00:00,s1-eth1,100490,25501836,1095,21535,0,0,103282,85
2026-01-21T12:23:35.555283+00:00,s1-eth2,44753247,95088,36927,1007,0,0,0,0
2026-01-21T12:23:35.555283+00:00,s1-eth3,2888,6938,39,100,0,0,0,0
2026-01-21T12:23:35.555283+00:00,s1-eth4,3329,7280,44,105,0,0,0,0
2026-01-21T12:23:35.555283+00:00,s1-eth5,3280,7404,45,107,0,0,0,0
2026-01-21T12:23:35.555283+00:00,s2-eth1,25504320,100490,21537,1095,0,0,0,0
2026-01-21T12:23:35.555283+00:00,s2-eth2,98164,25507888,1064,21569,0,0,0,0
2026-01-21T12:23:35.555283+00:00,s2-eth3,866,4780,11,66,0,0,0,0
2026-01-21T12:23:35.555283+00:00,s2-eth4,866,4780,11,66,0,0,0,0
2026-01-21T12:23:35.555283+00:00,s2-eth5,866,4604,11,64,0,0,0,0
2026-01-21T12:23:35.650277+00:00,s1-eth1,100490,25525434,1095,21554,0,0,102040,84
2026-01-21T12:23:35.650277+00:00,s1-eth2,44795475,95088,36961,1007,0,0,0,0
2026-01-21T12:23:35.650277+00:00,s1-eth3,2888,6938,39,100,0,0,0,0
2026-01-21T12:23:35.650277+00:00,s1-eth4,3329,7280,44,105,0,0,0,0
2026-01-21T12:23:35.650277+00:00,s1-eth5,3280,7404,45,107,0,0,0,0
2026-01-21T12:23:35.650277+00:00,s2-eth1,25527918,100490,21556,1095,0,0,0,0
2026-01-21T12:23:35.650277+00:00,s2-eth2,98164,25530244,1064,21587,0,0,0,0
2026-01-21T12:23:35.650277+00:00,s2-eth3,866,4780,11,66,0,0,0,0
2026-01-21T12:23:35.650277+00:00,s2-eth4,866,4780,11,66,0,0,0,0
2026-01-21T12:23:35.650277+00:00,s2-eth5,866,4604,11,64,0,0,0,0
2026-01-21T12:23:35.945349+00:00,s1-eth1,100686,25598908,1097,21615,0,0,103282,85
2026-01-21T12:23:35.945349+00:00,s1-eth2,44929807,95284,37071,1009,0,0,0,0
2026-01-21T12:23:35.945349+00:00,s1-eth3,2888,6938,39,100,0,0,0,0
2026-01-21T12:23:35.945349+00:00,s1-eth4,3329,7280,44,105,0,0,0,0
2026-01-21T12:23:35.945349+00:00,s1-eth5,3280,7404,45,107,0,0,0,0
2026-01-21T12:23:35.945349+00:00,s2-eth1,25601392,100686,21617,1097,0,0,0,0
2026-01-21T12:23:35.945349+00:00,s2-eth2,98360,25603718,1066,21648,0,0,1242,1
2026-01-21T12:23:35.945349+00:00,s2-eth3,866,4780,11,66,0,0,0,0
2026-01-21T12:23:35.945349+00:00,s2-eth4,866,4780,11,66,0,0,0,0
2026-01-21T12:23:35.945349+00:00,s2-eth5,866,4604,11,64,0,0,0,0
2026-01-21T12:23:36.050540+00:00,s1-eth1,100686,25626232,1097,21637,0,0,103282,85
2026-01-21T12:23:36.050540+00:00,s1-eth2,44977003,95284,37110,1009,0,0,0,0
2026-01-21T12:23:36.050540+00:00,s1-eth3,2888,6938,39,100,0,0,0,0
2026-01-21T12:23:36.050540+00:00,s1-eth4,3329,7280,44,105,0,0,0,0
2026-01-21T12:23:36.050540+00:00,s1-eth5,3280,7404,45,107,0,0,0,0
2026-01-21T12:23:36.050540+00:00,s2-eth1,25628716,100686,21639,1097,0,0,0,0
2026-01-21T12:23:36.050540+00:00,s2-eth2,98360,25631042,1066,21670,0,0,1242,1
2026-01-21T12:23:36.050540+00:00,s2-eth3,866,4780,11,66,0,0,0,0
2026-01-21T12:23:36.050540+00:00,s2-eth4,866,4780,11,66,0,0,0,0
2026-01-21T12:23:36.050540+00:00,s2-eth5,866,4604,11,64,0,0,0,0
2026-01-21T12:23:36.250406+00:00,s1-eth1,100784,25676010,1098,21678,0,0,103282,85
2026-01-21T12:23:36.250406+00:00,s1-eth2,45067767,95382,37183,1010,0,0,0,0
2026-01-21T12:23:36.250406+00:00,s1-eth3,2888,6938,39,100,0,0,0,0
2026-01-21T12:23:36.250406+00:00,s1-eth4,3329,7280,44,105,0,0,0,0
2026-01-21T12:23:36.250406+00:00,s1-eth5,3280,7404,45,107,0,0,0,0
2026-01-21T12:23:36.250406+00:00,s2-eth1,25678494,100784,21680,1098,0,0,0,0
2026-01-21T12:23:36.250406+00:00,s2-eth2,98458,25680820,1067,21711,0,0,0,0
2026-01-21T12:23:36.250406+00:00,s2-eth3,866,4780,11,66,0,0,0,0
2026-01-21T12:23:36.250406+00:00,s2-eth4,866,4780,11,66,0,0,0,0
2026-01-21T12:23:36.250406+00:00,s2-eth5,866,4604,11,64,0,0,0,0
2026-01-21T12:23:36.456045+00:00,s1-eth1,100882,25727030,1099,21720,0,0,103282,85
2026-01-21T12:23:36.456045+00:00,s1-eth2,45161015,95480,37259,1011,0,0,0,0
2026-01-21T12:23:36.456045+00:00,s1-eth3,2888,6938,39,100,0,0,0,0
2026-01-21T12:23:36.456045+00:00,s1-eth4,3329,7280,44,105,0,0,0,0
2026-01-21T12:23:36.456045+00:00,s1-eth5,3280,7404,45,107,0,0,0,0
2026-01-21T12:23:36.456045+00:00,s2-eth1,25729514,100882,21722,1099,0,0,0,0
2026-01-21T12:23:36.456045+00:00,s2-eth2,98556,25731840,1068,21753,0,0,1242,1
2026-01-21T12:23:36.456045+00:00,s2-eth3,866,4780,11,66,0,0,0,0
2026-01-21T12:23:36.456045+00:00,s2-eth4,866,4780,11,66,0,0,0,0
2026-01-21T12:23:36.456045+00:00,s2-eth5,866,4604,11,64,0,0,0,0
2026-01-21T12:23:36.650866+00:00,s1-eth1,100980,25775566,1100,21760,0,0,103282,85
2026-01-21T12:23:36.650866+00:00,s1-eth2,45249295,95578,37331,1012,0,0,0,0
2026-01-21T12:23:36.650866+00:00,s1-eth3,2888,6938,39,100,0,0,0,0
2026-01-21T12:23:36.650866+00:00,s1-eth4,3329,7280,44,105,0,0,0,0
2026-01-21T12:23:36.650866+00:00,s1-eth5,3280,7404,45,107,0,0,0,0
2026-01-21T12:23:36.650866+00:00,s2-eth1,25778050,100980,21762,1100,0,0,0,0
2026-01-21T12:23:36.650866+00:00,s2-eth2,98654,25780376,1069,21793,0,0,0,0
2026-01-21T12:23:36.650866+00:00,s2-eth3,866,4780,11,66,0,0,0,0
2026-01-21T12:23:36.650866+00:00,s2-eth4,866,4780,11,66,0,0,0,0
2026-01-21T12:23:36.650866+00:00,s2-eth5,866,4604,11,64,0,0,0,0
2026-01-21T12:23:36.849809+00:00,s1-eth1,101078,25825344,1101,21801,0,0,102040,84
2026-01-21T12:23:36.849809+00:00,s1-eth2,45340059,95676,37405,1013,0,0,0,0
2026-01-21T12:23:36.849809+00:00,s1-eth3,2888,6938,39,100,0,0,0,0
2026-01-21T12:23:36.849809+00:00,s1-eth4,3329,7280,44,105,0,0,0,0
2026-01-21T12:23:36.849809+00:00,s1-eth5,3280,7404,45,107,0,0,0,0
2026-01-21T12:23:36.849809+00:00,s2-eth1,25829070,101078,21804,1101,0,0,0,0
2026-01-21T12:23:36.849809+00:00,s2-eth2,98752,25831396,1070,21835,0,0,0,0
2026-01-21T12:23:36.849809+00:00,s2-eth3,866,4780,11,66,0,0,0,0
2026-01-21T12:23:36.849809+00:00,s2-eth4,866,4780,11,66,0,0,0,0
2026-01-21T12:23:36.849809+00:00,s2-eth5,866,4604,11,64,0,0,0,0
2026-01-21T12:23:37.050083+00:00,s1-eth1,101176,25875122,1102,21842,0,0,102040,84
2026-01-21T12:23:37.050083+00:00,s1-eth2,45430823,95774,37479,1014,0,0,0,0
2026-01-21T12:23:37.050083+00:00,s1-eth3,2888,6938,39,100,0,0,0,0
2026-01-21T12:23:37.050083+00:00,s1-eth4,3329,7280,44,105,0,0,0,0
2026-01-21T12:23:37.050083+00:00,s1-eth5,3280,7404,45,107,0,0,0,0
2026-01-21T12:23:37.050083+00:00,s2-eth1,25878848,101176,21845,1102,0,0,0,0
2026-01-21T12:23:37.050083+00:00,s2-eth2,98850,25882416,1071,21877,0,0,0,0
2026-01-21T12:23:37.050083+00:00,s2-eth3,866,4780,11,66,0,0,0,0
2026-01-21T12:23:37.050083+00:00,s2-eth4,866,4780,11,66,0,0,0,0
2026-01-21T12:23:37.050083+00:00,s2-eth5,866,4604,11,64,0,0,0,0
2026-01-21T12:23:37.250378+00:00,s1-eth1,101274,25924900,1103,21883,0,0,102040,84
2026-01-21T12:23:37.250378+00:00,s1-eth2,45520345,95872,37552,1015,0,0,0,0
2026-01-21T12:23:37.250378+00:00,s1-eth3,2888,6938,39,100,0,0,0,0
2026-01-21T12:23:37.250378+00:00,s1-eth4,3329,7280,44,105,0,0,0,0
2026-01-21T12:23:37.250378+00:00,s1-eth5,3280,7404,45,107,0,0,0,0
2026-01-21T12:23:37.250378+00:00,s2-eth1,25929868,101274,21887,1103,0,0,0,0
2026-01-21T12:23:37.250378+00:00,s2-eth2,98948,25932194,1072,21918,0,0,0,0
2026-01-21T12:23:37.250378+00:00,s2-eth3,866,4780,11,66,0,0,0,0
2026-01-21T12:23:37.250378+00:00,s2-eth4,866,4780,11,66,0,0,0,0
2026-01-21T12:23:37.250378+00:00,s2-eth5,866,4604,11,64,0,0,0,0
2026-01-21T12:23:37.453767+00:00,s1-eth1,101372,25975920,1104,21925,0,0,103282,85
2026-01-21T12:23:37.453767+00:00,s1-eth2,45613593,95970,37628,1016,0,0,0,0
2026-01-21T12:23:37.453767+00:00,s1-eth3,2888,6938,39,100,0,0,0,0
2026-01-21T12:23:37.453767+00:00,s1-eth4,3329,7280,44,105,0,0,0,0
2026-01-21T12:23:37.453767+00:00,s1-eth5,3280,7404,45,107,0,0,0,0
2026-01-21T12:23:37.453767+00:00,s2-eth1,25979646,101372,21928,1104,0,0,0,0
2026-01-21T12:23:37.453767+00:00,s2-eth2,99046,25981972,1073,21959,0,0,0,0
2026-01-21T12:23:37.453767+00:00,s2-eth3,866,4780,11,66,0,0,0,0
2026-01-21T12:23:37.453767+00:00,s2-eth4,866,4780,11,66,0,0,0,0
2026-01-21T12:23:37.453767+00:00,s2-eth5,866,4604,11,64,0,0,0,0
2026-01-21T12:23:37.662915+00:00,s1-eth1,101470,26028182,1105,21968,0,0,103282,85
2026-01-21T12:23:37.662915+00:00,s1-eth2,45708083,96068,37705,1017,0,0,0,0
2026-01-21T12:23:37.662915+00:00,s1-eth3,2888,6938,39,100,0,0,0,0
2026-01-21T12:23:37.662915+00:00,s1-eth4,3329,7280,44,105,0,0,0,0
2026-01-21T12:23:37.662915+00:00,s1-eth5,3280,7404,45,107,0,0,0,0
2026-01-21T12:23:37.662915+00:00,s2-eth1,26030666,101470,21970,1105,0,0,0,0
2026-01-21T12:23:37.662915+00:00,s2-eth2,99144,26032992,1074,22001,0,0,0,0
2026-01-21T12:23:37.662915+00:00,s2-eth3,866,4780,11,66,0,0,0,0
2026-01-21T12:23:37.662915+00:00,s2-eth4,866,4780,11,66,0,0,0,0
2026-01-21T12:23:37.662915+00:00,s2-eth5,866,4604,11,64,0,0,0,0
2026-01-21T12:23:37.928481+00:00,s1-eth1,101568,26095348,1106,22023,0,0,103282,85
2026-01-21T12:23:37.928481+00:00,s1-eth2,45828655,96166,37803,1018,0,0,0,0
2026-01-21T12:23:37.928481+00:00,s1-eth3,2888,6938,39,100,0,0,0,0
2026-01-21T12:23:37.928481+00:00,s1-eth4,3329,7280,44,105,0,0,0,0
2026-01-21T12:23:37.928481+00:00,s1-eth5,3280,7404,45,107,0,0,0,0
2026-01-21T12:23:37.928481+00:00,s2-eth1,26097832,101568,22025,1106,0,0,0,0
2026-01-21T12:23:37.928481+00:00,s2-eth2,99242,26100158,1075,22056,0,0,0,0
2026-01-21T12:23:37.928481+00:00,s2-eth3,866,4780,11,66,0,0,0,0
2026-01-21T12:23:37.928481+00:00,s2-eth4,866,4780,11,66,0,0,0,0
2026-01-21T12:23:37.928481+00:00,s2-eth5,866,4604,11,64,0,0,0,0
2026-01-21T12:23:38.049759+00:00,s1-eth1,101666,26125254,1107,22048,0,0,103282,85
2026-01-21T12:23:38.049759+00:00,s1-eth2,45883401,96264,37848,1019,0,0,0,0
2026-01-21T12:23:38.049759+00:00,s1-eth3,2888,6938,39,100,0,0,0,0
2026-01-21T12:23:38.049759+00:00,s1-eth4,3329,7280,44,105,0,0,0,0
2026-01-21T12:23:38.049759+00:00,s1-eth5,3280,7404,45,107,0,0,0,0
2026-01-21T12:23:38.049759+00:00,s2-eth1,26127738,101666,22050,1107,0,0,0,0
2026-01-21T12:23:38.049759+00:00,s2-eth2,99340,26130064,1076,22081,0,0,0,0
2026-01-21T12:23:38.049759+00:00,s2-eth3,866,4780,11,66,0,0,0,0
2026-01-21T12:23:38.049759+00:00,s2-eth4,866,4780,11,66,0,0,0,0
2026-01-21T12:23:38.049759+00:00,s2-eth5,866,4604,11,64,0,0,0,0
2026-01-21T12:23:38.250018+00:00,s1-eth1,101764,26175032,1108,22089,0,0,103282,85
2026-01-21T12:23:38.250018+00:00,s1-eth2,45974165,96362,37922,1020,0,0,0,0
2026-01-21T12:23:38.250018+00:00,s1-eth3,2888,6938,39,100,0,0,0,0
2026-01-21T12:23:38.250018+00:00,s1-eth4,3329,7280,44,105,0,0,0,0
2026-01-21T12:23:38.250018+00:00,s1-eth5,3280,7404,45,107,0,0,0,0
2026-01-21T12:23:38.250018+00:00,s2-eth1,26177516,101764,22091,1108,0,0,0,0
2026-01-21T12:23:38.250018+00:00,s2-eth2,99438,26181084,1077,22123,0,0,0,0
2026-01-21T12:23:38.250018+00:00,s2-eth3,866,4780,11,66,0,0,0,0
2026-01-21T12:23:38.250018+00:00,s2-eth4,866,4780,11,66,0,0,0,0
2026-01-21T12:23:38.250018+00:00,s2-eth5,866,4604,11,64,0,0,0,0
2026-01-21T12:23:38.450567+00:00,s1-eth1,101862,26226052,1109,22131,0,0,103282,85
2026-01-21T12:23:38.450567+00:00,s1-eth2,46064929,96460,37996,1021,0,0,0,0
2026-01-21T12:23:38.450567+00:00,s1-eth3,2888,6938,39,100,0,0,0,0
2026-01-21T12:23:38.450567+00:00,s1-eth4,3329,7280,44,105,0,0,0,0
2026-01-21T12:23:38.450567+00:00,s1-eth5,3280,7404,45,107,0,0,0,0
2026-01-21T12:23:38.450567+00:00,s2-eth1,26228536,101862,22133,1109,0,0,0,0
2026-01-21T12:23:38.450567+00:00,s2-eth2,99536,26230862,1078,22164,0,0,1242,1
2026-01-21T12:23:38.450567+00:00,s2-eth3,866,4780,11,66,0,0,0,0
2026-01-21T12:23:38.450567+00:00,s2-eth4,866,4780,11,66,0,0,0,0
2026-01-21T12:23:38.450567+00:00,s2-eth5,866,4604,11,64,0,0,0,0
2026-01-21T12:23:38.650030+00:00,s1-eth1,101960,26275830,1110,22172,0,0,103282,85
2026-01-21T12:23:38.650030+00:00,s1-eth2,46155693,96558,38070,1022,0,0,0,0
2026-01-21T12:23:38.650030+00:00,s1-eth3,2888,6938,39,100,0,0,0,0
2026-01-21T12:23:38.650030+00:00,s1-eth4,3329,7280,44,105,0,0,0,0
2026-01-21T12:23:38.650030+00:00,s1-eth5,3280,7404,45,107,0,0,0,0
2026-01-21T12:23:38.650030+00:00,s2-eth1,26278314,101960,22174,1110,0,0,0,0
2026-01-21T12:23:38.650030+00:00,s2-eth2,99634,26280640,1079,22205,0,0,0,0
2026-01-21T12:23:38.650030+00:00,s2-eth3,866,4780,11,66,0,0,0,0
2026-01-21T12:23:38.650030+00:00,s2-eth4,866,4780,11,66,0,0,0,0
2026-01-21T12:23:38.650030+00:00,s2-eth5,866,4604,11,64,0,0,0,0
2026-01-21T12:23:38.912606+00:00,s1-eth1,102058,26340512,1111,22225,0,0,103282,85
2026-01-21T12:23:38.912606+00:00,s1-eth2,46275023,96656,38167,1023,0,0,0,0
2026-01-21T12:23:38.912606+00:00,s1-eth3,2888,6938,39,100,0,0,0,0
2026-01-21T12:23:38.912606+00:00,s1-eth4,3329,7280,44,105,0,0,0,0
2026-01-21T12:23:38.912606+00:00,s1-eth5,3280,7404,45,107,0,0,0,0
2026-01-21T12:23:38.912606+00:00,s2-eth1,26345480,102058,22229,1111,0,0,0,0
2026-01-21T12:23:38.912606+00:00,s2-eth2,99732,26347806,1080,22260,0,0,1242,1
2026-01-21T12:23:38.912606+00:00,s2-eth3,866,4780,11,66,0,0,0,0
2026-01-21T12:23:38.912606+00:00,s2-eth4,866,4780,11,66,0,0,0,0
2026-01-21T12:23:38.912606+00:00,s2-eth5,866,4604,11,64,0,0,0,0
2026-01-21T12:23:39.051247+00:00,s1-eth1,102156,26375386,1112,22254,0,0,103282,85
2026-01-21T12:23:39.051247+00:00,s1-eth2,46337221,96754,38218,1024,0,0,0,0
2026-01-21T12:23:39.051247+00:00,s1-eth3,2888,6938,39,100,0,0,0,0
2026-01-21T12:23:39.051247+00:00,s1-eth4,3329,7280,44,105,0,0,0,0
2026-01-21T12:23:39.051247+00:00,s1-eth5,3280,7404,45,107,0,0,0,0
2026-01-21T12:23:39.051247+00:00,s2-eth1,26379112,102156,22257,1112,0,0,0,0
2026-01-21T12:23:39.051247+00:00,s2-eth2,99830,26381438,1081,22288,0,0,0,0
2026-01-21T12:23:39.051247+00:00,s2-eth3,866,4780,11,66,0,0,0,0
2026-01-21T12:23:39.051247+00:00,s2-eth4,866,4780,11,66,0,0,0,0
2026-01-21T12:23:39.051247+00:00,s2-eth5,866,4604,11,64,0,0,0,0
2026-01-21T12:23:39.264100+00:00,s1-eth1,102156,26413888,1112,22285,0,0,71155,61
2026-01-21T12:23:39.264100+00:00,s1-eth2,46348564,96754,38229,1024,0,0,0,0
2026-01-21T12:23:39.264100+00:00,s1-eth3,2888,6938,39,100,0,0,0,0
2026-01-21T12:23:39.264100+00:00,s1-eth4,3329,7280,44,105,0,0,0,0
2026-01-21T12:23:39.264100+00:00,s1-eth5,3280,7404,45,107,0,0,0,0
2026-01-21T12:23:39.264100+00:00,s2-eth1,26416372,102156,22287,1112,0,0,0,0
2026-01-21T12:23:39.264100+00:00,s2-eth2,99830,26418698,1081,22318,0,0,0,0
2026-01-21T12:23:39.264100+00:00,s2-eth3,866,4780,11,66,0,0,0,0
2026-01-21T12:23:39.264100+00:00,s2-eth4,866,4780,11,66,0,0,0,0
2026-01-21T12:23:39.264100+00:00,s2-eth5,866,4604,11,64,0,0,0,0
2026-01-21T12:23:39.449932+00:00,s1-eth1,102254,26459940,1113,22323,0,0,23861,22
2026-01-21T12:23:39.449932+00:00,s1-eth2,46348564,96852,38229,1025,0,0,0,0
2026-01-21T12:23:39.449932+00:00,s1-eth3,2888,6938,39,100,0,0,0,0
2026-01-21T12:23:39.449932+00:00,s1-eth4,3329,7280,44,105,0,0,0,0
2026-01-21T12:23:39.449932+00:00,s1-eth5,3280,7404,45,107,0,0,0,0
2026-01-21T12:23:39.449932+00:00,s2-eth1,26462424,102254,22325,1113,0,0,0,0
2026-01-21T12:23:39.449932+00:00,s2-eth2,99928,26464750,1082,22356,0,0,0,0
2026-01-21T12:23:39.449932+00:00,s2-eth3,866,4780,11,66,0,0,0,0
2026-01-21T12:23:39.449932+00:00,s2-eth4,866,4780,11,66,0,0,0,0
2026-01-21T12:23:39.449932+00:00,s2-eth5,866,4604,11,64,0,0,0,0
2026-01-21T12:23:39.650592+00:00,s1-eth1,103286,26485935,1123,22355,0,0,0,0
2026-01-21T12:23:39.650592+00:00,s1-eth2,46349456,97884,38238,1035,0,0,0,0
2026-01-21T12:23:39.650592+00:00,s1-eth3,2888,6938,39,100,0,0,0,0
2026-01-21T12:23:39.650592+00:00,s1-eth4,3329,7280,44,105,0,0,0,0
2026-01-21T12:23:39.650592+00:00,s1-eth5,3280,7404,45,107,0,0,0,0
2026-01-21T12:23:39.650592+00:00,s2-eth1,26485935,103286,22355,1123,0,0,0,0
2026-01-21T12:23:39.650592+00:00,s2-eth2,100960,26488261,1092,22386,0,0,0,0
2026-01-21T12:23:39.650592+00:00,s2-eth3,866,4780,11,66,0,0,0,0
2026-01-21T12:23:39.650592+00:00,s2-eth4,866,4780,11,66,0,0,0,0
2026-01-21T12:23:39.650592+00:00,s2-eth5,866,4604,11,64,0,0,0,0
2026-01-21T12:23:39.851518+00:00,s1-eth1,103384,26486033,1124,22356,0,0,0,0
2026-01-21T12:23:39.851518+00:00,s1-eth2,46349554,97982,38239,1036,0,0,0,0
2026-01-21T12:23:39.851518+00:00,s1-eth3,2888,6938,39,100,0,0,0,0
2026-01-21T12:23:39.851518+00:00,s1-eth4,3329,7280,44,105,0,0,0,0
2026-01-21T12:23:39.851518+00:00,s1-eth5,3280,7404,45,107,0,0,0,0
2026-01-21T12:23:39.851518+00:00,s2-eth1,26486033,103384,22356,1124,0,0,0,0
2026-01-21T12:23:39.851518+00:00,s2-eth2,101058,26488359,1093,22387,0,0,0,0
2026-01-21T12:23:39.851518+00:00,s2-eth3,866,4780,11,66,0,0,0,0
2026-01-21T12:23:39.851518+00:00,s2-eth4,866,4780,11,66,0,0,0,0
2026-01-21T12:23:39.851518+00:00,s2-eth5,866,4604,11,64,0,0,0,0
2026-01-21T12:23:40.049997+00:00,s1-eth1,103482,26486131,1125,22357,0,0,0,0
2026-01-21T12:23:40.049997+00:00,s1-eth2,46349652,98080,38240,1037,0,0,0,0
2026-01-21T12:23:40.049997+00:00,s1-eth3,2888,6938,39,100,0,0,0,0
2026-01-21T12:23:40.049997+00:00,s1-eth4,3329,7280,44,105,0,0,0,0
2026-01-21T12:23:40.049997+00:00,s1-eth5,3280,7404,45,107,0,0,0,0
2026-01-21T12:23:40.049997+00:00,s2-eth1,26486131,103482,22357,1125,0,0,0,0
2026-01-21T12:23:40.049997+00:00,s2-eth2,101156,26488457,1094,22388,0,0,0,0
2026-01-21T12:23:40.049997+00:00,s2-eth3,866,4780,11,66,0,0,0,0
2026-01-21T12:23:40.049997+00:00,s2-eth4,866,4780,11,66,0,0,0,0
2026-01-21T12:23:40.049997+00:00,s2-eth5,866,4604,11,64,0,0,0,0
2026-01-21T12:23:40.252053+00:00,s1-eth1,103580,26486229,1126,22358,0,0,0,0
2026-01-21T12:23:40.252053+00:00,s1-eth2,46349750,98178,38241,1038,0,0,0,0
2026-01-21T12:23:40.252053+00:00,s1-eth3,2888,6938,39,100,0,0,0,0
2026-01-21T12:23:40.252053+00:00,s1-eth4,3329,7280,44,105,0,0,0,0
2026-01-21T12:23:40.252053+00:00,s1-eth5,3280,7404,45,107,0,0,0,0
2026-01-21T12:23:40.252053+00:00,s2-eth1,26486229,103580,22358,1126,0,0,0,0
2026-01-21T12:23:40.252053+00:00,s2-eth2,101254,26488555,1095,22389,0,0,0,0
2026-01-21T12:23:40.252053+00:00,s2-eth3,866,4780,11,66,0,0,0,0
2026-01-21T12:23:40.252053+00:00,s2-eth4,866,4780,11,66,0,0,0,0
2026-01-21T12:23:40.252053+00:00,s2-eth5,866,4604,11,64,0,0,0,0
2026-01-21T12:23:40.453677+00:00,s1-eth1,103678,26486327,1127,22359,0,0,0,0
2026-01-21T12:23:40.453677+00:00,s1-eth2,46349848,98276,38242,1039,0,0,0,0
2026-01-21T12:23:40.453677+00:00,s1-eth3,2888,6938,39,100,0,0,0,0
2026-01-21T12:23:40.453677+00:00,s1-eth4,3329,7280,44,105,0,0,0,0
2026-01-21T12:23:40.453677+00:00,s1-eth5,3280,7404,45,107,0,0,0,0
2026-01-21T12:23:40.453677+00:00,s2-eth1,26486327,103678,22359,1127,0,0,0,0
2026-01-21T12:23:40.453677+00:00,s2-eth2,101352,26488653,1096,22390,0,0,0,0
2026-01-21T12:23:40.453677+00:00,s2-eth3,866,4780,11,66,0,0,0,0
2026-01-21T12:23:40.453677+00:00,s2-eth4,866,4780,11,66,0,0,0,0
2026-01-21T12:23:40.453677+00:00,s2-eth5,866,4604,11,64,0,0,0,0
2026-01-21T12:23:40.650728+00:00,s1-eth1,103776,26486425,1128,22360,0,0,0,0
2026-01-21T12:23:40.650728+00:00,s1-eth2,46349946,98374,38243,1040,0,0,0,0
2026-01-21T12:23:40.650728+00:00,s1-eth3,2888,6938,39,100,0,0,0,0
2026-01-21T12:23:40.650728+00:00,s1-eth4,3329,7280,44,105,0,0,0,0
2026-01-21T12:23:40.650728+00:00,s1-eth5,3280,7404,45,107,0,0,0,0
2026-01-21T12:23:40.650728+00:00,s2-eth1,26486425,103776,22360,1128,0,0,0,0
2026-01-21T12:23:40.650728+00:00,s2-eth2,101450,26488751,1097,22391,0,0,0,0
2026-01-21T12:23:40.650728+00:00,s2-eth3,866,4780,11,66,0,0,0,0
2026-01-21T12:23:40.650728+00:00,s2-eth4,866,4780,11,66,0,0,0,0
2026-01-21T12:23:40.650728+00:00,s2-eth5,866,4604,11,64,0,0,0,0
2026-01-21T12:23:40.850567+00:00,s1-eth1,103874,26486523,1129,22361,0,0,0,0
2026-01-21T12:23:40.850567+00:00,s1-eth2,46350044,98472,38244,1041,0,0,0,0
2026-01-21T12:23:40.850567+00:00,s1-eth3,2888,6938,39,100,0,0,0,0
2026-01-21T12:23:40.850567+00:00,s1-eth4,3329,7280,44,105,0,0,0,0
2026-01-21T12:23:40.850567+00:00,s1-eth5,3280,7404,45,107,0,0,0,0
2026-01-21T12:23:40.850567+00:00,s2-eth1,26486523,103874,22361,1129,0,0,0,0
2026-01-21T12:23:40.850567+00:00,s2-eth2,101548,26488849,1098,22392,0,0,0,0
2026-01-21T12:23:40.850567+00:00,s2-eth3,866,4780,11,66,0,0,0,0
2026-01-21T12:23:40.850567+00:00,s2-eth4,866,4780,11,66,0,0,0,0
2026-01-21T12:23:40.850567+00:00,s2-eth5,866,4604,11,64,0,0,0,0
2026-01-21T12:23:41.049927+00:00,s1-eth1,103972,26486621,1130,22362,0,0,0,0
2026-01-21T12:23:41.049927+00:00,s1-eth2,46350142,98570,38245,1042,0,0,0,0
2026-01-21T12:23:41.049927+00:00,s1-eth3,2888,6938,39,100,0,0,0,0
2026-01-21T12:23:41.049927+00:00,s1-eth4,3329,7280,44,105,0,0,0,0
2026-01-21T12:23:41.049927+00:00,s1-eth5,3280,7404,45,107,0,0,0,0
2026-01-21T12:23:41.049927+00:00,s2-eth1,26486621,103972,22362,1130,0,0,0,0
2026-01-21T12:23:41.049927+00:00,s2-eth2,101646,26488947,1099,22393,0,0,0,0
2026-01-21T12:23:41.049927+00:00,s2-eth3,866,4780,11,66,0,0,0,0
2026-01-21T12:23:41.049927+00:00,s2-eth4,866,4780,11,66,0,0,0,0
2026-01-21T12:23:41.049927+00:00,s2-eth5,866,4604,11,64,0,0,0,0
2026-01-21T12:23:41.250662+00:00,s1-eth1,104070,26486719,1131,22363,0,0,0,0
2026-01-21T12:23:41.250662+00:00,s1-eth2,46350240,98668,38246,1043,0,0,0,0
2026-01-21T12:23:41.250662+00:00,s1-eth3,2888,6938,39,100,0,0,0,0
2026-01-21T12:23:41.250662+00:00,s1-eth4,3329,7280,44,105,0,0,0,0
2026-01-21T12:23:41.250662+00:00,s1-eth5,3280,7404,45,107,0,0,0,0
2026-01-21T12:23:41.250662+00:00,s2-eth1,26486719,104070,22363,1131,0,0,0,0
2026-01-21T12:23:41.250662+00:00,s2-eth2,101744,26489045,1100,22394,0,0,0,0
2026-01-21T12:23:41.250662+00:00,s2-eth3,866,4780,11,66,0,0,0,0
2026-01-21T12:23:41.250662+00:00,s2-eth4,866,4780,11,66,0,0,0,0
2026-01-21T12:23:41.250662+00:00,s2-eth5,866,4604,11,64,0,0,0,0
2026-01-21T12:23:41.450793+00:00,s1-eth1,104168,26486817,1132,22364,0,0,0,0
2026-01-21T12:23:41.450793+00:00,s1-eth2,46350338,98766,38247,1044,0,0,0,0
2026-01-21T12:23:41.450793+00:00,s1-eth3,2888,6938,39,100,0,0,0,0
2026-01-21T12:23:41.450793+00:00,s1-eth4,3329,7280,44,105,0,0,0,0
2026-01-21T12:23:41.450793+00:00,s1-eth5,3280,7404,45,107,0,0,0,0
2026-01-21T12:23:41.450793+00:00,s2-eth1,26486817,104168,22364,1132,0,0,0,0
2026-01-21T12:23:41.450793+00:00,s2-eth2,101842,26489143,1101,22395,0,0,0,0
2026-01-21T12:23:41.450793+00:00,s2-eth3,866,4780,11,66,0,0,0,0
2026-01-21T12:23:41.450793+00:00,s2-eth4,866,4780,11,66,0,0,0,0
2026-01-21T12:23:41.450793+00:00,s2-eth5,866,4604,11,64,0,0,0,0
2026-01-21T12:23:41.651726+00:00,s1-eth1,104266,26486915,1133,22365,0,0,0,0
2026-01-21T12:23:41.651726+00:00,s1-eth2,46350436,98864,38248,1045,0,0,0,0
2026-01-21T12:23:41.651726+00:00,s1-eth3,2888,6938,39,100,0,0,0,0
2026-01-21T12:23:41.651726+00:00,s1-eth4,3329,7280,44,105,0,0,0,0
2026-01-21T12:23:41.651726+00:00,s1-eth5,3280,7404,45,107,0,0,0,0
2026-01-21T12:23:41.651726+00:00,s2-eth1,26486915,104266,22365,1133,0,0,0,0
2026-01-21T12:23:41.651726+00:00,s2-eth2,101940,26489241,1102,22396,0,0,0,0
2026-01-21T12:23:41.651726+00:00,s2-eth3,866,4780,11,66,0,0,0,0
2026-01-21T12:23:41.651726+00:00,s2-eth4,866,4780,11,66,0,0,0,0
2026-01-21T12:23:41.651726+00:00,s2-eth5,866,4604,11,64,0,0,0,0
2026-01-21T12:23:41.850526+00:00,s1-eth1,104364,26487013,1134,22366,0,0,0,0
2026-01-21T12:23:41.850526+00:00,s1-eth2,46350534,98962,38249,1046,0,0,0,0
2026-01-21T12:23:41.850526+00:00,s1-eth3,2888,6938,39,100,0,0,0,0
2026-01-21T12:23:41.850526+00:00,s1-eth4,3329,7280,44,105,0,0,0,0
2026-01-21T12:23:41.850526+00:00,s1-eth5,3280,7404,45,107,0,0,0,0
2026-01-21T12:23:41.850526+00:00,s2-eth1,26487013,104364,22366,1134,0,0,0,0
2026-01-21T12:23:41.850526+00:00,s2-eth2,102038,26489339,1103,22397,0,0,0,0
2026-01-21T12:23:41.850526+00:00,s2-eth3,866,4780,11,66,0,0,0,0
2026-01-21T12:23:41.850526+00:00,s2-eth4,866,4780,11,66,0,0,0,0
2026-01-21T12:23:41.850526+00:00,s2-eth5,866,4604,11,64,0,0,0,0
2026-01-21T12:23:42.050704+00:00,s1-eth1,104462,26487111,1135,22367,0,0,0,0
2026-01-21T12:23:42.050704+00:00,s1-eth2,46350632,99060,38250,1047,0,0,0,0
2026-01-21T12:23:42.050704+00:00,s1-eth3,2888,6938,39,100,0,0,0,0
2026-01-21T12:23:42.050704+00:00,s1-eth4,3329,7280,44,105,0,0,0,0
2026-01-21T12:23:42.050704+00:00,s1-eth5,3280,7404,45,107,0,0,0,0
2026-01-21T12:23:42.050704+00:00,s2-eth1,26487111,104462,22367,1135,0,0,0,0
2026-01-21T12:23:42.050704+00:00,s2-eth2,102136,26489437,1104,22398,0,0,0,0
2026-01-21T12:23:42.050704+00:00,s2-eth3,866,4780,11,66,0,0,0,0
2026-01-21T12:23:42.050704+00:00,s2-eth4,866,4780,11,66,0,0,0,0
2026-01-21T12:23:42.050704+00:00,s2-eth5,866,4604,11,64,0,0,0,0
2026-01-21T12:23:42.251406+00:00,s1-eth1,104560,26487209,1136,22368,0,0,0,0
2026-01-21T12:23:42.251406+00:00,s1-eth2,46350730,99158,38251,1048,0,0,0,0
2026-01-21T12:23:42.251406+00:00,s1-eth3,2888,6938,39,100,0,0,0,0
2026-01-21T12:23:42.251406+00:00,s1-eth4,3329,7280,44,105,0,0,0,0
2026-01-21T12:23:42.251406+00:00,s1-eth5,3280,7404,45,107,0,0,0,0
2026-01-21T12:23:42.251406+00:00,s2-eth1,26487209,104560,22368,1136,0,0,0,0
2026-01-21T12:23:42.251406+00:00,s2-eth2,102234,26489535,1105,22399,0,0,0,0
2026-01-21T12:23:42.251406+00:00,s2-eth3,866,4780,11,66,0,0,0,0
2026-01-21T12:23:42.251406+00:00,s2-eth4,866,4780,11,66,0,0,0,0
2026-01-21T12:23:42.251406+00:00,s2-eth5,866,4604,11,64,0,0,0,0
2026-01-21T12:23:42.453564+00:00,s1-eth1,104658,26487307,1137,22369,0,0,0,0
2026-01-21T12:23:42.453564+00:00,s1-eth2,46350828,99256,38252,1049,0,0,0,0
2026-01-21T12:23:42.453564+00:00,s1-eth3,2888,6938,39,100,0,0,0,0
2026-01-21T12:23:42.453564+00:00,s1-eth4,3329,7280,44,105,0,0,0,0
2026-01-21T12:23:42.453564+00:00,s1-eth5,3280,7404,45,107,0,0,0,0
2026-01-21T12:23:42.453564+00:00,s2-eth1,26487307,104658,22369,1137,0,0,0,0
2026-01-21T12:23:42.453564+00:00,s2-eth2,102332,26489633,1106,22400,0,0,0,0
2026-01-21T12:23:42.453564+00:00,s2-eth3,866,4780,11,66,0,0,0,0
2026-01-21T12:23:42.453564+00:00,s2-eth4,866,4780,11,66,0,0,0,0
2026-01-21T12:23:42.453564+00:00,s2-eth5,866,4604,11,64,0,0,0,0
2026-01-21T12:23:42.651096+00:00,s1-eth1,104756,26487405,1138,22370,0,0,0,0
2026-01-21T12:23:42.651096+00:00,s1-eth2,46350926,99354,38253,1050,0,0,0,0
2026-01-21T12:23:42.651096+00:00,s1-eth3,2888,6938,39,100,0,0,0,0
2026-01-21T12:23:42.651096+00:00,s1-eth4,3329,7280,44,105,0,0,0,0
2026-01-21T12:23:42.651096+00:00,s1-eth5,3280,7404,45,107,0,0,0,0
2026-01-21T12:23:42.651096+00:00,s2-eth1,26487405,104756,22370,1138,0,0,0,0
2026-01-21T12:23:42.651096+00:00,s2-eth2,102430,26489731,1107,22401,0,0,0,0
2026-01-21T12:23:42.651096+00:00,s2-eth3,866,4780,11,66,0,0,0,0
2026-01-21T12:23:42.651096+00:00,s2-eth4,866,4780,11,66,0,0,0,0
2026-01-21T12:23:42.651096+00:00,s2-eth5,866,4604,11,64,0,0,0,0
2026-01-21T12:23:42.849920+00:00,s1-eth1,104854,26487503,1139,22371,0,0,0,0
2026-01-21T12:23:42.849920+00:00,s1-eth2,46351024,99452,38254,1051,0,0,0,0
2026-01-21T12:23:42.849920+00:00,s1-eth3,2888,6938,39,100,0,0,0,0
2026-01-21T12:23:42.849920+00:00,s1-eth4,3329,7280,44,105,0,0,0,0
2026-01-21T12:23:42.849920+00:00,s1-eth5,3280,7404,45,107,0,0,0,0
2026-01-21T12:23:42.849920+00:00,s2-eth1,26487503,104854,22371,1139,0,0,0,0
2026-01-21T12:23:42.849920+00:00,s2-eth2,102528,26489829,1108,22402,0,0,0,0
2026-01-21T12:23:42.849920+00:00,s2-eth3,866,4780,11,66,0,0,0,0
2026-01-21T12:23:42.849920+00:00,s2-eth4,866,4780,11,66,0,0,0,0
2026-01-21T12:23:42.849920+00:00,s2-eth5,866,4604,11,64,0,0,0,0
2026-01-21T12:23:43.050828+00:00,s1-eth1,104952,26487601,1140,22372,0,0,0,0
2026-01-21T12:23:43.050828+00:00,s1-eth2,46351122,99550,38255,1052,0,0,0,0
2026-01-21T12:23:43.050828+00:00,s1-eth3,2888,6938,39,100,0,0,0,0
2026-01-21T12:23:43.050828+00:00,s1-eth4,3329,7280,44,105,0,0,0,0
2026-01-21T12:23:43.050828+00:00,s1-eth5,3280,7404,45,107,0,0,0,0
2026-01-21T12:23:43.050828+00:00,s2-eth1,26487601,104952,22372,1140,0,0,0,0
2026-01-21T12:23:43.050828+00:00,s2-eth2,102626,26489927,1109,22403,0,0,0,0
2026-01-21T12:23:43.050828+00:00,s2-eth3,866,4780,11,66,0,0,0,0
2026-01-21T12:23:43.050828+00:00,s2-eth4,866,4780,11,66,0,0,0,0
2026-01-21T12:23:43.050828+00:00,s2-eth5,866,4604,11,64,0,0,0,0
2026-01-21T12:23:43.250215+00:00,s1-eth1,105050,26487699,1141,22373,0,0,0,0
2026-01-21T12:23:43.250215+00:00,s1-eth2,46351220,99648,38256,1053,0,0,0,0
2026-01-21T12:23:43.250215+00:00,s1-eth3,2888,6938,39,100,0,0,0,0
2026-01-21T12:23:43.250215+00:00,s1-eth4,3329,7280,44,105,0,0,0,0
2026-01-21T12:23:43.250215+00:00,s1-eth5,3280,7404,45,107,0,0,0,0
2026-01-21T12:23:43.250215+00:00,s2-eth1,26487699,105050,22373,1141,0,0,0,0
2026-01-21T12:23:43.250215+00:00,s2-eth2,102724,26490025,1110,22404,0,0,0,0
2026-01-21T12:23:43.250215+00:00,s2-eth3,866,4780,11,66,0,0,0,0
2026-01-21T12:23:43.250215+00:00,s2-eth4,866,4780,11,66,0,0,0,0
2026-01-21T12:23:43.250215+00:00,s2-eth5,866,4604,11,64,0,0,0,0
2026-01-21T12:23:43.450236+00:00,s1-eth1,105148,26487797,1142,22374,0,0,0,0
2026-01-21T12:23:43.450236+00:00,s1-eth2,46351318,99746,38257,1054,0,0,0,0
2026-01-21T12:23:43.450236+00:00,s1-eth3,2888,6938,39,100,0,0,0,0
2026-01-21T12:23:43.450236+00:00,s1-eth4,3329,7280,44,105,0,0,0,0
2026-01-21T12:23:43.450236+00:00,s1-eth5,3280,7404,45,107,0,0,0,0
2026-01-21T12:23:43.450236+00:00,s2-eth1,26487797,105148,22374,1142,0,0,0,0
2026-01-21T12:23:43.450236+00:00,s2-eth2,102822,26490123,1111,22405,0,0,0,0
2026-01-21T12:23:43.450236+00:00,s2-eth3,866,4780,11,66,0,0,0,0
2026-01-21T12:23:43.450236+00:00,s2-eth4,866,4780,11,66,0,0,0,0
2026-01-21T12:23:43.450236+00:00,s2-eth5,866,4604,11,64,0,0,0,0
2026-01-21T12:23:43.653417+00:00,s1-eth1,105246,26487895,1143,22375,0,0,0,0
2026-01-21T12:23:43.653417+00:00,s1-eth2,46351416,99844,38258,1055,0,0,0,0
2026-01-21T12:23:43.653417+00:00,s1-eth3,2888,6938,39,100,0,0,0,0
2026-01-21T12:23:43.653417+00:00,s1-eth4,3329,7280,44,105,0,0,0,0
2026-01-21T12:23:43.653417+00:00,s1-eth5,3280,7404,45,107,0,0,0,0
2026-01-21T12:23:43.653417+00:00,s2-eth1,26487895,105246,22375,1143,0,0,0,0
2026-01-21T12:23:43.653417+00:00,s2-eth2,102920,26490221,1112,22406,0,0,0,0
2026-01-21T12:23:43.653417+00:00,s2-eth3,866,4780,11,66,0,0,0,0
2026-01-21T12:23:43.653417+00:00,s2-eth4,866,4780,11,66,0,0,0,0
2026-01-21T12:23:43.653417+00:00,s2-eth5,866,4604,11,64,0,0,0,0
2026-01-21T12:23:43.850103+00:00,s1-eth1,105344,26487993,1144,22376,0,0,0,0
2026-01-21T12:23:43.850103+00:00,s1-eth2,46351514,99942,38259,1056,0,0,0,0
2026-01-21T12:23:43.850103+00:00,s1-eth3,2888,6938,39,100,0,0,0,0
2026-01-21T12:23:43.850103+00:00,s1-eth4,3329,7280,44,105,0,0,0,0
2026-01-21T12:23:43.850103+00:00,s1-eth5,3280,7404,45,107,0,0,0,0
2026-01-21T12:23:43.850103+00:00,s2-eth1,26487993,105344,22376,1144,0,0,0,0
2026-01-21T12:23:43.850103+00:00,s2-eth2,103018,26490319,1113,22407,0,0,0,0
2026-01-21T12:23:43.850103+00:00,s2-eth3,866,4780,11,66,0,0,0,0
2026-01-21T12:23:43.850103+00:00,s2-eth4,866,4780,11,66,0,0,0,0
2026-01-21T12:23:43.850103+00:00,s2-eth5,866,4604,11,64,0,0,0,0
2026-01-21T12:23:44.050524+00:00,s1-eth1,105442,26488091,1145,22377,0,0,0,0
2026-01-21T12:23:44.050524+00:00,s1-eth2,46351612,100040,38260,1057,0,0,0,0
2026-01-21T12:23:44.050524+00:00,s1-eth3,2888,6938,39,100,0,0,0,0
2026-01-21T12:23:44.050524+00:00,s1-eth4,3329,7280,44,105,0,0,0,0
2026-01-21T12:23:44.050524+00:00,s1-eth5,3280,7404,45,107,0,0,0,0
2026-01-21T12:23:44.050524+00:00,s2-eth1,26488091,105442,22377,1145,0,0,0,0
2026-01-21T12:23:44.050524+00:00,s2-eth2,103116,26490417,1114,22408,0,0,0,0
2026-01-21T12:23:44.050524+00:00,s2-eth3,866,4780,11,66,0,0,0,0
2026-01-21T12:23:44.050524+00:00,s2-eth4,866,4780,11,66,0,0,0,0
2026-01-21T12:23:44.050524+00:00,s2-eth5,866,4604,11,64,0,0,0,0
2026-01-21T12:23:44.254786+00:00,s1-eth1,105540,26488189,1146,22378,0,0,0,0
2026-01-21T12:23:44.254786+00:00,s1-eth2,46351710,100138,38261,1058,0,0,0,0
2026-01-21T12:23:44.254786+00:00,s1-eth3,2888,6938,39,100,0,0,0,0
2026-01-21T12:23:44.254786+00:00,s1-eth4,3329,7280,44,105,0,0,0,0
2026-01-21T12:23:44.254786+00:00,s1-eth5,3280,7404,45,107,0,0,0,0
2026-01-21T12:23:44.254786+00:00,s2-eth1,26488189,105540,22378,1146,0,0,0,0
2026-01-21T12:23:44.254786+00:00,s2-eth2,103214,26490515,1115,22409,0,0,0,0
2026-01-21T12:23:44.254786+00:00,s2-eth3,866,4780,11,66,0,0,0,0
2026-01-21T12:23:44.254786+00:00,s2-eth4,866,4780,11,66,0,0,0,0
2026-01-21T12:23:44.254786+00:00,s2-eth5,866,4604,11,64,0,0,0,0
2026-01-21T12:23:44.458560+00:00,s1-eth1,105638,26488287,1147,22379,0,0,0,0
2026-01-21T12:23:44.458560+00:00,s1-eth2,46351808,100236,38262,1059,0,0,0,0
2026-01-21T12:23:44.458560+00:00,s1-eth3,2888,6938,39,100,0,0,0,0
2026-01-21T12:23:44.458560+00:00,s1-eth4,3329,7280,44,105,0,0,0,0
2026-01-21T12:23:44.458560+00:00,s1-eth5,3280,7404,45,107,0,0,0,0
2026-01-21T12:23:44.458560+00:00,s2-eth1,26488287,105638,22379,1147,0,0,0,0
2026-01-21T12:23:44.458560+00:00,s2-eth2,103312,26490613,1116,22410,0,0,0,0
2026-01-21T12:23:44.458560+00:00,s2-eth3,866,4780,11,66,0,0,0,0
2026-01-21T12:23:44.458560+00:00,s2-eth4,866,4780,11,66,0,0,0,0
2026-01-21T12:23:44.458560+00:00,s2-eth5,866,4604,11,64,0,0,0,0
2026-01-21T12:23:44.652428+00:00,s1-eth1,105736,26488385,1148,22380,0,0,0,0
2026-01-21T12:23:44.652428+00:00,s1-eth2,46351906,100334,38263,1060,0,0,0,0
2026-01-21T12:23:44.652428+00:00,s1-eth3,2888,6938,39,100,0,0,0,0
2026-01-21T12:23:44.652428+00:00,s1-eth4,3329,7280,44,105,0,0,0,0
2026-01-21T12:23:44.652428+00:00,s1-eth5,3280,7404,45,107,0,0,0,0
2026-01-21T12:23:44.652428+00:00,s2-eth1,26488385,105736,22380,1148,0,0,0,0
2026-01-21T12:23:44.652428+00:00,s2-eth2,103410,26490711,1117,22411,0,0,0,0
2026-01-21T12:23:44.652428+00:00,s2-eth3,866,4780,11,66,0,0,0,0
2026-01-21T12:23:44.652428+00:00,s2-eth4,866,4780,11,66,0,0,0,0
2026-01-21T12:23:44.652428+00:00,s2-eth5,866,4604,11,64,0,0,0,0
2026-01-21T12:23:44.850927+00:00,s1-eth1,105834,26488483,1149,22381,0,0,0,0
2026-01-21T12:23:44.850927+00:00,s1-eth2,46352004,100432,38264,1061,0,0,0,0
2026-01-21T12:23:44.850927+00:00,s1-eth3,2888,6938,39,100,0,0,0,0
2026-01-21T12:23:44.850927+00:00,s1-eth4,3329,7280,44,105,0,0,0,0
2026-01-21T12:23:44.850927+00:00,s1-eth5,3280,7404,45,107,0,0,0,0
2026-01-21T12:23:44.850927+00:00,s2-eth1,26488483,105834,22381,1149,0,0,0,0
2026-01-21T12:23:44.850927+00:00,s2-eth2,103508,26490809,1118,22412,0,0,0,0
2026-01-21T12:23:44.850927+00:00,s2-eth3,866,4780,11,66,0,0,0,0
2026-01-21T12:23:44.850927+00:00,s2-eth4,866,4780,11,66,0,0,0,0
2026-01-21T12:23:44.850927+00:00,s2-eth5,866,4604,11,64,0,0,0,0
2026-01-21T12:23:45.050546+00:00,s1-eth1,105932,26488581,1150,22382,0,0,0,0
2026-01-21T12:23:45.050546+00:00,s1-eth2,46352102,100530,38265,1062,0,0,0,0
2026-01-21T12:23:45.050546+00:00,s1-eth3,2888,6938,39,100,0,0,0,0
2026-01-21T12:23:45.050546+00:00,s1-eth4,3329,7280,44,105,0,0,0,0
2026-01-21T12:23:45.050546+00:00,s1-eth5,3280,7404,45,107,0,0,0,0
2026-01-21T12:23:45.050546+00:00,s2-eth1,26488581,105932,22382,1150,0,0,0,0
2026-01-21T12:23:45.050546+00:00,s2-eth2,103606,26490907,1119,22413,0,0,0,0
2026-01-21T12:23:45.050546+00:00,s2-eth3,866,4780,11,66,0,0,0,0
2026-01-21T12:23:45.050546+00:00,s2-eth4,866,4780,11,66,0,0,0,0
2026-01-21T12:23:45.050546+00:00,s2-eth5,866,4604,11,64,0,0,0,0
2026-01-21T12:23:45.250372+00:00,s1-eth1,106030,26488679,1151,22383,0,0,0,0
2026-01-21T12:23:45.250372+00:00,s1-eth2,46352200,100628,38266,1063,0,0,0,0
2026-01-21T12:23:45.250372+00:00,s1-eth3,2888,6938,39,100,0,0,0,0
2026-01-21T12:23:45.250372+00:00,s1-eth4,3329,7280,44,105,0,0,0,0
2026-01-21T12:23:45.250372+00:00,s1-eth5,3280,7404,45,107,0,0,0,0
2026-01-21T12:23:45.250372+00:00,s2-eth1,26488679,106030,22383,1151,0,0,0,0
2026-01-21T12:23:45.250372+00:00,s2-eth2,103704,26491005,1120,22414,0,0,0,0
2026-01-21T12:23:45.250372+00:00,s2-eth3,866,4780,11,66,0,0,0,0
2026-01-21T12:23:45.250372+00:00,s2-eth4,866,4780,11,66,0,0,0,0
2026-01-21T12:23:45.250372+00:00,s2-eth5,866,4604,11,64,0,0,0,0
2026-01-21T12:23:45.459170+00:00,s1-eth1,106128,26488777,1152,22384,0,0,0,0
2026-01-21T12:23:45.459170+00:00,s1-eth2,46352298,100726,38267,1064,0,0,0,0
2026-01-21T12:23:45.459170+00:00,s1-eth3,2888,6938,39,100,0,0,0,0
2026-01-21T12:23:45.459170+00:00,s1-eth4,3329,7280,44,105,0,0,0,0
2026-01-21T12:23:45.459170+00:00,s1-eth5,3280,7404,45,107,0,0,0,0
2026-01-21T12:23:45.459170+00:00,s2-eth1,26488777,106128,22384,1152,0,0,0,0
2026-01-21T12:23:45.459170+00:00,s2-eth2,103802,26491103,1121,22415,0,0,0,0
2026-01-21T12:23:45.459170+00:00,s2-eth3,866,4780,11,66,0,0,0,0
2026-01-21T12:23:45.459170+00:00,s2-eth4,866,4780,11,66,0,0,0,0
2026-01-21T12:23:45.459170+00:00,s2-eth5,866,4604,11,64,0,0,0,0
2026-01-21T12:23:45.656903+00:00,s1-eth1,106226,26488875,1153,22385,0,0,0,0
2026-01-21T12:23:45.656903+00:00,s1-eth2,46352396,100824,38268,1065,0,0,0,0
2026-01-21T12:23:45.656903+00:00,s1-eth3,2888,6938,39,100,0,0,0,0
2026-01-21T12:23:45.656903+00:00,s1-eth4,3329,7280,44,105,0,0,0,0
2026-01-21T12:23:45.656903+00:00,s1-eth5,3280,7404,45,107,0,0,0,0
2026-01-21T12:23:45.656903+00:00,s2-eth1,26488875,106226,22385,1153,0,0,0,0
2026-01-21T12:23:45.656903+00:00,s2-eth2,103900,26491201,1122,22416,0,0,0,0
2026-01-21T12:23:45.656903+00:00,s2-eth3,866,4780,11,66,0,0,0,0
2026-01-21T12:23:45.656903+00:00,s2-eth4,866,4780,11,66,0,0,0,0
2026-01-21T12:23:45.656903+00:00,s2-eth5,866,4604,11,64,0,0,0,0
2026-01-21T12:23:45.861318+00:00,s1-eth1,106324,26488973,1154,22386,0,0,0,0
2026-01-21T12:23:45.861318+00:00,s1-eth2,46352494,100922,38269,1066,0,0,0,0
2026-01-21T12:23:45.861318+00:00,s1-eth3,2888,6938,39,100,0,0,0,0
2026-01-21T12:23:45.861318+00:00,s1-eth4,3329,7280,44,105,0,0,0,0
2026-01-21T12:23:45.861318+00:00,s1-eth5,3280,7404,45,107,0,0,0,0
2026-01-21T12:23:45.861318+00:00,s2-eth1,26488973,106324,22386,1154,0,0,0,0
2026-01-21T12:23:45.861318+00:00,s2-eth2,103998,26491299,1123,22417,0,0,0,0
2026-01-21T12:23:45.861318+00:00,s2-eth3,866,4780,11,66,0,0,0,0
2026-01-21T12:23:45.861318+00:00,s2-eth4,866,4780,11,66,0,0,0,0
2026-01-21T12:23:45.861318+00:00,s2-eth5,866,4604,11,64,0,0,0,0
2026-01-21T12:23:46.050261+00:00,s1-eth1,106422,26489071,1155,22387,0,0,0,0
2026-01-21T12:23:46.050261+00:00,s1-eth2,46352592,101020,38270,1067,0,0,0,0
2026-01-21T12:23:46.050261+00:00,s1-eth3,2888,6938,39,100,0,0,0,0
2026-01-21T12:23:46.050261+00:00,s1-eth4,3329,7280,44,105,0,0,0,0
2026-01-21T12:23:46.050261+00:00,s1-eth5,3280,7404,45,107,0,0,0,0
2026-01-21T12:23:46.050261+00:00,s2-eth1,26489071,106422,22387,1155,0,0,0,0
2026-01-21T12:23:46.050261+00:00,s2-eth2,104096,26491397,1124,22418,0,0,0,0
2026-01-21T12:23:46.050261+00:00,s2-eth3,866,4780,11,66,0,0,0,0
2026-01-21T12:23:46.050261+00:00,s2-eth4,866,4780,11,66,0,0,0,0
2026-01-21T12:23:46.050261+00:00,s2-eth5,866,4604,11,64,0,0,0,0
2026-01-21T12:23:46.250509+00:00,s1-eth1,106520,26489169,1156,22388,0,0,0,0
2026-01-21T12:23:46.250509+00:00,s1-eth2,46352690,101118,38271,1068,0,0,0,0
2026-01-21T12:23:46.250509+00:00,s1-eth3,2888,6938,39,100,0,0,0,0
2026-01-21T12:23:46.250509+00:00,s1-eth4,3329,7280,44,105,0,0,0,0
2026-01-21T12:23:46.250509+00:00,s1-eth5,3280,7404,45,107,0,0,0,0
2026-01-21T12:23:46.250509+00:00,s2-eth1,26489169,106520,22388,1156,0,0,0,0
2026-01-21T12:23:46.250509+00:00,s2-eth2,104194,26491495,1125,22419,0,0,0,0
2026-01-21T12:23:46.250509+00:00,s2-eth3,866,4780,11,66,0,0,0,0
2026-01-21T12:23:46.250509+00:00,s2-eth4,866,4780,11,66,0,0,0,0
2026-01-21T12:23:46.250509+00:00,s2-eth5,866,4604,11,64,0,0,0,0
2026-01-21T12:23:46.450842+00:00,s1-eth1,106618,26489267,1157,22389,0,0,0,0
2026-01-21T12:23:46.450842+00:00,s1-eth2,46352788,101216,38272,1069,0,0,0,0
2026-01-21T12:23:46.450842+00:00,s1-eth3,2888,6938,39,100,0,0,0,0
2026-01-21T12:23:46.450842+00:00,s1-eth4,3329,7280,44,105,0,0,0,0
2026-01-21T12:23:46.450842+00:00,s1-eth5,3280,7404,45,107,0,0,0,0
2026-01-21T12:23:46.450842+00:00,s2-eth1,26489267,106618,22389,1157,0,0,0,0
2026-01-21T12:23:46.450842+00:00,s2-eth2,104292,26491593,1126,22420,0,0,0,0
2026-01-21T12:23:46.450842+00:00,s2-eth3,866,4780,11,66,0,0,0,0
2026-01-21T12:23:46.450842+00:00,s2-eth4,866,4780,11,66,0,0,0,0
2026-01-21T12:23:46.450842+00:00,s2-eth5,866,4604,11,64,0,0,0,0
2026-01-21T12:23:46.651369+00:00,s1-eth1,106716,26489365,1158,22390,0,0,0,0
2026-01-21T12:23:46.651369+00:00,s1-eth2,46352886,101314,38273,1070,0,0,0,0
2026-01-21T12:23:46.651369+00:00,s1-eth3,2888,6938,39,100,0,0,0,0
2026-01-21T12:23:46.651369+00:00,s1-eth4,3329,7280,44,105,0,0,0,0
2026-01-21T12:23:46.651369+00:00,s1-eth5,3280,7404,45,107,0,0,0,0
2026-01-21T12:23:46.651369+00:00,s2-eth1,26489365,106716,22390,1158,0,0,0,0
2026-01-21T12:23:46.651369+00:00,s2-eth2,104390,26491691,1127,22421,0,0,0,0
2026-01-21T12:23:46.651369+00:00,s2-eth3,866,4780,11,66,0,0,0,0
2026-01-21T12:23:46.651369+00:00,s2-eth4,866,4780,11,66,0,0,0,0
2026-01-21T12:23:46.651369+00:00,s2-eth5,866,4604,11,64,0,0,0,0
2026-01-21T12:23:46.849867+00:00,s1-eth1,106814,26489463,1159,22391,0,0,0,0
2026-01-21T12:23:46.849867+00:00,s1-eth2,46352984,101412,38274,1071,0,0,0,0
2026-01-21T12:23:46.849867+00:00,s1-eth3,2888,6938,39,100,0,0,0,0
2026-01-21T12:23:46.849867+00:00,s1-eth4,3329,7280,44,105,0,0,0,0
2026-01-21T12:23:46.849867+00:00,s1-eth5,3280,7404,45,107,0,0,0,0
2026-01-21T12:23:46.849867+00:00,s2-eth1,26489463,106814,22391,1159,0,0,0,0
2026-01-21T12:23:46.849867+00:00,s2-eth2,104488,26491789,1128,22422,0,0,0,0
2026-01-21T12:23:46.849867+00:00,s2-eth3,866,4780,11,66,0,0,0,0
2026-01-21T12:23:46.849867+00:00,s2-eth4,866,4780,11,66,0,0,0,0
2026-01-21T12:23:46.849867+00:00,s2-eth5,866,4604,11,64,0,0,0,0
2026-01-21T12:23:47.050021+00:00,s1-eth1,106912,26489561,1160,22392,0,0,0,0
2026-01-21T12:23:47.050021+00:00,s1-eth2,46353082,101510,38275,1072,0,0,0,0
2026-01-21T12:23:47.050021+00:00,s1-eth3,2888,6938,39,100,0,0,0,0
2026-01-21T12:23:47.050021+00:00,s1-eth4,3329,7280,44,105,0,0,0,0
2026-01-21T12:23:47.050021+00:00,s1-eth5,3280,7404,45,107,0,0,0,0
2026-01-21T12:23:47.050021+00:00,s2-eth1,26489561,106912,22392,1160,0,0,0,0
2026-01-21T12:23:47.050021+00:00,s2-eth2,104586,26491887,1129,22423,0,0,0,0
2026-01-21T12:23:47.050021+00:00,s2-eth3,866,4780,11,66,0,0,0,0
2026-01-21T12:23:47.050021+00:00,s2-eth4,866,4780,11,66,0,0,0,0
2026-01-21T12:23:47.050021+00:00,s2-eth5,866,4604,11,64,0,0,0,0
2026-01-21T12:23:47.253556+00:00,s1-eth1,107010,26489659,1161,22393,0,0,0,0
2026-01-21T12:23:47.253556+00:00,s1-eth2,46353180,101608,38276,1073,0,0,0,0
2026-01-21T12:23:47.253556+00:00,s1-eth3,2888,6938,39,100,0,0,0,0
2026-01-21T12:23:47.253556+00:00,s1-eth4,3329,7280,44,105,0,0,0,0
2026-01-21T12:23:47.253556+00:00,s1-eth5,3280,7404,45,107,0,0,0,0
2026-01-21T12:23:47.253556+00:00,s2-eth1,26489659,107010,22393,1161,0,0,0,0
2026-01-21T12:23:47.253556+00:00,s2-eth2,104684,26491985,1130,22424,0,0,0,0
2026-01-21T12:23:47.253556+00:00,s2-eth3,866,4780,11,66,0,0,0,0
2026-01-21T12:23:47.253556+00:00,s2-eth4,866,4780,11,66,0,0,0,0
2026-01-21T12:23:47.253556+00:00,s2-eth5,866,4604,11,64,0,0,0,0
2026-01-21T12:23:47.453727+00:00,s1-eth1,107108,26489757,1162,22394,0,0,0,0
2026-01-21T12:23:47.453727+00:00,s1-eth2,46353278,101706,38277,1074,0,0,0,0
2026-01-21T12:23:47.453727+00:00,s1-eth3,2888,6938,39,100,0,0,0,0
2026-01-21T12:23:47.453727+00:00,s1-eth4,3329,7280,44,105,0,0,0,0
2026-01-21T12:23:47.453727+00:00,s1-eth5,3280,7404,45,107,0,0,0,0
2026-01-21T12:23:47.453727+00:00,s2-eth1,26489757,107108,22394,1162,0,0,0,0
2026-01-21T12:23:47.453727+00:00,s2-eth2,104782,26492083,1131,22425,0,0,0,0
2026-01-21T12:23:47.453727+00:00,s2-eth3,866,4780,11,66,0,0,0,0
2026-01-21T12:23:47.453727+00:00,s2-eth4,866,4780,11,66,0,0,0,0
2026-01-21T12:23:47.453727+00:00,s2-eth5,866,4604,11,64,0,0,0,0
2026-01-21T12:23:47.652099+00:00,s1-eth1,107206,26489855,1163,22395,0,0,0,0
2026-01-21T12:23:47.652099+00:00,s1-eth2,46353376,101804,38278,1075,0,0,0,0
2026-01-21T12:23:47.652099+00:00,s1-eth3,2888,6938,39,100,0,0,0,0
2026-01-21T12:23:47.652099+00:00,s1-eth4,3329,7280,44,105,0,0,0,0
2026-01-21T12:23:47.652099+00:00,s1-eth5,3280,7404,45,107,0,0,0,0
2026-01-21T12:23:47.652099+00:00,s2-eth1,26489855,107206,22395,1163,0,0,0,0
2026-01-21T12:23:47.652099+00:00,s2-eth2,104880,26492181,1132,22426,0,0,0,0
2026-01-21T12:23:47.652099+00:00,s2-eth3,866,4780,11,66,0,0,0,0
2026-01-21T12:23:47.652099+00:00,s2-eth4,866,4780,11,66,0,0,0,0
2026-01-21T12:23:47.652099+00:00,s2-eth5,866,4604,11,64,0,0,0,0
2026-01-21T12:23:47.850474+00:00,s1-eth1,107304,26489953,1164,22396,0,0,0,0
2026-01-21T12:23:47.850474+00:00,s1-eth2,46353474,101902,38279,1076,0,0,0,0
2026-01-21T12:23:47.850474+00:00,s1-eth3,2888,6938,39,100,0,0,0,0
2026-01-21T12:23:47.850474+00:00,s1-eth4,3329,7280,44,105,0,0,0,0
2026-01-21T12:23:47.850474+00:00,s1-eth5,3280,7404,45,107,0,0,0,0
2026-01-21T12:23:47.850474+00:00,s2-eth1,26489953,107304,22396,1164,0,0,0,0
2026-01-21T12:23:47.850474+00:00,s2-eth2,104978,26492279,1133,22427,0,0,0,0
2026-01-21T12:23:47.850474+00:00,s2-eth3,866,4780,11,66,0,0,0,0
2026-01-21T12:23:47.850474+00:00,s2-eth4,866,4780,11,66,0,0,0,0
2026-01-21T12:23:47.850474+00:00,s2-eth5,866,4604,11,64,0,0,0,0
2026-01-21T12:23:48.050102+00:00,s1-eth1,107402,26490051,1165,22397,0,0,0,0
2026-01-21T12:23:48.050102+00:00,s1-eth2,46353572,102000,38280,1077,0,0,0,0
2026-01-21T12:23:48.050102+00:00,s1-eth3,2888,6938,39,100,0,0,0,0
2026-01-21T12:23:48.050102+00:00,s1-eth4,3329,7280,44,105,0,0,0,0
2026-01-21T12:23:48.050102+00:00,s1-eth5,3280,7404,45,107,0,0,0,0
2026-01-21T12:23:48.050102+00:00,s2-eth1,26490051,107402,22397,1165,0,0,0,0
2026-01-21T12:23:48.050102+00:00,s2-eth2,105076,26492377,1134,22428,0,0,0,0
2026-01-21T12:23:48.050102+00:00,s2-eth3,866,4780,11,66,0,0,0,0
2026-01-21T12:23:48.050102+00:00,s2-eth4,866,4780,11,66,0,0,0,0
2026-01-21T12:23:48.050102+00:00,s2-eth5,866,4604,11,64,0,0,0,0
2026-01-21T12:23:48.249961+00:00,s1-eth1,107500,26490149,1166,22398,0,0,0,0
2026-01-21T12:23:48.249961+00:00,s1-eth2,46353670,102098,38281,1078,0,0,0,0
2026-01-21T12:23:48.249961+00:00,s1-eth3,2888,6938,39,100,0,0,0,0
2026-01-21T12:23:48.249961+00:00,s1-eth4,3329,7280,44,105,0,0,0,0
2026-01-21T12:23:48.249961+00:00,s1-eth5,3280,7404,45,107,0,0,0,0
2026-01-21T12:23:48.249961+00:00,s2-eth1,26490149,107500,22398,1166,0,0,0,0
2026-01-21T12:23:48.249961+00:00,s2-eth2,105174,26492475,1135,22429,0,0,0,0
2026-01-21T12:23:48.249961+00:00,s2-eth3,866,4780,11,66,0,0,0,0
2026-01-21T12:23:48.249961+00:00,s2-eth4,866,4780,11,66,0,0,0,0
2026-01-21T12:23:48.249961+00:00,s2-eth5,866,4604,11,64,0,0,0,0
2026-01-21T12:23:48.450564+00:00,s1-eth1,107598,26490247,1167,22399,0,0,0,0
2026-01-21T12:23:48.450564+00:00,s1-eth2,46353768,102196,38282,1079,0,0,0,0
2026-01-21T12:23:48.450564+00:00,s1-eth3,2888,6938,39,100,0,0,0,0
2026-01-21T12:23:48.450564+00:00,s1-eth4,3329,7280,44,105,0,0,0,0
2026-01-21T12:23:48.450564+00:00,s1-eth5,3280,7404,45,107,0,0,0,0
2026-01-21T12:23:48.450564+00:00,s2-eth1,26490247,107598,22399,1167,0,0,0,0
2026-01-21T12:23:48.450564+00:00,s2-eth2,105272,26492573,1136,22430,0,0,0,0
2026-01-21T12:23:48.450564+00:00,s2-eth3,866,4780,11,66,0,0,0,0
2026-01-21T12:23:48.450564+00:00,s2-eth4,866,4780,11,66,0,0,0,0
2026-01-21T12:23:48.450564+00:00,s2-eth5,866,4604,11,64,0,0,0,0
2026-01-21T12:23:48.649962+00:00,s1-eth1,107696,26490345,1168,22400,0,0,0,0
2026-01-21T12:23:48.649962+00:00,s1-eth2,46353866,102294,38283,1080,0,0,0,0
2026-01-21T12:23:48.649962+00:00,s1-eth3,2888,6938,39,100,0,0,0,0
2026-01-21T12:23:48.649962+00:00,s1-eth4,3329,7280,44,105,0,0,0,0
2026-01-21T12:23:48.649962+00:00,s1-eth5,3280,7404,45,107,0,0,0,0
2026-01-21T12:23:48.649962+00:00,s2-eth1,26490345,107696,22400,1168,0,0,0,0
2026-01-21T12:23:48.649962+00:00,s2-eth2,105370,26492671,1137,22431,0,0,0,0
2026-01-21T12:23:48.649962+00:00,s2-eth3,866,4780,11,66,0,0,0,0
2026-01-21T12:23:48.649962+00:00,s2-eth4,866,4780,11,66,0,0,0,0
2026-01-21T12:23:48.649962+00:00,s2-eth5,866,4604,11,64,0,0,0,0
2026-01-21T12:23:48.851248+00:00,s1-eth1,107794,26490443,1169,22401,0,0,0,0
2026-01-21T12:23:48.851248+00:00,s1-eth2,46353964,102392,38284,1081,0,0,0,0
2026-01-21T12:23:48.851248+00:00,s1-eth3,2888,6938,39,100,0,0,0,0
2026-01-21T12:23:48.851248+00:00,s1-eth4,3329,7280,44,105,0,0,0,0
2026-01-21T12:23:48.851248+00:00,s1-eth5,3280,7404,45,107,0,0,0,0
2026-01-21T12:23:48.851248+00:00,s2-eth1,26490443,107794,22401,1169,0,0,0,0
2026-01-21T12:23:48.851248+00:00,s2-eth2,105468,26492769,1138,22432,0,0,0,0
2026-01-21T12:23:48.851248+00:00,s2-eth3,866,4780,11,66,0,0,0,0
2026-01-21T12:23:48.851248+00:00,s2-eth4,866,4780,11,66,0,0,0,0
2026-01-21T12:23:48.851248+00:00,s2-eth5,866,4604,11,64,0,0,0,0
2026-01-21T12:23:49.050278+00:00,s1-eth1,107892,26490541,1170,22402,0,0,0,0
2026-01-21T12:23:49.050278+00:00,s1-eth2,46354062,102490,38285,1082,0,0,0,0
2026-01-21T12:23:49.050278+00:00,s1-eth3,2888,6938,39,100,0,0,0,0
2026-01-21T12:23:49.050278+00:00,s1-eth4,3329,7280,44,105,0,0,0,0
2026-01-21T12:23:49.050278+00:00,s1-eth5,3280,7404,45,107,0,0,0,0
2026-01-21T12:23:49.050278+00:00,s2-eth1,26490541,107892,22402,1170,0,0,0,0
2026-01-21T12:23:49.050278+00:00,s2-eth2,105566,26492867,1139,22433,0,0,0,0
2026-01-21T12:23:49.050278+00:00,s2-eth3,866,4780,11,66,0,0,0,0
2026-01-21T12:23:49.050278+00:00,s2-eth4,866,4780,11,66,0,0,0,0
2026-01-21T12:23:49.050278+00:00,s2-eth5,866,4604,11,64,0,0,0,0
2026-01-21T12:23:49.250821+00:00,s1-eth1,107990,26490639,1171,22403,0,0,0,0
2026-01-21T12:23:49.250821+00:00,s1-eth2,46354160,102588,38286,1083,0,0,0,0
2026-01-21T12:23:49.250821+00:00,s1-eth3,2888,6938,39,100,0,0,0,0
2026-01-21T12:23:49.250821+00:00,s1-eth4,3329,7280,44,105,0,0,0,0
2026-01-21T12:23:49.250821+00:00,s1-eth5,3280,7404,45,107,0,0,0,0
2026-01-21T12:23:49.250821+00:00,s2-eth1,26490639,107990,22403,1171,0,0,0,0
2026-01-21T12:23:49.250821+00:00,s2-eth2,105664,26492965,1140,22434,0,0,0,0
2026-01-21T12:23:49.250821+00:00,s2-eth3,866,4780,11,66,0,0,0,0
2026-01-21T12:23:49.250821+00:00,s2-eth4,866,4780,11,66,0,0,0,0
2026-01-21T12:23:49.250821+00:00,s2-eth5,866,4604,11,64,0,0,0,0
2026-01-21T12:23:49.490916+00:00,s1-eth1,108088,26490737,1172,22404,0,0,0,0
2026-01-21T12:23:49.490916+00:00,s1-eth2,46354258,102686,38287,1084,0,0,0,0
2026-01-21T12:23:49.490916+00:00,s1-eth3,2888,6938,39,100,0,0,0,0
2026-01-21T12:23:49.490916+00:00,s1-eth4,3329,7280,44,105,0,0,0,0
2026-01-21T12:23:49.490916+00:00,s1-eth5,3280,7404,45,107,0,0,0,0
2026-01-21T12:23:49.490916+00:00,s2-eth1,26490737,108088,22404,1172,0,0,0,0
2026-01-21T12:23:49.490916+00:00,s2-eth2,105762,26493063,1141,22435,0,0,0,0
2026-01-21T12:23:49.490916+00:00,s2-eth3,866,4780,11,66,0,0,0,0
2026-01-21T12:23:49.490916+00:00,s2-eth4,866,4780,11,66,0,0,0,0
2026-01-21T12:23:49.490916+00:00,s2-eth5,866,4604,11,64,0,0,0,0
2026-01-21T12:23:49.650619+00:00,s1-eth1,109951,26497537,1200,22431,0,0,1242,1
2026-01-21T12:23:49.650619+00:00,s1-eth2,46362615,103436,38304,1095,0,0,0,0
2026-01-21T12:23:49.650619+00:00,s1-eth3,3197,7331,43,106,0,0,0,0
2026-01-21T12:23:49.650619+00:00,s1-eth4,3638,7607,48,110,0,0,0,0
2026-01-21T12:23:49.650619+00:00,s1-eth5,3589,7797,49,113,0,0,0,0
2026-01-21T12:23:49.650619+00:00,s2-eth1,26500021,109951,22433,1200,0,0,0,0
2026-01-21T12:23:49.650619+00:00,s2-eth2,107625,26502347,1169,22464,0,0,1242,1
2026-01-21T12:23:49.650619+00:00,s2-eth3,866,4780,11,66,0,0,0,0
2026-01-21T12:23:49.650619+00:00,s2-eth4,866,4780,11,66,0,0,0,0
2026-01-21T12:23:49.650619+00:00,s2-eth5,866,4604,11,64,0,0,0,0
2026-01-21T12:23:49.849783+00:00,s1-eth1,110049,26547315,1201,22472,0,0,42228,34
2026-01-21T12:23:49.849783+00:00,s1-eth2,46453379,103534,38378,1096,0,0,0,0
2026-01-21T12:23:49.849783+00:00,s1-eth3,3197,7331,43,106,0,0,0,0
2026-01-21T12:23:49.849783+00:00,s1-eth4,3638,7607,48,110,0,0,0,0
2026-01-21T12:23:49.849783+00:00,s1-eth5,3589,7797,49,113,0,0,0,0
2026-01-21T12:23:49.849783+00:00,s2-eth1,26551041,110049,22475,1201,0,0,0,0
2026-01-21T12:23:49.849783+00:00,s2-eth2,107723,26553367,1170,22506,0,0,0,0
2026-01-21T12:23:49.849783+00:00,s2-eth3,866,4780,11,66,0,0,0,0
2026-01-21T12:23:49.849783+00:00,s2-eth4,866,4780,11,66,0,0,0,0
2026-01-21T12:23:49.849783+00:00,s2-eth5,866,4604,11,64,0,0,0,0
2026-01-21T12:23:50.049828+00:00,s1-eth1,110049,26598237,1201,22513,0,0,82070,67
2026-01-21T12:23:50.049828+00:00,s1-eth2,46542901,103534,38451,1096,0,0,0,0
2026-01-21T12:23:50.049828+00:00,s1-eth3,3197,7331,43,106,0,0,0,0
2026-01-21T12:23:50.049828+00:00,s1-eth4,3638,7607,48,110,0,0,0,0
2026-01-21T12:23:50.049828+00:00,s1-eth5,3589,7797,49,113,0,0,0,0
2026-01-21T12:23:50.049828+00:00,s2-eth1,26600721,110049,22515,1201,0,0,0,0
2026-01-21T12:23:50.049828+00:00,s2-eth2,107723,26603047,1170,22546,0,0,0,0
2026-01-21T12:23:50.049828+00:00,s2-eth3,866,4780,11,66,0,0,0,0
2026-01-21T12:23:50.049828+00:00,s2-eth4,866,4780,11,66,0,0,0,0
2026-01-21T12:23:50.049828+00:00,s2-eth5,866,4604,11,64,0,0,0,0
2026-01-21T12:23:50.255840+00:00,s1-eth1,110147,26649257,1202,22555,0,0,103184,84
2026-01-21T12:23:50.255840+00:00,s1-eth2,46636149,103632,38527,1097,0,0,0,0
2026-01-21T12:23:50.255840+00:00,s1-eth3,3197,7331,43,106,0,0,0,0
2026-01-21T12:23:50.255840+00:00,s1-eth4,3638,7607,48,110,0,0,0,0
2026-01-21T12:23:50.255840+00:00,s1-eth5,3589,7797,49,113,0,0,0,0
2026-01-21T12:23:50.255840+00:00,s2-eth1,26651741,110147,22557,1202,0,0,0,0
2026-01-21T12:23:50.255840+00:00,s2-eth2,107821,26654067,1171,22588,0,0,1242,1
2026-01-21T12:23:50.255840+00:00,s2-eth3,866,4780,11,66,0,0,0,0
2026-01-21T12:23:50.255840+00:00,s2-eth4,866,4780,11,66,0,0,0,0
2026-01-21T12:23:50.255840+00:00,s2-eth5,866,4604,11,64,0,0,0,0
2026-01-21T12:23:50.450443+00:00,s1-eth1,110147,26697695,1202,22594,0,0,102040,84
2026-01-21T12:23:50.450443+00:00,s1-eth2,46724429,103632,38599,1097,0,0,0,0
2026-01-21T12:23:50.450443+00:00,s1-eth3,3197,7331,43,106,0,0,0,0
2026-01-21T12:23:50.450443+00:00,s1-eth4,3638,7607,48,110,0,0,0,0
2026-01-21T12:23:50.450443+00:00,s1-eth5,3589,7797,49,113,0,0,0,0
2026-01-21T12:23:50.450443+00:00,s2-eth1,26700179,110147,22596,1202,0,0,0,0
2026-01-21T12:23:50.450443+00:00,s2-eth2,107821,26703747,1171,22628,0,0,0,0
2026-01-21T12:23:50.450443+00:00,s2-eth3,866,4780,11,66,0,0,0,0
2026-01-21T12:23:50.450443+00:00,s2-eth4,866,4780,11,66,0,0,0,0
2026-01-21T12:23:50.450443+00:00,s2-eth5,866,4604,11,64,0,0,0,0
2026-01-21T12:23:50.651272+00:00,s1-eth1,110245,26748715,1203,22636,0,0,103282,85
2026-01-21T12:23:50.651272+00:00,s1-eth2,46816435,103730,38674,1098,0,0,0,0
2026-01-21T12:23:50.651272+00:00,s1-eth3,3197,7331,43,106,0,0,0,0
2026-01-21T12:23:50.651272+00:00,s1-eth4,3638,7607,48,110,0,0,0,0
2026-01-21T12:23:50.651272+00:00,s1-eth5,3589,7797,49,113,0,0,0,0
2026-01-21T12:23:50.651272+00:00,s2-eth1,26751199,110245,22638,1203,0,0,0,0
2026-01-21T12:23:50.651272+00:00,s2-eth2,107919,26753525,1172,22669,0,0,0,0
2026-01-21T12:23:50.651272+00:00,s2-eth3,866,4780,11,66,0,0,0,0
2026-01-21T12:23:50.651272+00:00,s2-eth4,866,4780,11,66,0,0,0,0
2026-01-21T12:23:50.651272+00:00,s2-eth5,866,4604,11,64,0,0,0,0
2026-01-21T12:23:50.917672+00:00,s1-eth1,110343,26814639,1204,22690,0,0,102040,84
2026-01-21T12:23:50.917672+00:00,s1-eth2,46937007,103828,38772,1099,0,0,0,0
2026-01-21T12:23:50.917672+00:00,s1-eth3,3197,7331,43,106,0,0,0,0
2026-01-21T12:23:50.917672+00:00,s1-eth4,3638,7607,48,110,0,0,0,0
2026-01-21T12:23:50.917672+00:00,s1-eth5,3589,7797,49,113,0,0,0,0
2026-01-21T12:23:50.917672+00:00,s2-eth1,26817123,110343,22692,1204,0,0,0,0
2026-01-21T12:23:50.917672+00:00,s2-eth2,108017,26819449,1173,22723,0,0,0,0
2026-01-21T12:23:50.917672+00:00,s2-eth3,866,4780,11,66,0,0,0,0
2026-01-21T12:23:50.917672+00:00,s2-eth4,866,4780,11,66,0,0,0,0
2026-01-21T12:23:50.917672+00:00,s2-eth5,866,4604,11,64,0,0,0,0
2026-01-21T12:23:51.049971+00:00,s1-eth1,110441,26848271,1205,22718,0,0,103282,85
2026-01-21T12:23:51.049971+00:00,s1-eth2,46996721,103926,38821,1100,0,0,0,0
2026-01-21T12:23:51.049971+00:00,s1-eth3,3197,7331,43,106,0,0,0,0
2026-01-21T12:23:51.049971+00:00,s1-eth4,3638,7607,48,110,0,0,0,0
2026-01-21T12:23:51.049971+00:00,s1-eth5,3589,7797,49,113,0,0,0,0
2026-01-21T12:23:51.049971+00:00,s2-eth1,26850755,110441,22720,1205,0,0,0,0
2026-01-21T12:23:51.049971+00:00,s2-eth2,108115,26853081,1174,22751,0,0,1242,1
2026-01-21T12:23:51.049971+00:00,s2-eth3,866,4780,11,66,0,0,0,0
2026-01-21T12:23:51.049971+00:00,s2-eth4,866,4780,11,66,0,0,0,0
2026-01-21T12:23:51.049971+00:00,s2-eth5,866,4604,11,64,0,0,0,0
2026-01-21T12:23:51.303727+00:00,s1-eth1,110539,26911711,1206,22770,0,0,103282,85
2026-01-21T12:23:51.303727+00:00,s1-eth2,47112325,104024,38915,1101,0,0,0,0
2026-01-21T12:23:51.303727+00:00,s1-eth3,3197,7331,43,106,0,0,0,0
2026-01-21T12:23:51.303727+00:00,s1-eth4,3638,7607,48,110,0,0,0,0
2026-01-21T12:23:51.303727+00:00,s1-eth5,3589,7797,49,113,0,0,0,0
2026-01-21T12:23:51.303727+00:00,s2-eth1,26914195,110539,22772,1206,0,0,0,0
2026-01-21T12:23:51.303727+00:00,s2-eth2,108213,26916521,1175,22803,0,0,0,0
2026-01-21T12:23:51.303727+00:00,s2-eth3,866,4780,11,66,0,0,0,0
2026-01-21T12:23:51.303727+00:00,s2-eth4,866,4780,11,66,0,0,0,0
2026-01-21T12:23:51.303727+00:00,s2-eth5,866,4604,11,64,0,0,0,0
2026-01-21T12:23:51.458471+00:00,s1-eth1,110637,26950311,1207,22802,0,0,103282,85
2026-01-21T12:23:51.458471+00:00,s1-eth2,47181975,104122,38972,1102,0,0,0,0
2026-01-21T12:23:51.458471+00:00,s1-eth3,3197,7331,43,106,0,0,0,0
2026-01-21T12:23:51.458471+00:00,s1-eth4,3638,7607,48,110,0,0,0,0
2026-01-21T12:23:51.458471+00:00,s1-eth5,3589,7797,49,113,0,0,0,0
2026-01-21T12:23:51.458471+00:00,s2-eth1,26952795,110637,22804,1207,0,0,0,0
2026-01-21T12:23:51.458471+00:00,s2-eth2,108311,26955121,1176,22835,0,0,0,0
2026-01-21T12:23:51.458471+00:00,s2-eth3,866,4780,11,66,0,0,0,0
2026-01-21T12:23:51.458471+00:00,s2-eth4,866,4780,11,66,0,0,0,0
2026-01-21T12:23:51.458471+00:00,s2-eth5,866,4604,11,64,0,0,0,0
2026-01-21T12:23:51.676915+00:00,s1-eth1,110735,27005057,1208,22847,0,0,103282,85
2026-01-21T12:23:51.676915+00:00,s1-eth2,47281433,104220,39053,1103,0,0,0,0
2026-01-21T12:23:51.676915+00:00,s1-eth3,3197,7331,43,106,0,0,0,0
2026-01-21T12:23:51.676915+00:00,s1-eth4,3638,7607,48,110,0,0,0,0
2026-01-21T12:23:51.676915+00:00,s1-eth5,3589,7797,49,113,0,0,0,0
2026-01-21T12:23:51.676915+00:00,s2-eth1,27007541,110735,22849,1208,0,0,0,0
2026-01-21T12:23:51.676915+00:00,s2-eth2,108409,27009867,1177,22880,0,0,1242,1
2026-01-21T12:23:51.676915+00:00,s2-eth3,866,4780,11,66,0,0,0,0
2026-01-21T12:23:51.676915+00:00,s2-eth4,866,4780,11,66,0,0,0,0
2026-01-21T12:23:51.676915+00:00,s2-eth5,866,4604,11,64,0,0,0,0
2026-01-21T12:23:51.923547+00:00,s1-eth1,110833,27066013,1209,22897,0,0,102040,84
2026-01-21T12:23:51.923547+00:00,s1-eth2,47393311,104318,39144,1104,0,0,0,0
2026-01-21T12:23:51.923547+00:00,s1-eth3,3197,7331,43,106,0,0,0,0
2026-01-21T12:23:51.923547+00:00,s1-eth4,3638,7607,48,110,0,0,0,0
2026-01-21T12:23:51.923547+00:00,s1-eth5,3589,7797,49,113,0,0,0,0
2026-01-21T12:23:51.923547+00:00,s2-eth1,27068497,110833,22899,1209,0,0,0,0
2026-01-21T12:23:51.923547+00:00,s2-eth2,108507,27070823,1178,22930,0,0,0,0
2026-01-21T12:23:51.923547+00:00,s2-eth3,866,4780,11,66,0,0,0,0
2026-01-21T12:23:51.923547+00:00,s2-eth4,866,4780,11,66,0,0,0,0
2026-01-21T12:23:51.923547+00:00,s2-eth5,866,4604,11,64,0,0,0,0
2026-01-21T12:23:52.050106+00:00,s1-eth1,110931,27098403,1210,22924,0,0,102040,84
2026-01-21T12:23:52.050106+00:00,s1-eth2,47450541,104416,39191,1105,0,0,0,0
2026-01-21T12:23:52.050106+00:00,s1-eth3,3197,7331,43,106,0,0,0,0
2026-01-21T12:23:52.050106+00:00,s1-eth4,3638,7607,48,110,0,0,0,0
2026-01-21T12:23:52.050106+00:00,s1-eth5,3589,7797,49,113,0,0,0,0
2026-01-21T12:23:52.050106+00:00,s2-eth1,27100887,110931,22926,1210,0,0,0,0
2026-01-21T12:23:52.050106+00:00,s2-eth2,108605,27103213,1179,22957,0,0,1242,1
2026-01-21T12:23:52.050106+00:00,s2-eth3,866,4780,11,66,0,0,0,0
2026-01-21T12:23:52.050106+00:00,s2-eth4,866,4780,11,66,0,0,0,0
2026-01-21T12:23:52.050106+00:00,s2-eth5,866,4604,11,64,0,0,0,0
2026-01-21T12:23:52.250913+00:00,s1-eth1,111029,27148181,1211,22965,0,0,103282,85
2026-01-21T12:23:52.250913+00:00,s1-eth2,47541305,104514,39265,1106,0,0,0,0
2026-01-21T12:23:52.250913+00:00,s1-eth3,3197,7331,43,106,0,0,0,0
2026-01-21T12:23:52.250913+00:00,s1-eth4,3638,7607,48,110,0,0,0,0
2026-01-21T12:23:52.250913+00:00,s1-eth5,3589,7797,49,113,0,0,0,0
2026-01-21T12:23:52.250913+00:00,s2-eth1,27150665,111029,22967,1211,0,0,0,0
2026-01-21T12:23:52.250913+00:00,s2-eth2,108703,27152991,1180,22998,0,0,0,0
2026-01-21T12:23:52.250913+00:00,s2-eth3,866,4780,11,66,0,0,0,0
2026-01-21T12:23:52.250913+00:00,s2-eth4,866,4780,11,66,0,0,0,0
2026-01-21T12:23:52.250913+00:00,s2-eth5,866,4604,11,64,0,0,0,0
2026-01-21T12:23:52.449984+00:00,s1-eth1,111127,27197959,1212,23006,0,0,103282,85
2026-01-21T12:23:52.449984+00:00,s1-eth2,47630827,104612,39338,1107,0,0,0,0
2026-01-21T12:23:52.449984+00:00,s1-eth3,3197,7331,43,106,0,0,0,0
2026-01-21T12:23:52.449984+00:00,s1-eth4,3638,7607,48,110,0,0,0,0
2026-01-21T12:23:52.449984+00:00,s1-eth5,3589,7797,49,113,0,0,0,0
2026-01-21T12:23:52.449984+00:00,s2-eth1,27200443,111127,23008,1212,0,0,0,0
2026-01-21T12:23:52.449984+00:00,s2-eth2,108801,27202769,1181,23039,0,0,0,0
2026-01-21T12:23:52.449984+00:00,s2-eth3,866,4780,11,66,0,0,0,0
2026-01-21T12:23:52.449984+00:00,s2-eth4,866,4780,11,66,0,0,0,0
2026-01-21T12:23:52.449984+00:00,s2-eth5,866,4604,11,64,0,0,0,0
2026-01-21T12:23:52.650518+00:00,s1-eth1,111225,27247737,1213,23047,0,0,102040,84
2026-01-21T12:23:52.650518+00:00,s1-eth2,47722833,104710,39413,1108,0,0,0,0
2026-01-21T12:23:52.650518+00:00,s1-eth3,3197,7331,43,106,0,0,0,0
2026-01-21T12:23:52.650518+00:00,s1-eth4,3638,7607,48,110,0,0,0,0
2026-01-21T12:23:52.650518+00:00,s1-eth5,3589,7797,49,113,0,0,0,0
2026-01-21T12:23:52.650518+00:00,s2-eth1,27250221,111225,23049,1213,0,0,0,0
2026-01-21T12:23:52.650518+00:00,s2-eth2,108899,27252547,1182,23080,0,0,0,0
2026-01-21T12:23:52.650518+00:00,s2-eth3,866,4780,11,66,0,0,0,0
2026-01-21T12:23:52.650518+00:00,s2-eth4,866,4780,11,66,0,0,0,0
2026-01-21T12:23:52.650518+00:00,s2-eth5,866,4604,11,64,0,0,0,0
2026-01-21T12:23:52.859054+00:00,s1-eth1,111323,27299999,1214,23090,0,0,103282,85
2026-01-21T12:23:52.859054+00:00,s1-eth2,47817323,104808,39490,1109,0,0,0,0
2026-01-21T12:23:52.859054+00:00,s1-eth3,3197,7331,43,106,0,0,0,0
2026-01-21T12:23:52.859054+00:00,s1-eth4,3638,7607,48,110,0,0,0,0
2026-01-21T12:23:52.859054+00:00,s1-eth5,3589,7797,49,113,0,0,0,0
2026-01-21T12:23:52.859054+00:00,s2-eth1,27302483,111323,23092,1214,0,0,0,0
2026-01-21T12:23:52.859054+00:00,s2-eth2,108997,27304809,1183,23123,0,0,1242,1
2026-01-21T12:23:52.859054+00:00,s2-eth3,866,4780,11,66,0,0,0,0
2026-01-21T12:23:52.859054+00:00,s2-eth4,866,4780,11,66,0,0,0,0
2026-01-21T12:23:52.859054+00:00,s2-eth5,866,4604,11,64,0,0,0,0
2026-01-21T12:23:53.050080+00:00,s1-eth1,111421,27348535,1215,23130,0,0,103282,85
2026-01-21T12:23:53.050080+00:00,s1-eth2,47903119,104906,39560,1110,0,0,0,0
2026-01-21T12:23:53.050080+00:00,s1-eth3,3197,7331,43,106,0,0,0,0
2026-01-21T12:23:53.050080+00:00,s1-eth4,3638,7607,48,110,0,0,0,0
2026-01-21T12:23:53.050080+00:00,s1-eth5,3589,7797,49,113,0,0,0,0
2026-01-21T12:23:53.050080+00:00,s2-eth1,27351019,111421,23132,1215,0,0,0,0
2026-01-21T12:23:53.050080+00:00,s2-eth2,109095,27353345,1184,23163,0,0,0,0
2026-01-21T12:23:53.050080+00:00,s2-eth3,866,4780,11,66,0,0,0,0
2026-01-21T12:23:53.050080+00:00,s2-eth4,866,4780,11,66,0,0,0,0
2026-01-21T12:23:53.050080+00:00,s2-eth5,866,4604,11,64,0,0,0,0
2026-01-21T12:23:53.249884+00:00,s1-eth1,111519,27398313,1216,23171,0,0,103282,85
2026-01-21T12:23:53.249884+00:00,s1-eth2,47993883,105004,39634,1111,0,0,0,0
2026-01-21T12:23:53.249884+00:00,s1-eth3,3197,7331,43,106,0,0,0,0
2026-01-21T12:23:53.249884+00:00,s1-eth4,3638,7607,48,110,0,0,0,0
2026-01-21T12:23:53.249884+00:00,s1-eth5,3589,7797,49,113,0,0,0,0
2026-01-21T12:23:53.249884+00:00,s2-eth1,27400797,111519,23173,1216,0,0,0,0
2026-01-21T12:23:53.249884+00:00,s2-eth2,109193,27403123,1185,23204,0,0,1242,1
2026-01-21T12:23:53.249884+00:00,s2-eth3,866,4780,11,66,0,0,0,0
2026-01-21T12:23:53.249884+00:00,s2-eth4,866,4780,11,66,0,0,0,0
2026-01-21T12:23:53.249884+00:00,s2-eth5,866,4604,11,64,0,0,0,0
2026-01-21T12:23:53.450027+00:00,s1-eth1,111617,27448091,1217,23212,0,0,103282,85
2026-01-21T12:23:53.450027+00:00,s1-eth2,48084647,105102,39708,1112,0,0,0,0
2026-01-21T12:23:53.450027+00:00,s1-eth3,3197,7331,43,106,0,0,0,0
2026-01-21T12:23:53.450027+00:00,s1-eth4,3638,7607,48,110,0,0,0,0
2026-01-21T12:23:53.450027+00:00,s1-eth5,3589,7797,49,113,0,0,0,0
2026-01-21T12:23:53.450027+00:00,s2-eth1,27450575,111617,23214,1217,0,0,0,0
2026-01-21T12:23:53.450027+00:00,s2-eth2,109291,27454143,1186,23246,0,0,0,0
2026-01-21T12:23:53.450027+00:00,s2-eth3,866,4780,11,66,0,0,0,0
2026-01-21T12:23:53.450027+00:00,s2-eth4,866,4780,11,66,0,0,0,0
2026-01-21T12:23:53.450027+00:00,s2-eth5,866,4604,11,64,0,0,0,0
2026-01-21T12:23:53.650594+00:00,s1-eth1,111715,27497869,1218,23253,0,0,102040,84
2026-01-21T12:23:53.650594+00:00,s1-eth2,48175411,105200,39782,1113,0,0,0,0
2026-01-21T12:23:53.650594+00:00,s1-eth3,3197,7331,43,106,0,0,0,0
2026-01-21T12:23:53.650594+00:00,s1-eth4,3638,7607,48,110,0,0,0,0
2026-01-21T12:23:53.650594+00:00,s1-eth5,3589,7797,49,113,0,0,0,0
2026-01-21T12:23:53.650594+00:00,s2-eth1,27500353,111715,23255,1218,0,0,0,0
2026-01-21T12:23:53.650594+00:00,s2-eth2,109389,27503921,1187,23287,0,0,0,0
2026-01-21T12:23:53.650594+00:00,s2-eth3,866,4780,11,66,0,0,0,0
2026-01-21T12:23:53.650594+00:00,s2-eth4,866,4780,11,66,0,0,0,0
2026-01-21T12:23:53.650594+00:00,s2-eth5,866,4604,11,64,0,0,0,0
2026-01-21T12:23:53.852990+00:00,s1-eth1,111813,27548889,1219,23295,0,0,103282,85
2026-01-21T12:23:53.852990+00:00,s1-eth2,48267417,105298,39857,1114,0,0,0,0
2026-01-21T12:23:53.852990+00:00,s1-eth3,3197,7331,43,106,0,0,0,0
2026-01-21T12:23:53.852990+00:00,s1-eth4,3638,7607,48,110,0,0,0,0
2026-01-21T12:23:53.852990+00:00,s1-eth5,3589,7797,49,113,0,0,0,0
2026-01-21T12:23:53.852990+00:00,s2-eth1,27551373,111813,23297,1219,0,0,0,0
2026-01-21T12:23:53.852990+00:00,s2-eth2,109487,27553699,1188,23328,0,0,0,0
2026-01-21T12:23:53.852990+00:00,s2-eth3,866,4780,11,66,0,0,0,0
2026-01-21T12:23:53.852990+00:00,s2-eth4,866,4780,11,66,0,0,0,0
2026-01-21T12:23:53.852990+00:00,s2-eth5,866,4604,11,64,0,0,0,0
2026-01-21T12:23:54.050038+00:00,s1-eth1,111911,27597425,1220,23335,0,0,103282,85
2026-01-21T12:23:54.050038+00:00,s1-eth2,48356939,105396,39930,1115,0,0,0,0
2026-01-21T12:23:54.050038+00:00,s1-eth3,3197,7331,43,106,0,0,0,0
2026-01-21T12:23:54.050038+00:00,s1-eth4,3638,7607,48,110,0,0,0,0
2026-01-21T12:23:54.050038+00:00,s1-eth5,3589,7797,49,113,0,0,0,0
2026-01-21T12:23:54.050038+00:00,s2-eth1,27601151,111911,23338,1220,0,0,0,0
2026-01-21T12:23:54.050038+00:00,s2-eth2,109585,27603477,1189,23369,0,0,0,0
2026-01-21T12:23:54.050038+00:00,s2-eth3,866,4780,11,66,0,0,0,0
2026-01-21T12:23:54.050038+00:00,s2-eth4,866,4780,11,66,0,0,0,0
2026-01-21T12:23:54.050038+00:00,s2-eth5,866,4604,11,64,0,0,0,0
2026-01-21T12:23:54.282115+00:00,s1-eth1,112009,27655897,1221,23383,0,0,103282,85
2026-01-21T12:23:54.282115+00:00,s1-eth2,48461365,105494,40015,1116,0,0,0,0
2026-01-21T12:23:54.282115+00:00,s1-eth3,3197,7331,43,106,0,0,0,0
2026-01-21T12:23:54.282115+00:00,s1-eth4,3638,7607,48,110,0,0,0,0
2026-01-21T12:23:54.282115+00:00,s1-eth5,3589,7797,49,113,0,0,0,0
2026-01-21T12:23:54.282115+00:00,s2-eth1,27658381,112009,23385,1221,0,0,0,0
2026-01-21T12:23:54.282115+00:00,s2-eth2,109683,27660707,1190,23416,0,0,0,0
2026-01-21T12:23:54.282115+00:00,s2-eth3,866,4780,11,66,0,0,0,0
2026-01-21T12:23:54.282115+00:00,s2-eth4,866,4780,11,66,0,0,0,0
2026-01-21T12:23:54.282115+00:00,s2-eth5,866,4604,11,64,0,0,0,0
2026-01-21T12:23:54.451891+00:00,s1-eth1,112107,27698223,1222,23418,0,0,103282,85
2026-01-21T12:23:54.451891+00:00,s1-eth2,48538467,105592,40078,1117,0,0,0,0
2026-01-21T12:23:54.451891+00:00,s1-eth3,3197,7331,43,106,0,0,0,0
2026-01-21T12:23:54.451891+00:00,s1-eth4,3638,7607,48,110,0,0,0,0
2026-01-21T12:23:54.451891+00:00,s1-eth5,3589,7797,49,113,0,0,0,0
2026-01-21T12:23:54.451891+00:00,s2-eth1,27700707,112107,23420,1222,0,0,0,0
2026-01-21T12:23:54.451891+00:00,s2-eth2,109781,27703033,1191,23451,0,0,1242,1
2026-01-21T12:23:54.451891+00:00,s2-eth3,866,4780,11,66,0,0,0,0
2026-01-21T12:23:54.451891+00:00,s2-eth4,866,4780,11,66,0,0,0,0
2026-01-21T12:23:54.451891+00:00,s2-eth5,866,4604,11,64,0,0,0,0
2026-01-21T12:23:54.715614+00:00,s1-eth1,112205,27764147,1223,23472,0,0,93346,77
2026-01-21T12:23:54.715614+00:00,s1-eth2,48636683,105690,40158,1118,0,0,0,0
2026-01-21T12:23:54.715614+00:00,s1-eth3,3197,7331,43,106,0,0,0,0
2026-01-21T12:23:54.715614+00:00,s1-eth4,3638,7607,48,110,0,0,0,0
2026-01-21T12:23:54.715614+00:00,s1-eth5,3589,7797,49,113,0,0,0,0
2026-01-21T12:23:54.715614+00:00,s2-eth1,27766631,112205,23474,1223,0,0,0,0
2026-01-21T12:23:54.715614+00:00,s2-eth2,109879,27768957,1192,23505,0,0,1242,1
2026-01-21T12:23:54.715614+00:00,s2-eth3,866,4780,11,66,0,0,0,0
2026-01-21T12:23:54.715614+00:00,s2-eth4,866,4780,11,66,0,0,0,0
2026-01-21T12:23:54.715614+00:00,s2-eth5,866,4604,11,64,0,0,0,0
2026-01-21T12:23:54.896093+00:00,s1-eth1,112303,27808957,1224,23509,0,0,103282,85
2026-01-21T12:23:54.896093+00:00,s1-eth2,48741109,105788,40243,1119,0,0,0,0
2026-01-21T12:23:54.896093+00:00,s1-eth3,3197,7331,43,106,0,0,0,0
2026-01-21T12:23:54.896093+00:00,s1-eth4,3638,7607,48,110,0,0,0,0
2026-01-21T12:23:54.896093+00:00,s1-eth5,3589,7797,49,113,0,0,0,0
2026-01-21T12:23:54.896093+00:00,s2-eth1,27811441,112303,23511,1224,0,0,0,0
2026-01-21T12:23:54.896093+00:00,s2-eth2,109977,27813767,1193,23542,0,0,0,0
2026-01-21T12:23:54.896093+00:00,s2-eth3,866,4780,11,66,0,0,0,0
2026-01-21T12:23:54.896093+00:00,s2-eth4,866,4780,11,66,0,0,0,0
2026-01-21T12:23:54.896093+00:00,s2-eth5,866,4604,11,64,0,0,0,0
2026-01-21T12:23:55.082766+00:00,s1-eth1,112401,27856251,1225,23548,0,0,103282,85
2026-01-21T12:23:55.082766+00:00,s1-eth2,48824421,105886,40311,1120,0,0,0,0
2026-01-21T12:23:55.082766+00:00,s1-eth3,3197,7331,43,106,0,0,0,0
2026-01-21T12:23:55.082766+00:00,s1-eth4,3638,7607,48,110,0,0,0,0
2026-01-21T12:23:55.082766+00:00,s1-eth5,3589,7797,49,113,0,0,0,0
2026-01-21T12:23:55.082766+00:00,s2-eth1,27858735,112401,23550,1225,0,0,0,0
2026-01-21T12:23:55.082766+00:00,s2-eth2,110075,27861061,1194,23581,0,0,0,0
2026-01-21T12:23:55.082766+00:00,s2-eth3,866,4780,11,66,0,0,0,0
2026-01-21T12:23:55.082766+00:00,s2-eth4,866,4780,11,66,0,0,0,0
2026-01-21T12:23:55.082766+00:00,s2-eth5,866,4604,11,64,0,0,0,0
2026-01-21T12:23:55.250979+00:00,s1-eth1,112401,27898479,1225,23582,0,0,103282,85
2026-01-21T12:23:55.250979+00:00,s1-eth2,48901425,105886,40373,1120,0,0,0,0
2026-01-21T12:23:55.250979+00:00,s1-eth3,3197,7331,43,106,0,0,0,0
2026-01-21T12:23:55.250979+00:00,s1-eth4,3638,7607,48,110,0,0,0,0
2026-01-21T12:23:55.250979+00:00,s1-eth5,3589,7797,49,113,0,0,0,0
2026-01-21T12:23:55.250979+00:00,s2-eth1,27900963,112401,23584,1225,0,0,0,0
2026-01-21T12:23:55.250979+00:00,s2-eth2,110075,27903289,1194,23615,0,0,0,0
2026-01-21T12:23:55.250979+00:00,s2-eth3,866,4780,11,66,0,0,0,0
2026-01-21T12:23:55.250979+00:00,s2-eth4,866,4780,11,66,0,0,0,0
2026-01-21T12:23:55.250979+00:00,s2-eth5,866,4604,11,64,0,0,0,0
2026-01-21T12:23:55.449869+00:00,s1-eth1,112499,27948257,1226,23623,0,0,103282,85
2026-01-21T12:23:55.449869+00:00,s1-eth2,48990947,105984,40446,1121,0,0,0,0
2026-01-21T12:23:55.449869+00:00,s1-eth3,3197,7331,43,106,0,0,0,0
2026-01-21T12:23:55.449869+00:00,s1-eth4,3638,7607,48,110,0,0,0,0
2026-01-21T12:23:55.449869+00:00,s1-eth5,3589,7797,49,113,0,0,0,0
2026-01-21T12:23:55.449869+00:00,s2-eth1,27950741,112499,23625,1226,0,0,0,0
2026-01-21T12:23:55.449869+00:00,s2-eth2,110173,27953067,1195,23656,0,0,1242,1
2026-01-21T12:23:55.449869+00:00,s2-eth3,866,4780,11,66,0,0,0,0
2026-01-21T12:23:55.449869+00:00,s2-eth4,866,4780,11,66,0,0,0,0
2026-01-21T12:23:55.449869+00:00,s2-eth5,866,4604,11,64,0,0,0,0
2026-01-21T12:23:55.649951+00:00,s1-eth1,112597,27998035,1227,23664,0,0,103282,85
2026-01-21T12:23:55.649951+00:00,s1-eth2,49082953,106082,40521,1122,0,0,0,0
2026-01-21T12:23:55.649951+00:00,s1-eth3,3197,7331,43,106,0,0,0,0
2026-01-21T12:23:55.649951+00:00,s1-eth4,3638,7607,48,110,0,0,0,0
2026-01-21T12:23:55.649951+00:00,s1-eth5,3589,7797,49,113,0,0,0,0
2026-01-21T12:23:55.649951+00:00,s2-eth1,28000519,112597,23666,1227,0,0,0,0
2026-01-21T12:23:55.649951+00:00,s2-eth2,110271,28002845,1196,23697,0,0,0,0
2026-01-21T12:23:55.649951+00:00,s2-eth3,866,4780,11,66,0,0,0,0
2026-01-21T12:23:55.649951+00:00,s2-eth4,866,4780,11,66,0,0,0,0
2026-01-21T12:23:55.649951+00:00,s2-eth5,866,4604,11,64,0,0,0,0
2026-01-21T12:23:55.851177+00:00,s1-eth1,112695,28047813,1228,23705,0,0,103282,85
2026-01-21T12:23:55.851177+00:00,s1-eth2,49173717,106180,40595,1123,0,0,0,0
2026-01-21T12:23:55.851177+00:00,s1-eth3,3197,7331,43,106,0,0,0,0
2026-01-21T12:23:55.851177+00:00,s1-eth4,3638,7607,48,110,0,0,0,0
2026-01-21T12:23:55.851177+00:00,s1-eth5,3589,7797,49,113,0,0,0,0
2026-01-21T12:23:55.851177+00:00,s2-eth1,28051539,112695,23708,1228,0,0,0,0
2026-01-21T12:23:55.851177+00:00,s2-eth2,110369,28053865,1197,23739,0,0,0,0
2026-01-21T12:23:55.851177+00:00,s2-eth3,866,4780,11,66,0,0,0,0
2026-01-21T12:23:55.851177+00:00,s2-eth4,866,4780,11,66,0,0,0,0
2026-01-21T12:23:55.851177+00:00,s2-eth5,866,4604,11,64,0,0,0,0
2026-01-21T12:23:56.083873+00:00,s1-eth1,112891,28106383,1230,23754,0,0,95830,79
2026-01-21T12:23:56.083873+00:00,s1-eth2,49262095,106376,40668,1125,0,0,0,0
2026-01-21T12:23:56.083873+00:00,s1-eth3,3197,7331,43,106,0,0,0,0
2026-01-21T12:23:56.083873+00:00,s1-eth4,3638,7607,48,110,0,0,0,0
2026-01-21T12:23:56.083873+00:00,s1-eth5,3589,7797,49,113,0,0,0,0
2026-01-21T12:23:56.083873+00:00,s2-eth1,28108867,112891,23756,1230,0,0,0,0
2026-01-21T12:23:56.083873+00:00,s2-eth2,110565,28111193,1199,23787,0,0,0,0
2026-01-21T12:23:56.083873+00:00,s2-eth3,866,4780,11,66,0,0,0,0
2026-01-21T12:23:56.083873+00:00,s2-eth4,866,4780,11,66,0,0,0,0
2026-01-21T12:23:56.083873+00:00,s2-eth5,866,4604,11,64,0,0,0,0
2026-01-21T12:23:56.253196+00:00,s1-eth1,112891,28148611,1230,23788,0,0,102040,84
2026-01-21T12:23:56.253196+00:00,s1-eth2,49355245,106376,40743,1125,0,0,0,0
2026-01-21T12:23:56.253196+00:00,s1-eth3,3197,7331,43,106,0,0,0,0
2026-01-21T12:23:56.253196+00:00,s1-eth4,3638,7607,48,110,0,0,0,0
2026-01-21T12:23:56.253196+00:00,s1-eth5,3589,7797,49,113,0,0,0,0
2026-01-21T12:23:56.253196+00:00,s2-eth1,28151095,112891,23790,1230,0,0,0,0
2026-01-21T12:23:56.253196+00:00,s2-eth2,110565,28153421,1199,23821,0,0,0,0
2026-01-21T12:23:56.253196+00:00,s2-eth3,866,4780,11,66,0,0,0,0
2026-01-21T12:23:56.253196+00:00,s2-eth4,866,4780,11,66,0,0,0,0
2026-01-21T12:23:56.253196+00:00,s2-eth5,866,4604,11,64,0,0,0,0
2026-01-21T12:23:56.454898+00:00,s1-eth1,112989,28199631,1231,23830,0,0,103282,85
2026-01-21T12:23:56.454898+00:00,s1-eth2,49446009,106474,40817,1126,0,0,0,0
2026-01-21T12:23:56.454898+00:00,s1-eth3,3197,7331,43,106,0,0,0,0
2026-01-21T12:23:56.454898+00:00,s1-eth4,3638,7607,48,110,0,0,0,0
2026-01-21T12:23:56.454898+00:00,s1-eth5,3589,7797,49,113,0,0,0,0
2026-01-21T12:23:56.454898+00:00,s2-eth1,28202213,112989,23833,1231,0,0,0,0
2026-01-21T12:23:56.454898+00:00,s2-eth2,110761,28204539,1201,23864,0,0,0,0
2026-01-21T12:23:56.454898+00:00,s2-eth3,866,4780,11,66,0,0,0,0
2026-01-21T12:23:56.454898+00:00,s2-eth4,866,4780,11,66,0,0,0,0
2026-01-21T12:23:56.454898+00:00,s2-eth5,866,4604,11,64,0,0,0,0
2026-01-21T12:23:56.651934+00:00,s1-eth1,113087,28248167,1232,23870,0,0,103282,85
2026-01-21T12:23:56.651934+00:00,s1-eth2,49535531,106572,40891,1127,0,0,0,0
2026-01-21T12:23:56.651934+00:00,s1-eth3,3197,7331,43,106,0,0,0,0
2026-01-21T12:23:56.651934+00:00,s1-eth4,3638,7607,48,110,0,0,0,0
2026-01-21T12:23:56.651934+00:00,s1-eth5,3589,7797,49,113,0,0,0,0
2026-01-21T12:23:56.651934+00:00,s2-eth1,28250651,113087,23872,1232,0,0,0,0
2026-01-21T12:23:56.651934+00:00,s2-eth2,110761,28252977,1201,23903,0,0,0,0
2026-01-21T12:23:56.651934+00:00,s2-eth3,866,4780,11,66,0,0,0,0
2026-01-21T12:23:56.651934+00:00,s2-eth4,866,4780,11,66,0,0,0,0
2026-01-21T12:23:56.651934+00:00,s2-eth5,866,4604,11,64,0,0,0,0
2026-01-21T12:23:56.849944+00:00,s1-eth1,113185,28297945,1233,23911,0,0,103282,85
2026-01-21T12:23:56.849944+00:00,s1-eth2,49626295,106670,40964,1128,0,0,0,0
2026-01-21T12:23:56.849944+00:00,s1-eth3,3197,7331,43,106,0,0,0,0
2026-01-21T12:23:56.849944+00:00,s1-eth4,3638,7607,48,110,0,0,0,0
2026-01-21T12:23:56.849944+00:00,s1-eth5,3589,7797,49,113,0,0,0,0
2026-01-21T12:23:56.849944+00:00,s2-eth1,28300429,113185,23913,1233,0,0,0,0
2026-01-21T12:23:56.849944+00:00,s2-eth2,110859,28303997,1202,23945,0,0,0,0
2026-01-21T12:23:56.849944+00:00,s2-eth3,866,4780,11,66,0,0,0,0
2026-01-21T12:23:56.849944+00:00,s2-eth4,866,4780,11,66,0,0,0,0
2026-01-21T12:23:56.849944+00:00,s2-eth5,866,4604,11,64,0,0,0,0
2026-01-21T12:23:57.081344+00:00,s1-eth1,113283,28355175,1234,23958,0,0,103184,84
2026-01-21T12:23:57.081344+00:00,s1-eth2,49730721,106768,41049,1129,0,0,0,0
2026-01-21T12:23:57.081344+00:00,s1-eth3,3197,7331,43,106,0,0,0,0
2026-01-21T12:23:57.081344+00:00,s1-eth4,3638,7607,48,110,0,0,0,0
2026-01-21T12:23:57.081344+00:00,s1-eth5,3589,7797,49,113,0,0,0,0
2026-01-21T12:23:57.081344+00:00,s2-eth1,28357757,113381,23961,1235,0,0,0,0
2026-01-21T12:23:57.081344+00:00,s2-eth2,111055,28361325,1204,23993,0,0,0,0
2026-01-21T12:23:57.081344+00:00,s2-eth3,866,4780,11,66,0,0,0,0
2026-01-21T12:23:57.081344+00:00,s2-eth4,866,4780,11,66,0,0,0,0
2026-01-21T12:23:57.081344+00:00,s2-eth5,866,4604,11,64,0,0,0,0
2026-01-21T12:23:57.252532+00:00,s1-eth1,113381,28398743,1235,23994,0,0,103282,85
2026-01-21T12:23:57.252532+00:00,s1-eth2,49809065,106866,41113,1130,0,0,0,0
2026-01-21T12:23:57.252532+00:00,s1-eth3,3197,7331,43,106,0,0,0,0
2026-01-21T12:23:57.252532+00:00,s1-eth4,3638,7607,48,110,0,0,0,0
2026-01-21T12:23:57.252532+00:00,s1-eth5,3589,7797,49,113,0,0,0,0
2026-01-21T12:23:57.252532+00:00,s2-eth1,28401227,113381,23996,1235,0,0,0,0
2026-01-21T12:23:57.252532+00:00,s2-eth2,111055,28403553,1204,24027,0,0,0,0
2026-01-21T12:23:57.252532+00:00,s2-eth3,866,4780,11,66,0,0,0,0
2026-01-21T12:23:57.252532+00:00,s2-eth4,866,4780,11,66,0,0,0,0
2026-01-21T12:23:57.252532+00:00,s2-eth5,866,4604,11,64,0,0,0,0
2026-01-21T12:23:57.452906+00:00,s1-eth1,113479,28448521,1236,24035,0,0,103282,85
2026-01-21T12:23:57.452906+00:00,s1-eth2,49899829,106964,41187,1131,0,0,0,0
2026-01-21T12:23:57.452906+00:00,s1-eth3,3197,7331,43,106,0,0,0,0
2026-01-21T12:23:57.452906+00:00,s1-eth4,3638,7607,48,110,0,0,0,0
2026-01-21T12:23:57.452906+00:00,s1-eth5,3589,7797,49,113,0,0,0,0
2026-01-21T12:23:57.452906+00:00,s2-eth1,28451005,113479,24037,1236,0,0,0,0
2026-01-21T12:23:57.452906+00:00,s2-eth2,111153,28453331,1205,24068,0,0,0,0
2026-01-21T12:23:57.452906+00:00,s2-eth3,866,4780,11,66,0,0,0,0
2026-01-21T12:23:57.452906+00:00,s2-eth4,866,4780,11,66,0,0,0,0
2026-01-21T12:23:57.452906+00:00,s2-eth5,866,4604,11,64,0,0,0,0
2026-01-21T12:23:57.649863+00:00,s1-eth1,113577,28498299,1237,24076,0,0,103282,85
2026-01-21T12:23:57.649863+00:00,s1-eth2,49988109,107062,41259,1132,0,0,0,0
2026-01-21T12:23:57.649863+00:00,s1-eth3,3197,7331,43,106,0,0,0,0
2026-01-21T12:23:57.649863+00:00,s1-eth4,3638,7607,48,110,0,0,0,0
2026-01-21T12:23:57.649863+00:00,s1-eth5,3589,7797,49,113,0,0,0,0
2026-01-21T12:23:57.649863+00:00,s2-eth1,28500783,113577,24078,1237,0,0,0,0
2026-01-21T12:23:57.649863+00:00,s2-eth2,111251,28503109,1206,24109,0,0,1242,1
2026-01-21T12:23:57.649863+00:00,s2-eth3,866,4780,11,66,0,0,0,0
2026-01-21T12:23:57.649863+00:00,s2-eth4,866,4780,11,66,0,0,0,0
2026-01-21T12:23:57.649863+00:00,s2-eth5,866,4604,11,64,0,0,0,0
2026-01-21T12:23:57.850612+00:00,s1-eth1,113675,28548077,1238,24117,0,0,103282,85
2026-01-21T12:23:57.850612+00:00,s1-eth2,50080115,107160,41334,1133,0,0,0,0
2026-01-21T12:23:57.850612+00:00,s1-eth3,3197,7331,43,106,0,0,0,0
2026-01-21T12:23:57.850612+00:00,s1-eth4,3638,7607,48,110,0,0,0,0
2026-01-21T12:23:57.850612+00:00,s1-eth5,3589,7797,49,113,0,0,0,0
2026-01-21T12:23:57.850612+00:00,s2-eth1,28550561,113675,24119,1238,0,0,0,0
2026-01-21T12:23:57.850612+00:00,s2-eth2,111349,28552887,1207,24150,0,0,0,0
2026-01-21T12:23:57.850612+00:00,s2-eth3,866,4780,11,66,0,0,0,0
2026-01-21T12:23:57.850612+00:00,s2-eth4,866,4780,11,66,0,0,0,0
2026-01-21T12:23:57.850612+00:00,s2-eth5,866,4604,11,64,0,0,0,0
2026-01-21T12:23:58.050594+00:00,s1-eth1,113773,28597855,1239,24158,0,0,103282,85
2026-01-21T12:23:58.050594+00:00,s1-eth2,50169637,107258,41407,1134,0,0,0,0
2026-01-21T12:23:58.050594+00:00,s1-eth3,3197,7331,43,106,0,0,0,0
2026-01-21T12:23:58.050594+00:00,s1-eth4,3638,7607,48,110,0,0,0,0
2026-01-21T12:23:58.050594+00:00,s1-eth5,3589,7797,49,113,0,0,0,0
2026-01-21T12:23:58.050594+00:00,s2-eth1,28600339,113773,24160,1239,0,0,0,0
2026-01-21T12:23:58.050594+00:00,s2-eth2,111447,28602665,1208,24191,0,0,0,0
2026-01-21T12:23:58.050594+00:00,s2-eth3,866,4780,11,66,0,0,0,0
2026-01-21T12:23:58.050594+00:00,s2-eth4,866,4780,11,66,0,0,0,0
2026-01-21T12:23:58.050594+00:00,s2-eth5,866,4604,11,64,0,0,0,0
2026-01-21T12:23:58.253700+00:00,s1-eth1,113871,28648875,1240,24200,0,0,103282,85
2026-01-21T12:23:58.253700+00:00,s1-eth2,50262885,107356,41483,1135,0,0,0,0
2026-01-21T12:23:58.253700+00:00,s1-eth3,3197,7331,43,106,0,0,0,0
2026-01-21T12:23:58.253700+00:00,s1-eth4,3638,7607,48,110,0,0,0,0
2026-01-21T12:23:58.253700+00:00,s1-eth5,3589,7797,49,113,0,0,0,0
2026-01-21T12:23:58.253700+00:00,s2-eth1,28651359,113871,24202,1240,0,0,0,0
2026-01-21T12:23:58.253700+00:00,s2-eth2,111545,28653685,1209,24233,0,0,0,0
2026-01-21T12:23:58.253700+00:00,s2-eth3,866,4780,11,66,0,0,0,0
2026-01-21T12:23:58.253700+00:00,s2-eth4,866,4780,11,66,0,0,0,0
2026-01-21T12:23:58.253700+00:00,s2-eth5,866,4604,11,64,0,0,0,0
2026-01-21T12:23:58.450374+00:00,s1-eth1,113969,28698653,1241,24241,0,0,103282,85
2026-01-21T12:23:58.450374+00:00,s1-eth2,50351165,107454,41555,1136,0,0,0,0
2026-01-21T12:23:58.450374+00:00,s1-eth3,3197,7331,43,106,0,0,0,0
2026-01-21T12:23:58.450374+00:00,s1-eth4,3638,7607,48,110,0,0,0,0
2026-01-21T12:23:58.450374+00:00,s1-eth5,3589,7797,49,113,0,0,0,0
2026-01-21T12:23:58.450374+00:00,s2-eth1,28701137,113969,24243,1241,0,0,0,0
2026-01-21T12:23:58.450374+00:00,s2-eth2,111643,28703463,1210,24274,0,0,0,0
2026-01-21T12:23:58.450374+00:00,s2-eth3,866,4780,11,66,0,0,0,0
2026-01-21T12:23:58.450374+00:00,s2-eth4,866,4780,11,66,0,0,0,0
2026-01-21T12:23:58.450374+00:00,s2-eth5,866,4604,11,64,0,0,0,0
2026-01-21T12:23:58.649946+00:00,s1-eth1,114067,28748431,1242,24282,0,0,103282,85
2026-01-21T12:23:58.649946+00:00,s1-eth2,50441929,107552,41629,1137,0,0,0,0
2026-01-21T12:23:58.649946+00:00,s1-eth3,3197,7331,43,106,0,0,0,0
2026-01-21T12:23:58.649946+00:00,s1-eth4,3638,7607,48,110,0,0,0,0
2026-01-21T12:23:58.649946+00:00,s1-eth5,3589,7797,49,113,0,0,0,0
2026-01-21T12:23:58.649946+00:00,s2-eth1,28750915,114067,24284,1242,0,0,0,0
2026-01-21T12:23:58.649946+00:00,s2-eth2,111741,28753241,1211,24315,0,0,0,0
2026-01-21T12:23:58.649946+00:00,s2-eth3,866,4780,11,66,0,0,0,0
2026-01-21T12:23:58.649946+00:00,s2-eth4,866,4780,11,66,0,0,0,0
2026-01-21T12:23:58.649946+00:00,s2-eth5,866,4604,11,64,0,0,0,0
2026-01-21T12:23:58.852648+00:00,s1-eth1,114165,28798209,1243,24323,0,0,102040,84
2026-01-21T12:23:58.852648+00:00,s1-eth2,50532693,107650,41703,1138,0,0,0,0
2026-01-21T12:23:58.852648+00:00,s1-eth3,3197,7331,43,106,0,0,0,0
2026-01-21T12:23:58.852648+00:00,s1-eth4,3638,7607,48,110,0,0,0,0
2026-01-21T12:23:58.852648+00:00,s1-eth5,3589,7797,49,113,0,0,0,0
2026-01-21T12:23:58.852648+00:00,s2-eth1,28800693,114165,24325,1243,0,0,0,0
2026-01-21T12:23:58.852648+00:00,s2-eth2,111839,28804261,1212,24357,0,0,0,0
2026-01-21T12:23:58.852648+00:00,s2-eth3,866,4780,11,66,0,0,0,0
2026-01-21T12:23:58.852648+00:00,s2-eth4,866,4780,11,66,0,0,0,0
2026-01-21T12:23:58.852648+00:00,s2-eth5,866,4604,11,64,0,0,0,0
2026-01-21T12:23:59.050597+00:00,s1-eth1,114263,28847987,1244,24364,0,0,103282,85
2026-01-21T12:23:59.050597+00:00,s1-eth2,50623457,107748,41777,1139,0,0,0,0
2026-01-21T12:23:59.050597+00:00,s1-eth3,3197,7331,43,106,0,0,0,0
2026-01-21T12:23:59.050597+00:00,s1-eth4,3638,7607,48,110,0,0,0,0
2026-01-21T12:23:59.050597+00:00,s1-eth5,3589,7797,49,113,0,0,0,0
2026-01-21T12:23:59.050597+00:00,s2-eth1,28850471,114263,24366,1244,0,0,0,0
2026-01-21T12:23:59.050597+00:00,s2-eth2,111937,28852797,1213,24397,0,0,0,0
2026-01-21T12:23:59.050597+00:00,s2-eth3,866,4780,11,66,0,0,0,0
2026-01-21T12:23:59.050597+00:00,s2-eth4,866,4780,11,66,0,0,0,0
2026-01-21T12:23:59.050597+00:00,s2-eth5,866,4604,11,64,0,0,0,0
2026-01-21T12:23:59.250063+00:00,s1-eth1,114361,28897765,1245,24405,0,0,103282,85
2026-01-21T12:23:59.250063+00:00,s1-eth2,50714221,107846,41851,1140,0,0,0,0
2026-01-21T12:23:59.250063+00:00,s1-eth3,3197,7331,43,106,0,0,0,0
2026-01-21T12:23:59.250063+00:00,s1-eth4,3638,7607,48,110,0,0,0,0
2026-01-21T12:23:59.250063+00:00,s1-eth5,3589,7797,49,113,0,0,0,0
2026-01-21T12:23:59.250063+00:00,s2-eth1,28900249,114361,24407,1245,0,0,0,0
2026-01-21T12:23:59.250063+00:00,s2-eth2,112035,28902575,1214,24438,0,0,0,0
2026-01-21T12:23:59.250063+00:00,s2-eth3,866,4780,11,66,0,0,0,0
2026-01-21T12:23:59.250063+00:00,s2-eth4,866,4780,11,66,0,0,0,0
2026-01-21T12:23:59.250063+00:00,s2-eth5,866,4604,11,64,0,0,0,0
2026-01-21T12:23:59.504956+00:00,s1-eth1,114459,28961205,1246,24457,0,0,101942,83
2026-01-21T12:23:59.504956+00:00,s1-eth2,50828583,107944,41944,1141,0,0,0,0
2026-01-21T12:23:59.504956+00:00,s1-eth3,3197,7331,43,106,0,0,0,0
2026-01-21T12:23:59.504956+00:00,s1-eth4,3638,7607,48,110,0,0,0,0
2026-01-21T12:23:59.504956+00:00,s1-eth5,3589,7797,49,113,0,0,0,0
2026-01-21T12:23:59.504956+00:00,s2-eth1,28963787,114557,24460,1247,0,0,0,0
2026-01-21T12:23:59.504956+00:00,s2-eth2,112231,28966113,1216,24491,0,0,1242,1
2026-01-21T12:23:59.504956+00:00,s2-eth3,866,4780,11,66,0,0,0,0
2026-01-21T12:23:59.504956+00:00,s2-eth4,866,4780,11,66,0,0,0,0
2026-01-21T12:23:59.504956+00:00,s2-eth5,866,4604,11,64,0,0,0,0
2026-01-21T12:23:59.652631+00:00,s1-eth1,114557,28998563,1247,24488,0,0,103282,85
2026-01-21T12:23:59.652631+00:00,s1-eth2,50896991,108042,42000,1142,0,0,0,0
2026-01-21T12:23:59.652631+00:00,s1-eth3,3197,7331,43,106,0,0,0,0
2026-01-21T12:23:59.652631+00:00,s1-eth4,3638,7607,48,110,0,0,0,0
2026-01-21T12:23:59.652631+00:00,s1-eth5,3589,7797,49,113,0,0,0,0
2026-01-21T12:23:59.652631+00:00,s2-eth1,29001047,114557,24490,1247,0,0,0,0
2026-01-21T12:23:59.652631+00:00,s2-eth2,112231,29003373,1216,24521,0,0,0,0
2026-01-21T12:23:59.652631+00:00,s2-eth3,866,4780,11,66,0,0,0,0
2026-01-21T12:23:59.652631+00:00,s2-eth4,866,4780,11,66,0,0,0,0
2026-01-21T12:23:59.652631+00:00,s2-eth5,866,4604,11,64,0,0,0,0
2026-01-21T12:23:59.927173+00:00,s1-eth1,114655,29067069,1248,24545,0,0,103184,84
2026-01-21T12:23:59.927173+00:00,s1-eth2,51020145,108238,42101,1144,0,0,0,0
2026-01-21T12:23:59.927173+00:00,s1-eth3,3197,7331,43,106,0,0,0,0
2026-01-21T12:23:59.927173+00:00,s1-eth4,3638,7607,48,110,0,0,0,0
2026-01-21T12:23:59.927173+00:00,s1-eth5,3589,7797,49,113,0,0,0,0
2026-01-21T12:23:59.927173+00:00,s2-eth1,29069553,114753,24547,1249,0,0,0,0
2026-01-21T12:23:59.927173+00:00,s2-eth2,112427,29071879,1218,24578,0,0,1242,1
2026-01-21T12:23:59.927173+00:00,s2-eth3,866,4780,11,66,0,0,0,0
2026-01-21T12:23:59.927173+00:00,s2-eth4,866,4780,11,66,0,0,0,0
2026-01-21T12:23:59.927173+00:00,s2-eth5,866,4604,11,64,0,0,0,0
2026-01-21T12:24:00.049936+00:00,s1-eth1,114753,29098119,1249,24570,0,0,103282,85
2026-01-21T12:24:00.049936+00:00,s1-eth2,51076035,108238,42146,1144,0,0,0,0
2026-01-21T12:24:00.049936+00:00,s1-eth3,3197,7331,43,106,0,0,0,0
2026-01-21T12:24:00.049936+00:00,s1-eth4,3638,7607,48,110,0,0,0,0
2026-01-21T12:24:00.049936+00:00,s1-eth5,3589,7797,49,113,0,0,0,0
2026-01-21T12:24:00.049936+00:00,s2-eth1,29100603,114753,24572,1249,0,0,0,0
2026-01-21T12:24:00.049936+00:00,s2-eth2,112427,29102929,1218,24603,0,0,1242,1
2026-01-21T12:24:00.049936+00:00,s2-eth3,866,4780,11,66,0,0,0,0
2026-01-21T12:24:00.049936+00:00,s2-eth4,866,4780,11,66,0,0,0,0
2026-01-21T12:24:00.049936+00:00,s2-eth5,866,4604,11,64,0,0,0,0
2026-01-21T12:24:00.249877+00:00,s1-eth1,114851,29147897,1250,24611,0,0,103282,85
2026-01-21T12:24:00.249877+00:00,s1-eth2,51166799,108336,42220,1145,0,0,0,0
2026-01-21T12:24:00.249877+00:00,s1-eth3,3197,7331,43,106,0,0,0,0
2026-01-21T12:24:00.249877+00:00,s1-eth4,3638,7607,48,110,0,0,0,0
2026-01-21T12:24:00.249877+00:00,s1-eth5,3589,7797,49,113,0,0,0,0
2026-01-21T12:24:00.249877+00:00,s2-eth1,29150381,114851,24613,1250,0,0,0,0
2026-01-21T12:24:00.249877+00:00,s2-eth2,112525,29152707,1219,24644,0,0,1242,1
2026-01-21T12:24:00.249877+00:00,s2-eth3,866,4780,11,66,0,0,0,0
2026-01-21T12:24:00.249877+00:00,s2-eth4,866,4780,11,66,0,0,0,0
2026-01-21T12:24:00.249877+00:00,s2-eth5,866,4604,11,64,0,0,0,0
