timestamp,rtt_ms,src,dst,probe
2026-02-11 08:13:23.395360256+00:00,27.0,0,11,0-11
2026-02-11 08:13:23.595360256+00:00,33.9,0,11,0-11
2026-02-11 08:13:23.795360256+00:00,25.4,0,11,0-11
2026-02-11 08:13:23.995360256+00:00,28.8,0,11,0-11
2026-02-11 08:13:24.195360256+00:00,34.8,0,11,0-11
2026-02-11 08:13:24.395360256+00:00,34.1,0,11,0-11
2026-02-11 08:13:24.595360256+00:00,40.2,0,11,0-11
2026-02-11 08:13:24.795360256+00:00,34.5,0,11,0-11
2026-02-11 08:13:24.995360256+00:00,40.4,0,11,0-11
2026-02-11 08:13:25.195360256+00:00,30.4,0,11,0-11
2026-02-11 08:13:25.395360256+00:00,27.9,0,11,0-11
2026-02-11 08:13:25.595360256+00:00,41.6,0,11,0-11
2026-02-11 08:13:25.795360256+00:00,30.9,0,11,0-11
2026-02-11 08:13:25.995360256+00:00,35.8,0,11,0-11
2026-02-11 08:13:26.195360256+00:00,35.8,0,11,0-11
2026-02-11 08:13:26.395360256+00:00,31.4,0,11,0-11
2026-02-11 08:13:26.595360256+00:00,28.4,0,11,0-11
2026-02-11 08:13:26.795360256+00:00,29.6,0,11,0-11
2026-02-11 08:13:26.995360256+00:00,27.7,0,11,0-11
2026-02-11 08:13:27.195360256+00:00,26.9,0,11,0-11
2026-02-11 08:13:27.395360256+00:00,32.8,0,11,0-11
2026-02-11 08:13:27.595360256+00:00,28.1,0,11,0-11
2026-02-11 08:13:27.795360256+00:00,26.5,0,11,0-11
2026-02-11 08:13:27.995360256+00:00,41.8,0,11,0-11
2026-02-11 08:13:28.195360256+00:00,38.6,0,11,0-11
2026-02-11 08:13:28.395360256+00:00,27.2,0,11,0-11
2026-02-11 08:13:28.595360256+00:00,36.2,0,11,0-11
2026-02-11 08:13:28.795360256+00:00,27.3,0,11,0-11
2026-02-11 08:13:28.995360256+00:00,35.1,0,11,0-11
2026-02-11 08:13:29.195360256+00:00,36.7,0,11,0-11
2026-02-11 08:13:29.395360256+00:00,35.7,0,11,0-11
2026-02-11 08:13:29.595360256+00:00,28.3,0,11,0-11
2026-02-11 08:13:29.795360256+00:00,25.6,0,11,0-11
2026-02-11 08:13:29.995360256+00:00,29.8,0,11,0-11
2026-02-11 08:13:30.195360256+00:00,28.9,0,11,0-11
2026-02-11 08:13:30.395360256+00:00,26.0,0,11,0-11
2026-02-11 08:13:30.595360256+00:00,34.8,0,11,0-11
2026-02-11 08:13:30.795360256+00:00,35.7,0,11,0-11
2026-02-11 08:13:30.995360256+00:00,27.5,0,11,0-11
2026-02-11 08:13:31.195360256+00:00,25.2,0,11,0-11
2026-02-11 08:13:31.395360256+00:00,41.7,0,11,0-11
2026-02-11 08:13:31.595360256+00:00,37.1,0,11,0-11
2026-02-11 08:13:31.795360256+00:00,31.8,0,11,0-11
2026-02-11 08:13:31.995360256+00:00,38.3,0,11,0-11
2026-02-11 08:13:32.195360256+00:00,26.5,0,11,0-11
2026-02-11 08:13:32.395360256+00:00,33.5,0,11,0-11
2026-02-11 08:13:32.595360256+00:00,32.2,0,11,0-11
2026-02-11 08:13:32.795360256+00:00,39.4,0,11,0-11
2026-02-11 08:13:32.995360256+00:00,35.9,0,11,0-11
2026-02-11 08:13:33.195360256+00:00,28.3,0,11,0-11
2026-02-11 08:13:33.395360256+00:00,30.7,0,11,0-11
2026-02-11 08:13:33.595360256+00:00,36.3,0,11,0-11
2026-02-11 08:13:33.795360256+00:00,30.5,0,11,0-11
2026-02-11 08:13:33.995360256+00:00,32.9,0,11,0-11
2026-02-11 08:13:34.195360256+00:00,34.5,0,11,0-11
2026-02-11 08:13:34.395360256+00:00,29.6,0,11,0-11
2026-02-11 08:13:34.595360256+00:00,34.3,0,11,0-11
2026-02-11 08:13:34.795360256+00:00,45.5,0,11,0-11
2026-02-11 08:13:34.995360256+00:00,37.3,0,11,0-11
2026-02-11 08:13:35.195360256+00:00,29.4,0,11,0-11
2026-02-11 08:13:35.395360256+00:00,32.6,0,11,0-11
2026-02-11 08:13:35.595360256+00:00,30.0,0,11,0-11
2026-02-11 08:13:35.795360256+00:00,41.1,0,11,0-11
2026-02-11 08:13:35.995360256+00:00,105.0,0,11,0-11
2026-02-11 08:13:36.195360256+00:00,44.0,0,11,0-11
2026-02-11 08:13:36.395360256+00:00,38.5,0,11,0-11
2026-02-11 08:13:36.595360256+00:00,44.3,0,11,0-11
2026-02-11 08:13:36.795360256+00:00,39.3,0,11,0-11
2026-02-11 08:13:36.995360256+00:00,29.1,0,11,0-11
2026-02-11 08:13:37.195360256+00:00,36.5,0,11,0-11
2026-02-11 08:13:37.395360256+00:00,45.7,0,11,0-11
2026-02-11 08:13:37.595360256+00:00,30.2,0,11,0-11
2026-02-11 08:13:37.795360256+00:00,53.0,0,11,0-11
2026-02-11 08:13:37.995360256+00:00,39.6,0,11,0-11
2026-02-11 08:13:38.195360256+00:00,26.8,0,11,0-11
2026-02-11 08:13:38.395360256+00:00,55.1,0,11,0-11
2026-02-11 08:13:38.595360256+00:00,28.8,0,11,0-11
2026-02-11 08:13:38.795360256+00:00,26.7,0,11,0-11
2026-02-11 08:13:38.995360256+00:00,48.4,0,11,0-11
2026-02-11 08:13:39.195360256+00:00,25.9,0,11,0-11
2026-02-11 08:13:39.395360256+00:00,37.5,0,11,0-11
2026-02-11 08:13:39.595360256+00:00,48.3,0,11,0-11
2026-02-11 08:13:39.795360256+00:00,39.1,0,11,0-11
2026-02-11 08:13:39.995360256+00:00,43.0,0,11,0-11
2026-02-11 08:13:40.195360256+00:00,41.0,0,11,0-11
2026-02-11 08:13:40.395360256+00:00,30.7,0,11,0-11
2026-02-11 08:13:40.595360256+00:00,30.9,0,11,0-11
2026-02-11 08:13:40.795360256+00:00,43.4,0,11,0-11
2026-02-11 08:13:40.995360256+00:00,29.1,0,11,0-11
2026-02-11 08:13:41.195360256+00:00,27.6,0,11,0-11
2026-02-11 08:13:41.395360256+00:00,28.0,0,11,0-11
2026-02-11 08:13:41.595360256+00:00,44.3,0,11,0-11
2026-02-11 08:13:41.795360256+00:00,54.6,0,11,0-11
2026-02-11 08:13:41.995360256+00:00,40.1,0,11,0-11
2026-02-11 08:13:42.195360256+00:00,46.2,0,11,0-11
2026-02-11 08:13:42.395360256+00:00,40.8,0,11,0-11
2026-02-11 08:13:42.595360256+00:00,37.0,0,11,0-11
2026-02-11 08:13:42.795360256+00:00,27.1,0,11,0-11
2026-02-11 08:13:42.995360256+00:00,31.8,0,11,0-11
2026-02-11 08:13:43.195360256+00:00,28.5,0,11,0-11
2026-02-11 08:13:43.395360256+00:00,26.7,0,11,0-11
2026-02-11 08:13:43.595360256+00:00,40.3,0,11,0-11
2026-02-11 08:13:43.795360256+00:00,35.0,0,11,0-11
2026-02-11 08:13:43.995360256+00:00,51.0,0,11,0-11
2026-02-11 08:13:44.195360256+00:00,46.4,0,11,0-11
2026-02-11 08:13:44.395360256+00:00,25.6,0,11,0-11
2026-02-11 08:13:44.595360256+00:00,36.8,0,11,0-11
2026-02-11 08:13:44.795360256+00:00,27.4,0,11,0-11
2026-02-11 08:13:44.995360256+00:00,49.3,0,11,0-11
2026-02-11 08:13:45.195360256+00:00,38.6,0,11,0-11
2026-02-11 08:13:45.395360256+00:00,31.8,0,11,0-11
2026-02-11 08:13:45.595360256+00:00,41.0,0,11,0-11
2026-02-11 08:13:45.795360256+00:00,35.4,0,11,0-11
2026-02-11 08:13:45.995360256+00:00,28.6,0,11,0-11
2026-02-11 08:13:46.195360256+00:00,51.6,0,11,0-11
2026-02-11 08:13:46.395360256+00:00,28.7,0,11,0-11
2026-02-11 08:13:46.595360256+00:00,28.9,0,11,0-11
2026-02-11 08:13:46.795360256+00:00,27.8,0,11,0-11
2026-02-11 08:13:46.995360256+00:00,54.6,0,11,0-11
2026-02-11 08:13:47.195360256+00:00,44.9,0,11,0-11
2026-02-11 08:13:47.395360256+00:00,27.2,0,11,0-11
2026-02-11 08:13:47.595360256+00:00,41.4,0,11,0-11
2026-02-11 08:13:47.795360256+00:00,32.6,0,11,0-11
2026-02-11 08:13:47.995360256+00:00,40.9,0,11,0-11
2026-02-11 08:13:48.195360256+00:00,37.3,0,11,0-11
2026-02-11 08:13:48.395360256+00:00,26.8,0,11,0-11
2026-02-11 08:13:48.595360256+00:00,43.6,0,11,0-11
2026-02-11 08:13:48.795360256+00:00,38.1,0,11,0-11
2026-02-11 08:13:48.995360256+00:00,63.6,0,11,0-11
2026-02-11 08:13:49.195360256+00:00,44.5,0,11,0-11
2026-02-11 08:13:49.395360256+00:00,50.9,0,11,0-11
2026-02-11 08:13:49.595360256+00:00,30.0,0,11,0-11
2026-02-11 08:13:49.795360256+00:00,32.7,0,11,0-11
2026-02-11 08:13:49.995360256+00:00,52.3,0,11,0-11
2026-02-11 08:13:50.195360256+00:00,29.0,0,11,0-11
2026-02-11 08:13:50.395360256+00:00,39.0,0,11,0-11
2026-02-11 08:13:50.595360256+00:00,43.1,0,11,0-11
2026-02-11 08:13:50.795360256+00:00,45.5,0,11,0-11
2026-02-11 08:13:50.995360256+00:00,28.3,0,11,0-11
2026-02-11 08:13:51.195360256+00:00,26.4,0,11,0-11
2026-02-11 08:13:51.395360256+00:00,33.6,0,11,0-11
2026-02-11 08:13:51.595360256+00:00,40.4,0,11,0-11
2026-02-11 08:13:51.795360256+00:00,30.9,0,11,0-11
2026-02-11 08:13:51.995360256+00:00,36.7,0,11,0-11
2026-02-11 08:13:52.195360256+00:00,27.8,0,11,0-11
2026-02-11 08:13:52.395360256+00:00,37.6,0,11,0-11
2026-02-11 08:13:52.595360256+00:00,39.7,0,11,0-11
2026-02-11 08:13:52.795360256+00:00,49.0,0,11,0-11
2026-02-11 08:13:52.995360256+00:00,46.5,0,11,0-11
2026-02-11 08:13:53.195360256+00:00,38.0,0,11,0-11
2026-02-11 08:13:53.395360256+00:00,28.4,0,11,0-11
2026-02-11 08:13:53.595360256+00:00,27.1,0,11,0-11
2026-02-11 08:13:53.795360256+00:00,37.1,0,11,0-11
2026-02-11 08:13:53.995360256+00:00,34.0,0,11,0-11
2026-02-11 08:13:54.195360256+00:00,43.0,0,11,0-11
2026-02-11 08:13:54.395360256+00:00,28.6,0,11,0-11
2026-02-11 08:13:54.595360256+00:00,27.1,0,11,0-11
2026-02-11 08:13:54.795360256+00:00,27.1,0,11,0-11
2026-02-11 08:13:54.995360256+00:00,30.6,0,11,0-11
2026-02-11 08:13:55.195360256+00:00,32.6,0,11,0-11
2026-02-11 08:13:55.395360256+00:00,39.0,0,11,0-11
2026-02-11 08:13:55.595360256+00:00,33.0,0,11,0-11
2026-02-11 08:13:55.795360256+00:00,1364.0,0,11,0-11
2026-02-11 08:13:56.395360256+00:00,3168.0,0,11,0-11
2026-02-11 08:13:56.595360256+00:00,2180.0,0,11,0-11
2026-02-11 08:13:56.795360256+00:00,1179.0,0,11,0-11
2026-02-11 08:13:56.995360256+00:00,1000.0,0,11,0-11
2026-02-11 08:13:57.195360256+00:00,762.0,0,11,0-11
2026-02-11 08:13:57.395360256+00:00,479.0,0,11,0-11
2026-02-11 08:13:57.595360256+00:00,275.0,0,11,0-11
2026-02-11 08:13:57.795360256+00:00,92.7,0,11,0-11
2026-02-11 08:13:57.995360256+00:00,162.0,0,11,0-11
2026-02-11 08:13:58.195360256+00:00,344.0,0,11,0-11
2026-02-11 08:13:58.395360256+00:00,538.0,0,11,0-11
2026-02-11 08:13:58.595360256+00:00,703.0,0,11,0-11
2026-02-11 08:13:58.795360256+00:00,904.0,0,11,0-11
2026-02-11 08:13:58.995360256+00:00,1080.0,0,11,0-11
2026-02-11 08:13:59.195360256+00:00,1282.0,0,11,0-11
2026-02-11 08:13:59.395360256+00:00,1453.0,0,11,0-11
2026-02-11 08:13:59.595360256+00:00,1637.0,0,11,0-11
2026-02-11 08:13:59.795360256+00:00,1813.0,0,11,0-11
2026-02-11 08:13:59.995360256+00:00,1985.0,0,11,0-11
2026-02-11 08:14:00.195360256+00:00,2154.0,0,11,0-11
2026-02-11 08:14:00.395360256+00:00,2333.0,0,11,0-11
2026-02-11 08:14:00.595360256+00:00,2492.0,0,11,0-11
2026-02-11 08:14:00.795360256+00:00,2609.0,0,11,0-11
2026-02-11 08:14:01.595360256+00:00,3108.0,0,11,0-11
2026-02-11 08:14:01.795360256+00:00,3237.0,0,11,0-11
2026-02-11 08:14:01.995360256+00:00,3368.0,0,11,0-11
2026-02-11 08:14:02.395360256+00:00,3574.0,0,11,0-11
2026-02-11 08:14:02.595360256+00:00,3681.0,0,11,0-11
2026-02-11 08:14:03.395360256+00:00,3979.0,0,11,0-11
2026-02-11 08:14:03.795360256+00:00,4174.0,0,11,0-11
2026-02-11 08:14:03.995360256+00:00,4270.0,0,11,0-11
2026-02-11 08:14:04.395360256+00:00,4448.0,0,11,0-11
2026-02-11 08:14:04.795360256+00:00,4639.0,0,11,0-11
2026-02-11 08:14:04.995360256+00:00,4691.0,0,11,0-11
2026-02-11 08:14:05.195360256+00:00,4787.0,0,11,0-11
2026-02-11 08:14:05.395360256+00:00,4848.0,0,11,0-11
2026-02-11 08:14:05.595360256+00:00,4881.0,0,11,0-11
2026-02-11 08:14:05.795360256+00:00,4909.0,0,11,0-11
2026-02-11 08:14:05.995360256+00:00,4969.0,0,11,0-11
2026-02-11 08:14:06.595360256+00:00,5142.0,0,11,0-11
2026-02-11 08:14:07.395360256+00:00,5318.0,0,11,0-11
2026-02-11 08:14:07.795360256+00:00,5401.0,0,11,0-11
2026-02-11 08:14:07.995360256+00:00,5428.0,0,11,0-11
2026-02-11 08:14:08.195360256+00:00,5468.0,0,11,0-11
2026-02-11 08:14:08.795360256+00:00,5636.0,0,11,0-11
2026-02-11 08:14:08.995360256+00:00,5666.0,0,11,0-11
2026-02-11 08:14:09.795360256+00:00,5852.0,0,11,0-11
2026-02-11 08:14:10.395360256+00:00,5948.0,0,11,0-11
2026-02-11 08:14:10.595360256+00:00,6039.0,0,11,0-11
2026-02-11 08:14:11.395360256+00:00,6210.0,0,11,0-11
2026-02-11 08:14:11.795360256+00:00,6229.0,0,11,0-11
2026-02-11 08:14:12.195360256+00:00,6293.0,0,11,0-11
2026-02-11 08:14:12.595360256+00:00,6304.0,0,11,0-11
2026-02-11 08:14:12.795360256+00:00,6328.0,0,11,0-11
2026-02-11 08:14:13.195360256+00:00,6392.0,0,11,0-11
2026-02-11 08:14:13.395360256+00:00,6400.0,0,11,0-11
2026-02-11 08:14:13.795360256+00:00,6444.0,0,11,0-11
2026-02-11 08:14:13.995360256+00:00,6504.0,0,11,0-11
2026-02-11 08:14:14.395360256+00:00,6558.0,0,11,0-11
2026-02-11 08:14:14.795360256+00:00,6639.0,0,11,0-11
2026-02-11 08:14:15.795360256+00:00,6671.0,0,11,0-11
2026-02-11 08:14:15.995360256+00:00,6725.0,0,11,0-11
2026-02-11 08:14:16.195360256+00:00,6723.0,0,11,0-11
2026-02-11 08:14:16.395360256+00:00,6753.0,0,11,0-11
2026-02-11 08:14:16.595360256+00:00,6767.0,0,11,0-11
2026-02-11 08:14:16.795360256+00:00,6800.0,0,11,0-11
2026-02-11 08:14:18.395360256+00:00,5958.0,0,11,0-11
2026-02-11 08:14:19.795360256+00:00,5474.0,0,11,0-11
2026-02-11 08:14:19.995360256+00:00,5647.0,0,11,0-11
2026-02-11 08:14:24.795360256+00:00,747.0,0,11,0-11
2026-02-11 08:14:24.995360256+00:00,573.0,0,11,0-11
2026-02-11 08:14:25.195360256+00:00,396.0,0,11,0-11
2026-02-11 08:14:25.395360256+00:00,205.0,0,11,0-11
2026-02-11 08:14:25.595360256+00:00,116.0,0,11,0-11
2026-02-11 08:14:25.795360256+00:00,70.5,0,11,0-11
2026-02-11 08:14:25.995360256+00:00,26.5,0,11,0-11
2026-02-11 08:14:26.195360256+00:00,27.5,0,11,0-11
2026-02-11 08:14:26.395360256+00:00,32.5,0,11,0-11
2026-02-11 08:14:26.595360256+00:00,37.3,0,11,0-11
2026-02-11 08:14:26.795360256+00:00,32.3,0,11,0-11
2026-02-11 08:14:26.995360256+00:00,35.4,0,11,0-11
2026-02-11 08:14:27.195360256+00:00,29.5,0,11,0-11
2026-02-11 08:14:27.395360256+00:00,25.0,0,11,0-11
2026-02-11 08:14:27.595360256+00:00,33.1,0,11,0-11
2026-02-11 08:14:27.795360256+00:00,26.7,0,11,0-11
2026-02-11 08:14:27.995360256+00:00,10126.0,0,11,0-11
2026-02-11 08:14:30.195360256+00:00,14070.0,0,11,0-11
2026-02-11 08:14:32.995360256+00:00,1526.0,0,11,0-11
2026-02-11 08:14:33.195360256+00:00,546.0,0,11,0-11
2026-02-11 08:14:33.395360256+00:00,351.0,0,11,0-11
2026-02-11 08:14:33.595360256+00:00,151.0,0,11,0-11
2026-02-11 08:14:33.795360256+00:00,27.4,0,11,0-11
2026-02-11 08:14:33.995360256+00:00,41.9,0,11,0-11
2026-02-11 08:14:34.195360256+00:00,25.9,0,11,0-11
2026-02-11 08:14:34.395360256+00:00,34.4,0,11,0-11
2026-02-11 08:14:34.595360256+00:00,26.7,0,11,0-11
2026-02-11 08:14:34.795360256+00:00,34.9,0,11,0-11
2026-02-11 08:14:34.995360256+00:00,29.1,0,11,0-11
2026-02-11 08:14:35.195360256+00:00,24.9,0,11,0-11
2026-02-11 08:14:35.395360256+00:00,24.8,0,11,0-11
2026-02-11 08:14:35.595360256+00:00,24.7,0,11,0-11
2026-02-11 08:14:35.795360256+00:00,29.8,0,11,0-11
2026-02-11 08:14:35.995360256+00:00,41.2,0,11,0-11
2026-02-11 08:14:36.195360256+00:00,34.2,0,11,0-11
2026-02-11 08:14:36.395360256+00:00,30.5,0,11,0-11
2026-02-11 08:14:36.595360256+00:00,36.2,0,11,0-11
2026-02-11 08:14:36.795360256+00:00,34.7,0,11,0-11
2026-02-11 08:14:36.995360256+00:00,2111.0,0,11,0-11
2026-02-11 08:14:37.195360256+00:00,4819.0,0,11,0-11
2026-02-11 08:14:37.395360256+00:00,9817.0,0,11,0-11
2026-02-11 08:14:37.595360256+00:00,10189.0,0,11,0-11
2026-02-11 08:14:37.795360256+00:00,10029.0,0,11,0-11
2026-02-11 08:14:37.995360256+00:00,9059.0,0,11,0-11
2026-02-11 08:14:38.195360256+00:00,7972.0,0,11,0-11
2026-02-11 08:14:38.395360256+00:00,7099.0,0,11,0-11
2026-02-11 08:14:38.795360256+00:00,5123.0,0,11,0-11
2026-02-11 08:14:38.995360256+00:00,4140.0,0,11,0-11
2026-02-11 08:14:39.395360256+00:00,3195.0,0,11,0-11
2026-02-11 08:14:39.995360256+00:00,3241.0,0,11,0-11
2026-02-11 08:14:40.395360256+00:00,2464.0,0,11,0-11
2026-02-11 08:14:41.195360256+00:00,2356.0,0,11,0-11
2026-02-11 08:14:41.395360256+00:00,2394.0,0,11,0-11
2026-02-11 08:14:41.795360256+00:00,2011.0,0,11,0-11
2026-02-11 08:14:41.995360256+00:00,1911.0,0,11,0-11
2026-02-11 08:14:42.195360256+00:00,1641.0,0,11,0-11
2026-02-11 08:14:42.395360256+00:00,1491.0,0,11,0-11
2026-02-11 08:14:42.595360256+00:00,1408.0,0,11,0-11
2026-02-11 08:14:42.795360256+00:00,1700.0,0,11,0-11
2026-02-11 08:14:42.995360256+00:00,1520.0,0,11,0-11
2026-02-11 08:14:43.195360256+00:00,1385.0,0,11,0-11
2026-02-11 08:14:43.395360256+00:00,1118.0,0,11,0-11
2026-02-11 08:14:43.595360256+00:00,894.0,0,11,0-11
2026-02-11 08:14:43.795360256+00:00,708.0,0,11,0-11
2026-02-11 08:14:43.995360256+00:00,472.0,0,11,0-11
2026-02-11 08:14:44.195360256+00:00,271.0,0,11,0-11
2026-02-11 08:14:44.395360256+00:00,91.1,0,11,0-11
2026-02-11 08:14:44.595360256+00:00,100.0,0,11,0-11
2026-02-11 08:14:44.795360256+00:00,125.0,0,11,0-11
2026-02-11 08:14:48.395360256+00:00,1010.0,0,11,0-11
2026-02-11 08:14:48.595360256+00:00,828.0,0,11,0-11
2026-02-11 08:14:48.795360256+00:00,644.0,0,11,0-11
2026-02-11 08:14:48.995360256+00:00,105.0,0,11,0-11
2026-02-11 08:14:49.795360256+00:00,2460.0,0,11,0-11
2026-02-11 08:14:49.995360256+00:00,1400.0,0,11,0-11
2026-02-11 08:14:50.195360256+00:00,935.0,0,11,0-11
2026-02-11 08:14:50.395360256+00:00,541.0,0,11,0-11
2026-02-11 08:14:50.595360256+00:00,338.0,0,11,0-11
2026-02-11 08:14:50.795360256+00:00,128.0,0,11,0-11
2026-02-11 08:14:50.995360256+00:00,58.8,0,11,0-11
2026-02-11 08:14:52.195360256+00:00,632.0,0,11,0-11
2026-02-11 08:14:52.395360256+00:00,428.0,0,11,0-11
2026-02-11 08:14:52.595360256+00:00,224.0,0,11,0-11
2026-02-11 08:14:52.795360256+00:00,35.9,0,11,0-11
2026-02-11 08:14:52.995360256+00:00,34.1,0,11,0-11
2026-02-11 08:14:53.195360256+00:00,31.1,0,11,0-11
2026-02-11 08:14:53.395360256+00:00,35.8,0,11,0-11
2026-02-11 08:14:53.595360256+00:00,37.2,0,11,0-11
2026-02-11 08:14:53.795360256+00:00,29.0,0,11,0-11
2026-02-11 08:14:53.995360256+00:00,28.4,0,11,0-11
2026-02-11 08:14:54.195360256+00:00,26.2,0,11,0-11
2026-02-11 08:14:54.395360256+00:00,25.5,0,11,0-11
2026-02-11 08:14:54.595360256+00:00,26.3,0,11,0-11
2026-02-11 08:14:54.795360256+00:00,41.6,0,11,0-11
2026-02-11 08:14:54.995360256+00:00,52.9,0,11,0-11
2026-02-11 08:14:55.195360256+00:00,46.9,0,11,0-11
2026-02-11 08:14:55.395360256+00:00,45.0,0,11,0-11
2026-02-11 08:14:55.595360256+00:00,58.3,0,11,0-11
2026-02-11 08:14:55.795360256+00:00,51.9,0,11,0-11
2026-02-11 08:14:55.995360256+00:00,70.7,0,11,0-11
2026-02-11 08:14:56.195360256+00:00,54.8,0,11,0-11
2026-02-11 08:14:56.395360256+00:00,171.0,0,11,0-11
2026-02-11 08:14:56.595360256+00:00,26.2,0,11,0-11
2026-02-11 08:14:56.795360256+00:00,77.5,0,11,0-11
2026-02-11 08:14:56.995360256+00:00,850.0,0,11,0-11
2026-02-11 08:14:57.195360256+00:00,1542.0,0,11,0-11
2026-02-11 08:14:58.195360256+00:00,3430.0,0,11,0-11
2026-02-11 08:15:00.795360256+00:00,3299.0,0,11,0-11
2026-02-11 08:15:00.995360256+00:00,2721.0,0,11,0-11
2026-02-11 08:15:01.195360256+00:00,2732.0,0,11,0-11
2026-02-11 08:15:01.395360256+00:00,2609.0,0,11,0-11
2026-02-11 08:15:01.595360256+00:00,2278.0,0,11,0-11
2026-02-11 08:15:01.995360256+00:00,1207.0,0,11,0-11
2026-02-11 08:15:02.195360256+00:00,1022.0,0,11,0-11
2026-02-11 08:15:02.395360256+00:00,510.0,0,11,0-11
2026-02-11 08:15:02.595360256+00:00,333.0,0,11,0-11
2026-02-11 08:15:02.795360256+00:00,150.0,0,11,0-11
2026-02-11 08:15:02.995360256+00:00,75.6,0,11,0-11
2026-02-11 08:15:03.795360256+00:00,3668.0,0,11,0-11
2026-02-11 08:15:03.995360256+00:00,2676.0,0,11,0-11
2026-02-11 08:15:04.195360256+00:00,1617.0,0,11,0-11
2026-02-11 08:15:04.395360256+00:00,663.0,0,11,0-11
2026-02-11 08:15:04.595360256+00:00,465.0,0,11,0-11
2026-02-11 08:15:04.795360256+00:00,228.0,0,11,0-11
2026-02-11 08:15:04.995360256+00:00,49.1,0,11,0-11
2026-02-11 08:15:05.195360256+00:00,551.0,0,11,0-11
2026-02-11 08:15:05.395360256+00:00,510.0,0,11,0-11
2026-02-11 08:15:05.595360256+00:00,737.0,0,11,0-11
2026-02-11 08:15:05.795360256+00:00,948.0,0,11,0-11
2026-02-11 08:15:05.995360256+00:00,1180.0,0,11,0-11
2026-02-11 08:15:06.195360256+00:00,1463.0,0,11,0-11
2026-02-11 08:15:06.795360256+00:00,2049.0,0,11,0-11
2026-02-11 08:15:09.795360256+00:00,848.0,0,11,0-11
2026-02-11 08:15:09.995360256+00:00,644.0,0,11,0-11
2026-02-11 08:15:10.195360256+00:00,439.0,0,11,0-11
2026-02-11 08:15:10.395360256+00:00,238.0,0,11,0-11
2026-02-11 08:15:10.595360256+00:00,40.4,0,11,0-11
2026-02-11 08:15:10.795360256+00:00,72.5,0,11,0-11
2026-02-11 08:15:10.995360256+00:00,308.0,0,11,0-11
2026-02-11 08:15:14.595360256+00:00,1455.0,0,11,0-11
2026-02-11 08:15:14.795360256+00:00,1217.0,0,11,0-11
2026-02-11 08:15:14.995360256+00:00,891.0,0,11,0-11
2026-02-11 08:15:15.195360256+00:00,670.0,0,11,0-11
2026-02-11 08:15:15.395360256+00:00,452.0,0,11,0-11
2026-02-11 08:15:15.595360256+00:00,279.0,0,11,0-11
2026-02-11 08:15:15.795360256+00:00,170.0,0,11,0-11
2026-02-11 08:15:15.995360256+00:00,4899.0,0,11,0-11
2026-02-11 08:15:16.195360256+00:00,4799.0,0,11,0-11
2026-02-11 08:15:16.395360256+00:00,3610.0,0,11,0-11
2026-02-11 08:15:16.595360256+00:00,3407.0,0,11,0-11
2026-02-11 08:15:16.795360256+00:00,3193.0,0,11,0-11
2026-02-11 08:15:16.995360256+00:00,2817.0,0,11,0-11
2026-02-11 08:15:17.195360256+00:00,1860.0,0,11,0-11
2026-02-11 08:15:17.395360256+00:00,1744.0,0,11,0-11
2026-02-11 08:15:17.595360256+00:00,1059.0,0,11,0-11
2026-02-11 08:15:17.795360256+00:00,878.0,0,11,0-11
2026-02-11 08:15:19.595360256+00:00,8492.0,0,11,0-11
2026-02-11 08:15:20.195360256+00:00,5996.0,0,11,0-11
2026-02-11 08:15:20.395360256+00:00,4980.0,0,11,0-11
2026-02-11 08:15:20.595360256+00:00,4021.0,0,11,0-11
2026-02-11 08:15:20.795360256+00:00,3098.0,0,11,0-11
2026-02-11 08:15:20.995360256+00:00,2787.0,0,11,0-11
2026-02-11 08:15:21.195360256+00:00,2034.0,0,11,0-11
2026-02-11 08:15:21.395360256+00:00,1034.0,0,11,0-11
2026-02-11 08:15:21.595360256+00:00,787.0,0,11,0-11
2026-02-11 08:15:21.795360256+00:00,501.0,0,11,0-11
2026-02-11 08:15:21.995360256+00:00,259.0,0,11,0-11
2026-02-11 08:15:22.195360256+00:00,64.1,0,11,0-11
2026-02-11 08:15:22.395360256+00:00,329.0,0,11,0-11
2026-02-11 08:15:22.595360256+00:00,629.0,0,11,0-11
2026-02-11 08:15:22.795360256+00:00,1009.0,0,11,0-11
2026-02-11 08:15:22.995360256+00:00,1386.0,0,11,0-11
2026-02-11 08:15:23.995360256+00:00,7299.0,0,11,0-11
2026-02-11 08:15:24.195360256+00:00,7526.0,0,11,0-11
2026-02-11 08:15:24.595360256+00:00,6598.0,0,11,0-11
2026-02-11 08:15:24.795360256+00:00,5584.0,0,11,0-11
2026-02-11 08:15:24.995360256+00:00,4477.0,0,11,0-11
2026-02-11 08:15:25.195360256+00:00,3640.0,0,11,0-11
2026-02-11 08:15:25.395360256+00:00,2651.0,0,11,0-11
2026-02-11 08:15:25.595360256+00:00,2437.0,0,11,0-11
2026-02-11 08:15:25.795360256+00:00,2469.0,0,11,0-11
2026-02-11 08:15:25.995360256+00:00,2393.0,0,11,0-11
2026-02-11 08:15:26.195360256+00:00,2307.0,0,11,0-11
2026-02-11 08:15:26.595360256+00:00,1444.0,0,11,0-11
2026-02-11 08:15:26.795360256+00:00,873.0,0,11,0-11
2026-02-11 08:15:26.995360256+00:00,550.0,0,11,0-11
2026-02-11 08:15:27.195360256+00:00,350.0,0,11,0-11
2026-02-11 08:15:27.395360256+00:00,148.0,0,11,0-11
2026-02-11 08:15:29.595360256+00:00,1685.0,0,11,0-11
2026-02-11 08:15:29.795360256+00:00,677.0,0,11,0-11
2026-02-11 08:15:29.995360256+00:00,474.0,0,11,0-11
2026-02-11 08:15:30.195360256+00:00,261.0,0,11,0-11
2026-02-11 08:15:30.395360256+00:00,66.1,0,11,0-11
2026-02-11 08:15:30.595360256+00:00,242.0,0,11,0-11
2026-02-11 08:15:31.795360256+00:00,2439.0,0,11,0-11
2026-02-11 08:15:31.995360256+00:00,1609.0,0,11,0-11
2026-02-11 08:15:32.195360256+00:00,628.0,0,11,0-11
2026-02-11 08:15:32.395360256+00:00,429.0,0,11,0-11
2026-02-11 08:15:32.595360256+00:00,225.0,0,11,0-11
2026-02-11 08:15:32.795360256+00:00,40.5,0,11,0-11
2026-02-11 08:15:32.995360256+00:00,68.0,0,11,0-11
2026-02-11 08:15:33.195360256+00:00,120.0,0,11,0-11
2026-02-11 08:15:33.395360256+00:00,196.0,0,11,0-11
2026-02-11 08:15:33.595360256+00:00,218.0,0,11,0-11
2026-02-11 08:15:33.795360256+00:00,250.0,0,11,0-11
2026-02-11 08:15:33.995360256+00:00,287.0,0,11,0-11
2026-02-11 08:15:34.195360256+00:00,324.0,0,11,0-11
2026-02-11 08:15:34.395360256+00:00,396.0,0,11,0-11
2026-02-11 08:15:35.995360256+00:00,4052.0,0,11,0-11
2026-02-11 08:15:36.195360256+00:00,3070.0,0,11,0-11
2026-02-11 08:15:36.395360256+00:00,2079.0,0,11,0-11
2026-02-11 08:15:36.595360256+00:00,1889.0,0,11,0-11
2026-02-11 08:15:36.795360256+00:00,1599.0,0,11,0-11
2026-02-11 08:15:36.995360256+00:00,1105.0,0,11,0-11
2026-02-11 08:15:37.195360256+00:00,876.0,0,11,0-11
2026-02-11 08:15:37.395360256+00:00,678.0,0,11,0-11
2026-02-11 08:15:37.595360256+00:00,474.0,0,11,0-11
2026-02-11 08:15:37.795360256+00:00,277.0,0,11,0-11
2026-02-11 08:15:37.995360256+00:00,113.0,0,11,0-11
2026-02-11 08:15:38.195360256+00:00,27.9,0,11,0-11
2026-02-11 08:15:38.395360256+00:00,250.0,0,11,0-11
2026-02-11 08:15:38.595360256+00:00,496.0,0,11,0-11
2026-02-11 08:15:38.795360256+00:00,673.0,0,11,0-11
2026-02-11 08:15:38.995360256+00:00,892.0,0,11,0-11
2026-02-11 08:15:39.195360256+00:00,1192.0,0,11,0-11
2026-02-11 08:15:39.595360256+00:00,2839.0,0,11,0-11
2026-02-11 08:15:39.995360256+00:00,3322.0,0,11,0-11
2026-02-11 08:15:40.195360256+00:00,3463.0,0,11,0-11
2026-02-11 08:15:40.995360256+00:00,1737.0,0,11,0-11
2026-02-11 08:15:41.195360256+00:00,1532.0,0,11,0-11
2026-02-11 08:15:41.395360256+00:00,1057.0,0,11,0-11
2026-02-11 08:15:41.595360256+00:00,933.0,0,11,0-11
2026-02-11 08:15:41.795360256+00:00,739.0,0,11,0-11
2026-02-11 08:15:41.995360256+00:00,560.0,0,11,0-11
2026-02-11 08:15:42.195360256+00:00,374.0,0,11,0-11
2026-02-11 08:15:42.395360256+00:00,273.0,0,11,0-11
2026-02-11 08:15:42.595360256+00:00,96.2,0,11,0-11
2026-02-11 08:15:42.795360256+00:00,82.2,0,11,0-11
2026-02-11 08:15:42.995360256+00:00,240.0,0,11,0-11
2026-02-11 08:15:43.195360256+00:00,253.0,0,11,0-11
2026-02-11 08:15:43.395360256+00:00,302.0,0,11,0-11
2026-02-11 08:15:43.595360256+00:00,649.0,0,11,0-11
2026-02-11 08:15:43.795360256+00:00,6527.0,0,11,0-11
2026-02-11 08:15:44.995360256+00:00,4353.0,0,11,0-11
2026-02-11 08:15:45.195360256+00:00,3474.0,0,11,0-11
2026-02-11 08:15:48.795360256+00:00,811.0,0,11,0-11
2026-02-11 08:15:48.995360256+00:00,621.0,0,11,0-11
2026-02-11 08:15:49.195360256+00:00,420.0,0,11,0-11
2026-02-11 08:15:49.395360256+00:00,203.0,0,11,0-11
2026-02-11 08:15:49.595360256+00:00,44.9,0,11,0-11
2026-02-11 08:15:49.795360256+00:00,188.0,0,11,0-11
2026-02-11 08:15:49.995360256+00:00,391.0,0,11,0-11
2026-02-11 08:15:50.195360256+00:00,592.0,0,11,0-11
2026-02-11 08:15:50.395360256+00:00,1560.0,0,11,0-11
2026-02-11 08:15:50.595360256+00:00,2748.0,0,11,0-11
2026-02-11 08:15:50.795360256+00:00,3298.0,0,11,0-11
2026-02-11 08:15:50.995360256+00:00,4419.0,0,11,0-11
2026-02-11 08:13:23.610822400+00:00,31.8,0,13,0-13
2026-02-11 08:13:23.810822400+00:00,37.4,0,13,0-13
2026-02-11 08:13:24.010822656+00:00,31.9,0,13,0-13
2026-02-11 08:13:24.210822400+00:00,28.6,0,13,0-13
2026-02-11 08:13:24.410822400+00:00,33.5,0,13,0-13
2026-02-11 08:13:24.610822400+00:00,35.6,0,13,0-13
2026-02-11 08:13:24.810822400+00:00,26.9,0,13,0-13
2026-02-11 08:13:25.010822656+00:00,27.8,0,13,0-13
2026-02-11 08:13:25.210822400+00:00,41.5,0,13,0-13
2026-02-11 08:13:25.410822400+00:00,31.5,0,13,0-13
2026-02-11 08:13:25.610822400+00:00,29.0,0,13,0-13
2026-02-11 08:13:25.810822400+00:00,28.0,0,13,0-13
2026-02-11 08:13:26.010822656+00:00,32.7,0,13,0-13
2026-02-11 08:13:26.210822400+00:00,34.2,0,13,0-13
2026-02-11 08:13:26.410822400+00:00,33.0,0,13,0-13
2026-02-11 08:13:26.610822400+00:00,40.0,0,13,0-13
2026-02-11 08:13:26.810822400+00:00,28.7,0,13,0-13
2026-02-11 08:13:27.010822656+00:00,37.5,0,13,0-13
2026-02-11 08:13:27.210822400+00:00,29.6,0,13,0-13
2026-02-11 08:13:27.410822400+00:00,28.9,0,13,0-13
2026-02-11 08:13:27.610822400+00:00,33.5,0,13,0-13
2026-02-11 08:13:27.810822400+00:00,33.5,0,13,0-13
2026-02-11 08:13:28.010822656+00:00,33.4,0,13,0-13
2026-02-11 08:13:28.210822400+00:00,33.1,0,13,0-13
2026-02-11 08:13:28.410822400+00:00,34.1,0,13,0-13
2026-02-11 08:13:28.610822400+00:00,29.3,0,13,0-13
2026-02-11 08:13:28.810822400+00:00,34.1,0,13,0-13
2026-02-11 08:13:29.010822656+00:00,31.3,0,13,0-13
2026-02-11 08:13:29.210822400+00:00,29.4,0,13,0-13
2026-02-11 08:13:29.410822400+00:00,28.5,0,13,0-13
2026-02-11 08:13:29.610822400+00:00,42.8,0,13,0-13
2026-02-11 08:13:29.810822400+00:00,41.8,0,13,0-13
2026-02-11 08:13:30.010822656+00:00,33.3,0,13,0-13
2026-02-11 08:13:30.210822400+00:00,28.5,0,13,0-13
2026-02-11 08:13:30.410822400+00:00,37.6,0,13,0-13
2026-02-11 08:13:30.610822400+00:00,38.8,0,13,0-13
2026-02-11 08:13:30.810822400+00:00,29.2,0,13,0-13
2026-02-11 08:13:31.010822656+00:00,27.2,0,13,0-13
2026-02-11 08:13:31.210822400+00:00,27.6,0,13,0-13
2026-02-11 08:13:31.410822400+00:00,35.8,0,13,0-13
2026-02-11 08:13:31.610822400+00:00,31.5,0,13,0-13
2026-02-11 08:13:31.810822400+00:00,35.2,0,13,0-13
2026-02-11 08:13:32.010822656+00:00,29.2,0,13,0-13
2026-02-11 08:13:32.210822400+00:00,27.6,0,13,0-13
2026-02-11 08:13:32.410822400+00:00,27.0,0,13,0-13
2026-02-11 08:13:32.610822400+00:00,28.7,0,13,0-13
2026-02-11 08:13:32.810822400+00:00,34.2,0,13,0-13
2026-02-11 08:13:33.010822656+00:00,28.7,0,13,0-13
2026-02-11 08:13:33.210822400+00:00,44.4,0,13,0-13
2026-02-11 08:13:33.410822400+00:00,33.8,0,13,0-13
2026-02-11 08:13:33.610822400+00:00,28.3,0,13,0-13
2026-02-11 08:13:33.810822400+00:00,34.4,0,13,0-13
2026-02-11 08:13:34.010822656+00:00,35.4,0,13,0-13
2026-02-11 08:13:34.210822400+00:00,33.9,0,13,0-13
2026-02-11 08:13:34.410822400+00:00,33.1,0,13,0-13
2026-02-11 08:13:34.610822400+00:00,26.0,0,13,0-13
2026-02-11 08:13:34.810822400+00:00,36.5,0,13,0-13
2026-02-11 08:13:35.010822656+00:00,36.2,0,13,0-13
2026-02-11 08:13:35.210822400+00:00,30.1,0,13,0-13
2026-02-11 08:13:35.410822400+00:00,29.1,0,13,0-13
2026-02-11 08:13:35.610822400+00:00,27.7,0,13,0-13
2026-02-11 08:13:35.810822400+00:00,34.2,0,13,0-13
2026-02-11 08:13:36.010822656+00:00,94.1,0,13,0-13
2026-02-11 08:13:36.210822400+00:00,46.4,0,13,0-13
2026-02-11 08:13:36.410822400+00:00,29.6,0,13,0-13
2026-02-11 08:13:36.610822400+00:00,39.9,0,13,0-13
2026-02-11 08:13:36.810822400+00:00,32.3,0,13,0-13
2026-02-11 08:13:37.010822656+00:00,54.1,0,13,0-13
2026-02-11 08:13:37.210822400+00:00,35.7,0,13,0-13
2026-02-11 08:13:37.410822400+00:00,42.1,0,13,0-13
2026-02-11 08:13:37.610822400+00:00,45.0,0,13,0-13
2026-02-11 08:13:37.810822400+00:00,44.9,0,13,0-13
2026-02-11 08:13:38.010822656+00:00,31.4,0,13,0-13
2026-02-11 08:13:38.210822400+00:00,34.0,0,13,0-13
2026-02-11 08:13:38.410822400+00:00,48.9,0,13,0-13
2026-02-11 08:13:38.610822400+00:00,34.2,0,13,0-13
2026-02-11 08:13:38.810822400+00:00,36.2,0,13,0-13
2026-02-11 08:13:39.010822656+00:00,42.3,0,13,0-13
2026-02-11 08:13:39.210822400+00:00,46.7,0,13,0-13
2026-02-11 08:13:39.410822400+00:00,37.6,0,13,0-13
2026-02-11 08:13:39.610822400+00:00,42.7,0,13,0-13
2026-02-11 08:13:39.810822400+00:00,27.4,0,13,0-13
2026-02-11 08:13:40.010822656+00:00,27.5,0,13,0-13
2026-02-11 08:13:40.210822400+00:00,35.3,0,13,0-13
2026-02-11 08:13:40.410822400+00:00,36.8,0,13,0-13
2026-02-11 08:13:40.610822400+00:00,27.9,0,13,0-13
2026-02-11 08:13:40.810822400+00:00,28.2,0,13,0-13
2026-02-11 08:13:41.010822656+00:00,28.0,0,13,0-13
2026-02-11 08:13:41.210822400+00:00,36.8,0,13,0-13
2026-02-11 08:13:41.410822400+00:00,26.4,0,13,0-13
2026-02-11 08:13:41.610822400+00:00,54.0,0,13,0-13
2026-02-11 08:13:41.810822400+00:00,47.2,0,13,0-13
2026-02-11 08:13:42.010822656+00:00,44.8,0,13,0-13
2026-02-11 08:13:42.210822400+00:00,45.5,0,13,0-13
2026-02-11 08:13:42.410822400+00:00,51.3,0,13,0-13
2026-02-11 08:13:42.610822400+00:00,31.9,0,13,0-13
2026-02-11 08:13:42.810822400+00:00,30.7,0,13,0-13
2026-02-11 08:13:43.010822656+00:00,31.6,0,13,0-13
2026-02-11 08:13:43.210822400+00:00,31.8,0,13,0-13
2026-02-11 08:13:43.410822400+00:00,39.7,0,13,0-13
2026-02-11 08:13:43.610822400+00:00,33.6,0,13,0-13
2026-02-11 08:13:43.810822400+00:00,26.9,0,13,0-13
2026-02-11 08:13:44.010822656+00:00,63.8,0,13,0-13
2026-02-11 08:13:44.210822400+00:00,36.5,0,13,0-13
2026-02-11 08:13:44.410822400+00:00,27.7,0,13,0-13
2026-02-11 08:13:44.610822400+00:00,27.5,0,13,0-13
2026-02-11 08:13:44.810822400+00:00,36.2,0,13,0-13
2026-02-11 08:13:45.010822656+00:00,57.5,0,13,0-13
2026-02-11 08:13:45.210822400+00:00,48.0,0,13,0-13
2026-02-11 08:13:45.410822400+00:00,51.4,0,13,0-13
2026-02-11 08:13:45.610822400+00:00,38.6,0,13,0-13
2026-02-11 08:13:45.810822400+00:00,32.0,0,13,0-13
2026-02-11 08:13:46.010822656+00:00,37.5,0,13,0-13
2026-02-11 08:13:46.210822400+00:00,37.5,0,13,0-13
2026-02-11 08:13:46.410822400+00:00,26.3,0,13,0-13
2026-02-11 08:13:46.610822400+00:00,39.5,0,13,0-13
2026-02-11 08:13:46.810822400+00:00,26.5,0,13,0-13
2026-02-11 08:13:47.010822656+00:00,32.2,0,13,0-13
2026-02-11 08:13:47.210822400+00:00,30.5,0,13,0-13
2026-02-11 08:13:47.410822400+00:00,28.5,0,13,0-13
2026-02-11 08:13:47.610822400+00:00,34.9,0,13,0-13
2026-02-11 08:13:47.810822400+00:00,33.8,0,13,0-13
2026-02-11 08:13:48.010822656+00:00,28.3,0,13,0-13
2026-02-11 08:13:48.210822400+00:00,32.5,0,13,0-13
2026-02-11 08:13:48.410822400+00:00,45.1,0,13,0-13
2026-02-11 08:13:48.610822400+00:00,44.5,0,13,0-13
2026-02-11 08:13:48.810822400+00:00,33.7,0,13,0-13
2026-02-11 08:13:49.010822656+00:00,46.4,0,13,0-13
2026-02-11 08:13:49.210822400+00:00,34.4,0,13,0-13
2026-02-11 08:13:49.410822400+00:00,40.4,0,13,0-13
2026-02-11 08:13:49.610822400+00:00,34.2,0,13,0-13
2026-02-11 08:13:49.810822400+00:00,41.8,0,13,0-13
2026-02-11 08:13:50.010822656+00:00,48.4,0,13,0-13
2026-02-11 08:13:50.210822400+00:00,35.9,0,13,0-13
2026-02-11 08:13:50.410822400+00:00,51.3,0,13,0-13
2026-02-11 08:13:50.610822400+00:00,36.8,0,13,0-13
2026-02-11 08:13:50.810822400+00:00,29.1,0,13,0-13
2026-02-11 08:13:51.010822656+00:00,51.4,0,13,0-13
2026-02-11 08:13:51.210822400+00:00,35.6,0,13,0-13
2026-02-11 08:13:51.410822400+00:00,41.6,0,13,0-13
2026-02-11 08:13:51.610822400+00:00,30.7,0,13,0-13
2026-02-11 08:13:51.810822400+00:00,35.4,0,13,0-13
2026-02-11 08:13:52.010822656+00:00,53.0,0,13,0-13
2026-02-11 08:13:52.210822400+00:00,37.3,0,13,0-13
2026-02-11 08:13:52.410822400+00:00,38.7,0,13,0-13
2026-02-11 08:13:52.610822400+00:00,35.8,0,13,0-13
2026-02-11 08:13:52.810822400+00:00,52.2,0,13,0-13
2026-02-11 08:13:53.010822656+00:00,31.7,0,13,0-13
2026-02-11 08:13:53.210822400+00:00,36.5,0,13,0-13
2026-02-11 08:13:53.410822400+00:00,66.5,0,13,0-13
2026-02-11 08:13:53.610822400+00:00,36.4,0,13,0-13
2026-02-11 08:13:53.810822400+00:00,48.8,0,13,0-13
2026-02-11 08:13:54.010822656+00:00,30.7,0,13,0-13
2026-02-11 08:13:54.210822400+00:00,29.4,0,13,0-13
2026-02-11 08:13:54.410822400+00:00,41.1,0,13,0-13
2026-02-11 08:13:54.610822400+00:00,27.9,0,13,0-13
2026-02-11 08:13:54.810822400+00:00,31.3,0,13,0-13
2026-02-11 08:13:55.010822656+00:00,38.3,0,13,0-13
2026-02-11 08:13:55.210822400+00:00,32.0,0,13,0-13
2026-02-11 08:13:55.410822400+00:00,33.3,0,13,0-13
2026-02-11 08:13:55.610822400+00:00,37.4,0,13,0-13
2026-02-11 08:13:56.010822656+00:00,4097.0,0,13,0-13
2026-02-11 08:13:56.210822400+00:00,3165.0,0,13,0-13
2026-02-11 08:13:56.410822400+00:00,2228.0,0,13,0-13
2026-02-11 08:13:56.610822400+00:00,1229.0,0,13,0-13
2026-02-11 08:13:56.810822400+00:00,986.0,0,13,0-13
2026-02-11 08:13:57.010822656+00:00,759.0,0,13,0-13
2026-02-11 08:13:57.210822400+00:00,473.0,0,13,0-13
2026-02-11 08:13:57.410822400+00:00,283.0,0,13,0-13
2026-02-11 08:13:57.610822400+00:00,91.0,0,13,0-13
2026-02-11 08:13:57.810822400+00:00,168.0,0,13,0-13
2026-02-11 08:13:58.010822656+00:00,344.0,0,13,0-13
2026-02-11 08:13:58.210822400+00:00,537.0,0,13,0-13
2026-02-11 08:13:58.410822400+00:00,704.0,0,13,0-13
2026-02-11 08:13:58.610822400+00:00,906.0,0,13,0-13
2026-02-11 08:13:58.810822400+00:00,1083.0,0,13,0-13
2026-02-11 08:13:59.010822656+00:00,1280.0,0,13,0-13
2026-02-11 08:13:59.210822400+00:00,1458.0,0,13,0-13
2026-02-11 08:13:59.410822400+00:00,1635.0,0,13,0-13
2026-02-11 08:13:59.610822400+00:00,1819.0,0,13,0-13
2026-02-11 08:13:59.810822400+00:00,2008.0,0,13,0-13
2026-02-11 08:14:00.010822656+00:00,2158.0,0,13,0-13
2026-02-11 08:14:00.210822400+00:00,2333.0,0,13,0-13
2026-02-11 08:14:00.410822400+00:00,2499.0,0,13,0-13
2026-02-11 08:14:00.610822400+00:00,2610.0,0,13,0-13
2026-02-11 08:14:01.410822400+00:00,3111.0,0,13,0-13
2026-02-11 08:14:01.610822400+00:00,3240.0,0,13,0-13
2026-02-11 08:14:02.210822400+00:00,3581.0,0,13,0-13
2026-02-11 08:14:02.810822400+00:00,3825.0,0,13,0-13
2026-02-11 08:14:03.010822656+00:00,3928.0,0,13,0-13
2026-02-11 08:14:03.210822400+00:00,3980.0,0,13,0-13
2026-02-11 08:14:03.410822400+00:00,4076.0,0,13,0-13
2026-02-11 08:14:03.810822400+00:00,4269.0,0,13,0-13
2026-02-11 08:14:04.410822400+00:00,4528.0,0,13,0-13
2026-02-11 08:14:04.810822400+00:00,4704.0,0,13,0-13
2026-02-11 08:14:05.010822656+00:00,4787.0,0,13,0-13
2026-02-11 08:14:05.410822400+00:00,4869.0,0,13,0-13
2026-02-11 08:14:05.610822400+00:00,4927.0,0,13,0-13
2026-02-11 08:14:05.810822400+00:00,4969.0,0,13,0-13
2026-02-11 08:14:06.210822400+00:00,5078.0,0,13,0-13
2026-02-11 08:14:06.610822400+00:00,5197.0,0,13,0-13
2026-02-11 08:14:06.810822400+00:00,5233.0,0,13,0-13
2026-02-11 08:14:07.010822656+00:00,5268.0,0,13,0-13
2026-02-11 08:14:07.610822400+00:00,5406.0,0,13,0-13
2026-02-11 08:14:08.010822656+00:00,5473.0,0,13,0-13
2026-02-11 08:14:09.010822656+00:00,5732.0,0,13,0-13
2026-02-11 08:14:09.810822400+00:00,5865.0,0,13,0-13
2026-02-11 08:14:10.410822400+00:00,6045.0,0,13,0-13
2026-02-11 08:14:10.610822400+00:00,6068.0,0,13,0-13
2026-02-11 08:14:11.410822400+00:00,6234.0,0,13,0-13
2026-02-11 08:14:11.610822400+00:00,6234.0,0,13,0-13
2026-02-11 08:14:11.810822400+00:00,6253.0,0,13,0-13
2026-02-11 08:14:12.410822400+00:00,6313.0,0,13,0-13
2026-02-11 08:14:13.010822656+00:00,6394.0,0,13,0-13
2026-02-11 08:14:13.210822400+00:00,6411.0,0,13,0-13
2026-02-11 08:14:14.010822656+00:00,6541.0,0,13,0-13
2026-02-11 08:14:14.410822400+00:00,6580.0,0,13,0-13
2026-02-11 08:14:16.010822656+00:00,6726.0,0,13,0-13
2026-02-11 08:14:16.210822400+00:00,6762.0,0,13,0-13
2026-02-11 08:14:16.410822400+00:00,6776.0,0,13,0-13
2026-02-11 08:14:18.410822400+00:00,5884.0,0,13,0-13
2026-02-11 08:14:19.410822400+00:00,5473.0,0,13,0-13
2026-02-11 08:14:19.610822400+00:00,5467.0,0,13,0-13
2026-02-11 08:14:24.410822400+00:00,741.0,0,13,0-13
2026-02-11 08:14:24.610822400+00:00,537.0,0,13,0-13
2026-02-11 08:14:24.810822400+00:00,405.0,0,13,0-13
2026-02-11 08:14:25.010822656+00:00,206.0,0,13,0-13
2026-02-11 08:14:25.210822400+00:00,111.0,0,13,0-13
2026-02-11 08:14:25.410822400+00:00,75.7,0,13,0-13
2026-02-11 08:14:25.610822400+00:00,28.4,0,13,0-13
2026-02-11 08:14:25.810822400+00:00,27.5,0,13,0-13
2026-02-11 08:14:26.010822656+00:00,29.9,0,13,0-13
2026-02-11 08:14:26.210822400+00:00,31.0,0,13,0-13
2026-02-11 08:14:26.410822400+00:00,31.9,0,13,0-13
2026-02-11 08:14:26.610822400+00:00,30.9,0,13,0-13
2026-02-11 08:14:26.810822400+00:00,33.5,0,13,0-13
2026-02-11 08:14:27.010822656+00:00,34.6,0,13,0-13
2026-02-11 08:14:27.210822400+00:00,35.9,0,13,0-13
2026-02-11 08:14:27.410822400+00:00,35.0,0,13,0-13
2026-02-11 08:14:27.610822400+00:00,9890.0,0,13,0-13
2026-02-11 08:14:30.010822656+00:00,14102.0,0,13,0-13
2026-02-11 08:14:31.610822400+00:00,8524.0,0,13,0-13
2026-02-11 08:14:31.810822400+00:00,7524.0,0,13,0-13
2026-02-11 08:14:32.010822656+00:00,6526.0,0,13,0-13
2026-02-11 08:14:32.210822400+00:00,5525.0,0,13,0-13
2026-02-11 08:14:32.410822400+00:00,4527.0,0,13,0-13
2026-02-11 08:14:32.610822400+00:00,3498.0,0,13,0-13
2026-02-11 08:14:32.810822400+00:00,2532.0,0,13,0-13
2026-02-11 08:14:33.010822656+00:00,1526.0,0,13,0-13
2026-02-11 08:14:33.210822400+00:00,531.0,0,13,0-13
2026-02-11 08:14:33.410822400+00:00,348.0,0,13,0-13
2026-02-11 08:14:33.610822400+00:00,146.0,0,13,0-13
2026-02-11 08:14:33.810822400+00:00,29.6,0,13,0-13
2026-02-11 08:14:34.010822656+00:00,35.5,0,13,0-13
2026-02-11 08:14:34.210822400+00:00,30.4,0,13,0-13
2026-02-11 08:14:34.410822400+00:00,34.3,0,13,0-13
2026-02-11 08:14:34.610822400+00:00,36.5,0,13,0-13
2026-02-11 08:14:34.810822400+00:00,31.6,0,13,0-13
2026-02-11 08:14:35.010822656+00:00,31.3,0,13,0-13
2026-02-11 08:14:35.210822400+00:00,32.3,0,13,0-13
2026-02-11 08:14:35.410822400+00:00,31.9,0,13,0-13
2026-02-11 08:14:35.610822400+00:00,29.8,0,13,0-13
2026-02-11 08:14:35.810822400+00:00,27.6,0,13,0-13
2026-02-11 08:14:36.010822656+00:00,30.6,0,13,0-13
2026-02-11 08:14:36.210822400+00:00,34.5,0,13,0-13
2026-02-11 08:14:36.410822400+00:00,36.5,0,13,0-13
2026-02-11 08:14:36.610822400+00:00,33.1,0,13,0-13
2026-02-11 08:14:36.810822400+00:00,27.4,0,13,0-13
2026-02-11 08:14:37.010822656+00:00,2111.0,0,13,0-13
2026-02-11 08:14:37.210822400+00:00,4810.0,0,13,0-13
2026-02-11 08:14:37.410822400+00:00,9122.0,0,13,0-13
2026-02-11 08:14:37.610822400+00:00,8591.0,0,13,0-13
2026-02-11 08:14:37.810822400+00:00,8413.0,0,13,0-13
2026-02-11 08:14:38.010822656+00:00,7402.0,0,13,0-13
2026-02-11 08:14:38.210822400+00:00,6315.0,0,13,0-13
2026-02-11 08:14:38.410822400+00:00,5442.0,0,13,0-13
2026-02-11 08:14:38.610822400+00:00,4440.0,0,13,0-13
2026-02-11 08:14:38.810822400+00:00,3463.0,0,13,0-13
2026-02-11 08:14:39.010822656+00:00,2467.0,0,13,0-13
2026-02-11 08:14:39.210822400+00:00,2286.0,0,13,0-13
2026-02-11 08:14:39.410822400+00:00,1490.0,0,13,0-13
2026-02-11 08:14:39.610822400+00:00,611.0,0,13,0-13
2026-02-11 08:14:39.810822400+00:00,1917.0,0,13,0-13
2026-02-11 08:14:40.010822656+00:00,1990.0,0,13,0-13
2026-02-11 08:14:40.410822400+00:00,2058.0,0,13,0-13
2026-02-11 08:14:41.010822656+00:00,2025.0,0,13,0-13
2026-02-11 08:14:41.210822400+00:00,2092.0,0,13,0-13
2026-02-11 08:14:41.410822400+00:00,1938.0,0,13,0-13
2026-02-11 08:14:41.610822400+00:00,1856.0,0,13,0-13
2026-02-11 08:14:41.810822400+00:00,1707.0,0,13,0-13
2026-02-11 08:14:42.010822656+00:00,1362.0,0,13,0-13
2026-02-11 08:14:42.210822400+00:00,1158.0,0,13,0-13
2026-02-11 08:14:42.410822400+00:00,1183.0,0,13,0-13
2026-02-11 08:14:42.610822400+00:00,978.0,0,13,0-13
2026-02-11 08:14:42.810822400+00:00,1497.0,0,13,0-13
2026-02-11 08:14:43.010822656+00:00,1434.0,0,13,0-13
2026-02-11 08:14:43.210822400+00:00,1144.0,0,13,0-13
2026-02-11 08:14:43.410822400+00:00,916.0,0,13,0-13
2026-02-11 08:14:43.610822400+00:00,591.0,0,13,0-13
2026-02-11 08:14:43.810822400+00:00,391.0,0,13,0-13
2026-02-11 08:14:44.010822656+00:00,194.0,0,13,0-13
2026-02-11 08:14:44.210822400+00:00,38.1,0,13,0-13
2026-02-11 08:14:44.410822400+00:00,198.0,0,13,0-13
2026-02-11 08:14:44.610822400+00:00,133.0,0,13,0-13
2026-02-11 08:14:47.610822400+00:00,3353.0,0,13,0-13
2026-02-11 08:14:47.810822400+00:00,3150.0,0,13,0-13
2026-02-11 08:14:48.410822400+00:00,1029.0,0,13,0-13
2026-02-11 08:14:48.610822400+00:00,838.0,0,13,0-13
2026-02-11 08:14:48.810822400+00:00,640.0,0,13,0-13
2026-02-11 08:14:49.010822656+00:00,107.0,0,13,0-13
2026-02-11 08:14:49.810822400+00:00,2462.0,0,13,0-13
2026-02-11 08:14:50.010822656+00:00,1413.0,0,13,0-13
2026-02-11 08:14:50.210822400+00:00,925.0,0,13,0-13
2026-02-11 08:14:50.410822400+00:00,529.0,0,13,0-13
2026-02-11 08:14:50.610822400+00:00,335.0,0,13,0-13
2026-02-11 08:14:50.810822400+00:00,128.0,0,13,0-13
2026-02-11 08:14:51.010822656+00:00,59.2,0,13,0-13
2026-02-11 08:14:52.210822400+00:00,631.0,0,13,0-13
2026-02-11 08:14:52.410822400+00:00,426.0,0,13,0-13
2026-02-11 08:14:52.610822400+00:00,226.0,0,13,0-13
2026-02-11 08:14:52.810822400+00:00,32.0,0,13,0-13
2026-02-11 08:14:53.010822656+00:00,29.9,0,13,0-13
2026-02-11 08:14:53.210822400+00:00,30.8,0,13,0-13
2026-02-11 08:14:53.410822400+00:00,33.6,0,13,0-13
2026-02-11 08:14:53.610822400+00:00,36.2,0,13,0-13
2026-02-11 08:14:53.810822400+00:00,37.1,0,13,0-13
2026-02-11 08:14:54.010822656+00:00,29.8,0,13,0-13
2026-02-11 08:14:54.210822400+00:00,36.9,0,13,0-13
2026-02-11 08:14:54.410822400+00:00,28.3,0,13,0-13
2026-02-11 08:14:54.610822400+00:00,28.1,0,13,0-13
2026-02-11 08:14:54.810822400+00:00,41.7,0,13,0-13
2026-02-11 08:14:55.010822656+00:00,53.0,0,13,0-13
2026-02-11 08:14:55.210822400+00:00,48.4,0,13,0-13
2026-02-11 08:14:55.410822400+00:00,41.7,0,13,0-13
2026-02-11 08:14:55.610822400+00:00,60.3,0,13,0-13
2026-02-11 08:14:55.810822400+00:00,52.2,0,13,0-13
2026-02-11 08:14:56.010822656+00:00,64.0,0,13,0-13
2026-02-11 08:14:56.210822400+00:00,50.6,0,13,0-13
2026-02-11 08:14:56.410822400+00:00,173.0,0,13,0-13
2026-02-11 08:14:56.610822400+00:00,31.4,0,13,0-13
2026-02-11 08:14:56.810822400+00:00,77.6,0,13,0-13
2026-02-11 08:14:57.010822656+00:00,867.0,0,13,0-13
2026-02-11 08:14:57.210822400+00:00,1580.0,0,13,0-13
2026-02-11 08:14:57.610822400+00:00,3394.0,0,13,0-13
2026-02-11 08:14:58.210822400+00:00,3551.0,0,13,0-13
2026-02-11 08:15:00.410822400+00:00,4198.0,0,13,0-13
2026-02-11 08:15:00.810822400+00:00,3383.0,0,13,0-13
2026-02-11 08:15:01.010822656+00:00,2763.0,0,13,0-13
2026-02-11 08:15:01.210822400+00:00,2732.0,0,13,0-13
2026-02-11 08:15:01.410822400+00:00,2552.0,0,13,0-13
2026-02-11 08:15:01.610822400+00:00,2278.0,0,13,0-13
2026-02-11 08:15:01.810822400+00:00,2155.0,0,13,0-13
2026-02-11 08:15:02.010822656+00:00,1227.0,0,13,0-13
2026-02-11 08:15:02.210822400+00:00,1015.0,0,13,0-13
2026-02-11 08:15:02.410822400+00:00,531.0,0,13,0-13
2026-02-11 08:15:02.610822400+00:00,366.0,0,13,0-13
2026-02-11 08:15:02.810822400+00:00,165.0,0,13,0-13
2026-02-11 08:15:03.010822656+00:00,77.2,0,13,0-13
2026-02-11 08:15:04.010822656+00:00,1658.0,0,13,0-13
2026-02-11 08:15:04.210822400+00:00,665.0,0,13,0-13
2026-02-11 08:15:04.410822400+00:00,462.0,0,13,0-13
2026-02-11 08:15:04.610822400+00:00,240.0,0,13,0-13
2026-02-11 08:15:04.810822400+00:00,48.0,0,13,0-13
2026-02-11 08:15:05.010822656+00:00,550.0,0,13,0-13
2026-02-11 08:15:05.210822400+00:00,513.0,0,13,0-13
2026-02-11 08:15:05.410822400+00:00,766.0,0,13,0-13
2026-02-11 08:15:05.610822400+00:00,952.0,0,13,0-13
2026-02-11 08:15:05.810822400+00:00,1177.0,0,13,0-13
2026-02-11 08:15:06.010822656+00:00,1476.0,0,13,0-13
2026-02-11 08:15:09.210822400+00:00,2481.0,0,13,0-13
2026-02-11 08:15:09.410822400+00:00,1473.0,0,13,0-13
2026-02-11 08:15:09.610822400+00:00,852.0,0,13,0-13
2026-02-11 08:15:09.810822400+00:00,647.0,0,13,0-13
2026-02-11 08:15:10.010822656+00:00,442.0,0,13,0-13
2026-02-11 08:15:10.210822400+00:00,242.0,0,13,0-13
2026-02-11 08:15:10.410822400+00:00,40.4,0,13,0-13
2026-02-11 08:15:10.610822400+00:00,61.0,0,13,0-13
2026-02-11 08:15:10.810822400+00:00,331.0,0,13,0-13
2026-02-11 08:15:14.410822400+00:00,1422.0,0,13,0-13
2026-02-11 08:15:14.610822400+00:00,1217.0,0,13,0-13
2026-02-11 08:15:14.810822400+00:00,849.0,0,13,0-13
2026-02-11 08:15:15.010822656+00:00,648.0,0,13,0-13
2026-02-11 08:15:15.210822400+00:00,430.0,0,13,0-13
2026-02-11 08:15:15.410822400+00:00,232.0,0,13,0-13
2026-02-11 08:15:15.610822400+00:00,170.0,0,13,0-13
2026-02-11 08:15:15.810822400+00:00,4333.0,0,13,0-13
2026-02-11 08:15:16.010822656+00:00,4124.0,0,13,0-13
2026-02-11 08:15:16.410822400+00:00,2739.0,0,13,0-13
2026-02-11 08:15:16.610822400+00:00,2522.0,0,13,0-13
2026-02-11 08:15:16.810822400+00:00,2148.0,0,13,0-13
2026-02-11 08:15:17.010822656+00:00,1184.0,0,13,0-13
2026-02-11 08:15:17.210822400+00:00,1063.0,0,13,0-13
2026-02-11 08:15:17.410822400+00:00,381.0,0,13,0-13
2026-02-11 08:15:17.610822400+00:00,365.0,0,13,0-13
2026-02-11 08:15:17.810822400+00:00,404.0,0,13,0-13
2026-02-11 08:15:18.010822656+00:00,402.0,0,13,0-13
2026-02-11 08:15:18.210822400+00:00,357.0,0,13,0-13
2026-02-11 08:15:18.410822400+00:00,5396.0,0,13,0-13
2026-02-11 08:15:19.610822400+00:00,8491.0,0,13,0-13
2026-02-11 08:15:20.210822400+00:00,5992.0,0,13,0-13
2026-02-11 08:15:20.410822400+00:00,4954.0,0,13,0-13
2026-02-11 08:15:20.610822400+00:00,3995.0,0,13,0-13
2026-02-11 08:15:20.810822400+00:00,3070.0,0,13,0-13
2026-02-11 08:15:21.010822656+00:00,2760.0,0,13,0-13
2026-02-11 08:15:21.210822400+00:00,2027.0,0,13,0-13
2026-02-11 08:15:21.410822400+00:00,1029.0,0,13,0-13
2026-02-11 08:15:21.610822400+00:00,784.0,0,13,0-13
2026-02-11 08:15:21.810822400+00:00,496.0,0,13,0-13
2026-02-11 08:15:22.010822656+00:00,243.0,0,13,0-13
2026-02-11 08:15:22.210822400+00:00,40.3,0,13,0-13
2026-02-11 08:15:22.410822400+00:00,330.0,0,13,0-13
2026-02-11 08:15:22.610822400+00:00,647.0,0,13,0-13
2026-02-11 08:15:22.810822400+00:00,1014.0,0,13,0-13
2026-02-11 08:15:23.010822656+00:00,1382.0,0,13,0-13
2026-02-11 08:15:24.010822656+00:00,7299.0,0,13,0-13
2026-02-11 08:15:24.210822400+00:00,7538.0,0,13,0-13
2026-02-11 08:15:24.410822400+00:00,7581.0,0,13,0-13
2026-02-11 08:15:24.610822400+00:00,6608.0,0,13,0-13
2026-02-11 08:15:24.810822400+00:00,5613.0,0,13,0-13
2026-02-11 08:15:25.010822656+00:00,4614.0,0,13,0-13
2026-02-11 08:15:25.210822400+00:00,3671.0,0,13,0-13
2026-02-11 08:15:25.410822400+00:00,2564.0,0,13,0-13
2026-02-11 08:15:25.610822400+00:00,2420.0,0,13,0-13
2026-02-11 08:15:25.810822400+00:00,2473.0,0,13,0-13
2026-02-11 08:15:26.010822656+00:00,2385.0,0,13,0-13
2026-02-11 08:15:26.410822400+00:00,2031.0,0,13,0-13
2026-02-11 08:15:26.610822400+00:00,1444.0,0,13,0-13
2026-02-11 08:15:26.810822400+00:00,874.0,0,13,0-13
2026-02-11 08:15:27.010822656+00:00,464.0,0,13,0-13
2026-02-11 08:15:27.210822400+00:00,263.0,0,13,0-13
2026-02-11 08:15:27.410822400+00:00,1674.0,0,13,0-13
2026-02-11 08:15:27.610822400+00:00,4649.0,0,13,0-13
2026-02-11 08:15:29.610822400+00:00,1679.0,0,13,0-13
2026-02-11 08:15:29.810822400+00:00,691.0,0,13,0-13
2026-02-11 08:15:30.010822656+00:00,476.0,0,13,0-13
2026-02-11 08:15:30.210822400+00:00,271.0,0,13,0-13
2026-02-11 08:15:30.410822400+00:00,65.3,0,13,0-13
2026-02-11 08:15:30.610822400+00:00,253.0,0,13,0-13
2026-02-11 08:15:31.410822400+00:00,4605.0,0,13,0-13
2026-02-11 08:15:32.210822400+00:00,628.0,0,13,0-13
2026-02-11 08:15:32.410822400+00:00,424.0,0,13,0-13
2026-02-11 08:15:32.610822400+00:00,225.0,0,13,0-13
2026-02-11 08:15:32.810822400+00:00,38.1,0,13,0-13
2026-02-11 08:15:33.010822656+00:00,61.8,0,13,0-13
2026-02-11 08:15:33.210822400+00:00,51.8,0,13,0-13
2026-02-11 08:15:33.410822400+00:00,78.2,0,13,0-13
2026-02-11 08:15:33.610822400+00:00,82.9,0,13,0-13
2026-02-11 08:15:33.810822400+00:00,76.8,0,13,0-13
2026-02-11 08:15:34.010822656+00:00,93.7,0,13,0-13
2026-02-11 08:15:34.210822400+00:00,112.0,0,13,0-13
2026-02-11 08:15:34.410822400+00:00,113.0,0,13,0-13
2026-02-11 08:15:34.610822400+00:00,124.0,0,13,0-13
2026-02-11 08:15:34.810822400+00:00,390.0,0,13,0-13
2026-02-11 08:15:36.410822400+00:00,3021.0,0,13,0-13
2026-02-11 08:15:36.610822400+00:00,2019.0,0,13,0-13
2026-02-11 08:15:36.810822400+00:00,1811.0,0,13,0-13
2026-02-11 08:15:37.010822656+00:00,1525.0,0,13,0-13
2026-02-11 08:15:37.210822400+00:00,1046.0,0,13,0-13
2026-02-11 08:15:37.410822400+00:00,806.0,0,13,0-13
2026-02-11 08:15:37.610822400+00:00,637.0,0,13,0-13
2026-02-11 08:15:37.810822400+00:00,432.0,0,13,0-13
2026-02-11 08:15:38.010822656+00:00,235.0,0,13,0-13
2026-02-11 08:15:38.210822400+00:00,119.0,0,13,0-13
2026-02-11 08:15:38.410822400+00:00,29.5,0,13,0-13
2026-02-11 08:15:38.610822400+00:00,256.0,0,13,0-13
2026-02-11 08:15:38.810822400+00:00,505.0,0,13,0-13
2026-02-11 08:15:39.010822656+00:00,685.0,0,13,0-13
2026-02-11 08:15:39.210822400+00:00,932.0,0,13,0-13
2026-02-11 08:15:39.410822400+00:00,1428.0,0,13,0-13
2026-02-11 08:15:40.210822400+00:00,3327.0,0,13,0-13
2026-02-11 08:15:40.410822400+00:00,3752.0,0,13,0-13
2026-02-11 08:15:41.210822400+00:00,1910.0,0,13,0-13
2026-02-11 08:15:41.410822400+00:00,1705.0,0,13,0-13
2026-02-11 08:15:41.610822400+00:00,1208.0,0,13,0-13
2026-02-11 08:15:41.810822400+00:00,1120.0,0,13,0-13
2026-02-11 08:15:42.010822656+00:00,940.0,0,13,0-13
2026-02-11 08:15:42.210822400+00:00,750.0,0,13,0-13
2026-02-11 08:15:42.410822400+00:00,611.0,0,13,0-13
2026-02-11 08:15:42.610822400+00:00,417.0,0,13,0-13
2026-02-11 08:15:42.810822400+00:00,283.0,0,13,0-13
2026-02-11 08:15:43.010822656+00:00,123.0,0,13,0-13
2026-02-11 08:15:43.210822400+00:00,146.0,0,13,0-13
2026-02-11 08:15:43.410822400+00:00,105.0,0,13,0-13
2026-02-11 08:15:43.610822400+00:00,117.0,0,13,0-13
2026-02-11 08:15:43.810822400+00:00,107.0,0,13,0-13
2026-02-11 08:15:44.010822656+00:00,515.0,0,13,0-13
2026-02-11 08:15:44.210822400+00:00,5472.0,0,13,0-13
2026-02-11 08:15:44.410822400+00:00,7125.0,0,13,0-13
2026-02-11 08:15:48.810822400+00:00,803.0,0,13,0-13
2026-02-11 08:15:49.010822656+00:00,598.0,0,13,0-13
2026-02-11 08:15:49.210822400+00:00,420.0,0,13,0-13
2026-02-11 08:15:49.410822400+00:00,203.0,0,13,0-13
2026-02-11 08:15:49.610822400+00:00,44.9,0,13,0-13
2026-02-11 08:15:49.810822400+00:00,286.0,0,13,0-13
2026-02-11 08:15:50.010822656+00:00,573.0,0,13,0-13
2026-02-11 08:15:50.210822400+00:00,927.0,0,13,0-13
2026-02-11 08:15:50.410822400+00:00,2048.0,0,13,0-13
2026-02-11 08:13:23.183015936+00:00,23.3,0,9,0-9
2026-02-11 08:13:23.383015936+00:00,19.9,0,9,0-9
2026-02-11 08:13:23.583015936+00:00,29.2,0,9,0-9
2026-02-11 08:13:23.783015680+00:00,20.8,0,9,0-9
2026-02-11 08:13:23.983015680+00:00,21.1,0,9,0-9
2026-02-11 08:13:24.183015936+00:00,28.4,0,9,0-9
2026-02-11 08:13:24.383015936+00:00,20.9,0,9,0-9
2026-02-11 08:13:24.583015936+00:00,23.7,0,9,0-9
2026-02-11 08:13:24.783015680+00:00,25.3,0,9,0-9
2026-02-11 08:13:24.983015680+00:00,23.6,0,9,0-9
2026-02-11 08:13:25.183015936+00:00,20.7,0,9,0-9
2026-02-11 08:13:25.383015936+00:00,20.5,0,9,0-9
2026-02-11 08:13:25.583015936+00:00,35.7,0,9,0-9
2026-02-11 08:13:25.783015680+00:00,20.4,0,9,0-9
2026-02-11 08:13:25.983015680+00:00,24.0,0,9,0-9
2026-02-11 08:13:26.183015936+00:00,26.2,0,9,0-9
2026-02-11 08:13:26.383015936+00:00,23.4,0,9,0-9
2026-02-11 08:13:26.583015936+00:00,22.6,0,9,0-9
2026-02-11 08:13:26.783015680+00:00,22.9,0,9,0-9
2026-02-11 08:13:26.983015680+00:00,23.9,0,9,0-9
2026-02-11 08:13:27.183015936+00:00,22.0,0,9,0-9
2026-02-11 08:13:27.383015936+00:00,20.5,0,9,0-9
2026-02-11 08:13:27.583015936+00:00,22.8,0,9,0-9
2026-02-11 08:13:27.783015680+00:00,20.4,0,9,0-9
2026-02-11 08:13:27.983015680+00:00,20.4,0,9,0-9
2026-02-11 08:13:28.183015936+00:00,22.0,0,9,0-9
2026-02-11 08:13:28.383015936+00:00,20.2,0,9,0-9
2026-02-11 08:13:28.583015936+00:00,21.7,0,9,0-9
2026-02-11 08:13:28.783015680+00:00,21.5,0,9,0-9
2026-02-11 08:13:28.983015680+00:00,24.0,0,9,0-9
2026-02-11 08:13:29.183015936+00:00,22.3,0,9,0-9
2026-02-11 08:13:29.383015936+00:00,26.7,0,9,0-9
2026-02-11 08:13:29.583015936+00:00,23.2,0,9,0-9
2026-02-11 08:13:29.783015680+00:00,25.8,0,9,0-9
2026-02-11 08:13:29.983015680+00:00,23.4,0,9,0-9
2026-02-11 08:13:30.183015936+00:00,23.9,0,9,0-9
2026-02-11 08:13:30.383015936+00:00,24.3,0,9,0-9
2026-02-11 08:13:30.583015936+00:00,22.6,0,9,0-9
2026-02-11 08:13:30.783015680+00:00,30.4,0,9,0-9
2026-02-11 08:13:30.983015680+00:00,20.5,0,9,0-9
2026-02-11 08:13:31.183015936+00:00,19.6,0,9,0-9
2026-02-11 08:13:31.383015936+00:00,21.2,0,9,0-9
2026-02-11 08:13:31.583015936+00:00,23.3,0,9,0-9
2026-02-11 08:13:31.783015680+00:00,28.9,0,9,0-9
2026-02-11 08:13:31.983015680+00:00,27.0,0,9,0-9
2026-02-11 08:13:32.183015936+00:00,20.6,0,9,0-9
2026-02-11 08:13:32.383015936+00:00,20.5,0,9,0-9
2026-02-11 08:13:32.583015936+00:00,19.5,0,9,0-9
2026-02-11 08:13:32.783015680+00:00,33.9,0,9,0-9
2026-02-11 08:13:32.983015680+00:00,28.2,0,9,0-9
2026-02-11 08:13:33.183015936+00:00,23.9,0,9,0-9
2026-02-11 08:13:33.383015936+00:00,23.4,0,9,0-9
2026-02-11 08:13:33.583015936+00:00,19.1,0,9,0-9
2026-02-11 08:13:33.783015680+00:00,22.3,0,9,0-9
2026-02-11 08:13:33.983015680+00:00,35.5,0,9,0-9
2026-02-11 08:13:34.183015936+00:00,29.0,0,9,0-9
2026-02-11 08:13:34.383015936+00:00,19.9,0,9,0-9
2026-02-11 08:13:34.583015936+00:00,21.4,0,9,0-9
2026-02-11 08:13:34.783015680+00:00,26.3,0,9,0-9
2026-02-11 08:13:34.983015680+00:00,22.4,0,9,0-9
2026-02-11 08:13:35.183015936+00:00,21.0,0,9,0-9
2026-02-11 08:13:35.383015936+00:00,30.1,0,9,0-9
2026-02-11 08:13:35.583015936+00:00,24.1,0,9,0-9
2026-02-11 08:13:35.783015680+00:00,26.3,0,9,0-9
2026-02-11 08:13:35.983015680+00:00,68.9,0,9,0-9
2026-02-11 08:13:36.183015936+00:00,86.9,0,9,0-9
2026-02-11 08:13:36.383015936+00:00,79.1,0,9,0-9
2026-02-11 08:13:36.583015936+00:00,67.0,0,9,0-9
2026-02-11 08:13:36.783015680+00:00,74.8,0,9,0-9
2026-02-11 08:13:36.983015680+00:00,71.8,0,9,0-9
2026-02-11 08:13:37.183015936+00:00,57.3,0,9,0-9
2026-02-11 08:13:37.383015936+00:00,55.3,0,9,0-9
2026-02-11 08:13:37.583015936+00:00,46.5,0,9,0-9
2026-02-11 08:13:37.783015680+00:00,36.5,0,9,0-9
2026-02-11 08:13:37.983015680+00:00,22.6,0,9,0-9
2026-02-11 08:13:38.183015936+00:00,33.8,0,9,0-9
2026-02-11 08:13:38.383015936+00:00,25.2,0,9,0-9
2026-02-11 08:13:38.583015936+00:00,53.2,0,9,0-9
2026-02-11 08:13:38.783015680+00:00,40.8,0,9,0-9
2026-02-11 08:13:38.983015680+00:00,29.7,0,9,0-9
2026-02-11 08:13:39.183015936+00:00,38.1,0,9,0-9
2026-02-11 08:13:39.383015936+00:00,43.4,0,9,0-9
2026-02-11 08:13:39.583015936+00:00,19.9,0,9,0-9
2026-02-11 08:13:39.783015680+00:00,19.3,0,9,0-9
2026-02-11 08:13:39.983015680+00:00,22.4,0,9,0-9
2026-02-11 08:13:40.183015936+00:00,23.9,0,9,0-9
2026-02-11 08:13:40.383015936+00:00,21.7,0,9,0-9
2026-02-11 08:13:40.583015936+00:00,26.4,0,9,0-9
2026-02-11 08:13:40.783015680+00:00,21.3,0,9,0-9
2026-02-11 08:13:40.983015680+00:00,39.7,0,9,0-9
2026-02-11 08:13:41.183015936+00:00,20.7,0,9,0-9
2026-02-11 08:13:41.383015936+00:00,18.9,0,9,0-9
2026-02-11 08:13:41.583015936+00:00,29.0,0,9,0-9
2026-02-11 08:13:41.783015680+00:00,27.9,0,9,0-9
2026-02-11 08:13:41.983015680+00:00,37.7,0,9,0-9
2026-02-11 08:13:42.183015936+00:00,21.1,0,9,0-9
2026-02-11 08:13:42.383015936+00:00,25.4,0,9,0-9
2026-02-11 08:13:42.583015936+00:00,26.7,0,9,0-9
2026-02-11 08:13:42.783015680+00:00,32.3,0,9,0-9
2026-02-11 08:13:42.983015680+00:00,26.6,0,9,0-9
2026-02-11 08:13:43.183015936+00:00,29.0,0,9,0-9
2026-02-11 08:13:43.383015936+00:00,25.7,0,9,0-9
2026-02-11 08:13:43.583015936+00:00,21.8,0,9,0-9
2026-02-11 08:13:43.783015680+00:00,22.9,0,9,0-9
2026-02-11 08:13:43.983015680+00:00,30.0,0,9,0-9
2026-02-11 08:13:44.183015936+00:00,29.4,0,9,0-9
2026-02-11 08:13:44.383015936+00:00,29.4,0,9,0-9
2026-02-11 08:13:44.583015936+00:00,32.3,0,9,0-9
2026-02-11 08:13:44.783015680+00:00,27.1,0,9,0-9
2026-02-11 08:13:44.983015680+00:00,35.5,0,9,0-9
2026-02-11 08:13:45.183015936+00:00,24.1,0,9,0-9
2026-02-11 08:13:45.383015936+00:00,28.9,0,9,0-9
2026-02-11 08:13:45.583015936+00:00,29.1,0,9,0-9
2026-02-11 08:13:45.783015680+00:00,34.6,0,9,0-9
2026-02-11 08:13:45.983015680+00:00,23.4,0,9,0-9
2026-02-11 08:13:46.183015936+00:00,36.4,0,9,0-9
2026-02-11 08:13:46.383015936+00:00,34.2,0,9,0-9
2026-02-11 08:13:46.583015936+00:00,26.3,0,9,0-9
2026-02-11 08:13:46.783015680+00:00,47.0,0,9,0-9
2026-02-11 08:13:46.983015680+00:00,21.8,0,9,0-9
2026-02-11 08:13:47.183015936+00:00,20.8,0,9,0-9
2026-02-11 08:13:47.383015936+00:00,33.8,0,9,0-9
2026-02-11 08:13:47.583015936+00:00,33.7,0,9,0-9
2026-02-11 08:13:47.783015680+00:00,19.9,0,9,0-9
2026-02-11 08:13:47.983015680+00:00,21.9,0,9,0-9
2026-02-11 08:13:48.183015936+00:00,19.8,0,9,0-9
2026-02-11 08:13:48.383015936+00:00,20.3,0,9,0-9
2026-02-11 08:13:48.583015936+00:00,26.3,0,9,0-9
2026-02-11 08:13:48.783015680+00:00,26.9,0,9,0-9
2026-02-11 08:13:48.983015680+00:00,24.8,0,9,0-9
2026-02-11 08:13:49.183015936+00:00,22.0,0,9,0-9
2026-02-11 08:13:49.383015936+00:00,24.0,0,9,0-9
2026-02-11 08:13:49.583015936+00:00,24.1,0,9,0-9
2026-02-11 08:13:49.783015680+00:00,30.6,0,9,0-9
2026-02-11 08:13:49.983015680+00:00,31.6,0,9,0-9
2026-02-11 08:13:50.183015936+00:00,31.4,0,9,0-9
2026-02-11 08:13:50.383015936+00:00,36.4,0,9,0-9
2026-02-11 08:13:50.583015936+00:00,28.4,0,9,0-9
2026-02-11 08:13:50.783015680+00:00,29.5,0,9,0-9
2026-02-11 08:13:50.983015680+00:00,33.9,0,9,0-9
2026-02-11 08:13:51.183015936+00:00,20.3,0,9,0-9
2026-02-11 08:13:51.383015936+00:00,33.3,0,9,0-9
2026-02-11 08:13:51.583015936+00:00,25.1,0,9,0-9
2026-02-11 08:13:51.783015680+00:00,20.9,0,9,0-9
2026-02-11 08:13:51.983015680+00:00,22.1,0,9,0-9
2026-02-11 08:13:52.183015936+00:00,28.9,0,9,0-9
2026-02-11 08:13:52.383015936+00:00,20.1,0,9,0-9
2026-02-11 08:13:52.583015936+00:00,23.5,0,9,0-9
2026-02-11 08:13:52.783015680+00:00,44.4,0,9,0-9
2026-02-11 08:13:52.983015680+00:00,35.2,0,9,0-9
2026-02-11 08:13:53.183015936+00:00,30.3,0,9,0-9
2026-02-11 08:13:53.383015936+00:00,34.8,0,9,0-9
2026-02-11 08:13:53.583015936+00:00,40.7,0,9,0-9
2026-02-11 08:13:53.783015680+00:00,39.3,0,9,0-9
2026-02-11 08:13:53.983015680+00:00,29.7,0,9,0-9
2026-02-11 08:13:54.183015936+00:00,20.2,0,9,0-9
2026-02-11 08:13:54.383015936+00:00,22.3,0,9,0-9
2026-02-11 08:13:54.583015936+00:00,23.2,0,9,0-9
2026-02-11 08:13:54.783015680+00:00,23.5,0,9,0-9
2026-02-11 08:13:54.983015680+00:00,22.7,0,9,0-9
2026-02-11 08:13:55.183015936+00:00,20.5,0,9,0-9
2026-02-11 08:13:55.383015936+00:00,20.6,0,9,0-9
2026-02-11 08:13:55.583015936+00:00,31.0,0,9,0-9
2026-02-11 08:13:55.783015680+00:00,45.0,0,9,0-9
2026-02-11 08:13:56.383015936+00:00,2088.0,0,9,0-9
2026-02-11 08:13:56.583015936+00:00,1172.0,0,9,0-9
2026-02-11 08:13:56.783015680+00:00,929.0,0,9,0-9
2026-02-11 08:13:56.983015680+00:00,702.0,0,9,0-9
2026-02-11 08:13:57.183015936+00:00,418.0,0,9,0-9
2026-02-11 08:13:57.383015936+00:00,217.0,0,9,0-9
2026-02-11 08:13:57.583015936+00:00,54.4,0,9,0-9
2026-02-11 08:13:57.783015680+00:00,89.3,0,9,0-9
2026-02-11 08:13:57.983015680+00:00,307.0,0,9,0-9
2026-02-11 08:13:58.183015936+00:00,510.0,0,9,0-9
2026-02-11 08:13:58.383015936+00:00,707.0,0,9,0-9
2026-02-11 08:13:58.583015936+00:00,913.0,0,9,0-9
2026-02-11 08:13:58.783015680+00:00,1119.0,0,9,0-9
2026-02-11 08:13:58.983015680+00:00,1313.0,0,9,0-9
2026-02-11 08:13:59.183015936+00:00,1516.0,0,9,0-9
2026-02-11 08:13:59.383015936+00:00,1721.0,0,9,0-9
2026-02-11 08:13:59.583015936+00:00,1908.0,0,9,0-9
2026-02-11 08:13:59.783015680+00:00,2120.0,0,9,0-9
2026-02-11 08:13:59.983015680+00:00,2309.0,0,9,0-9
2026-02-11 08:14:00.183015936+00:00,2490.0,0,9,0-9
2026-02-11 08:14:00.583015936+00:00,2882.0,0,9,0-9
2026-02-11 08:14:00.783015680+00:00,2973.0,0,9,0-9
2026-02-11 08:14:00.983015680+00:00,3098.0,0,9,0-9
2026-02-11 08:14:01.183015936+00:00,3206.0,0,9,0-9
2026-02-11 08:14:01.383015936+00:00,3331.0,0,9,0-9
2026-02-11 08:14:01.583015936+00:00,3511.0,0,9,0-9
2026-02-11 08:14:01.983015680+00:00,3759.0,0,9,0-9
2026-02-11 08:14:02.183015936+00:00,3905.0,0,9,0-9
2026-02-11 08:14:02.383015936+00:00,4031.0,0,9,0-9
2026-02-11 08:14:02.583015936+00:00,4077.0,0,9,0-9
2026-02-11 08:14:02.783015680+00:00,4148.0,0,9,0-9
2026-02-11 08:14:03.183015936+00:00,4234.0,0,9,0-9
2026-02-11 08:14:03.583015936+00:00,4346.0,0,9,0-9
2026-02-11 08:14:03.983015680+00:00,4480.0,0,9,0-9
2026-02-11 08:14:04.583015936+00:00,4636.0,0,9,0-9
2026-02-11 08:14:04.983015680+00:00,4723.0,0,9,0-9
2026-02-11 08:14:05.183015936+00:00,4786.0,0,9,0-9
2026-02-11 08:14:05.583015936+00:00,4892.0,0,9,0-9
2026-02-11 08:14:05.983015680+00:00,5065.0,0,9,0-9
2026-02-11 08:14:06.383015936+00:00,5152.0,0,9,0-9
2026-02-11 08:14:06.583015936+00:00,5224.0,0,9,0-9
2026-02-11 08:14:06.983015680+00:00,5317.0,0,9,0-9
2026-02-11 08:14:07.383015936+00:00,5464.0,0,9,0-9
2026-02-11 08:14:07.583015936+00:00,5497.0,0,9,0-9
2026-02-11 08:14:07.783015680+00:00,5479.0,0,9,0-9
2026-02-11 08:14:08.183015936+00:00,5548.0,0,9,0-9
2026-02-11 08:14:08.383015936+00:00,5668.0,0,9,0-9
2026-02-11 08:14:08.583015936+00:00,5674.0,0,9,0-9
2026-02-11 08:14:08.783015680+00:00,5697.0,0,9,0-9
2026-02-11 08:14:09.583015936+00:00,5851.0,0,9,0-9
2026-02-11 08:14:10.383015936+00:00,5965.0,0,9,0-9
2026-02-11 08:14:10.783015680+00:00,5989.0,0,9,0-9
2026-02-11 08:14:10.983015680+00:00,6023.0,0,9,0-9
2026-02-11 08:14:11.183015936+00:00,6021.0,0,9,0-9
2026-02-11 08:14:11.583015936+00:00,6091.0,0,9,0-9
2026-02-11 08:14:11.983015680+00:00,6160.0,0,9,0-9
2026-02-11 08:14:12.583015936+00:00,6208.0,0,9,0-9
2026-02-11 08:14:12.983015680+00:00,6266.0,0,9,0-9
2026-02-11 08:14:13.183015936+00:00,6252.0,0,9,0-9
2026-02-11 08:14:13.583015936+00:00,6289.0,0,9,0-9
2026-02-11 08:14:13.783015680+00:00,6354.0,0,9,0-9
2026-02-11 08:14:13.983015680+00:00,6361.0,0,9,0-9
2026-02-11 08:14:14.383015936+00:00,6396.0,0,9,0-9
2026-02-11 08:14:14.783015680+00:00,6429.0,0,9,0-9
2026-02-11 08:14:14.983015680+00:00,7785.0,0,9,0-9
2026-02-11 08:14:15.983015680+00:00,6828.0,0,9,0-9
2026-02-11 08:14:19.383015936+00:00,5684.0,0,9,0-9
2026-02-11 08:14:19.783015680+00:00,5532.0,0,9,0-9
2026-02-11 08:14:24.183015936+00:00,725.0,0,9,0-9
2026-02-11 08:14:24.383015936+00:00,524.0,0,9,0-9
2026-02-11 08:14:24.583015936+00:00,299.0,0,9,0-9
2026-02-11 08:14:24.783015680+00:00,92.0,0,9,0-9
2026-02-11 08:14:24.983015680+00:00,19.5,0,9,0-9
2026-02-11 08:14:25.183015936+00:00,24.2,0,9,0-9
2026-02-11 08:14:25.383015936+00:00,19.8,0,9,0-9
2026-02-11 08:14:25.583015936+00:00,25.0,0,9,0-9
2026-02-11 08:14:25.783015680+00:00,19.9,0,9,0-9
2026-02-11 08:14:25.983015680+00:00,19.3,0,9,0-9
2026-02-11 08:14:26.183015936+00:00,19.9,0,9,0-9
2026-02-11 08:14:26.383015936+00:00,19.4,0,9,0-9
2026-02-11 08:14:26.583015936+00:00,23.6,0,9,0-9
2026-02-11 08:14:26.783015680+00:00,21.5,0,9,0-9
2026-02-11 08:14:26.983015680+00:00,20.0,0,9,0-9
2026-02-11 08:14:27.183015936+00:00,19.6,0,9,0-9
2026-02-11 08:14:27.383015936+00:00,607.0,0,9,0-9
2026-02-11 08:14:27.583015936+00:00,1181.0,0,9,0-9
2026-02-11 08:14:27.783015680+00:00,1564.0,0,9,0-9
2026-02-11 08:14:27.983015680+00:00,9294.0,0,9,0-9
2026-02-11 08:14:28.583015936+00:00,16167.0,0,9,0-9
2026-02-11 08:14:30.583015936+00:00,10710.0,0,9,0-9
2026-02-11 08:14:30.783015680+00:00,10026.0,0,9,0-9
2026-02-11 08:14:30.983015680+00:00,9840.0,0,9,0-9
2026-02-11 08:14:31.183015936+00:00,9036.0,0,9,0-9
2026-02-11 08:14:31.383015936+00:00,7111.0,0,9,0-9
2026-02-11 08:14:31.583015936+00:00,6149.0,0,9,0-9
2026-02-11 08:14:31.783015680+00:00,5999.0,0,9,0-9
2026-02-11 08:14:31.983015680+00:00,5003.0,0,9,0-9
2026-02-11 08:14:32.583015936+00:00,2463.0,0,9,0-9
2026-02-11 08:14:32.783015680+00:00,1456.0,0,9,0-9
2026-02-11 08:14:32.983015680+00:00,555.0,0,9,0-9
2026-02-11 08:14:33.183015936+00:00,353.0,0,9,0-9
2026-02-11 08:14:33.383015936+00:00,134.0,0,9,0-9
2026-02-11 08:14:33.583015936+00:00,21.7,0,9,0-9
2026-02-11 08:14:33.783015680+00:00,20.5,0,9,0-9
2026-02-11 08:14:33.983015680+00:00,19.3,0,9,0-9
2026-02-11 08:14:34.183015936+00:00,20.6,0,9,0-9
2026-02-11 08:14:34.383015936+00:00,21.7,0,9,0-9
2026-02-11 08:14:34.583015936+00:00,19.6,0,9,0-9
2026-02-11 08:14:34.783015680+00:00,21.3,0,9,0-9
2026-02-11 08:14:34.983015680+00:00,21.6,0,9,0-9
2026-02-11 08:14:35.183015936+00:00,19.3,0,9,0-9
2026-02-11 08:14:35.383015936+00:00,25.0,0,9,0-9
2026-02-11 08:14:35.583015936+00:00,22.0,0,9,0-9
2026-02-11 08:14:35.783015680+00:00,20.6,0,9,0-9
2026-02-11 08:14:35.983015680+00:00,29.9,0,9,0-9
2026-02-11 08:14:36.183015936+00:00,19.2,0,9,0-9
2026-02-11 08:14:36.383015936+00:00,25.1,0,9,0-9
2026-02-11 08:14:36.583015936+00:00,29.6,0,9,0-9
2026-02-11 08:14:36.783015680+00:00,403.0,0,9,0-9
2026-02-11 08:14:36.983015680+00:00,388.0,0,9,0-9
2026-02-11 08:14:37.383015936+00:00,8030.0,0,9,0-9
2026-02-11 08:14:37.783015680+00:00,7070.0,0,9,0-9
2026-02-11 08:14:37.983015680+00:00,6081.0,0,9,0-9
2026-02-11 08:14:38.183015936+00:00,5075.0,0,9,0-9
2026-02-11 08:14:38.383015936+00:00,4082.0,0,9,0-9
2026-02-11 08:14:38.583015936+00:00,3076.0,0,9,0-9
2026-02-11 08:14:38.783015680+00:00,2100.0,0,9,0-9
2026-02-11 08:14:38.983015680+00:00,1934.0,0,9,0-9
2026-02-11 08:14:39.183015936+00:00,1138.0,0,9,0-9
2026-02-11 08:14:39.383015936+00:00,139.0,0,9,0-9
2026-02-11 08:14:39.583015936+00:00,748.0,0,9,0-9
2026-02-11 08:14:39.783015680+00:00,1131.0,0,9,0-9
2026-02-11 08:14:39.983015680+00:00,1011.0,0,9,0-9
2026-02-11 08:14:40.183015936+00:00,791.0,0,9,0-9
2026-02-11 08:14:40.383015936+00:00,1335.0,0,9,0-9
2026-02-11 08:14:40.583015936+00:00,967.0,0,9,0-9
2026-02-11 08:14:40.783015680+00:00,811.0,0,9,0-9
2026-02-11 08:14:40.983015680+00:00,1167.0,0,9,0-9
2026-02-11 08:14:41.183015936+00:00,956.0,0,9,0-9
2026-02-11 08:14:41.383015936+00:00,834.0,0,9,0-9
2026-02-11 08:14:41.583015936+00:00,1240.0,0,9,0-9
2026-02-11 08:14:41.783015680+00:00,1114.0,0,9,0-9
2026-02-11 08:14:41.983015680+00:00,994.0,0,9,0-9
2026-02-11 08:14:42.183015936+00:00,1325.0,0,9,0-9
2026-02-11 08:14:42.383015936+00:00,1496.0,0,9,0-9
2026-02-11 08:14:42.783015680+00:00,1471.0,0,9,0-9
2026-02-11 08:14:42.983015680+00:00,1103.0,0,9,0-9
2026-02-11 08:14:43.183015936+00:00,1016.0,0,9,0-9
2026-02-11 08:14:43.383015936+00:00,815.0,0,9,0-9
2026-02-11 08:14:43.583015936+00:00,746.0,0,9,0-9
2026-02-11 08:14:43.783015680+00:00,1122.0,0,9,0-9
2026-02-11 08:14:44.983015680+00:00,2486.0,0,9,0-9
2026-02-11 08:14:45.183015936+00:00,1511.0,0,9,0-9
2026-02-11 08:14:45.383015936+00:00,435.0,0,9,0-9
2026-02-11 08:14:45.583015936+00:00,234.0,0,9,0-9
2026-02-11 08:14:45.783015680+00:00,50.5,0,9,0-9
2026-02-11 08:14:47.783015680+00:00,1037.0,0,9,0-9
2026-02-11 08:14:47.983015680+00:00,831.0,0,9,0-9
2026-02-11 08:14:48.183015936+00:00,630.0,0,9,0-9
2026-02-11 08:14:48.383015936+00:00,29.6,0,9,0-9
2026-02-11 08:14:49.383015936+00:00,1398.0,0,9,0-9
2026-02-11 08:14:49.583015936+00:00,864.0,0,9,0-9
2026-02-11 08:14:49.783015680+00:00,463.0,0,9,0-9
2026-02-11 08:14:49.983015680+00:00,275.0,0,9,0-9
2026-02-11 08:14:50.183015936+00:00,85.3,0,9,0-9
2026-02-11 08:14:50.383015936+00:00,56.0,0,9,0-9
2026-02-11 08:14:51.583015936+00:00,583.0,0,9,0-9
2026-02-11 08:14:51.783015680+00:00,394.0,0,9,0-9
2026-02-11 08:14:51.983015680+00:00,191.0,0,9,0-9
2026-02-11 08:14:52.183015936+00:00,24.0,0,9,0-9
2026-02-11 08:14:52.383015936+00:00,19.4,0,9,0-9
2026-02-11 08:14:52.583015936+00:00,25.0,0,9,0-9
2026-02-11 08:14:52.783015680+00:00,20.4,0,9,0-9
2026-02-11 08:14:52.983015680+00:00,22.7,0,9,0-9
2026-02-11 08:14:53.183015936+00:00,24.1,0,9,0-9
2026-02-11 08:14:53.383015936+00:00,23.2,0,9,0-9
2026-02-11 08:14:53.583015936+00:00,21.1,0,9,0-9
2026-02-11 08:14:53.783015680+00:00,20.4,0,9,0-9
2026-02-11 08:14:53.983015680+00:00,23.3,0,9,0-9
2026-02-11 08:14:54.183015936+00:00,20.4,0,9,0-9
2026-02-11 08:14:54.383015936+00:00,45.0,0,9,0-9
2026-02-11 08:14:54.583015936+00:00,22.9,0,9,0-9
2026-02-11 08:14:54.783015680+00:00,24.9,0,9,0-9
2026-02-11 08:14:54.983015680+00:00,54.0,0,9,0-9
2026-02-11 08:14:55.183015936+00:00,44.1,0,9,0-9
2026-02-11 08:14:55.383015936+00:00,38.8,0,9,0-9
2026-02-11 08:14:55.583015936+00:00,33.5,0,9,0-9
2026-02-11 08:14:55.783015680+00:00,149.0,0,9,0-9
2026-02-11 08:14:55.983015680+00:00,21.0,0,9,0-9
2026-02-11 08:14:56.183015936+00:00,20.5,0,9,0-9
2026-02-11 08:14:56.383015936+00:00,23.2,0,9,0-9
2026-02-11 08:14:56.583015936+00:00,27.3,0,9,0-9
2026-02-11 08:14:56.783015680+00:00,19.3,0,9,0-9
2026-02-11 08:14:56.983015680+00:00,21.2,0,9,0-9
2026-02-11 08:14:57.183015936+00:00,21.0,0,9,0-9
2026-02-11 08:14:57.383015936+00:00,22.3,0,9,0-9
2026-02-11 08:14:57.583015936+00:00,27.6,0,9,0-9
2026-02-11 08:14:57.783015680+00:00,19.7,0,9,0-9
2026-02-11 08:14:57.983015680+00:00,19.9,0,9,0-9
2026-02-11 08:14:58.183015936+00:00,1520.0,0,9,0-9
2026-02-11 08:14:58.383015936+00:00,1141.0,0,9,0-9
2026-02-11 08:14:58.583015936+00:00,930.0,0,9,0-9
2026-02-11 08:14:58.783015680+00:00,725.0,0,9,0-9
2026-02-11 08:14:58.983015680+00:00,321.0,0,9,0-9
2026-02-11 08:14:59.183015936+00:00,131.0,0,9,0-9
2026-02-11 08:14:59.383015936+00:00,88.2,0,9,0-9
2026-02-11 08:14:59.583015936+00:00,59.5,0,9,0-9
2026-02-11 08:15:00.583015936+00:00,1554.0,0,9,0-9
2026-02-11 08:15:00.783015680+00:00,1503.0,0,9,0-9
2026-02-11 08:15:00.983015680+00:00,1826.0,0,9,0-9
2026-02-11 08:15:01.183015936+00:00,1697.0,0,9,0-9
2026-02-11 08:15:01.383015936+00:00,1606.0,0,9,0-9
2026-02-11 08:15:01.783015680+00:00,1183.0,0,9,0-9
2026-02-11 08:15:01.983015680+00:00,1016.0,0,9,0-9
2026-02-11 08:15:02.183015936+00:00,754.0,0,9,0-9
2026-02-11 08:15:02.383015936+00:00,525.0,0,9,0-9
2026-02-11 08:15:02.583015936+00:00,321.0,0,9,0-9
2026-02-11 08:15:02.783015680+00:00,136.0,0,9,0-9
2026-02-11 08:15:02.983015680+00:00,66.8,0,9,0-9
2026-02-11 08:15:03.983015680+00:00,2622.0,0,9,0-9
2026-02-11 08:15:04.183015936+00:00,1563.0,0,9,0-9
2026-02-11 08:15:04.383015936+00:00,638.0,0,9,0-9
2026-02-11 08:15:04.583015936+00:00,437.0,0,9,0-9
2026-02-11 08:15:04.783015680+00:00,196.0,0,9,0-9
2026-02-11 08:15:04.983015680+00:00,28.0,0,9,0-9
2026-02-11 08:15:05.183015936+00:00,168.0,0,9,0-9
2026-02-11 08:15:05.383015936+00:00,131.0,0,9,0-9
2026-02-11 08:15:05.583015936+00:00,119.0,0,9,0-9
2026-02-11 08:15:05.783015680+00:00,154.0,0,9,0-9
2026-02-11 08:15:05.983015680+00:00,209.0,0,9,0-9
2026-02-11 08:15:06.183015936+00:00,257.0,0,9,0-9
2026-02-11 08:15:06.383015936+00:00,292.0,0,9,0-9
2026-02-11 08:15:06.583015936+00:00,328.0,0,9,0-9
2026-02-11 08:15:06.783015680+00:00,341.0,0,9,0-9
2026-02-11 08:15:06.983015680+00:00,416.0,0,9,0-9
2026-02-11 08:15:07.183015936+00:00,498.0,0,9,0-9
2026-02-11 08:15:08.583015936+00:00,2567.0,0,9,0-9
2026-02-11 08:15:08.783015680+00:00,2502.0,0,9,0-9
2026-02-11 08:15:09.383015936+00:00,4327.0,0,9,0-9
2026-02-11 08:15:10.583015936+00:00,639.0,0,9,0-9
2026-02-11 08:15:10.783015680+00:00,429.0,0,9,0-9
2026-02-11 08:15:10.983015680+00:00,226.0,0,9,0-9
2026-02-11 08:15:11.183015936+00:00,25.7,0,9,0-9
2026-02-11 08:15:11.383015936+00:00,54.2,0,9,0-9
2026-02-11 08:15:11.583015936+00:00,24.4,0,9,0-9
2026-02-11 08:15:11.783015680+00:00,28.3,0,9,0-9
2026-02-11 08:15:11.983015680+00:00,1027.0,0,9,0-9
2026-02-11 08:15:14.383015936+00:00,3796.0,0,9,0-9
2026-02-11 08:15:15.183015936+00:00,1266.0,0,9,0-9
2026-02-11 08:15:15.383015936+00:00,1047.0,0,9,0-9
2026-02-11 08:15:15.583015936+00:00,715.0,0,9,0-9
2026-02-11 08:15:15.783015680+00:00,578.0,0,9,0-9
2026-02-11 08:15:15.983015680+00:00,387.0,0,9,0-9
2026-02-11 08:15:16.183015936+00:00,251.0,0,9,0-9
2026-02-11 08:15:16.383015936+00:00,117.0,0,9,0-9
2026-02-11 08:15:16.583015936+00:00,1515.0,0,9,0-9
2026-02-11 08:15:16.783015680+00:00,4174.0,0,9,0-9
2026-02-11 08:15:16.983015680+00:00,3045.0,0,9,0-9
2026-02-11 08:15:17.183015936+00:00,2865.0,0,9,0-9
2026-02-11 08:15:17.383015936+00:00,2669.0,0,9,0-9
2026-02-11 08:15:17.583015936+00:00,2297.0,0,9,0-9
2026-02-11 08:15:17.783015680+00:00,1307.0,0,9,0-9
2026-02-11 08:15:17.983015680+00:00,1149.0,0,9,0-9
2026-02-11 08:15:18.183015936+00:00,373.0,0,9,0-9
2026-02-11 08:15:18.383015936+00:00,424.0,0,9,0-9
2026-02-11 08:15:18.583015936+00:00,574.0,0,9,0-9
2026-02-11 08:15:18.783015680+00:00,6166.0,0,9,0-9
2026-02-11 08:15:18.983015680+00:00,6050.0,0,9,0-9
2026-02-11 08:15:19.183015936+00:00,6016.0,0,9,0-9
2026-02-11 08:15:20.783015680+00:00,6765.0,0,9,0-9
2026-02-11 08:15:20.983015680+00:00,5907.0,0,9,0-9
2026-02-11 08:15:21.383015936+00:00,3908.0,0,9,0-9
2026-02-11 08:15:21.583015936+00:00,3028.0,0,9,0-9
2026-02-11 08:15:21.783015680+00:00,2716.0,0,9,0-9
2026-02-11 08:15:21.983015680+00:00,1977.0,0,9,0-9
2026-02-11 08:15:22.183015936+00:00,991.0,0,9,0-9
2026-02-11 08:15:22.383015936+00:00,749.0,0,9,0-9
2026-02-11 08:15:22.583015936+00:00,466.0,0,9,0-9
2026-02-11 08:15:22.783015680+00:00,213.0,0,9,0-9
2026-02-11 08:15:22.983015680+00:00,29.5,0,9,0-9
2026-02-11 08:15:23.183015936+00:00,25.5,0,9,0-9
2026-02-11 08:15:23.383015936+00:00,30.7,0,9,0-9
2026-02-11 08:15:23.583015936+00:00,24.1,0,9,0-9
2026-02-11 08:15:23.783015680+00:00,30.4,0,9,0-9
2026-02-11 08:15:23.983015680+00:00,23.7,0,9,0-9
2026-02-11 08:15:24.183015936+00:00,22.9,0,9,0-9
2026-02-11 08:15:24.383015936+00:00,24.9,0,9,0-9
2026-02-11 08:15:24.583015936+00:00,28.6,0,9,0-9
2026-02-11 08:15:24.783015680+00:00,42.0,0,9,0-9
2026-02-11 08:15:24.983015680+00:00,20.2,0,9,0-9
2026-02-11 08:15:25.183015936+00:00,5349.0,0,9,0-9
2026-02-11 08:15:25.383015936+00:00,3386.0,0,9,0-9
2026-02-11 08:15:25.583015936+00:00,1382.0,0,9,0-9
2026-02-11 08:15:25.783015680+00:00,381.0,0,9,0-9
2026-02-11 08:15:25.983015680+00:00,210.0,0,9,0-9
2026-02-11 08:15:26.183015936+00:00,78.0,0,9,0-9
2026-02-11 08:15:26.383015936+00:00,78.5,0,9,0-9
2026-02-11 08:15:26.583015936+00:00,60.7,0,9,0-9
2026-02-11 08:15:26.783015680+00:00,106.0,0,9,0-9
2026-02-11 08:15:26.983015680+00:00,1987.0,0,9,0-9
2026-02-11 08:15:27.183015936+00:00,1377.0,0,9,0-9
2026-02-11 08:15:27.383015936+00:00,377.0,0,9,0-9
2026-02-11 08:15:27.583015936+00:00,177.0,0,9,0-9
2026-02-11 08:15:27.783015680+00:00,1182.0,0,9,0-9
2026-02-11 08:15:27.983015680+00:00,1305.0,0,9,0-9
2026-02-11 08:15:28.183015936+00:00,1162.0,0,9,0-9
2026-02-11 08:15:28.383015936+00:00,1192.0,0,9,0-9
2026-02-11 08:15:28.583015936+00:00,1349.0,0,9,0-9
2026-02-11 08:15:28.783015680+00:00,1160.0,0,9,0-9
2026-02-11 08:15:30.383015936+00:00,1676.0,0,9,0-9
2026-02-11 08:15:30.583015936+00:00,681.0,0,9,0-9
2026-02-11 08:15:30.783015680+00:00,475.0,0,9,0-9
2026-02-11 08:15:30.983015680+00:00,159.0,0,9,0-9
2026-02-11 08:15:31.183015936+00:00,22.3,0,9,0-9
2026-02-11 08:15:32.983015680+00:00,460.0,0,9,0-9
2026-02-11 08:15:33.183015936+00:00,241.0,0,9,0-9
2026-02-11 08:15:33.383015936+00:00,43.8,0,9,0-9
2026-02-11 08:15:33.583015936+00:00,23.6,0,9,0-9
2026-02-11 08:15:33.783015680+00:00,21.1,0,9,0-9
2026-02-11 08:15:33.983015680+00:00,19.0,0,9,0-9
2026-02-11 08:15:34.183015936+00:00,20.1,0,9,0-9
2026-02-11 08:15:34.383015936+00:00,19.1,0,9,0-9
2026-02-11 08:15:34.583015936+00:00,23.0,0,9,0-9
2026-02-11 08:15:34.783015680+00:00,25.2,0,9,0-9
2026-02-11 08:15:34.983015680+00:00,22.2,0,9,0-9
2026-02-11 08:15:35.183015936+00:00,18.9,0,9,0-9
2026-02-11 08:15:35.383015936+00:00,26.8,0,9,0-9
2026-02-11 08:15:35.583015936+00:00,28.6,0,9,0-9
2026-02-11 08:15:37.183015936+00:00,1771.0,0,9,0-9
2026-02-11 08:15:37.383015936+00:00,1568.0,0,9,0-9
2026-02-11 08:15:37.583015936+00:00,1283.0,0,9,0-9
2026-02-11 08:15:37.783015680+00:00,841.0,0,9,0-9
2026-02-11 08:15:37.983015680+00:00,608.0,0,9,0-9
2026-02-11 08:15:38.183015936+00:00,484.0,0,9,0-9
2026-02-11 08:15:38.383015936+00:00,282.0,0,9,0-9
2026-02-11 08:15:38.583015936+00:00,134.0,0,9,0-9
2026-02-11 08:15:38.783015680+00:00,27.8,0,9,0-9
2026-02-11 08:15:38.983015680+00:00,28.2,0,9,0-9
2026-02-11 08:15:39.183015936+00:00,20.6,0,9,0-9
2026-02-11 08:15:39.383015936+00:00,20.6,0,9,0-9
2026-02-11 08:15:39.583015936+00:00,20.0,0,9,0-9
2026-02-11 08:15:39.783015680+00:00,24.4,0,9,0-9
2026-02-11 08:15:39.983015680+00:00,22.1,0,9,0-9
2026-02-11 08:15:40.183015936+00:00,20.4,0,9,0-9
2026-02-11 08:15:40.383015936+00:00,20.7,0,9,0-9
2026-02-11 08:15:40.583015936+00:00,25.6,0,9,0-9
2026-02-11 08:15:40.783015680+00:00,19.0,0,9,0-9
2026-02-11 08:15:40.983015680+00:00,22.2,0,9,0-9
2026-02-11 08:15:41.183015936+00:00,429.0,0,9,0-9
2026-02-11 08:15:41.783015680+00:00,545.0,0,9,0-9
2026-02-11 08:15:41.983015680+00:00,369.0,0,9,0-9
2026-02-11 08:15:42.183015936+00:00,149.0,0,9,0-9
2026-02-11 08:15:42.383015936+00:00,466.0,0,9,0-9
2026-02-11 08:15:42.583015936+00:00,339.0,0,9,0-9
2026-02-11 08:15:42.783015680+00:00,187.0,0,9,0-9
2026-02-11 08:15:42.983015680+00:00,608.0,0,9,0-9
2026-02-11 08:15:43.183015936+00:00,1129.0,0,9,0-9
2026-02-11 08:15:43.383015936+00:00,1315.0,0,9,0-9
2026-02-11 08:15:43.583015936+00:00,3778.0,0,9,0-9
2026-02-11 08:15:44.383015936+00:00,9537.0,0,9,0-9
2026-02-11 08:15:49.183015936+00:00,2253.0,0,9,0-9
2026-02-11 08:15:49.383015936+00:00,1740.0,0,9,0-9
2026-02-11 08:15:49.783015680+00:00,760.0,0,9,0-9
2026-02-11 08:15:49.983015680+00:00,577.0,0,9,0-9
2026-02-11 08:15:50.183015936+00:00,410.0,0,9,0-9
2026-02-11 08:15:50.383015936+00:00,166.0,0,9,0-9
2026-02-11 08:15:50.583015936+00:00,28.8,0,9,0-9
2026-02-11 08:15:50.783015680+00:00,30.5,0,9,0-9
2026-02-11 08:15:50.983015680+00:00,24.7,0,9,0-9
2026-02-11 08:15:51.183015936+00:00,24.8,0,9,0-9
2026-02-11 08:15:51.383015936+00:00,23.1,0,9,0-9
2026-02-11 08:15:51.583015936+00:00,25.8,0,9,0-9
2026-02-11 08:15:51.783015680+00:00,19.7,0,9,0-9
2026-02-11 08:15:51.983015680+00:00,29.6,0,9,0-9
2026-02-11 08:15:52.183015936+00:00,529.0,0,9,0-9
2026-02-11 08:15:52.383015936+00:00,1016.0,0,9,0-9
2026-02-11 08:15:52.583015936+00:00,1325.0,0,9,0-9
2026-02-11 08:15:52.783015680+00:00,1448.0,0,9,0-9
2026-02-11 08:13:23.827072+00:00,24.4,1,10,1-10
2026-02-11 08:13:24.027072+00:00,39.1,1,10,1-10
2026-02-11 08:13:24.227072+00:00,24.7,1,10,1-10
2026-02-11 08:13:24.427071744+00:00,30.3,1,10,1-10
2026-02-11 08:13:24.627071744+00:00,36.0,1,10,1-10
2026-02-11 08:13:24.827072+00:00,22.9,1,10,1-10
2026-02-11 08:13:25.027072+00:00,26.1,1,10,1-10
2026-02-11 08:13:25.227072+00:00,32.5,1,10,1-10
2026-02-11 08:13:25.427071744+00:00,30.8,1,10,1-10
2026-02-11 08:13:25.627071744+00:00,30.2,1,10,1-10
2026-02-11 08:13:25.827072+00:00,31.3,1,10,1-10
2026-02-11 08:13:26.027072+00:00,30.0,1,10,1-10
2026-02-11 08:13:26.227072+00:00,28.8,1,10,1-10
2026-02-11 08:13:26.427071744+00:00,23.2,1,10,1-10
2026-02-11 08:13:26.627071744+00:00,33.2,1,10,1-10
2026-02-11 08:13:26.827072+00:00,35.1,1,10,1-10
2026-02-11 08:13:27.027072+00:00,23.6,1,10,1-10
2026-02-11 08:13:27.227072+00:00,23.4,1,10,1-10
2026-02-11 08:13:27.427071744+00:00,26.4,1,10,1-10
2026-02-11 08:13:27.627071744+00:00,24.5,1,10,1-10
2026-02-11 08:13:27.827072+00:00,24.4,1,10,1-10
2026-02-11 08:13:28.027072+00:00,22.6,1,10,1-10
2026-02-11 08:13:28.227072+00:00,24.5,1,10,1-10
2026-02-11 08:13:28.427071744+00:00,36.5,1,10,1-10
2026-02-11 08:13:28.627071744+00:00,24.2,1,10,1-10
2026-02-11 08:13:28.827072+00:00,30.8,1,10,1-10
2026-02-11 08:13:29.027072+00:00,32.9,1,10,1-10
2026-02-11 08:13:29.227072+00:00,24.3,1,10,1-10
2026-02-11 08:13:29.427071744+00:00,30.1,1,10,1-10
2026-02-11 08:13:29.627071744+00:00,24.7,1,10,1-10
2026-02-11 08:13:29.827072+00:00,28.6,1,10,1-10
2026-02-11 08:13:30.027072+00:00,34.1,1,10,1-10
2026-02-11 08:13:30.227072+00:00,28.5,1,10,1-10
2026-02-11 08:13:30.427071744+00:00,25.0,1,10,1-10
2026-02-11 08:13:30.627071744+00:00,23.1,1,10,1-10
2026-02-11 08:13:30.827072+00:00,26.2,1,10,1-10
2026-02-11 08:13:31.027072+00:00,23.3,1,10,1-10
2026-02-11 08:13:31.227072+00:00,28.9,1,10,1-10
2026-02-11 08:13:31.427071744+00:00,25.8,1,10,1-10
2026-02-11 08:13:31.627071744+00:00,36.3,1,10,1-10
2026-02-11 08:13:31.827072+00:00,24.7,1,10,1-10
2026-02-11 08:13:32.027072+00:00,22.2,1,10,1-10
2026-02-11 08:13:32.227072+00:00,29.4,1,10,1-10
2026-02-11 08:13:32.427071744+00:00,23.4,1,10,1-10
2026-02-11 08:13:32.627071744+00:00,24.8,1,10,1-10
2026-02-11 08:13:32.827072+00:00,27.5,1,10,1-10
2026-02-11 08:13:33.027072+00:00,35.4,1,10,1-10
2026-02-11 08:13:33.227072+00:00,23.8,1,10,1-10
2026-02-11 08:13:33.427071744+00:00,28.5,1,10,1-10
2026-02-11 08:13:33.627071744+00:00,24.3,1,10,1-10
2026-02-11 08:13:33.827072+00:00,27.5,1,10,1-10
2026-02-11 08:13:34.027072+00:00,33.3,1,10,1-10
2026-02-11 08:13:34.227072+00:00,33.3,1,10,1-10
2026-02-11 08:13:34.427071744+00:00,23.6,1,10,1-10
2026-02-11 08:13:34.627071744+00:00,25.6,1,10,1-10
2026-02-11 08:13:34.827072+00:00,29.6,1,10,1-10
2026-02-11 08:13:35.027072+00:00,26.1,1,10,1-10
2026-02-11 08:13:35.227072+00:00,27.6,1,10,1-10
2026-02-11 08:13:35.427071744+00:00,34.4,1,10,1-10
2026-02-11 08:13:35.627071744+00:00,24.4,1,10,1-10
2026-02-11 08:13:35.827072+00:00,49.2,1,10,1-10
2026-02-11 08:13:36.027072+00:00,49.0,1,10,1-10
2026-02-11 08:13:36.227072+00:00,23.4,1,10,1-10
2026-02-11 08:13:36.427071744+00:00,32.7,1,10,1-10
2026-02-11 08:13:36.627071744+00:00,23.6,1,10,1-10
2026-02-11 08:13:36.827072+00:00,30.6,1,10,1-10
2026-02-11 08:13:37.027072+00:00,23.0,1,10,1-10
2026-02-11 08:13:37.227072+00:00,24.0,1,10,1-10
2026-02-11 08:13:37.427071744+00:00,25.5,1,10,1-10
2026-02-11 08:13:37.627071744+00:00,25.9,1,10,1-10
2026-02-11 08:13:37.827072+00:00,24.3,1,10,1-10
2026-02-11 08:13:38.027072+00:00,26.8,1,10,1-10
2026-02-11 08:13:38.227072+00:00,22.6,1,10,1-10
2026-02-11 08:13:38.427071744+00:00,36.9,1,10,1-10
2026-02-11 08:13:38.627071744+00:00,22.6,1,10,1-10
2026-02-11 08:13:38.827072+00:00,28.0,1,10,1-10
2026-02-11 08:13:39.027072+00:00,31.2,1,10,1-10
2026-02-11 08:13:39.227072+00:00,23.9,1,10,1-10
2026-02-11 08:13:39.427071744+00:00,27.0,1,10,1-10
2026-02-11 08:13:39.627071744+00:00,29.0,1,10,1-10
2026-02-11 08:13:39.827072+00:00,24.9,1,10,1-10
2026-02-11 08:13:40.027072+00:00,27.4,1,10,1-10
2026-02-11 08:13:40.227072+00:00,25.2,1,10,1-10
2026-02-11 08:13:40.427071744+00:00,25.2,1,10,1-10
2026-02-11 08:13:40.627071744+00:00,24.6,1,10,1-10
2026-02-11 08:13:40.827072+00:00,30.8,1,10,1-10
2026-02-11 08:13:41.027072+00:00,25.0,1,10,1-10
2026-02-11 08:13:41.227072+00:00,25.1,1,10,1-10
2026-02-11 08:13:41.427071744+00:00,23.6,1,10,1-10
2026-02-11 08:13:41.627071744+00:00,26.6,1,10,1-10
2026-02-11 08:13:41.827072+00:00,33.3,1,10,1-10
2026-02-11 08:13:42.027072+00:00,29.1,1,10,1-10
2026-02-11 08:13:42.227072+00:00,25.8,1,10,1-10
2026-02-11 08:13:42.427071744+00:00,23.9,1,10,1-10
2026-02-11 08:13:42.627071744+00:00,24.7,1,10,1-10
2026-02-11 08:13:42.827072+00:00,24.6,1,10,1-10
2026-02-11 08:13:43.027072+00:00,23.0,1,10,1-10
2026-02-11 08:13:43.227072+00:00,23.9,1,10,1-10
2026-02-11 08:13:43.427071744+00:00,26.1,1,10,1-10
2026-02-11 08:13:43.627071744+00:00,33.8,1,10,1-10
2026-02-11 08:13:43.827072+00:00,22.5,1,10,1-10
2026-02-11 08:13:44.027072+00:00,23.7,1,10,1-10
2026-02-11 08:13:44.227072+00:00,27.0,1,10,1-10
2026-02-11 08:13:44.427071744+00:00,24.1,1,10,1-10
2026-02-11 08:13:44.627071744+00:00,24.3,1,10,1-10
2026-02-11 08:13:44.827072+00:00,32.3,1,10,1-10
2026-02-11 08:13:45.027072+00:00,31.3,1,10,1-10
2026-02-11 08:13:45.227072+00:00,23.2,1,10,1-10
2026-02-11 08:13:45.427071744+00:00,23.8,1,10,1-10
2026-02-11 08:13:45.627071744+00:00,22.9,1,10,1-10
2026-02-11 08:13:45.827072+00:00,27.6,1,10,1-10
2026-02-11 08:13:46.027072+00:00,23.7,1,10,1-10
2026-02-11 08:13:46.227072+00:00,31.4,1,10,1-10
2026-02-11 08:13:46.427071744+00:00,23.1,1,10,1-10
2026-02-11 08:13:46.627071744+00:00,32.5,1,10,1-10
2026-02-11 08:13:46.827072+00:00,25.1,1,10,1-10
2026-02-11 08:13:47.027072+00:00,38.0,1,10,1-10
2026-02-11 08:13:47.227072+00:00,34.5,1,10,1-10
2026-02-11 08:13:47.427071744+00:00,22.7,1,10,1-10
2026-02-11 08:13:47.627071744+00:00,34.1,1,10,1-10
2026-02-11 08:13:47.827072+00:00,32.0,1,10,1-10
2026-02-11 08:13:48.027072+00:00,28.5,1,10,1-10
2026-02-11 08:13:48.227072+00:00,25.7,1,10,1-10
2026-02-11 08:13:48.427071744+00:00,27.9,1,10,1-10
2026-02-11 08:13:48.627071744+00:00,25.1,1,10,1-10
2026-02-11 08:13:48.827072+00:00,24.5,1,10,1-10
2026-02-11 08:13:49.027072+00:00,33.8,1,10,1-10
2026-02-11 08:13:49.227072+00:00,28.0,1,10,1-10
2026-02-11 08:13:49.427071744+00:00,25.1,1,10,1-10
2026-02-11 08:13:49.627071744+00:00,24.9,1,10,1-10
2026-02-11 08:13:49.827072+00:00,23.5,1,10,1-10
2026-02-11 08:13:50.027072+00:00,45.7,1,10,1-10
2026-02-11 08:13:50.227072+00:00,25.3,1,10,1-10
2026-02-11 08:13:50.427071744+00:00,30.1,1,10,1-10
2026-02-11 08:13:50.627071744+00:00,38.7,1,10,1-10
2026-02-11 08:13:50.827072+00:00,27.0,1,10,1-10
2026-02-11 08:13:51.027072+00:00,22.7,1,10,1-10
2026-02-11 08:13:51.227072+00:00,23.3,1,10,1-10
2026-02-11 08:13:51.427071744+00:00,30.1,1,10,1-10
2026-02-11 08:13:51.627071744+00:00,29.6,1,10,1-10
2026-02-11 08:13:51.827072+00:00,29.5,1,10,1-10
2026-02-11 08:13:52.027072+00:00,23.9,1,10,1-10
2026-02-11 08:13:52.227072+00:00,35.8,1,10,1-10
2026-02-11 08:13:52.427071744+00:00,27.5,1,10,1-10
2026-02-11 08:13:52.627071744+00:00,32.1,1,10,1-10
2026-02-11 08:13:52.827072+00:00,26.6,1,10,1-10
2026-02-11 08:13:53.027072+00:00,24.4,1,10,1-10
2026-02-11 08:13:53.227072+00:00,24.4,1,10,1-10
2026-02-11 08:13:53.427071744+00:00,35.7,1,10,1-10
2026-02-11 08:13:53.627071744+00:00,22.5,1,10,1-10
2026-02-11 08:13:53.827072+00:00,24.5,1,10,1-10
2026-02-11 08:13:54.027072+00:00,29.4,1,10,1-10
2026-02-11 08:13:54.227072+00:00,22.8,1,10,1-10
2026-02-11 08:13:54.427071744+00:00,27.4,1,10,1-10
2026-02-11 08:13:54.627071744+00:00,25.1,1,10,1-10
2026-02-11 08:13:54.827072+00:00,31.7,1,10,1-10
2026-02-11 08:13:55.027072+00:00,25.1,1,10,1-10
2026-02-11 08:13:55.227072+00:00,23.1,1,10,1-10
2026-02-11 08:13:55.427071744+00:00,25.0,1,10,1-10
2026-02-11 08:13:55.627071744+00:00,22.8,1,10,1-10
2026-02-11 08:13:55.827072+00:00,1268.0,1,10,1-10
2026-02-11 08:13:56.027072+00:00,3782.0,1,10,1-10
2026-02-11 08:13:56.227072+00:00,3052.0,1,10,1-10
2026-02-11 08:13:56.427071744+00:00,2073.0,1,10,1-10
2026-02-11 08:13:56.627071744+00:00,1134.0,1,10,1-10
2026-02-11 08:13:56.827072+00:00,892.0,1,10,1-10
2026-02-11 08:13:57.027072+00:00,698.0,1,10,1-10
2026-02-11 08:13:57.227072+00:00,416.0,1,10,1-10
2026-02-11 08:13:57.427071744+00:00,209.0,1,10,1-10
2026-02-11 08:13:57.627071744+00:00,23.9,1,10,1-10
2026-02-11 08:13:57.827072+00:00,241.0,1,10,1-10
2026-02-11 08:13:58.027072+00:00,449.0,1,10,1-10
2026-02-11 08:13:58.227072+00:00,647.0,1,10,1-10
2026-02-11 08:13:58.427071744+00:00,858.0,1,10,1-10
2026-02-11 08:13:58.627071744+00:00,1065.0,1,10,1-10
2026-02-11 08:13:58.827072+00:00,1259.0,1,10,1-10
2026-02-11 08:13:59.027072+00:00,1443.0,1,10,1-10
2026-02-11 08:13:59.227072+00:00,1628.0,1,10,1-10
2026-02-11 08:13:59.427071744+00:00,1847.0,1,10,1-10
2026-02-11 08:13:59.627071744+00:00,2048.0,1,10,1-10
2026-02-11 08:13:59.827072+00:00,2218.0,1,10,1-10
2026-02-11 08:14:00.227072+00:00,2502.0,1,10,1-10
2026-02-11 08:14:00.427071744+00:00,2597.0,1,10,1-10
2026-02-11 08:14:00.627071744+00:00,2750.0,1,10,1-10
2026-02-11 08:14:00.827072+00:00,2885.0,1,10,1-10
2026-02-11 08:14:01.227072+00:00,3212.0,1,10,1-10
2026-02-11 08:14:01.427071744+00:00,3259.0,1,10,1-10
2026-02-11 08:14:01.627071744+00:00,3426.0,1,10,1-10
2026-02-11 08:14:01.827072+00:00,3557.0,1,10,1-10
2026-02-11 08:14:02.627071744+00:00,4009.0,1,10,1-10
2026-02-11 08:14:02.827072+00:00,4124.0,1,10,1-10
2026-02-11 08:14:03.027072+00:00,4242.0,1,10,1-10
2026-02-11 08:14:03.427071744+00:00,4444.0,1,10,1-10
2026-02-11 08:14:03.827072+00:00,4659.0,1,10,1-10
2026-02-11 08:14:04.227072+00:00,4906.0,1,10,1-10
2026-02-11 08:14:04.427071744+00:00,5016.0,1,10,1-10
2026-02-11 08:14:04.827072+00:00,5188.0,1,10,1-10
2026-02-11 08:14:05.027072+00:00,5254.0,1,10,1-10
2026-02-11 08:14:05.427071744+00:00,5369.0,1,10,1-10
2026-02-11 08:14:05.627071744+00:00,5436.0,1,10,1-10
2026-02-11 08:14:05.827072+00:00,5512.0,1,10,1-10
2026-02-11 08:14:06.227072+00:00,5715.0,1,10,1-10
2026-02-11 08:14:06.827072+00:00,5887.0,1,10,1-10
2026-02-11 08:14:07.227072+00:00,6038.0,1,10,1-10
2026-02-11 08:14:07.427071744+00:00,6097.0,1,10,1-10
2026-02-11 08:14:07.827072+00:00,6196.0,1,10,1-10
2026-02-11 08:14:08.027072+00:00,6290.0,1,10,1-10
2026-02-11 08:14:08.827072+00:00,6574.0,1,10,1-10
2026-02-11 08:14:09.227072+00:00,6762.0,1,10,1-10
2026-02-11 08:14:09.827072+00:00,6955.0,1,10,1-10
2026-02-11 08:14:10.227072+00:00,7109.0,1,10,1-10
2026-02-11 08:14:11.627071744+00:00,7457.0,1,10,1-10
2026-02-11 08:14:11.827072+00:00,7476.0,1,10,1-10
2026-02-11 08:14:12.627071744+00:00,7641.0,1,10,1-10
2026-02-11 08:14:12.827072+00:00,7670.0,1,10,1-10
2026-02-11 08:14:13.627071744+00:00,7802.0,1,10,1-10
2026-02-11 08:14:14.027072+00:00,8245.0,1,10,1-10
2026-02-11 08:14:14.427071744+00:00,8338.0,1,10,1-10
2026-02-11 08:14:14.627071744+00:00,8339.0,1,10,1-10
2026-02-11 08:14:14.827072+00:00,8380.0,1,10,1-10
2026-02-11 08:14:15.827072+00:00,7828.0,1,10,1-10
2026-02-11 08:14:19.627071744+00:00,6534.0,1,10,1-10
2026-02-11 08:14:24.627071744+00:00,658.0,1,10,1-10
2026-02-11 08:14:24.827072+00:00,504.0,1,10,1-10
2026-02-11 08:14:25.027072+00:00,307.0,1,10,1-10
2026-02-11 08:14:25.227072+00:00,117.0,1,10,1-10
2026-02-11 08:14:25.427071744+00:00,27.1,1,10,1-10
2026-02-11 08:14:25.627071744+00:00,33.9,1,10,1-10
2026-02-11 08:14:25.827072+00:00,25.0,1,10,1-10
2026-02-11 08:14:26.027072+00:00,23.4,1,10,1-10
2026-02-11 08:14:26.227072+00:00,23.7,1,10,1-10
2026-02-11 08:14:26.427071744+00:00,25.2,1,10,1-10
2026-02-11 08:14:26.627071744+00:00,24.6,1,10,1-10
2026-02-11 08:14:26.827072+00:00,30.5,1,10,1-10
2026-02-11 08:14:27.027072+00:00,26.5,1,10,1-10
2026-02-11 08:14:27.227072+00:00,24.2,1,10,1-10
2026-02-11 08:14:27.427071744+00:00,30.1,1,10,1-10
2026-02-11 08:14:27.627071744+00:00,24.0,1,10,1-10
2026-02-11 08:14:27.827072+00:00,786.0,1,10,1-10
2026-02-11 08:14:28.027072+00:00,2353.0,1,10,1-10
2026-02-11 08:14:28.227072+00:00,9503.0,1,10,1-10
2026-02-11 08:14:28.427071744+00:00,10148.0,1,10,1-10
2026-02-11 08:14:32.027072+00:00,8071.0,1,10,1-10
2026-02-11 08:14:32.227072+00:00,6893.0,1,10,1-10
2026-02-11 08:14:32.427071744+00:00,6067.0,1,10,1-10
2026-02-11 08:14:32.627071744+00:00,5068.0,1,10,1-10
2026-02-11 08:14:32.827072+00:00,4080.0,1,10,1-10
2026-02-11 08:14:33.027072+00:00,3084.0,1,10,1-10
2026-02-11 08:14:33.227072+00:00,2053.0,1,10,1-10
2026-02-11 08:14:33.427071744+00:00,1085.0,1,10,1-10
2026-02-11 08:14:33.627071744+00:00,78.9,1,10,1-10
2026-02-11 08:14:33.827072+00:00,507.0,1,10,1-10
2026-02-11 08:14:34.027072+00:00,301.0,1,10,1-10
2026-02-11 08:14:34.227072+00:00,105.0,1,10,1-10
2026-02-11 08:14:34.427071744+00:00,23.0,1,10,1-10
2026-02-11 08:14:34.627071744+00:00,22.2,1,10,1-10
2026-02-11 08:14:34.827072+00:00,22.7,1,10,1-10
2026-02-11 08:14:35.027072+00:00,23.9,1,10,1-10
2026-02-11 08:14:35.227072+00:00,25.9,1,10,1-10
2026-02-11 08:14:35.427071744+00:00,24.4,1,10,1-10
2026-02-11 08:14:35.627071744+00:00,23.7,1,10,1-10
2026-02-11 08:14:35.827072+00:00,23.8,1,10,1-10
2026-02-11 08:14:36.027072+00:00,24.9,1,10,1-10
2026-02-11 08:14:36.227072+00:00,24.1,1,10,1-10
2026-02-11 08:14:36.427071744+00:00,23.0,1,10,1-10
2026-02-11 08:14:36.627071744+00:00,22.8,1,10,1-10
2026-02-11 08:14:36.827072+00:00,25.8,1,10,1-10
2026-02-11 08:14:37.027072+00:00,26.5,1,10,1-10
2026-02-11 08:14:37.227072+00:00,22.7,1,10,1-10
2026-02-11 08:14:37.427071744+00:00,26.7,1,10,1-10
2026-02-11 08:14:38.427071744+00:00,8222.0,1,10,1-10
2026-02-11 08:14:38.627071744+00:00,7212.0,1,10,1-10
2026-02-11 08:14:38.827072+00:00,6255.0,1,10,1-10
2026-02-11 08:14:39.027072+00:00,5252.0,1,10,1-10
2026-02-11 08:14:39.227072+00:00,4261.0,1,10,1-10
2026-02-11 08:14:39.427071744+00:00,3255.0,1,10,1-10
2026-02-11 08:14:39.627071744+00:00,2259.0,1,10,1-10
2026-02-11 08:14:39.827072+00:00,2057.0,1,10,1-10
2026-02-11 08:14:40.027072+00:00,1271.0,1,10,1-10
2026-02-11 08:14:40.227072+00:00,272.0,1,10,1-10
2026-02-11 08:14:40.427071744+00:00,570.0,1,10,1-10
2026-02-11 08:14:40.627071744+00:00,585.0,1,10,1-10
2026-02-11 08:14:40.827072+00:00,1280.0,1,10,1-10
2026-02-11 08:14:41.027072+00:00,1163.0,1,10,1-10
2026-02-11 08:14:41.227072+00:00,703.0,1,10,1-10
2026-02-11 08:14:41.427071744+00:00,801.0,1,10,1-10
2026-02-11 08:14:41.627071744+00:00,990.0,1,10,1-10
2026-02-11 08:14:41.827072+00:00,1463.0,1,10,1-10
2026-02-11 08:14:42.027072+00:00,1181.0,1,10,1-10
2026-02-11 08:14:42.227072+00:00,1029.0,1,10,1-10
2026-02-11 08:14:42.627071744+00:00,1260.0,1,10,1-10
2026-02-11 08:14:43.027072+00:00,1345.0,1,10,1-10
2026-02-11 08:14:43.227072+00:00,875.0,1,10,1-10
2026-02-11 08:14:43.427071744+00:00,756.0,1,10,1-10
2026-02-11 08:14:43.627071744+00:00,566.0,1,10,1-10
2026-02-11 08:14:43.827072+00:00,351.0,1,10,1-10
2026-02-11 08:14:44.027072+00:00,271.0,1,10,1-10
2026-02-11 08:14:44.227072+00:00,865.0,1,10,1-10
2026-02-11 08:14:49.027072+00:00,1527.0,1,10,1-10
2026-02-11 08:14:49.227072+00:00,518.0,1,10,1-10
2026-02-11 08:14:49.427071744+00:00,324.0,1,10,1-10
2026-02-11 08:14:49.627071744+00:00,607.0,1,10,1-10
2026-02-11 08:14:49.827072+00:00,44.0,1,10,1-10
2026-02-11 08:14:50.827072+00:00,1380.0,1,10,1-10
2026-02-11 08:14:51.027072+00:00,863.0,1,10,1-10
2026-02-11 08:14:51.227072+00:00,467.0,1,10,1-10
2026-02-11 08:14:51.427071744+00:00,259.0,1,10,1-10
2026-02-11 08:14:51.627071744+00:00,100.0,1,10,1-10
2026-02-11 08:14:51.827072+00:00,39.6,1,10,1-10
2026-02-11 08:14:53.027072+00:00,551.0,1,10,1-10
2026-02-11 08:14:53.227072+00:00,367.0,1,10,1-10
2026-02-11 08:14:53.427071744+00:00,174.0,1,10,1-10
2026-02-11 08:14:53.627071744+00:00,31.3,1,10,1-10
2026-02-11 08:14:53.827072+00:00,195.0,1,10,1-10
2026-02-11 08:14:54.027072+00:00,367.0,1,10,1-10
2026-02-11 08:14:54.227072+00:00,522.0,1,10,1-10
2026-02-11 08:14:54.427071744+00:00,675.0,1,10,1-10
2026-02-11 08:14:54.627071744+00:00,825.0,1,10,1-10
2026-02-11 08:14:54.827072+00:00,1028.0,1,10,1-10
2026-02-11 08:14:55.027072+00:00,1209.0,1,10,1-10
2026-02-11 08:14:55.227072+00:00,1391.0,1,10,1-10
2026-02-11 08:14:55.427071744+00:00,1523.0,1,10,1-10
2026-02-11 08:14:55.627071744+00:00,1551.0,1,10,1-10
2026-02-11 08:14:55.827072+00:00,1391.0,1,10,1-10
2026-02-11 08:14:56.027072+00:00,1607.0,1,10,1-10
2026-02-11 08:14:56.227072+00:00,1482.0,1,10,1-10
2026-02-11 08:14:56.427071744+00:00,1333.0,1,10,1-10
2026-02-11 08:14:56.827072+00:00,928.0,1,10,1-10
2026-02-11 08:14:57.027072+00:00,726.0,1,10,1-10
2026-02-11 08:14:57.227072+00:00,390.0,1,10,1-10
2026-02-11 08:14:57.427071744+00:00,243.0,1,10,1-10
2026-02-11 08:14:57.627071744+00:00,97.4,1,10,1-10
2026-02-11 08:14:57.827072+00:00,279.0,1,10,1-10
2026-02-11 08:14:58.027072+00:00,493.0,1,10,1-10
2026-02-11 08:14:58.227072+00:00,701.0,1,10,1-10
2026-02-11 08:14:58.427071744+00:00,924.0,1,10,1-10
2026-02-11 08:14:59.027072+00:00,3461.0,1,10,1-10
2026-02-11 08:14:59.227072+00:00,3291.0,1,10,1-10
2026-02-11 08:14:59.427071744+00:00,3107.0,1,10,1-10
2026-02-11 08:15:00.827072+00:00,2327.0,1,10,1-10
2026-02-11 08:15:01.827072+00:00,1288.0,1,10,1-10
2026-02-11 08:15:02.027072+00:00,1285.0,1,10,1-10
2026-02-11 08:15:02.227072+00:00,1137.0,1,10,1-10
2026-02-11 08:15:02.427071744+00:00,1367.0,1,10,1-10
2026-02-11 08:15:02.627071744+00:00,1378.0,1,10,1-10
2026-02-11 08:15:02.827072+00:00,1690.0,1,10,1-10
2026-02-11 08:15:03.027072+00:00,1483.0,1,10,1-10
2026-02-11 08:15:03.227072+00:00,1018.0,1,10,1-10
2026-02-11 08:15:03.427071744+00:00,2080.0,1,10,1-10
2026-02-11 08:15:05.427071744+00:00,2663.0,1,10,1-10
2026-02-11 08:15:05.627071744+00:00,1658.0,1,10,1-10
2026-02-11 08:15:05.827072+00:00,649.0,1,10,1-10
2026-02-11 08:15:06.027072+00:00,443.0,1,10,1-10
2026-02-11 08:15:06.227072+00:00,207.0,1,10,1-10
2026-02-11 08:15:06.427071744+00:00,31.8,1,10,1-10
2026-02-11 08:15:06.627071744+00:00,217.0,1,10,1-10
2026-02-11 08:15:06.827072+00:00,105.0,1,10,1-10
2026-02-11 08:15:07.027072+00:00,104.0,1,10,1-10
2026-02-11 08:15:07.227072+00:00,118.0,1,10,1-10
2026-02-11 08:15:07.427071744+00:00,174.0,1,10,1-10
2026-02-11 08:15:07.627071744+00:00,217.0,1,10,1-10
2026-02-11 08:15:07.827072+00:00,261.0,1,10,1-10
2026-02-11 08:15:08.027072+00:00,271.0,1,10,1-10
2026-02-11 08:15:08.227072+00:00,321.0,1,10,1-10
2026-02-11 08:15:08.427071744+00:00,431.0,1,10,1-10
2026-02-11 08:15:08.627071744+00:00,572.0,1,10,1-10
2026-02-11 08:15:09.827072+00:00,2430.0,1,10,1-10
2026-02-11 08:15:10.027072+00:00,2217.0,1,10,1-10
2026-02-11 08:15:11.027072+00:00,2378.0,1,10,1-10
2026-02-11 08:15:11.427071744+00:00,792.0,1,10,1-10
2026-02-11 08:15:11.627071744+00:00,588.0,1,10,1-10
2026-02-11 08:15:11.827072+00:00,381.0,1,10,1-10
2026-02-11 08:15:12.027072+00:00,181.0,1,10,1-10
2026-02-11 08:15:12.227072+00:00,23.2,1,10,1-10
2026-02-11 08:15:12.427071744+00:00,37.2,1,10,1-10
2026-02-11 08:15:12.627071744+00:00,178.0,1,10,1-10
2026-02-11 08:15:12.827072+00:00,1250.0,1,10,1-10
2026-02-11 08:15:15.227072+00:00,5783.0,1,10,1-10
2026-02-11 08:15:15.827072+00:00,3782.0,1,10,1-10
2026-02-11 08:15:16.027072+00:00,2786.0,1,10,1-10
2026-02-11 08:15:16.627071744+00:00,1174.0,1,10,1-10
2026-02-11 08:15:16.827072+00:00,937.0,1,10,1-10
2026-02-11 08:15:17.027072+00:00,636.0,1,10,1-10
2026-02-11 08:15:17.227072+00:00,458.0,1,10,1-10
2026-02-11 08:15:17.427071744+00:00,273.0,1,10,1-10
2026-02-11 08:15:17.627071744+00:00,114.0,1,10,1-10
2026-02-11 08:15:17.827072+00:00,55.7,1,10,1-10
2026-02-11 08:15:18.027072+00:00,54.3,1,10,1-10
2026-02-11 08:15:18.227072+00:00,3105.0,1,10,1-10
2026-02-11 08:15:18.427071744+00:00,1896.0,1,10,1-10
2026-02-11 08:15:18.627071744+00:00,1693.0,1,10,1-10
2026-02-11 08:15:18.827072+00:00,1503.0,1,10,1-10
2026-02-11 08:15:19.027072+00:00,1129.0,1,10,1-10
2026-02-11 08:15:19.227072+00:00,139.0,1,10,1-10
2026-02-11 08:15:19.427071744+00:00,33.7,1,10,1-10
2026-02-11 08:15:19.627071744+00:00,43.7,1,10,1-10
2026-02-11 08:15:19.827072+00:00,23.9,1,10,1-10
2026-02-11 08:15:20.027072+00:00,27.2,1,10,1-10
2026-02-11 08:15:20.227072+00:00,26.6,1,10,1-10
2026-02-11 08:15:20.427071744+00:00,25.5,1,10,1-10
2026-02-11 08:15:20.627071744+00:00,28.7,1,10,1-10
2026-02-11 08:15:20.827072+00:00,133.0,1,10,1-10
2026-02-11 08:15:22.427071744+00:00,4875.0,1,10,1-10
2026-02-11 08:15:22.627071744+00:00,3872.0,1,10,1-10
2026-02-11 08:15:22.827072+00:00,2995.0,1,10,1-10
2026-02-11 08:15:23.027072+00:00,2686.0,1,10,1-10
2026-02-11 08:15:23.227072+00:00,1952.0,1,10,1-10
2026-02-11 08:15:24.427071744+00:00,8539.0,1,10,1-10
2026-02-11 08:15:24.627071744+00:00,8455.0,1,10,1-10
2026-02-11 08:15:24.827072+00:00,8251.0,1,10,1-10
2026-02-11 08:15:25.027072+00:00,8047.0,1,10,1-10
2026-02-11 08:15:25.227072+00:00,7846.0,1,10,1-10
2026-02-11 08:15:25.427071744+00:00,7642.0,1,10,1-10
2026-02-11 08:15:25.627071744+00:00,7440.0,1,10,1-10
2026-02-11 08:15:25.827072+00:00,7232.0,1,10,1-10
2026-02-11 08:15:26.227072+00:00,6824.0,1,10,1-10
2026-02-11 08:15:26.427071744+00:00,5929.0,1,10,1-10
2026-02-11 08:15:26.627071744+00:00,3968.0,1,10,1-10
2026-02-11 08:15:26.827072+00:00,1999.0,1,10,1-10
2026-02-11 08:15:27.027072+00:00,1002.0,1,10,1-10
2026-02-11 08:15:27.227072+00:00,797.0,1,10,1-10
2026-02-11 08:15:27.427071744+00:00,638.0,1,10,1-10
2026-02-11 08:15:27.627071744+00:00,660.0,1,10,1-10
2026-02-11 08:15:27.827072+00:00,834.0,1,10,1-10
2026-02-11 08:15:28.027072+00:00,1755.0,1,10,1-10
2026-02-11 08:15:28.227072+00:00,2082.0,1,10,1-10
2026-02-11 08:15:28.427071744+00:00,1709.0,1,10,1-10
2026-02-11 08:15:28.627071744+00:00,585.0,1,10,1-10
2026-02-11 08:15:28.827072+00:00,384.0,1,10,1-10
2026-02-11 08:15:29.027072+00:00,180.0,1,10,1-10
2026-02-11 08:15:29.227072+00:00,102.0,1,10,1-10
2026-02-11 08:15:29.427071744+00:00,904.0,1,10,1-10
2026-02-11 08:15:29.627071744+00:00,878.0,1,10,1-10
2026-02-11 08:15:29.827072+00:00,915.0,1,10,1-10
2026-02-11 08:15:30.027072+00:00,1095.0,1,10,1-10
2026-02-11 08:15:30.227072+00:00,942.0,1,10,1-10
2026-02-11 08:15:31.627071744+00:00,1983.0,1,10,1-10
2026-02-11 08:15:31.827072+00:00,979.0,1,10,1-10
2026-02-11 08:15:32.027072+00:00,764.0,1,10,1-10
2026-02-11 08:15:32.227072+00:00,552.0,1,10,1-10
2026-02-11 08:15:32.427071744+00:00,359.0,1,10,1-10
2026-02-11 08:15:34.027072+00:00,580.0,1,10,1-10
2026-02-11 08:15:34.227072+00:00,390.0,1,10,1-10
2026-02-11 08:15:34.427071744+00:00,191.0,1,10,1-10
2026-02-11 08:15:34.627071744+00:00,31.8,1,10,1-10
2026-02-11 08:15:34.827072+00:00,26.1,1,10,1-10
2026-02-11 08:15:35.027072+00:00,24.9,1,10,1-10
2026-02-11 08:15:35.227072+00:00,27.2,1,10,1-10
2026-02-11 08:15:35.427071744+00:00,22.7,1,10,1-10
2026-02-11 08:15:35.627071744+00:00,23.2,1,10,1-10
2026-02-11 08:15:35.827072+00:00,22.6,1,10,1-10
2026-02-11 08:15:36.027072+00:00,23.1,1,10,1-10
2026-02-11 08:15:36.227072+00:00,22.9,1,10,1-10
2026-02-11 08:15:36.427071744+00:00,22.8,1,10,1-10
2026-02-11 08:15:36.627071744+00:00,32.1,1,10,1-10
2026-02-11 08:15:36.827072+00:00,54.1,1,10,1-10
2026-02-11 08:15:38.027072+00:00,3788.0,1,10,1-10
2026-02-11 08:15:38.227072+00:00,2806.0,1,10,1-10
2026-02-11 08:15:38.427071744+00:00,1816.0,1,10,1-10
2026-02-11 08:15:38.627071744+00:00,1621.0,1,10,1-10
2026-02-11 08:15:38.827072+00:00,1342.0,1,10,1-10
2026-02-11 08:15:39.027072+00:00,872.0,1,10,1-10
2026-02-11 08:15:39.227072+00:00,676.0,1,10,1-10
2026-02-11 08:15:39.427071744+00:00,510.0,1,10,1-10
2026-02-11 08:15:39.627071744+00:00,305.0,1,10,1-10
2026-02-11 08:15:39.827072+00:00,137.0,1,10,1-10
2026-02-11 08:15:40.027072+00:00,28.0,1,10,1-10
2026-02-11 08:15:40.227072+00:00,22.4,1,10,1-10
2026-02-11 08:15:40.427071744+00:00,174.0,1,10,1-10
2026-02-11 08:15:40.627071744+00:00,316.0,1,10,1-10
2026-02-11 08:15:40.827072+00:00,474.0,1,10,1-10
2026-02-11 08:15:41.027072+00:00,632.0,1,10,1-10
2026-02-11 08:15:41.227072+00:00,781.0,1,10,1-10
2026-02-11 08:15:41.427071744+00:00,923.0,1,10,1-10
2026-02-11 08:15:42.027072+00:00,2407.0,1,10,1-10
2026-02-11 08:15:42.227072+00:00,2204.0,1,10,1-10
2026-02-11 08:15:42.827072+00:00,1178.0,1,10,1-10
2026-02-11 08:15:43.027072+00:00,1120.0,1,10,1-10
2026-02-11 08:15:43.227072+00:00,895.0,1,10,1-10
2026-02-11 08:15:43.427071744+00:00,1559.0,1,10,1-10
2026-02-11 08:15:43.627071744+00:00,1551.0,1,10,1-10
2026-02-11 08:15:44.227072+00:00,1267.0,1,10,1-10
2026-02-11 08:15:44.627071744+00:00,1320.0,1,10,1-10
2026-02-11 08:15:44.827072+00:00,1413.0,1,10,1-10
2026-02-11 08:15:45.027072+00:00,3379.0,1,10,1-10
2026-02-11 08:15:45.227072+00:00,3202.0,1,10,1-10
2026-02-11 08:15:45.427071744+00:00,3996.0,1,10,1-10
2026-02-11 08:15:45.627071744+00:00,3835.0,1,10,1-10
2026-02-11 08:15:45.827072+00:00,5585.0,1,10,1-10
2026-02-11 08:15:46.227072+00:00,5394.0,1,10,1-10
2026-02-11 08:15:46.427071744+00:00,4324.0,1,10,1-10
2026-02-11 08:15:46.627071744+00:00,3361.0,1,10,1-10
2026-02-11 08:15:46.827072+00:00,2568.0,1,10,1-10
2026-02-11 08:15:47.827072+00:00,2198.0,1,10,1-10
2026-02-11 08:15:48.027072+00:00,2018.0,1,10,1-10
2026-02-11 08:15:48.227072+00:00,1818.0,1,10,1-10
2026-02-11 08:15:48.427071744+00:00,1234.0,1,10,1-10
2026-02-11 08:15:48.627071744+00:00,242.0,1,10,1-10
2026-02-11 08:15:48.827072+00:00,114.0,1,10,1-10
2026-02-11 08:15:50.827072+00:00,1520.0,1,10,1-10
2026-02-11 08:15:51.027072+00:00,740.0,1,10,1-10
2026-02-11 08:15:51.227072+00:00,536.0,1,10,1-10
2026-02-11 08:15:51.427071744+00:00,340.0,1,10,1-10
2026-02-11 08:15:51.627071744+00:00,95.7,1,10,1-10
2026-02-11 08:15:51.827072+00:00,35.0,1,10,1-10
2026-02-11 08:15:52.027072+00:00,30.3,1,10,1-10
2026-02-11 08:15:52.227072+00:00,29.5,1,10,1-10
2026-02-11 08:15:52.427071744+00:00,27.2,1,10,1-10
2026-02-11 08:15:52.627071744+00:00,31.0,1,10,1-10
2026-02-11 08:15:52.827072+00:00,27.2,1,10,1-10
2026-02-11 08:15:53.027072+00:00,26.0,1,10,1-10
2026-02-11 08:15:53.227072+00:00,37.5,1,10,1-10
2026-02-11 08:15:53.427071744+00:00,677.0,1,10,1-10
2026-02-11 08:15:53.627071744+00:00,631.0,1,10,1-10
2026-02-11 08:15:53.827072+00:00,1269.0,1,10,1-10
2026-02-11 08:15:54.027072+00:00,1044.0,1,10,1-10
2026-02-11 08:15:54.227072+00:00,1190.0,1,10,1-10
2026-02-11 08:15:54.427071744+00:00,2213.0,1,10,1-10
2026-02-11 08:15:54.827072+00:00,2109.0,1,10,1-10
2026-02-11 08:13:24.042211072+00:00,26.1,1,12,1-12
2026-02-11 08:13:24.242211072+00:00,33.0,1,12,1-12
2026-02-11 08:13:24.442211072+00:00,24.5,1,12,1-12
2026-02-11 08:13:24.642211072+00:00,25.1,1,12,1-12
2026-02-11 08:13:24.842211072+00:00,23.5,1,12,1-12
2026-02-11 08:13:25.042211072+00:00,25.9,1,12,1-12
2026-02-11 08:13:25.242211072+00:00,26.0,1,12,1-12
2026-02-11 08:13:25.442211072+00:00,28.2,1,12,1-12
2026-02-11 08:13:25.642211072+00:00,25.1,1,12,1-12
2026-02-11 08:13:25.842211072+00:00,25.9,1,12,1-12
2026-02-11 08:13:26.042211072+00:00,24.5,1,12,1-12
2026-02-11 08:13:26.242211072+00:00,27.3,1,12,1-12
2026-02-11 08:13:26.442211072+00:00,25.6,1,12,1-12
2026-02-11 08:13:26.642211072+00:00,27.9,1,12,1-12
2026-02-11 08:13:26.842211072+00:00,25.2,1,12,1-12
2026-02-11 08:13:27.042211072+00:00,28.0,1,12,1-12
2026-02-11 08:13:27.242211072+00:00,25.2,1,12,1-12
2026-02-11 08:13:27.442211072+00:00,26.2,1,12,1-12
2026-02-11 08:13:27.642211072+00:00,25.9,1,12,1-12
2026-02-11 08:13:27.842211072+00:00,32.6,1,12,1-12
2026-02-11 08:13:28.042211072+00:00,29.1,1,12,1-12
2026-02-11 08:13:28.242211072+00:00,33.6,1,12,1-12
2026-02-11 08:13:28.442211072+00:00,31.7,1,12,1-12
2026-02-11 08:13:28.642211072+00:00,32.9,1,12,1-12
2026-02-11 08:13:28.842211072+00:00,32.9,1,12,1-12
2026-02-11 08:13:29.042211072+00:00,25.1,1,12,1-12
2026-02-11 08:13:29.242211072+00:00,28.8,1,12,1-12
2026-02-11 08:13:29.442211072+00:00,29.2,1,12,1-12
2026-02-11 08:13:29.642211072+00:00,23.9,1,12,1-12
2026-02-11 08:13:29.842211072+00:00,28.8,1,12,1-12
2026-02-11 08:13:30.042211072+00:00,32.0,1,12,1-12
2026-02-11 08:13:30.242211072+00:00,25.9,1,12,1-12
2026-02-11 08:13:30.442211072+00:00,27.9,1,12,1-12
2026-02-11 08:13:30.642211072+00:00,26.6,1,12,1-12
2026-02-11 08:13:30.842211072+00:00,24.6,1,12,1-12
2026-02-11 08:13:31.042211072+00:00,27.4,1,12,1-12
2026-02-11 08:13:31.242211072+00:00,25.7,1,12,1-12
2026-02-11 08:13:31.442211072+00:00,25.8,1,12,1-12
2026-02-11 08:13:31.642211072+00:00,25.4,1,12,1-12
2026-02-11 08:13:31.842211072+00:00,31.4,1,12,1-12
2026-02-11 08:13:32.042211072+00:00,26.6,1,12,1-12
2026-02-11 08:13:32.242211072+00:00,24.1,1,12,1-12
2026-02-11 08:13:32.442211072+00:00,34.3,1,12,1-12
2026-02-11 08:13:32.642211072+00:00,27.7,1,12,1-12
2026-02-11 08:13:32.842211072+00:00,36.7,1,12,1-12
2026-02-11 08:13:33.042211072+00:00,35.4,1,12,1-12
2026-02-11 08:13:33.242211072+00:00,36.4,1,12,1-12
2026-02-11 08:13:33.442211072+00:00,32.7,1,12,1-12
2026-02-11 08:13:33.642211072+00:00,26.9,1,12,1-12
2026-02-11 08:13:33.842211072+00:00,25.3,1,12,1-12
2026-02-11 08:13:34.042211072+00:00,26.0,1,12,1-12
2026-02-11 08:13:34.242211072+00:00,28.0,1,12,1-12
2026-02-11 08:13:34.442211072+00:00,27.5,1,12,1-12
2026-02-11 08:13:34.642211072+00:00,24.8,1,12,1-12
2026-02-11 08:13:34.842211072+00:00,41.0,1,12,1-12
2026-02-11 08:13:35.042211072+00:00,30.2,1,12,1-12
2026-02-11 08:13:35.242211072+00:00,29.5,1,12,1-12
2026-02-11 08:13:35.442211072+00:00,27.3,1,12,1-12
2026-02-11 08:13:35.642211072+00:00,41.6,1,12,1-12
2026-02-11 08:13:35.842211072+00:00,39.1,1,12,1-12
2026-02-11 08:13:36.042211072+00:00,85.5,1,12,1-12
2026-02-11 08:13:36.242211072+00:00,80.0,1,12,1-12
2026-02-11 08:13:36.442211072+00:00,85.2,1,12,1-12
2026-02-11 08:13:36.642211072+00:00,90.1,1,12,1-12
2026-02-11 08:13:36.842211072+00:00,86.6,1,12,1-12
2026-02-11 08:13:37.042211072+00:00,73.0,1,12,1-12
2026-02-11 08:13:37.242211072+00:00,52.2,1,12,1-12
2026-02-11 08:13:37.442211072+00:00,44.0,1,12,1-12
2026-02-11 08:13:37.642211072+00:00,31.9,1,12,1-12
2026-02-11 08:13:37.842211072+00:00,45.1,1,12,1-12
2026-02-11 08:13:38.042211072+00:00,29.5,1,12,1-12
2026-02-11 08:13:38.242211072+00:00,25.1,1,12,1-12
2026-02-11 08:13:38.442211072+00:00,51.9,1,12,1-12
2026-02-11 08:13:38.642211072+00:00,48.3,1,12,1-12
2026-02-11 08:13:38.842211072+00:00,26.1,1,12,1-12
2026-02-11 08:13:39.042211072+00:00,40.8,1,12,1-12
2026-02-11 08:13:39.242211072+00:00,48.0,1,12,1-12
2026-02-11 08:13:39.442211072+00:00,37.1,1,12,1-12
2026-02-11 08:13:39.642211072+00:00,36.7,1,12,1-12
2026-02-11 08:13:39.842211072+00:00,27.8,1,12,1-12
2026-02-11 08:13:40.042211072+00:00,29.6,1,12,1-12
2026-02-11 08:13:40.242211072+00:00,23.5,1,12,1-12
2026-02-11 08:13:40.442211072+00:00,41.2,1,12,1-12
2026-02-11 08:13:40.642211072+00:00,26.2,1,12,1-12
2026-02-11 08:13:40.842211072+00:00,30.8,1,12,1-12
2026-02-11 08:13:41.042211072+00:00,30.2,1,12,1-12
2026-02-11 08:13:41.242211072+00:00,24.8,1,12,1-12
2026-02-11 08:13:41.442211072+00:00,32.0,1,12,1-12
2026-02-11 08:13:41.642211072+00:00,39.5,1,12,1-12
2026-02-11 08:13:41.842211072+00:00,31.9,1,12,1-12
2026-02-11 08:13:42.042211072+00:00,53.2,1,12,1-12
2026-02-11 08:13:42.242211072+00:00,45.1,1,12,1-12
2026-02-11 08:13:42.442211072+00:00,36.2,1,12,1-12
2026-02-11 08:13:42.642211072+00:00,26.6,1,12,1-12
2026-02-11 08:13:42.842211072+00:00,32.1,1,12,1-12
2026-02-11 08:13:43.042211072+00:00,25.5,1,12,1-12
2026-02-11 08:13:43.242211072+00:00,25.9,1,12,1-12
2026-02-11 08:13:43.442211072+00:00,25.7,1,12,1-12
2026-02-11 08:13:43.642211072+00:00,24.7,1,12,1-12
2026-02-11 08:13:43.842211072+00:00,28.7,1,12,1-12
2026-02-11 08:13:44.042211072+00:00,46.5,1,12,1-12
2026-02-11 08:13:44.242211072+00:00,32.4,1,12,1-12
2026-02-11 08:13:44.442211072+00:00,35.8,1,12,1-12
2026-02-11 08:13:44.642211072+00:00,31.3,1,12,1-12
2026-02-11 08:13:44.842211072+00:00,37.1,1,12,1-12
2026-02-11 08:13:45.042211072+00:00,31.3,1,12,1-12
2026-02-11 08:13:45.242211072+00:00,35.0,1,12,1-12
2026-02-11 08:13:45.442211072+00:00,30.5,1,12,1-12
2026-02-11 08:13:45.642211072+00:00,24.5,1,12,1-12
2026-02-11 08:13:45.842211072+00:00,41.8,1,12,1-12
2026-02-11 08:13:46.042211072+00:00,32.2,1,12,1-12
2026-02-11 08:13:46.242211072+00:00,42.9,1,12,1-12
2026-02-11 08:13:46.442211072+00:00,24.3,1,12,1-12
2026-02-11 08:13:46.642211072+00:00,31.5,1,12,1-12
2026-02-11 08:13:46.842211072+00:00,32.9,1,12,1-12
2026-02-11 08:13:47.042211072+00:00,28.5,1,12,1-12
2026-02-11 08:13:47.242211072+00:00,37.9,1,12,1-12
2026-02-11 08:13:47.442211072+00:00,25.2,1,12,1-12
2026-02-11 08:13:47.642211072+00:00,31.5,1,12,1-12
2026-02-11 08:13:47.842211072+00:00,29.9,1,12,1-12
2026-02-11 08:13:48.042211072+00:00,33.6,1,12,1-12
2026-02-11 08:13:48.242211072+00:00,30.6,1,12,1-12
2026-02-11 08:13:48.442211072+00:00,37.4,1,12,1-12
2026-02-11 08:13:48.642211072+00:00,32.9,1,12,1-12
2026-02-11 08:13:48.842211072+00:00,27.2,1,12,1-12
2026-02-11 08:13:49.042211072+00:00,43.3,1,12,1-12
2026-02-11 08:13:49.242211072+00:00,30.9,1,12,1-12
2026-02-11 08:13:49.442211072+00:00,28.7,1,12,1-12
2026-02-11 08:13:49.642211072+00:00,26.6,1,12,1-12
2026-02-11 08:13:49.842211072+00:00,25.8,1,12,1-12
2026-02-11 08:13:50.042211072+00:00,48.0,1,12,1-12
2026-02-11 08:13:50.242211072+00:00,43.1,1,12,1-12
2026-02-11 08:13:50.442211072+00:00,38.5,1,12,1-12
2026-02-11 08:13:50.642211072+00:00,37.0,1,12,1-12
2026-02-11 08:13:50.842211072+00:00,28.6,1,12,1-12
2026-02-11 08:13:51.042211072+00:00,24.4,1,12,1-12
2026-02-11 08:13:51.242211072+00:00,24.6,1,12,1-12
2026-02-11 08:13:51.442211072+00:00,39.5,1,12,1-12
2026-02-11 08:13:51.642211072+00:00,33.4,1,12,1-12
2026-02-11 08:13:51.842211072+00:00,26.4,1,12,1-12
2026-02-11 08:13:52.042211072+00:00,24.9,1,12,1-12
2026-02-11 08:13:52.242211072+00:00,38.5,1,12,1-12
2026-02-11 08:13:52.442211072+00:00,33.8,1,12,1-12
2026-02-11 08:13:52.642211072+00:00,28.6,1,12,1-12
2026-02-11 08:13:52.842211072+00:00,51.6,1,12,1-12
2026-02-11 08:13:53.042211072+00:00,39.9,1,12,1-12
2026-02-11 08:13:53.242211072+00:00,28.6,1,12,1-12
2026-02-11 08:13:53.442211072+00:00,41.3,1,12,1-12
2026-02-11 08:13:53.642211072+00:00,35.4,1,12,1-12
2026-02-11 08:13:53.842211072+00:00,58.4,1,12,1-12
2026-02-11 08:13:54.042211072+00:00,28.1,1,12,1-12
2026-02-11 08:13:54.242211072+00:00,27.0,1,12,1-12
2026-02-11 08:13:54.442211072+00:00,34.6,1,12,1-12
2026-02-11 08:13:54.642211072+00:00,24.3,1,12,1-12
2026-02-11 08:13:54.842211072+00:00,24.3,1,12,1-12
2026-02-11 08:13:55.042211072+00:00,32.9,1,12,1-12
2026-02-11 08:13:55.242211072+00:00,25.0,1,12,1-12
2026-02-11 08:13:55.442211072+00:00,33.2,1,12,1-12
2026-02-11 08:13:55.642211072+00:00,27.1,1,12,1-12
2026-02-11 08:13:55.842211072+00:00,1185.0,1,12,1-12
2026-02-11 08:13:56.242211072+00:00,3028.0,1,12,1-12
2026-02-11 08:13:56.442211072+00:00,2128.0,1,12,1-12
2026-02-11 08:13:56.642211072+00:00,1149.0,1,12,1-12
2026-02-11 08:13:56.842211072+00:00,908.0,1,12,1-12
2026-02-11 08:13:57.042211072+00:00,681.0,1,12,1-12
2026-02-11 08:13:57.242211072+00:00,399.0,1,12,1-12
2026-02-11 08:13:57.442211072+00:00,196.0,1,12,1-12
2026-02-11 08:13:57.642211072+00:00,26.4,1,12,1-12
2026-02-11 08:13:57.842211072+00:00,72.1,1,12,1-12
2026-02-11 08:13:58.042211072+00:00,247.0,1,12,1-12
2026-02-11 08:13:58.242211072+00:00,378.0,1,12,1-12
2026-02-11 08:13:58.442211072+00:00,529.0,1,12,1-12
2026-02-11 08:13:58.642211072+00:00,676.0,1,12,1-12
2026-02-11 08:13:58.842211072+00:00,827.0,1,12,1-12
2026-02-11 08:13:59.042211072+00:00,980.0,1,12,1-12
2026-02-11 08:13:59.242211072+00:00,1143.0,1,12,1-12
2026-02-11 08:13:59.442211072+00:00,1297.0,1,12,1-12
2026-02-11 08:13:59.642211072+00:00,1445.0,1,12,1-12
2026-02-11 08:13:59.842211072+00:00,1573.0,1,12,1-12
2026-02-11 08:14:00.042211072+00:00,1737.0,1,12,1-12
2026-02-11 08:14:00.242211072+00:00,1877.0,1,12,1-12
2026-02-11 08:14:00.642211072+00:00,2133.0,1,12,1-12
2026-02-11 08:14:00.842211072+00:00,2195.0,1,12,1-12
2026-02-11 08:14:01.042211072+00:00,2249.0,1,12,1-12
2026-02-11 08:14:01.242211072+00:00,2290.0,1,12,1-12
2026-02-11 08:14:01.442211072+00:00,2342.0,1,12,1-12
2026-02-11 08:14:01.642211072+00:00,2461.0,1,12,1-12
2026-02-11 08:14:01.842211072+00:00,2514.0,1,12,1-12
2026-02-11 08:14:02.042211072+00:00,2597.0,1,12,1-12
2026-02-11 08:14:02.242211072+00:00,2665.0,1,12,1-12
2026-02-11 08:14:02.642211072+00:00,2781.0,1,12,1-12
2026-02-11 08:14:02.842211072+00:00,2814.0,1,12,1-12
2026-02-11 08:14:03.242211072+00:00,2850.0,1,12,1-12
2026-02-11 08:14:03.442211072+00:00,2894.0,1,12,1-12
2026-02-11 08:14:04.042211072+00:00,3009.0,1,12,1-12
2026-02-11 08:14:04.642211072+00:00,3127.0,1,12,1-12
2026-02-11 08:14:05.042211072+00:00,3180.0,1,12,1-12
2026-02-11 08:14:05.242211072+00:00,3217.0,1,12,1-12
2026-02-11 08:14:05.442211072+00:00,3251.0,1,12,1-12
2026-02-11 08:14:05.642211072+00:00,3279.0,1,12,1-12
2026-02-11 08:14:06.042211072+00:00,3395.0,1,12,1-12
2026-02-11 08:14:06.242211072+00:00,3414.0,1,12,1-12
2026-02-11 08:14:06.842211072+00:00,3507.0,1,12,1-12
2026-02-11 08:14:07.042211072+00:00,3536.0,1,12,1-12
2026-02-11 08:14:07.442211072+00:00,3657.0,1,12,1-12
2026-02-11 08:14:07.642211072+00:00,3663.0,1,12,1-12
2026-02-11 08:14:07.842211072+00:00,3652.0,1,12,1-12
2026-02-11 08:14:08.042211072+00:00,3676.0,1,12,1-12
2026-02-11 08:14:08.242211072+00:00,3706.0,1,12,1-12
2026-02-11 08:14:08.442211072+00:00,3799.0,1,12,1-12
2026-02-11 08:14:08.642211072+00:00,3821.0,1,12,1-12
2026-02-11 08:14:08.842211072+00:00,3831.0,1,12,1-12
2026-02-11 08:14:09.442211072+00:00,3957.0,1,12,1-12
2026-02-11 08:14:09.642211072+00:00,3969.0,1,12,1-12
2026-02-11 08:14:09.842211072+00:00,3967.0,1,12,1-12
2026-02-11 08:14:10.042211072+00:00,3970.0,1,12,1-12
2026-02-11 08:14:10.242211072+00:00,3994.0,1,12,1-12
2026-02-11 08:14:10.642211072+00:00,4048.0,1,12,1-12
2026-02-11 08:14:11.042211072+00:00,4068.0,1,12,1-12
2026-02-11 08:14:11.242211072+00:00,4076.0,1,12,1-12
2026-02-11 08:14:11.442211072+00:00,4089.0,1,12,1-12
2026-02-11 08:14:11.642211072+00:00,4127.0,1,12,1-12
2026-02-11 08:14:11.842211072+00:00,4171.0,1,12,1-12
2026-02-11 08:14:12.042211072+00:00,4188.0,1,12,1-12
2026-02-11 08:14:12.242211072+00:00,4195.0,1,12,1-12
2026-02-11 08:14:12.442211072+00:00,4227.0,1,12,1-12
2026-02-11 08:14:13.242211072+00:00,4274.0,1,12,1-12
2026-02-11 08:14:13.442211072+00:00,4292.0,1,12,1-12
2026-02-11 08:14:13.842211072+00:00,4348.0,1,12,1-12
2026-02-11 08:14:14.042211072+00:00,4342.0,1,12,1-12
2026-02-11 08:14:14.242211072+00:00,4361.0,1,12,1-12
2026-02-11 08:14:14.642211072+00:00,4384.0,1,12,1-12
2026-02-11 08:14:15.042211072+00:00,4416.0,1,12,1-12
2026-02-11 08:14:15.442211072+00:00,4459.0,1,12,1-12
2026-02-11 08:14:15.642211072+00:00,4463.0,1,12,1-12
2026-02-11 08:14:16.042211072+00:00,4509.0,1,12,1-12
2026-02-11 08:14:16.242211072+00:00,4504.0,1,12,1-12
2026-02-11 08:14:16.642211072+00:00,4544.0,1,12,1-12
2026-02-11 08:14:17.642211072+00:00,5402.0,1,12,1-12
2026-02-11 08:14:19.642211072+00:00,5554.0,1,12,1-12
2026-02-11 08:14:19.842211072+00:00,5372.0,1,12,1-12
2026-02-11 08:14:20.242211072+00:00,5010.0,1,12,1-12
2026-02-11 08:14:20.442211072+00:00,4814.0,1,12,1-12
2026-02-11 08:14:20.642211072+00:00,4921.0,1,12,1-12
2026-02-11 08:14:24.042211072+00:00,721.0,1,12,1-12
2026-02-11 08:14:24.242211072+00:00,521.0,1,12,1-12
2026-02-11 08:14:24.442211072+00:00,313.0,1,12,1-12
2026-02-11 08:14:24.642211072+00:00,110.0,1,12,1-12
2026-02-11 08:14:24.842211072+00:00,27.4,1,12,1-12
2026-02-11 08:14:25.042211072+00:00,27.1,1,12,1-12
2026-02-11 08:14:25.242211072+00:00,25.1,1,12,1-12
2026-02-11 08:14:25.442211072+00:00,27.0,1,12,1-12
2026-02-11 08:14:25.642211072+00:00,25.7,1,12,1-12
2026-02-11 08:14:25.842211072+00:00,28.5,1,12,1-12
2026-02-11 08:14:26.042211072+00:00,25.6,1,12,1-12
2026-02-11 08:14:26.242211072+00:00,25.9,1,12,1-12
2026-02-11 08:14:26.442211072+00:00,26.9,1,12,1-12
2026-02-11 08:14:26.642211072+00:00,24.8,1,12,1-12
2026-02-11 08:14:26.842211072+00:00,25.3,1,12,1-12
2026-02-11 08:14:27.042211072+00:00,29.5,1,12,1-12
2026-02-11 08:14:27.242211072+00:00,207.0,1,12,1-12
2026-02-11 08:14:28.642211072+00:00,18962.0,1,12,1-12
2026-02-11 08:14:28.842211072+00:00,18102.0,1,12,1-12
2026-02-11 08:14:29.042211072+00:00,17872.0,1,12,1-12
2026-02-11 08:14:29.442211072+00:00,16101.0,1,12,1-12
2026-02-11 08:14:29.642211072+00:00,14101.0,1,12,1-12
2026-02-11 08:14:30.442211072+00:00,10899.0,1,12,1-12
2026-02-11 08:14:30.642211072+00:00,10106.0,1,12,1-12
2026-02-11 08:14:30.842211072+00:00,9921.0,1,12,1-12
2026-02-11 08:14:31.442211072+00:00,8329.0,1,12,1-12
2026-02-11 08:14:31.642211072+00:00,7459.0,1,12,1-12
2026-02-11 08:14:32.042211072+00:00,5516.0,1,12,1-12
2026-02-11 08:14:33.042211072+00:00,553.0,1,12,1-12
2026-02-11 08:14:33.242211072+00:00,352.0,1,12,1-12
2026-02-11 08:14:33.442211072+00:00,139.0,1,12,1-12
2026-02-11 08:14:33.642211072+00:00,28.2,1,12,1-12
2026-02-11 08:14:33.842211072+00:00,24.3,1,12,1-12
2026-02-11 08:14:34.042211072+00:00,34.8,1,12,1-12
2026-02-11 08:14:34.242211072+00:00,25.4,1,12,1-12
2026-02-11 08:14:34.442211072+00:00,25.9,1,12,1-12
2026-02-11 08:14:34.642211072+00:00,25.6,1,12,1-12
2026-02-11 08:14:34.842211072+00:00,26.4,1,12,1-12
2026-02-11 08:14:35.042211072+00:00,24.4,1,12,1-12
2026-02-11 08:14:35.242211072+00:00,25.2,1,12,1-12
2026-02-11 08:14:35.442211072+00:00,31.5,1,12,1-12
2026-02-11 08:14:35.642211072+00:00,26.2,1,12,1-12
2026-02-11 08:14:35.842211072+00:00,24.7,1,12,1-12
2026-02-11 08:14:36.042211072+00:00,29.4,1,12,1-12
2026-02-11 08:14:36.242211072+00:00,24.6,1,12,1-12
2026-02-11 08:14:36.442211072+00:00,30.5,1,12,1-12
2026-02-11 08:14:36.642211072+00:00,32.9,1,12,1-12
2026-02-11 08:14:36.842211072+00:00,364.0,1,12,1-12
2026-02-11 08:14:37.042211072+00:00,282.0,1,12,1-12
2026-02-11 08:14:37.442211072+00:00,7138.0,1,12,1-12
2026-02-11 08:14:37.842211072+00:00,6018.0,1,12,1-12
2026-02-11 08:14:38.042211072+00:00,5014.0,1,12,1-12
2026-02-11 08:14:38.242211072+00:00,4014.0,1,12,1-12
2026-02-11 08:14:38.442211072+00:00,3031.0,1,12,1-12
2026-02-11 08:14:38.642211072+00:00,2029.0,1,12,1-12
2026-02-11 08:14:38.842211072+00:00,1035.0,1,12,1-12
2026-02-11 08:14:39.042211072+00:00,1830.0,1,12,1-12
2026-02-11 08:14:39.242211072+00:00,1035.0,1,12,1-12
2026-02-11 08:14:39.442211072+00:00,62.5,1,12,1-12
2026-02-11 08:14:39.642211072+00:00,496.0,1,12,1-12
2026-02-11 08:14:39.842211072+00:00,882.0,1,12,1-12
2026-02-11 08:14:40.042211072+00:00,722.0,1,12,1-12
2026-02-11 08:14:40.242211072+00:00,1151.0,1,12,1-12
2026-02-11 08:14:40.442211072+00:00,884.0,1,12,1-12
2026-02-11 08:14:40.642211072+00:00,743.0,1,12,1-12
2026-02-11 08:14:41.042211072+00:00,1023.0,1,12,1-12
2026-02-11 08:14:41.242211072+00:00,871.0,1,12,1-12
2026-02-11 08:14:41.442211072+00:00,1295.0,1,12,1-12
2026-02-11 08:14:42.042211072+00:00,878.0,1,12,1-12
2026-02-11 08:14:42.242211072+00:00,823.0,1,12,1-12
2026-02-11 08:14:42.442211072+00:00,613.0,1,12,1-12
2026-02-11 08:14:42.642211072+00:00,480.0,1,12,1-12
2026-02-11 08:14:42.842211072+00:00,634.0,1,12,1-12
2026-02-11 08:14:43.042211072+00:00,985.0,1,12,1-12
2026-02-11 08:14:43.242211072+00:00,1019.0,1,12,1-12
2026-02-11 08:14:43.442211072+00:00,554.0,1,12,1-12
2026-02-11 08:14:43.642211072+00:00,354.0,1,12,1-12
2026-02-11 08:14:43.842211072+00:00,153.0,1,12,1-12
2026-02-11 08:14:44.042211072+00:00,31.7,1,12,1-12
2026-02-11 08:14:44.242211072+00:00,211.0,1,12,1-12
2026-02-11 08:14:44.442211072+00:00,83.4,1,12,1-12
2026-02-11 08:14:45.442211072+00:00,1509.0,1,12,1-12
2026-02-11 08:14:45.642211072+00:00,435.0,1,12,1-12
2026-02-11 08:14:45.842211072+00:00,233.0,1,12,1-12
2026-02-11 08:14:46.042211072+00:00,42.0,1,12,1-12
2026-02-11 08:14:47.842211072+00:00,2024.0,1,12,1-12
2026-02-11 08:14:48.042211072+00:00,1040.0,1,12,1-12
2026-02-11 08:14:48.242211072+00:00,834.0,1,12,1-12
2026-02-11 08:14:48.442211072+00:00,633.0,1,12,1-12
2026-02-11 08:14:48.642211072+00:00,34.2,1,12,1-12
2026-02-11 08:14:49.442211072+00:00,3514.0,1,12,1-12
2026-02-11 08:14:49.842211072+00:00,1438.0,1,12,1-12
2026-02-11 08:14:50.042211072+00:00,893.0,1,12,1-12
2026-02-11 08:14:50.242211072+00:00,497.0,1,12,1-12
2026-02-11 08:14:50.442211072+00:00,298.0,1,12,1-12
2026-02-11 08:14:50.642211072+00:00,119.0,1,12,1-12
2026-02-11 08:14:50.842211072+00:00,382.0,1,12,1-12
2026-02-11 08:14:52.042211072+00:00,600.0,1,12,1-12
2026-02-11 08:14:52.242211072+00:00,393.0,1,12,1-12
2026-02-11 08:14:52.442211072+00:00,192.0,1,12,1-12
2026-02-11 08:14:52.642211072+00:00,25.2,1,12,1-12
2026-02-11 08:14:52.842211072+00:00,23.4,1,12,1-12
2026-02-11 08:14:53.042211072+00:00,25.6,1,12,1-12
2026-02-11 08:14:53.242211072+00:00,25.4,1,12,1-12
2026-02-11 08:14:53.442211072+00:00,25.5,1,12,1-12
2026-02-11 08:14:53.642211072+00:00,24.3,1,12,1-12
2026-02-11 08:14:53.842211072+00:00,26.0,1,12,1-12
2026-02-11 08:14:54.042211072+00:00,24.4,1,12,1-12
2026-02-11 08:14:54.242211072+00:00,24.7,1,12,1-12
2026-02-11 08:14:54.442211072+00:00,27.9,1,12,1-12
2026-02-11 08:14:54.642211072+00:00,25.3,1,12,1-12
2026-02-11 08:14:54.842211072+00:00,36.3,1,12,1-12
2026-02-11 08:14:55.042211072+00:00,39.2,1,12,1-12
2026-02-11 08:14:55.242211072+00:00,34.8,1,12,1-12
2026-02-11 08:14:55.442211072+00:00,43.3,1,12,1-12
2026-02-11 08:14:55.642211072+00:00,44.8,1,12,1-12
2026-02-11 08:14:55.842211072+00:00,45.8,1,12,1-12
2026-02-11 08:14:56.042211072+00:00,36.7,1,12,1-12
2026-02-11 08:14:56.242211072+00:00,168.0,1,12,1-12
2026-02-11 08:14:56.442211072+00:00,23.9,1,12,1-12
2026-02-11 08:14:56.642211072+00:00,24.6,1,12,1-12
2026-02-11 08:14:56.842211072+00:00,24.7,1,12,1-12
2026-02-11 08:14:57.042211072+00:00,37.8,1,12,1-12
2026-02-11 08:14:57.242211072+00:00,24.0,1,12,1-12
2026-02-11 08:14:57.442211072+00:00,29.8,1,12,1-12
2026-02-11 08:14:57.642211072+00:00,34.4,1,12,1-12
2026-02-11 08:14:57.842211072+00:00,24.4,1,12,1-12
2026-02-11 08:14:58.042211072+00:00,31.3,1,12,1-12
2026-02-11 08:14:58.242211072+00:00,25.7,1,12,1-12
2026-02-11 08:14:58.442211072+00:00,30.6,1,12,1-12
2026-02-11 08:14:58.642211072+00:00,1541.0,1,12,1-12
2026-02-11 08:14:59.042211072+00:00,895.0,1,12,1-12
2026-02-11 08:14:59.242211072+00:00,690.0,1,12,1-12
2026-02-11 08:14:59.442211072+00:00,321.0,1,12,1-12
2026-02-11 08:14:59.642211072+00:00,116.0,1,12,1-12
2026-02-11 08:14:59.842211072+00:00,63.1,1,12,1-12
2026-02-11 08:15:00.042211072+00:00,57.9,1,12,1-12
2026-02-11 08:15:00.842211072+00:00,1582.0,1,12,1-12
2026-02-11 08:15:01.042211072+00:00,1517.0,1,12,1-12
2026-02-11 08:15:01.242211072+00:00,1445.0,1,12,1-12
2026-02-11 08:15:01.442211072+00:00,1533.0,1,12,1-12
2026-02-11 08:15:01.642211072+00:00,1691.0,1,12,1-12
2026-02-11 08:15:01.842211072+00:00,1502.0,1,12,1-12
2026-02-11 08:15:02.042211072+00:00,1203.0,1,12,1-12
2026-02-11 08:15:02.242211072+00:00,1063.0,1,12,1-12
2026-02-11 08:15:02.442211072+00:00,902.0,1,12,1-12
2026-02-11 08:15:02.642211072+00:00,551.0,1,12,1-12
2026-02-11 08:15:02.842211072+00:00,350.0,1,12,1-12
2026-02-11 08:15:03.042211072+00:00,172.0,1,12,1-12
2026-02-11 08:15:03.242211072+00:00,90.5,1,12,1-12
2026-02-11 08:15:03.442211072+00:00,865.0,1,12,1-12
2026-02-11 08:15:04.242211072+00:00,1610.0,1,12,1-12
2026-02-11 08:15:04.442211072+00:00,609.0,1,12,1-12
2026-02-11 08:15:04.642211072+00:00,402.0,1,12,1-12
2026-02-11 08:15:04.842211072+00:00,164.0,1,12,1-12
2026-02-11 08:15:05.042211072+00:00,27.8,1,12,1-12
2026-02-11 08:15:05.242211072+00:00,179.0,1,12,1-12
2026-02-11 08:15:05.442211072+00:00,27.9,1,12,1-12
2026-02-11 08:15:05.642211072+00:00,25.9,1,12,1-12
2026-02-11 08:15:05.842211072+00:00,25.4,1,12,1-12
2026-02-11 08:15:06.042211072+00:00,37.6,1,12,1-12
2026-02-11 08:15:06.242211072+00:00,24.9,1,12,1-12
2026-02-11 08:15:06.442211072+00:00,29.8,1,12,1-12
2026-02-11 08:15:06.642211072+00:00,23.7,1,12,1-12
2026-02-11 08:15:06.842211072+00:00,25.3,1,12,1-12
2026-02-11 08:15:07.042211072+00:00,30.5,1,12,1-12
2026-02-11 08:15:07.242211072+00:00,34.6,1,12,1-12
2026-02-11 08:15:07.442211072+00:00,36.7,1,12,1-12
2026-02-11 08:15:07.642211072+00:00,42.4,1,12,1-12
2026-02-11 08:15:09.842211072+00:00,804.0,1,12,1-12
2026-02-11 08:15:10.042211072+00:00,599.0,1,12,1-12
2026-02-11 08:15:10.242211072+00:00,402.0,1,12,1-12
2026-02-11 08:15:10.442211072+00:00,201.0,1,12,1-12
2026-02-11 08:15:10.642211072+00:00,24.8,1,12,1-12
2026-02-11 08:15:10.842211072+00:00,45.3,1,12,1-12
2026-02-11 08:15:11.042211072+00:00,37.1,1,12,1-12
2026-02-11 08:15:11.242211072+00:00,30.1,1,12,1-12
2026-02-11 08:15:11.442211072+00:00,1066.0,1,12,1-12
2026-02-11 08:15:15.042211072+00:00,1317.0,1,12,1-12
2026-02-11 08:15:15.242211072+00:00,1079.0,1,12,1-12
2026-02-11 08:15:15.442211072+00:00,754.0,1,12,1-12
2026-02-11 08:15:15.642211072+00:00,567.0,1,12,1-12
2026-02-11 08:15:15.842211072+00:00,390.0,1,12,1-12
2026-02-11 08:15:16.042211072+00:00,195.0,1,12,1-12
2026-02-11 08:15:16.242211072+00:00,104.0,1,12,1-12
2026-02-11 08:15:16.642211072+00:00,3093.0,1,12,1-12
2026-02-11 08:15:17.042211072+00:00,1719.0,1,12,1-12
2026-02-11 08:15:17.242211072+00:00,1507.0,1,12,1-12
2026-02-11 08:15:17.442211072+00:00,1133.0,1,12,1-12
2026-02-11 08:15:17.642211072+00:00,143.0,1,12,1-12
2026-02-11 08:15:17.842211072+00:00,32.6,1,12,1-12
2026-02-11 08:15:18.042211072+00:00,45.8,1,12,1-12
2026-02-11 08:15:18.242211072+00:00,236.0,1,12,1-12
2026-02-11 08:15:18.442211072+00:00,519.0,1,12,1-12
2026-02-11 08:15:18.642211072+00:00,6113.0,1,12,1-12
2026-02-11 08:15:20.642211072+00:00,5817.0,1,12,1-12
2026-02-11 08:15:20.842211072+00:00,4867.0,1,12,1-12
2026-02-11 08:15:21.042211072+00:00,3954.0,1,12,1-12
2026-02-11 08:15:21.242211072+00:00,3034.0,1,12,1-12
2026-02-11 08:15:21.442211072+00:00,2725.0,1,12,1-12
2026-02-11 08:15:21.642211072+00:00,1952.0,1,12,1-12
2026-02-11 08:15:21.842211072+00:00,1009.0,1,12,1-12
2026-02-11 08:15:22.042211072+00:00,760.0,1,12,1-12
2026-02-11 08:15:22.242211072+00:00,473.0,1,12,1-12
2026-02-11 08:15:22.442211072+00:00,224.0,1,12,1-12
2026-02-11 08:15:22.642211072+00:00,31.1,1,12,1-12
2026-02-11 08:15:22.842211072+00:00,27.2,1,12,1-12
2026-02-11 08:15:23.042211072+00:00,387.0,1,12,1-12
2026-02-11 08:15:23.242211072+00:00,584.0,1,12,1-12
2026-02-11 08:15:23.442211072+00:00,771.0,1,12,1-12
2026-02-11 08:15:23.642211072+00:00,974.0,1,12,1-12
2026-02-11 08:15:24.242211072+00:00,6697.0,1,12,1-12
2026-02-11 08:15:24.442211072+00:00,6510.0,1,12,1-12
2026-02-11 08:15:24.842211072+00:00,5925.0,1,12,1-12
2026-02-11 08:15:25.042211072+00:00,3968.0,1,12,1-12
2026-02-11 08:15:25.242211072+00:00,1964.0,1,12,1-12
2026-02-11 08:15:25.442211072+00:00,963.0,1,12,1-12
2026-02-11 08:15:25.642211072+00:00,758.0,1,12,1-12
2026-02-11 08:15:25.842211072+00:00,562.0,1,12,1-12
2026-02-11 08:15:26.042211072+00:00,424.0,1,12,1-12
2026-02-11 08:15:26.242211072+00:00,282.0,1,12,1-12
2026-02-11 08:15:26.442211072+00:00,780.0,1,12,1-12
2026-02-11 08:15:26.842211072+00:00,1542.0,1,12,1-12
2026-02-11 08:15:27.042211072+00:00,382.0,1,12,1-12
2026-02-11 08:15:27.242211072+00:00,182.0,1,12,1-12
2026-02-11 08:15:27.442211072+00:00,1304.0,1,12,1-12
2026-02-11 08:15:27.642211072+00:00,1484.0,1,12,1-12
2026-02-11 08:15:27.842211072+00:00,1371.0,1,12,1-12
2026-02-11 08:15:28.042211072+00:00,1261.0,1,12,1-12
2026-02-11 08:15:28.442211072+00:00,2145.0,1,12,1-12
2026-02-11 08:15:29.842211072+00:00,1679.0,1,12,1-12
2026-02-11 08:15:30.042211072+00:00,692.0,1,12,1-12
2026-02-11 08:15:30.242211072+00:00,480.0,1,12,1-12
2026-02-11 08:15:30.442211072+00:00,273.0,1,12,1-12
2026-02-11 08:15:30.642211072+00:00,60.8,1,12,1-12
2026-02-11 08:15:30.842211072+00:00,102.0,1,12,1-12
2026-02-11 08:15:32.242211072+00:00,595.0,1,12,1-12
2026-02-11 08:15:32.442211072+00:00,394.0,1,12,1-12
2026-02-11 08:15:32.642211072+00:00,191.0,1,12,1-12
2026-02-11 08:15:32.842211072+00:00,40.1,1,12,1-12
2026-02-11 08:15:33.042211072+00:00,113.0,1,12,1-12
2026-02-11 08:15:33.242211072+00:00,272.0,1,12,1-12
2026-02-11 08:15:33.442211072+00:00,452.0,1,12,1-12
2026-02-11 08:15:33.642211072+00:00,591.0,1,12,1-12
2026-02-11 08:15:33.842211072+00:00,747.0,1,12,1-12
2026-02-11 08:15:34.042211072+00:00,904.0,1,12,1-12
2026-02-11 08:15:34.242211072+00:00,1145.0,1,12,1-12
2026-02-11 08:15:36.442211072+00:00,2817.0,1,12,1-12
2026-02-11 08:15:36.642211072+00:00,1816.0,1,12,1-12
2026-02-11 08:15:36.842211072+00:00,1608.0,1,12,1-12
2026-02-11 08:15:37.042211072+00:00,1313.0,1,12,1-12
2026-02-11 08:15:37.242211072+00:00,849.0,1,12,1-12
2026-02-11 08:15:37.442211072+00:00,730.0,1,12,1-12
2026-02-11 08:15:37.642211072+00:00,602.0,1,12,1-12
2026-02-11 08:15:37.842211072+00:00,419.0,1,12,1-12
2026-02-11 08:15:38.042211072+00:00,257.0,1,12,1-12
2026-02-11 08:15:38.242211072+00:00,207.0,1,12,1-12
2026-02-11 08:15:38.442211072+00:00,107.0,1,12,1-12
2026-02-11 08:15:38.642211072+00:00,24.5,1,12,1-12
2026-02-11 08:15:38.842211072+00:00,34.1,1,12,1-12
2026-02-11 08:15:39.042211072+00:00,28.7,1,12,1-12
2026-02-11 08:15:39.242211072+00:00,37.7,1,12,1-12
2026-02-11 08:15:39.442211072+00:00,26.7,1,12,1-12
2026-02-11 08:15:39.642211072+00:00,24.8,1,12,1-12
2026-02-11 08:15:39.842211072+00:00,27.4,1,12,1-12
2026-02-11 08:15:40.042211072+00:00,24.8,1,12,1-12
2026-02-11 08:15:40.242211072+00:00,25.1,1,12,1-12
2026-02-11 08:15:40.442211072+00:00,24.5,1,12,1-12
2026-02-11 08:15:41.042211072+00:00,554.0,1,12,1-12
2026-02-11 08:15:41.242211072+00:00,379.0,1,12,1-12
2026-02-11 08:15:41.442211072+00:00,163.0,1,12,1-12
2026-02-11 08:15:41.642211072+00:00,464.0,1,12,1-12
2026-02-11 08:15:41.842211072+00:00,337.0,1,12,1-12
2026-02-11 08:15:42.042211072+00:00,187.0,1,12,1-12
2026-02-11 08:15:42.242211072+00:00,430.0,1,12,1-12
2026-02-11 08:15:42.442211072+00:00,923.0,1,12,1-12
2026-02-11 08:15:42.842211072+00:00,15888.0,1,12,1-12
2026-02-11 08:15:48.242211072+00:00,2263.0,1,12,1-12
2026-02-11 08:15:48.442211072+00:00,1750.0,1,12,1-12
2026-02-11 08:15:48.842211072+00:00,862.0,1,12,1-12
2026-02-11 08:15:49.042211072+00:00,672.0,1,12,1-12
2026-02-11 08:15:49.242211072+00:00,461.0,1,12,1-12
2026-02-11 08:15:49.442211072+00:00,202.0,1,12,1-12
2026-02-11 08:15:49.642211072+00:00,31.3,1,12,1-12
2026-02-11 08:15:49.842211072+00:00,49.9,1,12,1-12
2026-02-11 08:15:50.042211072+00:00,31.1,1,12,1-12
2026-02-11 08:15:50.242211072+00:00,26.7,1,12,1-12
2026-02-11 08:15:50.442211072+00:00,32.4,1,12,1-12
2026-02-11 08:15:50.642211072+00:00,27.3,1,12,1-12
2026-02-11 08:15:50.842211072+00:00,26.1,1,12,1-12
2026-02-11 08:15:51.042211072+00:00,34.7,1,12,1-12
2026-02-11 08:15:51.242211072+00:00,1062.0,1,12,1-12
2026-02-11 08:15:51.442211072+00:00,878.0,1,12,1-12
2026-02-11 08:15:51.842211072+00:00,2154.0,1,12,1-12
2026-02-11 08:15:52.042211072+00:00,2673.0,1,12,1-12
2026-02-11 08:15:52.242211072+00:00,2489.0,1,12,1-12
2026-02-11 08:13:24.254195200+00:00,26.7,1,13,1-13
2026-02-11 08:13:24.454195200+00:00,26.8,1,13,1-13
2026-02-11 08:13:24.654195200+00:00,24.1,1,13,1-13
2026-02-11 08:13:24.854195200+00:00,23.5,1,13,1-13
2026-02-11 08:13:25.054195200+00:00,25.0,1,13,1-13
2026-02-11 08:13:25.254195200+00:00,37.0,1,13,1-13
2026-02-11 08:13:25.454195200+00:00,30.2,1,13,1-13
2026-02-11 08:13:25.654195200+00:00,29.0,1,13,1-13
2026-02-11 08:13:25.854195200+00:00,24.5,1,13,1-13
2026-02-11 08:13:26.054195200+00:00,23.7,1,13,1-13
2026-02-11 08:13:26.254195200+00:00,27.2,1,13,1-13
2026-02-11 08:13:26.454195200+00:00,26.3,1,13,1-13
2026-02-11 08:13:26.654195200+00:00,25.8,1,13,1-13
2026-02-11 08:13:26.854195200+00:00,24.5,1,13,1-13
2026-02-11 08:13:27.054195200+00:00,30.7,1,13,1-13
2026-02-11 08:13:27.254195200+00:00,25.8,1,13,1-13
2026-02-11 08:13:27.454195200+00:00,24.9,1,13,1-13
2026-02-11 08:13:27.654195200+00:00,25.6,1,13,1-13
2026-02-11 08:13:27.854195200+00:00,23.2,1,13,1-13
2026-02-11 08:13:28.054195200+00:00,32.1,1,13,1-13
2026-02-11 08:13:28.254195200+00:00,24.8,1,13,1-13
2026-02-11 08:13:28.454195200+00:00,30.7,1,13,1-13
2026-02-11 08:13:28.654195200+00:00,24.6,1,13,1-13
2026-02-11 08:13:28.854195200+00:00,24.9,1,13,1-13
2026-02-11 08:13:29.054195200+00:00,23.2,1,13,1-13
2026-02-11 08:13:29.254195200+00:00,36.4,1,13,1-13
2026-02-11 08:13:29.454195200+00:00,23.7,1,13,1-13
2026-02-11 08:13:29.654195200+00:00,25.5,1,13,1-13
2026-02-11 08:13:29.854195200+00:00,23.5,1,13,1-13
2026-02-11 08:13:30.054195200+00:00,25.1,1,13,1-13
2026-02-11 08:13:30.254195200+00:00,25.8,1,13,1-13
2026-02-11 08:13:30.454195200+00:00,23.9,1,13,1-13
2026-02-11 08:13:30.654195200+00:00,27.6,1,13,1-13
2026-02-11 08:13:30.854195200+00:00,24.4,1,13,1-13
2026-02-11 08:13:31.054195200+00:00,26.2,1,13,1-13
2026-02-11 08:13:31.254195200+00:00,26.4,1,13,1-13
2026-02-11 08:13:31.454195200+00:00,24.2,1,13,1-13
2026-02-11 08:13:31.654195200+00:00,32.6,1,13,1-13
2026-02-11 08:13:31.854195200+00:00,23.6,1,13,1-13
2026-02-11 08:13:32.054195200+00:00,28.0,1,13,1-13
2026-02-11 08:13:32.254195200+00:00,24.4,1,13,1-13
2026-02-11 08:13:32.454195200+00:00,27.0,1,13,1-13
2026-02-11 08:13:32.654195200+00:00,31.2,1,13,1-13
2026-02-11 08:13:32.854195200+00:00,33.2,1,13,1-13
2026-02-11 08:13:33.054195200+00:00,24.0,1,13,1-13
2026-02-11 08:13:33.254195200+00:00,33.2,1,13,1-13
2026-02-11 08:13:33.454195200+00:00,25.8,1,13,1-13
2026-02-11 08:13:33.654195200+00:00,27.8,1,13,1-13
2026-02-11 08:13:33.854195200+00:00,34.9,1,13,1-13
2026-02-11 08:13:34.054195200+00:00,33.2,1,13,1-13
2026-02-11 08:13:34.254195200+00:00,26.7,1,13,1-13
2026-02-11 08:13:34.454195200+00:00,33.1,1,13,1-13
2026-02-11 08:13:34.654195200+00:00,25.3,1,13,1-13
2026-02-11 08:13:34.854195200+00:00,31.2,1,13,1-13
2026-02-11 08:13:35.054195200+00:00,23.8,1,13,1-13
2026-02-11 08:13:35.254195200+00:00,25.0,1,13,1-13
2026-02-11 08:13:35.454195200+00:00,24.2,1,13,1-13
2026-02-11 08:13:35.654195200+00:00,32.9,1,13,1-13
2026-02-11 08:13:35.854195200+00:00,40.1,1,13,1-13
2026-02-11 08:13:36.054195200+00:00,58.6,1,13,1-13
2026-02-11 08:13:36.254195200+00:00,24.6,1,13,1-13
2026-02-11 08:13:36.454195200+00:00,34.3,1,13,1-13
2026-02-11 08:13:36.654195200+00:00,29.0,1,13,1-13
2026-02-11 08:13:36.854195200+00:00,24.3,1,13,1-13
2026-02-11 08:13:37.054195200+00:00,24.9,1,13,1-13
2026-02-11 08:13:37.254195200+00:00,31.8,1,13,1-13
2026-02-11 08:13:37.454195200+00:00,32.4,1,13,1-13
2026-02-11 08:13:37.654195200+00:00,25.4,1,13,1-13
2026-02-11 08:13:37.854195200+00:00,26.1,1,13,1-13
2026-02-11 08:13:38.054195200+00:00,28.4,1,13,1-13
2026-02-11 08:13:38.254195200+00:00,22.9,1,13,1-13
2026-02-11 08:13:38.454195200+00:00,37.7,1,13,1-13
2026-02-11 08:13:38.654195200+00:00,22.5,1,13,1-13
2026-02-11 08:13:38.854195200+00:00,34.6,1,13,1-13
2026-02-11 08:13:39.054195200+00:00,37.9,1,13,1-13
2026-02-11 08:13:39.254195200+00:00,41.5,1,13,1-13
2026-02-11 08:13:39.454195200+00:00,28.4,1,13,1-13
2026-02-11 08:13:39.654195200+00:00,24.5,1,13,1-13
2026-02-11 08:13:39.854195200+00:00,32.0,1,13,1-13
2026-02-11 08:13:40.054195200+00:00,23.0,1,13,1-13
2026-02-11 08:13:40.254195200+00:00,26.8,1,13,1-13
2026-02-11 08:13:40.454195200+00:00,24.2,1,13,1-13
2026-02-11 08:13:40.654195200+00:00,23.6,1,13,1-13
2026-02-11 08:13:40.854195200+00:00,25.3,1,13,1-13
2026-02-11 08:13:41.054195200+00:00,23.8,1,13,1-13
2026-02-11 08:13:41.254195200+00:00,24.8,1,13,1-13
2026-02-11 08:13:41.454195200+00:00,33.1,1,13,1-13
2026-02-11 08:13:41.654195200+00:00,31.9,1,13,1-13
2026-02-11 08:13:41.854195200+00:00,28.1,1,13,1-13
2026-02-11 08:13:42.054195200+00:00,23.9,1,13,1-13
2026-02-11 08:13:42.254195200+00:00,26.7,1,13,1-13
2026-02-11 08:13:42.454195200+00:00,23.1,1,13,1-13
2026-02-11 08:13:42.654195200+00:00,23.7,1,13,1-13
2026-02-11 08:13:42.854195200+00:00,25.9,1,13,1-13
2026-02-11 08:13:43.054195200+00:00,26.6,1,13,1-13
2026-02-11 08:13:43.254195200+00:00,49.9,1,13,1-13
2026-02-11 08:13:43.454195200+00:00,27.0,1,13,1-13
2026-02-11 08:13:43.654195200+00:00,25.1,1,13,1-13
2026-02-11 08:13:43.854195200+00:00,27.3,1,13,1-13
2026-02-11 08:13:44.054195200+00:00,29.5,1,13,1-13
2026-02-11 08:13:44.254195200+00:00,32.2,1,13,1-13
2026-02-11 08:13:44.454195200+00:00,31.9,1,13,1-13
2026-02-11 08:13:44.654195200+00:00,24.9,1,13,1-13
2026-02-11 08:13:44.854195200+00:00,26.4,1,13,1-13
2026-02-11 08:13:45.054195200+00:00,25.0,1,13,1-13
2026-02-11 08:13:45.254195200+00:00,23.5,1,13,1-13
2026-02-11 08:13:45.454195200+00:00,22.6,1,13,1-13
2026-02-11 08:13:45.654195200+00:00,23.5,1,13,1-13
2026-02-11 08:13:45.854195200+00:00,23.5,1,13,1-13
2026-02-11 08:13:46.054195200+00:00,25.8,1,13,1-13
2026-02-11 08:13:46.254195200+00:00,25.8,1,13,1-13
2026-02-11 08:13:46.454195200+00:00,23.2,1,13,1-13
2026-02-11 08:13:46.654195200+00:00,28.7,1,13,1-13
2026-02-11 08:13:46.854195200+00:00,35.0,1,13,1-13
2026-02-11 08:13:47.054195200+00:00,38.8,1,13,1-13
2026-02-11 08:13:47.254195200+00:00,29.2,1,13,1-13
2026-02-11 08:13:47.454195200+00:00,23.3,1,13,1-13
2026-02-11 08:13:47.654195200+00:00,25.5,1,13,1-13
2026-02-11 08:13:47.854195200+00:00,25.8,1,13,1-13
2026-02-11 08:13:48.054195200+00:00,25.4,1,13,1-13
2026-02-11 08:13:48.254195200+00:00,24.7,1,13,1-13
2026-02-11 08:13:48.454195200+00:00,31.5,1,13,1-13
2026-02-11 08:13:48.654195200+00:00,26.2,1,13,1-13
2026-02-11 08:13:48.854195200+00:00,24.0,1,13,1-13
2026-02-11 08:13:49.054195200+00:00,29.7,1,13,1-13
2026-02-11 08:13:49.254195200+00:00,27.1,1,13,1-13
2026-02-11 08:13:49.454195200+00:00,24.3,1,13,1-13
2026-02-11 08:13:49.654195200+00:00,28.0,1,13,1-13
2026-02-11 08:13:49.854195200+00:00,29.1,1,13,1-13
2026-02-11 08:13:50.054195200+00:00,34.4,1,13,1-13
2026-02-11 08:13:50.254195200+00:00,41.7,1,13,1-13
2026-02-11 08:13:50.454195200+00:00,35.4,1,13,1-13
2026-02-11 08:13:50.654195200+00:00,26.2,1,13,1-13
2026-02-11 08:13:50.854195200+00:00,25.8,1,13,1-13
2026-02-11 08:13:51.054195200+00:00,23.7,1,13,1-13
2026-02-11 08:13:51.254195200+00:00,32.0,1,13,1-13
2026-02-11 08:13:51.454195200+00:00,25.6,1,13,1-13
2026-02-11 08:13:51.654195200+00:00,34.1,1,13,1-13
2026-02-11 08:13:51.854195200+00:00,24.5,1,13,1-13
2026-02-11 08:13:52.054195200+00:00,26.5,1,13,1-13
2026-02-11 08:13:52.254195200+00:00,24.7,1,13,1-13
2026-02-11 08:13:52.454195200+00:00,28.5,1,13,1-13
2026-02-11 08:13:52.654195200+00:00,28.3,1,13,1-13
2026-02-11 08:13:52.854195200+00:00,29.0,1,13,1-13
2026-02-11 08:13:53.054195200+00:00,30.0,1,13,1-13
2026-02-11 08:13:53.254195200+00:00,24.1,1,13,1-13
2026-02-11 08:13:53.454195200+00:00,24.5,1,13,1-13
2026-02-11 08:13:53.654195200+00:00,31.3,1,13,1-13
2026-02-11 08:13:53.854195200+00:00,25.2,1,13,1-13
2026-02-11 08:13:54.054195200+00:00,24.7,1,13,1-13
2026-02-11 08:13:54.254195200+00:00,30.1,1,13,1-13
2026-02-11 08:13:54.454195200+00:00,30.0,1,13,1-13
2026-02-11 08:13:54.654195200+00:00,23.2,1,13,1-13
2026-02-11 08:13:54.854195200+00:00,23.6,1,13,1-13
2026-02-11 08:13:55.054195200+00:00,24.3,1,13,1-13
2026-02-11 08:13:55.254195200+00:00,24.3,1,13,1-13
2026-02-11 08:13:55.454195200+00:00,24.7,1,13,1-13
2026-02-11 08:13:55.654195200+00:00,23.1,1,13,1-13
2026-02-11 08:13:56.054195200+00:00,2985.0,1,13,1-13
2026-02-11 08:13:56.454195200+00:00,1156.0,1,13,1-13
2026-02-11 08:13:56.654195200+00:00,949.0,1,13,1-13
2026-02-11 08:13:56.854195200+00:00,729.0,1,13,1-13
2026-02-11 08:13:57.054195200+00:00,442.0,1,13,1-13
2026-02-11 08:13:57.254195200+00:00,241.0,1,13,1-13
2026-02-11 08:13:57.454195200+00:00,69.0,1,13,1-13
2026-02-11 08:13:57.654195200+00:00,23.1,1,13,1-13
2026-02-11 08:13:57.854195200+00:00,23.6,1,13,1-13
2026-02-11 08:13:58.054195200+00:00,28.5,1,13,1-13
2026-02-11 08:13:58.254195200+00:00,31.6,1,13,1-13
2026-02-11 08:13:58.454195200+00:00,24.8,1,13,1-13
2026-02-11 08:13:58.654195200+00:00,24.8,1,13,1-13
2026-02-11 08:13:58.854195200+00:00,29.5,1,13,1-13
2026-02-11 08:13:59.054195200+00:00,25.9,1,13,1-13
2026-02-11 08:13:59.254195200+00:00,40.7,1,13,1-13
2026-02-11 08:13:59.454195200+00:00,23.6,1,13,1-13
2026-02-11 08:13:59.654195200+00:00,23.9,1,13,1-13
2026-02-11 08:13:59.854195200+00:00,29.3,1,13,1-13
2026-02-11 08:14:00.054195200+00:00,22.8,1,13,1-13
2026-02-11 08:14:00.254195200+00:00,23.2,1,13,1-13
2026-02-11 08:14:00.454195200+00:00,34.2,1,13,1-13
2026-02-11 08:14:00.654195200+00:00,26.6,1,13,1-13
2026-02-11 08:14:00.854195200+00:00,30.8,1,13,1-13
2026-02-11 08:14:01.054195200+00:00,23.9,1,13,1-13
2026-02-11 08:14:01.254195200+00:00,23.5,1,13,1-13
2026-02-11 08:14:01.454195200+00:00,41.6,1,13,1-13
2026-02-11 08:14:01.654195200+00:00,23.9,1,13,1-13
2026-02-11 08:14:01.854195200+00:00,24.8,1,13,1-13
2026-02-11 08:14:02.054195200+00:00,30.9,1,13,1-13
2026-02-11 08:14:02.254195200+00:00,28.3,1,13,1-13
2026-02-11 08:14:02.454195200+00:00,27.1,1,13,1-13
2026-02-11 08:14:02.654195200+00:00,23.6,1,13,1-13
2026-02-11 08:14:02.854195200+00:00,24.0,1,13,1-13
2026-02-11 08:14:03.054195200+00:00,25.8,1,13,1-13
2026-02-11 08:14:03.254195200+00:00,24.4,1,13,1-13
2026-02-11 08:14:03.454195200+00:00,27.8,1,13,1-13
2026-02-11 08:14:03.654195200+00:00,26.9,1,13,1-13
2026-02-11 08:14:03.854195200+00:00,27.1,1,13,1-13
2026-02-11 08:14:04.054195200+00:00,30.7,1,13,1-13
2026-02-11 08:14:04.254195200+00:00,23.1,1,13,1-13
2026-02-11 08:14:04.454195200+00:00,28.5,1,13,1-13
2026-02-11 08:14:04.654195200+00:00,22.8,1,13,1-13
2026-02-11 08:14:04.854195200+00:00,24.9,1,13,1-13
2026-02-11 08:14:05.054195200+00:00,30.7,1,13,1-13
2026-02-11 08:14:05.254195200+00:00,28.1,1,13,1-13
2026-02-11 08:14:05.454195200+00:00,25.7,1,13,1-13
2026-02-11 08:14:05.654195200+00:00,25.1,1,13,1-13
2026-02-11 08:14:05.854195200+00:00,29.4,1,13,1-13
2026-02-11 08:14:06.054195200+00:00,23.9,1,13,1-13
2026-02-11 08:14:06.254195200+00:00,29.9,1,13,1-13
2026-02-11 08:14:06.454195200+00:00,48.7,1,13,1-13
2026-02-11 08:14:06.654195200+00:00,23.9,1,13,1-13
2026-02-11 08:14:06.854195200+00:00,23.9,1,13,1-13
2026-02-11 08:14:07.054195200+00:00,25.5,1,13,1-13
2026-02-11 08:14:07.254195200+00:00,24.0,1,13,1-13
2026-02-11 08:14:07.454195200+00:00,25.5,1,13,1-13
2026-02-11 08:14:07.654195200+00:00,24.6,1,13,1-13
2026-02-11 08:14:07.854195200+00:00,26.3,1,13,1-13
2026-02-11 08:14:08.054195200+00:00,28.5,1,13,1-13
2026-02-11 08:14:08.254195200+00:00,23.5,1,13,1-13
2026-02-11 08:14:08.454195200+00:00,25.4,1,13,1-13
2026-02-11 08:14:08.654195200+00:00,32.5,1,13,1-13
2026-02-11 08:14:08.854195200+00:00,26.6,1,13,1-13
2026-02-11 08:14:09.054195200+00:00,23.4,1,13,1-13
2026-02-11 08:14:09.254195200+00:00,23.3,1,13,1-13
2026-02-11 08:14:09.454195200+00:00,28.7,1,13,1-13
2026-02-11 08:14:09.654195200+00:00,31.7,1,13,1-13
2026-02-11 08:14:09.854195200+00:00,24.3,1,13,1-13
2026-02-11 08:14:10.054195200+00:00,25.3,1,13,1-13
2026-02-11 08:14:10.254195200+00:00,25.5,1,13,1-13
2026-02-11 08:14:10.454195200+00:00,24.7,1,13,1-13
2026-02-11 08:14:10.654195200+00:00,25.1,1,13,1-13
2026-02-11 08:14:10.854195200+00:00,37.6,1,13,1-13
2026-02-11 08:14:11.054195200+00:00,32.7,1,13,1-13
2026-02-11 08:14:11.254195200+00:00,33.5,1,13,1-13
2026-02-11 08:14:11.454195200+00:00,26.6,1,13,1-13
2026-02-11 08:14:11.654195200+00:00,25.1,1,13,1-13
2026-02-11 08:14:11.854195200+00:00,25.4,1,13,1-13
2026-02-11 08:14:12.054195200+00:00,26.0,1,13,1-13
2026-02-11 08:14:12.254195200+00:00,23.1,1,13,1-13
2026-02-11 08:14:12.454195200+00:00,24.7,1,13,1-13
2026-02-11 08:14:12.654195200+00:00,23.9,1,13,1-13
2026-02-11 08:14:12.854195200+00:00,25.4,1,13,1-13
2026-02-11 08:14:13.054195200+00:00,24.0,1,13,1-13
2026-02-11 08:14:13.254195200+00:00,22.9,1,13,1-13
2026-02-11 08:14:13.454195200+00:00,26.0,1,13,1-13
2026-02-11 08:14:13.654195200+00:00,23.4,1,13,1-13
2026-02-11 08:14:13.854195200+00:00,25.0,1,13,1-13
2026-02-11 08:14:14.054195200+00:00,28.1,1,13,1-13
2026-02-11 08:14:14.254195200+00:00,24.5,1,13,1-13
2026-02-11 08:14:14.454195200+00:00,26.3,1,13,1-13
2026-02-11 08:14:14.654195200+00:00,31.7,1,13,1-13
2026-02-11 08:14:14.854195200+00:00,24.2,1,13,1-13
2026-02-11 08:14:15.054195200+00:00,23.7,1,13,1-13
2026-02-11 08:14:15.254195200+00:00,26.6,1,13,1-13
2026-02-11 08:14:15.454195200+00:00,25.0,1,13,1-13
2026-02-11 08:14:15.654195200+00:00,23.1,1,13,1-13
2026-02-11 08:14:15.854195200+00:00,24.3,1,13,1-13
2026-02-11 08:14:16.054195200+00:00,23.7,1,13,1-13
2026-02-11 08:14:16.254195200+00:00,23.2,1,13,1-13
2026-02-11 08:14:16.454195200+00:00,30.5,1,13,1-13
2026-02-11 08:14:16.654195200+00:00,30.0,1,13,1-13
2026-02-11 08:14:16.854195200+00:00,25.8,1,13,1-13
2026-02-11 08:14:17.054195200+00:00,23.3,1,13,1-13
2026-02-11 08:14:17.254195200+00:00,25.6,1,13,1-13
2026-02-11 08:14:17.454195200+00:00,25.2,1,13,1-13
2026-02-11 08:14:17.654195200+00:00,23.9,1,13,1-13
2026-02-11 08:14:17.854195200+00:00,30.5,1,13,1-13
2026-02-11 08:14:18.054195200+00:00,26.8,1,13,1-13
2026-02-11 08:14:18.254195200+00:00,35.3,1,13,1-13
2026-02-11 08:14:18.454195200+00:00,37.4,1,13,1-13
2026-02-11 08:14:18.654195200+00:00,26.5,1,13,1-13
2026-02-11 08:14:18.854195200+00:00,25.0,1,13,1-13
2026-02-11 08:14:19.054195200+00:00,25.4,1,13,1-13
2026-02-11 08:14:19.254195200+00:00,23.8,1,13,1-13
2026-02-11 08:14:19.454195200+00:00,29.6,1,13,1-13
2026-02-11 08:14:19.654195200+00:00,23.3,1,13,1-13
2026-02-11 08:14:19.854195200+00:00,32.5,1,13,1-13
2026-02-11 08:14:20.054195200+00:00,26.0,1,13,1-13
2026-02-11 08:14:20.254195200+00:00,26.6,1,13,1-13
2026-02-11 08:14:20.454195200+00:00,24.6,1,13,1-13
2026-02-11 08:14:20.654195200+00:00,32.1,1,13,1-13
2026-02-11 08:14:20.854195200+00:00,29.3,1,13,1-13
2026-02-11 08:14:21.054195200+00:00,24.2,1,13,1-13
2026-02-11 08:14:21.254195200+00:00,24.6,1,13,1-13
2026-02-11 08:14:21.454195200+00:00,1534.0,1,13,1-13
2026-02-11 08:14:22.054195200+00:00,996.0,1,13,1-13
2026-02-11 08:14:22.254195200+00:00,803.0,1,13,1-13
2026-02-11 08:14:22.454195200+00:00,592.0,1,13,1-13
2026-02-11 08:14:22.654195200+00:00,400.0,1,13,1-13
2026-02-11 08:14:22.854195200+00:00,211.0,1,13,1-13
2026-02-11 08:14:23.054195200+00:00,44.4,1,13,1-13
2026-02-11 08:14:23.254195200+00:00,137.0,1,13,1-13
2026-02-11 08:14:24.054195200+00:00,705.0,1,13,1-13
2026-02-11 08:14:24.254195200+00:00,504.0,1,13,1-13
2026-02-11 08:14:24.454195200+00:00,298.0,1,13,1-13
2026-02-11 08:14:24.654195200+00:00,94.3,1,13,1-13
2026-02-11 08:14:24.854195200+00:00,29.9,1,13,1-13
2026-02-11 08:14:25.054195200+00:00,24.5,1,13,1-13
2026-02-11 08:14:25.254195200+00:00,24.7,1,13,1-13
2026-02-11 08:14:25.454195200+00:00,27.2,1,13,1-13
2026-02-11 08:14:25.654195200+00:00,24.5,1,13,1-13
2026-02-11 08:14:25.854195200+00:00,28.7,1,13,1-13
2026-02-11 08:14:26.054195200+00:00,24.2,1,13,1-13
2026-02-11 08:14:26.254195200+00:00,24.2,1,13,1-13
2026-02-11 08:14:26.454195200+00:00,26.1,1,13,1-13
2026-02-11 08:14:26.654195200+00:00,27.2,1,13,1-13
2026-02-11 08:14:26.854195200+00:00,27.3,1,13,1-13
2026-02-11 08:14:27.054195200+00:00,30.7,1,13,1-13
2026-02-11 08:14:27.254195200+00:00,31.6,1,13,1-13
2026-02-11 08:14:27.454195200+00:00,562.0,1,13,1-13
2026-02-11 08:14:27.654195200+00:00,738.0,1,13,1-13
2026-02-11 08:14:27.854195200+00:00,1067.0,1,13,1-13
2026-02-11 08:14:28.054195200+00:00,1371.0,1,13,1-13
2026-02-11 08:14:28.254195200+00:00,1170.0,1,13,1-13
2026-02-11 08:14:28.454195200+00:00,1184.0,1,13,1-13
2026-02-11 08:14:28.654195200+00:00,1143.0,1,13,1-13
2026-02-11 08:14:28.854195200+00:00,7795.0,1,13,1-13
2026-02-11 08:14:29.054195200+00:00,7514.0,1,13,1-13
2026-02-11 08:14:29.254195200+00:00,7608.0,1,13,1-13
2026-02-11 08:14:29.454195200+00:00,6992.0,1,13,1-13
2026-02-11 08:14:29.654195200+00:00,6016.0,1,13,1-13
2026-02-11 08:14:29.854195200+00:00,5068.0,1,13,1-13
2026-02-11 08:14:30.054195200+00:00,4102.0,1,13,1-13
2026-02-11 08:14:30.254195200+00:00,3128.0,1,13,1-13
2026-02-11 08:14:30.454195200+00:00,3000.0,1,13,1-13
2026-02-11 08:14:30.654195200+00:00,2017.0,1,13,1-13
2026-02-11 08:14:31.654195200+00:00,8039.0,1,13,1-13
2026-02-11 08:14:31.854195200+00:00,7062.0,1,13,1-13
2026-02-11 08:14:32.054195200+00:00,6085.0,1,13,1-13
2026-02-11 08:14:32.254195200+00:00,5085.0,1,13,1-13
2026-02-11 08:14:32.454195200+00:00,4105.0,1,13,1-13
2026-02-11 08:14:32.654195200+00:00,3108.0,1,13,1-13
2026-02-11 08:14:32.854195200+00:00,2107.0,1,13,1-13
2026-02-11 08:14:33.054195200+00:00,1138.0,1,13,1-13
2026-02-11 08:14:33.254195200+00:00,144.0,1,13,1-13
2026-02-11 08:14:33.454195200+00:00,515.0,1,13,1-13
2026-02-11 08:14:33.654195200+00:00,320.0,1,13,1-13
2026-02-11 08:14:33.854195200+00:00,106.0,1,13,1-13
2026-02-11 08:14:34.054195200+00:00,24.3,1,13,1-13
2026-02-11 08:14:34.254195200+00:00,32.4,1,13,1-13
2026-02-11 08:14:34.454195200+00:00,23.3,1,13,1-13
2026-02-11 08:14:34.654195200+00:00,28.8,1,13,1-13
2026-02-11 08:14:34.854195200+00:00,29.6,1,13,1-13
2026-02-11 08:14:35.054195200+00:00,25.3,1,13,1-13
2026-02-11 08:14:35.254195200+00:00,23.1,1,13,1-13
2026-02-11 08:14:35.454195200+00:00,30.4,1,13,1-13
2026-02-11 08:14:35.654195200+00:00,31.5,1,13,1-13
2026-02-11 08:14:35.854195200+00:00,25.0,1,13,1-13
2026-02-11 08:14:36.054195200+00:00,23.4,1,13,1-13
2026-02-11 08:14:36.254195200+00:00,22.8,1,13,1-13
2026-02-11 08:14:36.454195200+00:00,30.0,1,13,1-13
2026-02-11 08:14:36.654195200+00:00,25.2,1,13,1-13
2026-02-11 08:14:36.854195200+00:00,24.9,1,13,1-13
2026-02-11 08:14:37.054195200+00:00,26.6,1,13,1-13
2026-02-11 08:14:37.254195200+00:00,268.0,1,13,1-13
2026-02-11 08:14:37.454195200+00:00,114.0,1,13,1-13
2026-02-11 08:14:37.654195200+00:00,2041.0,1,13,1-13
2026-02-11 08:14:37.854195200+00:00,8363.0,1,13,1-13
2026-02-11 08:14:38.054195200+00:00,7154.0,1,13,1-13
2026-02-11 08:14:38.254195200+00:00,6165.0,1,13,1-13
2026-02-11 08:14:38.454195200+00:00,5159.0,1,13,1-13
2026-02-11 08:14:38.654195200+00:00,4177.0,1,13,1-13
2026-02-11 08:14:38.854195200+00:00,3171.0,1,13,1-13
2026-02-11 08:14:39.054195200+00:00,2175.0,1,13,1-13
2026-02-11 08:14:39.254195200+00:00,2079.0,1,13,1-13
2026-02-11 08:14:39.454195200+00:00,1366.0,1,13,1-13
2026-02-11 08:14:39.654195200+00:00,426.0,1,13,1-13
2026-02-11 08:14:40.254195200+00:00,1277.0,1,13,1-13
2026-02-11 08:14:40.454195200+00:00,1168.0,1,13,1-13
2026-02-11 08:14:40.654195200+00:00,955.0,1,13,1-13
2026-02-11 08:14:40.854195200+00:00,939.0,1,13,1-13
2026-02-11 08:14:41.254195200+00:00,1024.0,1,13,1-13
2026-02-11 08:14:41.454195200+00:00,1246.0,1,13,1-13
2026-02-11 08:14:41.654195200+00:00,1066.0,1,13,1-13
2026-02-11 08:14:41.854195200+00:00,1390.0,1,13,1-13
2026-02-11 08:14:42.054195200+00:00,908.0,1,13,1-13
2026-02-11 08:14:42.254195200+00:00,816.0,1,13,1-13
2026-02-11 08:14:42.454195200+00:00,596.0,1,13,1-13
2026-02-11 08:14:42.654195200+00:00,410.0,1,13,1-13
2026-02-11 08:14:42.854195200+00:00,331.0,1,13,1-13
2026-02-11 08:14:43.054195200+00:00,778.0,1,13,1-13
2026-02-11 08:14:43.254195200+00:00,635.0,1,13,1-13
2026-02-11 08:14:43.454195200+00:00,381.0,1,13,1-13
2026-02-11 08:14:43.654195200+00:00,178.0,1,13,1-13
2026-02-11 08:14:43.854195200+00:00,48.9,1,13,1-13
2026-02-11 08:14:44.054195200+00:00,68.1,1,13,1-13
2026-02-11 08:14:44.254195200+00:00,91.3,1,13,1-13
2026-02-11 08:14:45.254195200+00:00,1494.0,1,13,1-13
2026-02-11 08:14:45.454195200+00:00,495.0,1,13,1-13
2026-02-11 08:14:45.654195200+00:00,322.0,1,13,1-13
2026-02-11 08:14:47.654195200+00:00,1532.0,1,13,1-13
2026-02-11 08:14:47.854195200+00:00,534.0,1,13,1-13
2026-02-11 08:14:48.054195200+00:00,329.0,1,13,1-13
2026-02-11 08:14:48.254195200+00:00,131.0,1,13,1-13
2026-02-11 08:14:48.454195200+00:00,57.0,1,13,1-13
2026-02-11 08:14:49.254195200+00:00,2430.0,1,13,1-13
2026-02-11 08:14:49.454195200+00:00,1392.0,1,13,1-13
2026-02-11 08:14:49.654195200+00:00,855.0,1,13,1-13
2026-02-11 08:14:49.854195200+00:00,464.0,1,13,1-13
2026-02-11 08:14:50.054195200+00:00,256.0,1,13,1-13
2026-02-11 08:14:50.254195200+00:00,66.6,1,13,1-13
2026-02-11 08:14:50.454195200+00:00,53.9,1,13,1-13
2026-02-11 08:14:51.654195200+00:00,573.0,1,13,1-13
2026-02-11 08:14:51.854195200+00:00,363.0,1,13,1-13
2026-02-11 08:14:52.054195200+00:00,161.0,1,13,1-13
2026-02-11 08:14:52.254195200+00:00,29.4,1,13,1-13
2026-02-11 08:14:52.454195200+00:00,25.1,1,13,1-13
2026-02-11 08:14:52.654195200+00:00,25.9,1,13,1-13
2026-02-11 08:14:52.854195200+00:00,24.4,1,13,1-13
2026-02-11 08:14:53.054195200+00:00,23.5,1,13,1-13
2026-02-11 08:14:53.254195200+00:00,24.5,1,13,1-13
2026-02-11 08:14:53.454195200+00:00,24.5,1,13,1-13
2026-02-11 08:14:53.654195200+00:00,31.3,1,13,1-13
2026-02-11 08:14:53.854195200+00:00,34.9,1,13,1-13
2026-02-11 08:14:54.054195200+00:00,25.6,1,13,1-13
2026-02-11 08:14:54.254195200+00:00,24.5,1,13,1-13
2026-02-11 08:14:54.454195200+00:00,36.3,1,13,1-13
2026-02-11 08:14:54.654195200+00:00,44.8,1,13,1-13
2026-02-11 08:14:54.854195200+00:00,30.6,1,13,1-13
2026-02-11 08:14:55.054195200+00:00,46.7,1,13,1-13
2026-02-11 08:14:55.254195200+00:00,35.8,1,13,1-13
2026-02-11 08:14:55.454195200+00:00,51.1,1,13,1-13
2026-02-11 08:14:55.654195200+00:00,41.5,1,13,1-13
2026-02-11 08:14:55.854195200+00:00,156.0,1,13,1-13
2026-02-11 08:14:56.054195200+00:00,24.0,1,13,1-13
2026-02-11 08:14:56.254195200+00:00,27.1,1,13,1-13
2026-02-11 08:14:56.454195200+00:00,47.4,1,13,1-13
2026-02-11 08:14:56.654195200+00:00,38.1,1,13,1-13
2026-02-11 08:14:56.854195200+00:00,52.0,1,13,1-13
2026-02-11 08:14:57.054195200+00:00,60.0,1,13,1-13
2026-02-11 08:14:57.254195200+00:00,62.0,1,13,1-13
2026-02-11 08:14:57.454195200+00:00,51.7,1,13,1-13
2026-02-11 08:14:57.654195200+00:00,66.3,1,13,1-13
2026-02-11 08:14:57.854195200+00:00,76.1,1,13,1-13
2026-02-11 08:14:58.054195200+00:00,86.5,1,13,1-13
2026-02-11 08:14:58.654195200+00:00,1139.0,1,13,1-13
2026-02-11 08:14:58.854195200+00:00,928.0,1,13,1-13
2026-02-11 08:14:59.054195200+00:00,807.0,1,13,1-13
2026-02-11 08:14:59.254195200+00:00,657.0,1,13,1-13
2026-02-11 08:14:59.454195200+00:00,501.0,1,13,1-13
2026-02-11 08:15:00.654195200+00:00,1641.0,1,13,1-13
2026-02-11 08:15:00.854195200+00:00,1651.0,1,13,1-13
2026-02-11 08:15:01.054195200+00:00,1538.0,1,13,1-13
2026-02-11 08:15:01.254195200+00:00,1639.0,1,13,1-13
2026-02-11 08:15:01.454195200+00:00,1877.0,1,13,1-13
2026-02-11 08:15:01.654195200+00:00,1491.0,1,13,1-13
2026-02-11 08:15:01.854195200+00:00,1311.0,1,13,1-13
2026-02-11 08:15:02.254195200+00:00,752.0,1,13,1-13
2026-02-11 08:15:02.454195200+00:00,504.0,1,13,1-13
2026-02-11 08:15:02.654195200+00:00,301.0,1,13,1-13
2026-02-11 08:15:02.854195200+00:00,122.0,1,13,1-13
2026-02-11 08:15:03.054195200+00:00,71.3,1,13,1-13
2026-02-11 08:15:03.854195200+00:00,3642.0,1,13,1-13
2026-02-11 08:15:04.054195200+00:00,2650.0,1,13,1-13
2026-02-11 08:15:04.254195200+00:00,1645.0,1,13,1-13
2026-02-11 08:15:04.454195200+00:00,636.0,1,13,1-13
2026-02-11 08:15:04.654195200+00:00,426.0,1,13,1-13
2026-02-11 08:15:04.854195200+00:00,190.0,1,13,1-13
2026-02-11 08:15:05.054195200+00:00,35.9,1,13,1-13
2026-02-11 08:15:05.254195200+00:00,51.5,1,13,1-13
2026-02-11 08:15:05.454195200+00:00,35.4,1,13,1-13
2026-02-11 08:15:05.654195200+00:00,33.5,1,13,1-13
2026-02-11 08:15:05.854195200+00:00,23.2,1,13,1-13
2026-02-11 08:15:06.054195200+00:00,32.3,1,13,1-13
2026-02-11 08:15:06.254195200+00:00,30.0,1,13,1-13
2026-02-11 08:15:06.454195200+00:00,24.3,1,13,1-13
2026-02-11 08:15:06.654195200+00:00,24.0,1,13,1-13
2026-02-11 08:15:06.854195200+00:00,23.6,1,13,1-13
2026-02-11 08:15:07.054195200+00:00,25.6,1,13,1-13
2026-02-11 08:15:07.254195200+00:00,35.8,1,13,1-13
2026-02-11 08:15:07.454195200+00:00,41.2,1,13,1-13
2026-02-11 08:15:07.654195200+00:00,38.9,1,13,1-13
2026-02-11 08:15:08.454195200+00:00,2717.0,1,13,1-13
2026-02-11 08:15:09.854195200+00:00,1435.0,1,13,1-13
2026-02-11 08:15:10.054195200+00:00,816.0,1,13,1-13
2026-02-11 08:15:10.254195200+00:00,611.0,1,13,1-13
2026-02-11 08:15:10.454195200+00:00,405.0,1,13,1-13
2026-02-11 08:15:10.654195200+00:00,205.0,1,13,1-13
2026-02-11 08:15:10.854195200+00:00,23.8,1,13,1-13
2026-02-11 08:15:11.054195200+00:00,56.8,1,13,1-13
2026-02-11 08:15:11.254195200+00:00,54.0,1,13,1-13
2026-02-11 08:15:11.454195200+00:00,57.5,1,13,1-13
2026-02-11 08:15:14.854195200+00:00,1255.0,1,13,1-13
2026-02-11 08:15:15.054195200+00:00,1050.0,1,13,1-13
2026-02-11 08:15:15.254195200+00:00,713.0,1,13,1-13
2026-02-11 08:15:15.454195200+00:00,524.0,1,13,1-13
2026-02-11 08:15:15.654195200+00:00,328.0,1,13,1-13
2026-02-11 08:15:15.854195200+00:00,164.0,1,13,1-13
2026-02-11 08:15:16.054195200+00:00,90.9,1,13,1-13
2026-02-11 08:15:16.254195200+00:00,3357.0,1,13,1-13
2026-02-11 08:15:16.454195200+00:00,4044.0,1,13,1-13
2026-02-11 08:15:16.854195200+00:00,2632.0,1,13,1-13
2026-02-11 08:15:17.054195200+00:00,2452.0,1,13,1-13
2026-02-11 08:15:17.254195200+00:00,2082.0,1,13,1-13
2026-02-11 08:15:17.454195200+00:00,1087.0,1,13,1-13
2026-02-11 08:15:17.654195200+00:00,992.0,1,13,1-13
2026-02-11 08:15:17.854195200+00:00,302.0,1,13,1-13
2026-02-11 08:15:18.054195200+00:00,328.0,1,13,1-13
2026-02-11 08:15:18.254195200+00:00,352.0,1,13,1-13
2026-02-11 08:15:18.454195200+00:00,351.0,1,13,1-13
2026-02-11 08:15:18.654195200+00:00,310.0,1,13,1-13
2026-02-11 08:15:18.854195200+00:00,1237.0,1,13,1-13
2026-02-11 08:15:21.054195200+00:00,3945.0,1,13,1-13
2026-02-11 08:15:21.254195200+00:00,3031.0,1,13,1-13
2026-02-11 08:15:21.454195200+00:00,2720.0,1,13,1-13
2026-02-11 08:15:21.654195200+00:00,1997.0,1,13,1-13
2026-02-11 08:15:21.854195200+00:00,997.0,1,13,1-13
2026-02-11 08:15:22.054195200+00:00,700.0,1,13,1-13
2026-02-11 08:15:22.254195200+00:00,472.0,1,13,1-13
2026-02-11 08:15:22.454195200+00:00,238.0,1,13,1-13
2026-02-11 08:15:22.654195200+00:00,46.4,1,13,1-13
2026-02-11 08:15:22.854195200+00:00,30.1,1,13,1-13
2026-02-11 08:15:23.054195200+00:00,34.0,1,13,1-13
2026-02-11 08:15:23.254195200+00:00,36.8,1,13,1-13
2026-02-11 08:15:23.454195200+00:00,39.0,1,13,1-13
2026-02-11 08:15:23.654195200+00:00,34.0,1,13,1-13
2026-02-11 08:15:23.854195200+00:00,35.1,1,13,1-13
2026-02-11 08:15:24.054195200+00:00,26.2,1,13,1-13
2026-02-11 08:15:24.254195200+00:00,28.8,1,13,1-13
2026-02-11 08:15:24.454195200+00:00,35.7,1,13,1-13
2026-02-11 08:15:24.654195200+00:00,35.9,1,13,1-13
2026-02-11 08:15:24.854195200+00:00,5348.0,1,13,1-13
2026-02-11 08:15:25.054195200+00:00,3392.0,1,13,1-13
2026-02-11 08:15:25.254195200+00:00,1388.0,1,13,1-13
2026-02-11 08:15:25.454195200+00:00,387.0,1,13,1-13
2026-02-11 08:15:25.654195200+00:00,182.0,1,13,1-13
2026-02-11 08:15:25.854195200+00:00,78.1,1,13,1-13
2026-02-11 08:15:26.054195200+00:00,123.0,1,13,1-13
2026-02-11 08:15:26.254195200+00:00,68.3,1,13,1-13
2026-02-11 08:15:26.454195200+00:00,80.3,1,13,1-13
2026-02-11 08:15:26.654195200+00:00,1975.0,1,13,1-13
2026-02-11 08:15:26.854195200+00:00,1388.0,1,13,1-13
2026-02-11 08:15:27.054195200+00:00,411.0,1,13,1-13
2026-02-11 08:15:27.254195200+00:00,210.0,1,13,1-13
2026-02-11 08:15:27.454195200+00:00,82.4,1,13,1-13
2026-02-11 08:15:27.654195200+00:00,1559.0,1,13,1-13
2026-02-11 08:15:27.854195200+00:00,1437.0,1,13,1-13
2026-02-11 08:15:28.054195200+00:00,1514.0,1,13,1-13
2026-02-11 08:15:28.254195200+00:00,1332.0,1,13,1-13
2026-02-11 08:15:29.654195200+00:00,1682.0,1,13,1-13
2026-02-11 08:15:29.854195200+00:00,679.0,1,13,1-13
2026-02-11 08:15:30.054195200+00:00,465.0,1,13,1-13
2026-02-11 08:15:30.254195200+00:00,253.0,1,13,1-13
2026-02-11 08:15:30.454195200+00:00,45.0,1,13,1-13
2026-02-11 08:15:30.654195200+00:00,129.0,1,13,1-13
2026-02-11 08:15:32.054195200+00:00,608.0,1,13,1-13
2026-02-11 08:15:32.254195200+00:00,404.0,1,13,1-13
2026-02-11 08:15:32.454195200+00:00,215.0,1,13,1-13
2026-02-11 08:15:32.654195200+00:00,79.3,1,13,1-13
2026-02-11 08:15:32.854195200+00:00,23.5,1,13,1-13
2026-02-11 08:15:33.054195200+00:00,45.9,1,13,1-13
2026-02-11 08:15:33.254195200+00:00,58.1,1,13,1-13
2026-02-11 08:15:33.454195200+00:00,73.3,1,13,1-13
2026-02-11 08:15:33.654195200+00:00,65.7,1,13,1-13
2026-02-11 08:15:33.854195200+00:00,71.8,1,13,1-13
2026-02-11 08:15:34.054195200+00:00,94.2,1,13,1-13
2026-02-11 08:15:34.254195200+00:00,103.0,1,13,1-13
2026-02-11 08:15:34.454195200+00:00,90.0,1,13,1-13
2026-02-11 08:15:34.654195200+00:00,140.0,1,13,1-13
2026-02-11 08:15:34.854195200+00:00,357.0,1,13,1-13
2026-02-11 08:15:36.054195200+00:00,3806.0,1,13,1-13
2026-02-11 08:15:36.254195200+00:00,2824.0,1,13,1-13
2026-02-11 08:15:36.454195200+00:00,1822.0,1,13,1-13
2026-02-11 08:15:36.654195200+00:00,1647.0,1,13,1-13
2026-02-11 08:15:36.854195200+00:00,1349.0,1,13,1-13
2026-02-11 08:15:37.054195200+00:00,991.0,1,13,1-13
2026-02-11 08:15:37.254195200+00:00,752.0,1,13,1-13
2026-02-11 08:15:37.454195200+00:00,548.0,1,13,1-13
2026-02-11 08:15:37.654195200+00:00,344.0,1,13,1-13
2026-02-11 08:15:37.854195200+00:00,192.0,1,13,1-13
2026-02-11 08:15:38.054195200+00:00,112.0,1,13,1-13
2026-02-11 08:15:38.254195200+00:00,27.9,1,13,1-13
2026-02-11 08:15:38.454195200+00:00,32.7,1,13,1-13
2026-02-11 08:15:38.654195200+00:00,25.8,1,13,1-13
2026-02-11 08:15:38.854195200+00:00,49.4,1,13,1-13
2026-02-11 08:15:39.054195200+00:00,63.6,1,13,1-13
2026-02-11 08:15:39.254195200+00:00,55.4,1,13,1-13
2026-02-11 08:15:39.454195200+00:00,57.7,1,13,1-13
2026-02-11 08:15:39.654195200+00:00,71.3,1,13,1-13
2026-02-11 08:15:39.854195200+00:00,66.9,1,13,1-13
2026-02-11 08:15:40.054195200+00:00,77.5,1,13,1-13
2026-02-11 08:15:40.254195200+00:00,72.8,1,13,1-13
2026-02-11 08:15:40.854195200+00:00,580.0,1,13,1-13
2026-02-11 08:15:41.054195200+00:00,363.0,1,13,1-13
2026-02-11 08:15:41.254195200+00:00,166.0,1,13,1-13
2026-02-11 08:15:41.454195200+00:00,737.0,1,13,1-13
2026-02-11 08:15:41.654195200+00:00,828.0,1,13,1-13
2026-02-11 08:15:41.854195200+00:00,653.0,1,13,1-13
2026-02-11 08:15:42.054195200+00:00,530.0,1,13,1-13
2026-02-11 08:15:42.254195200+00:00,477.0,1,13,1-13
2026-02-11 08:15:42.454195200+00:00,386.0,1,13,1-13
2026-02-11 08:15:42.654195200+00:00,271.0,1,13,1-13
2026-02-11 08:15:42.854195200+00:00,114.0,1,13,1-13
2026-02-11 08:15:43.054195200+00:00,53.7,1,13,1-13
2026-02-11 08:15:43.254195200+00:00,96.7,1,13,1-13
2026-02-11 08:15:43.454195200+00:00,84.7,1,13,1-13
2026-02-11 08:15:43.654195200+00:00,87.0,1,13,1-13
2026-02-11 08:15:43.854195200+00:00,220.0,1,13,1-13
2026-02-11 08:15:44.054195200+00:00,1334.0,1,13,1-13
2026-02-11 08:15:44.254195200+00:00,5152.0,1,13,1-13
2026-02-11 08:15:44.454195200+00:00,4339.0,1,13,1-13
2026-02-11 08:15:44.654195200+00:00,3395.0,1,13,1-13
2026-02-11 08:15:44.854195200+00:00,2599.0,1,13,1-13
2026-02-11 08:15:47.454195200+00:00,4777.0,1,13,1-13
2026-02-11 08:15:47.654195200+00:00,3779.0,1,13,1-13
2026-02-11 08:15:47.854195200+00:00,2775.0,1,13,1-13
2026-02-11 08:15:48.854195200+00:00,794.0,1,13,1-13
2026-02-11 08:15:49.054195200+00:00,589.0,1,13,1-13
2026-02-11 08:15:49.254195200+00:00,375.0,1,13,1-13
2026-02-11 08:15:49.454195200+00:00,131.0,1,13,1-13
2026-02-11 08:15:49.654195200+00:00,28.8,1,13,1-13
2026-02-11 08:15:49.854195200+00:00,263.0,1,13,1-13
2026-02-11 08:15:50.054195200+00:00,566.0,1,13,1-13
2026-02-11 08:15:50.254195200+00:00,847.0,1,13,1-13
2026-02-11 08:15:50.454195200+00:00,2112.0,1,13,1-13
2026-02-11 08:15:50.654195200+00:00,2436.0,1,13,1-13
2026-02-11 08:15:50.854195200+00:00,3256.0,1,13,1-13
2026-02-11 08:15:51.054195200+00:00,3752.0,1,13,1-13
2026-02-11 08:15:51.454195200+00:00,3607.0,1,13,1-13
2026-02-11 08:13:25.326529792+00:00,22.3,10,12,10-12
2026-02-11 08:13:25.526529792+00:00,18.2,10,12,10-12
2026-02-11 08:13:25.726529792+00:00,23.8,10,12,10-12
2026-02-11 08:13:25.926529536+00:00,15.5,10,12,10-12
2026-02-11 08:13:26.126529792+00:00,19.7,10,12,10-12
2026-02-11 08:13:26.326529792+00:00,16.8,10,12,10-12
2026-02-11 08:13:26.526529792+00:00,15.9,10,12,10-12
2026-02-11 08:13:26.726529792+00:00,17.3,10,12,10-12
2026-02-11 08:13:26.926529536+00:00,20.6,10,12,10-12
2026-02-11 08:13:27.126529792+00:00,17.6,10,12,10-12
2026-02-11 08:13:27.326529792+00:00,15.9,10,12,10-12
2026-02-11 08:13:27.526529792+00:00,17.9,10,12,10-12
2026-02-11 08:13:27.726529792+00:00,21.9,10,12,10-12
2026-02-11 08:13:27.926529536+00:00,26.0,10,12,10-12
2026-02-11 08:13:28.126529792+00:00,15.4,10,12,10-12
2026-02-11 08:13:28.326529792+00:00,18.1,10,12,10-12
2026-02-11 08:13:28.526529792+00:00,20.8,10,12,10-12
2026-02-11 08:13:28.726529792+00:00,18.8,10,12,10-12
2026-02-11 08:13:28.926529536+00:00,17.2,10,12,10-12
2026-02-11 08:13:29.126529792+00:00,21.7,10,12,10-12
2026-02-11 08:13:29.326529792+00:00,17.8,10,12,10-12
2026-02-11 08:13:29.526529792+00:00,19.2,10,12,10-12
2026-02-11 08:13:29.726529792+00:00,24.3,10,12,10-12
2026-02-11 08:13:29.926529536+00:00,16.8,10,12,10-12
2026-02-11 08:13:30.126529792+00:00,19.8,10,12,10-12
2026-02-11 08:13:30.326529792+00:00,15.7,10,12,10-12
2026-02-11 08:13:30.526529792+00:00,18.9,10,12,10-12
2026-02-11 08:13:30.726529792+00:00,18.0,10,12,10-12
2026-02-11 08:13:30.926529536+00:00,16.8,10,12,10-12
2026-02-11 08:13:31.126529792+00:00,17.1,10,12,10-12
2026-02-11 08:13:31.326529792+00:00,16.9,10,12,10-12
2026-02-11 08:13:31.526529792+00:00,20.8,10,12,10-12
2026-02-11 08:13:31.726529792+00:00,16.9,10,12,10-12
2026-02-11 08:13:31.926529536+00:00,19.0,10,12,10-12
2026-02-11 08:13:32.126529792+00:00,17.5,10,12,10-12
2026-02-11 08:13:32.326529792+00:00,29.7,10,12,10-12
2026-02-11 08:13:32.526529792+00:00,16.4,10,12,10-12
2026-02-11 08:13:32.726529792+00:00,16.6,10,12,10-12
2026-02-11 08:13:32.926529536+00:00,18.1,10,12,10-12
2026-02-11 08:13:33.126529792+00:00,17.0,10,12,10-12
2026-02-11 08:13:33.326529792+00:00,17.6,10,12,10-12
2026-02-11 08:13:33.526529792+00:00,17.6,10,12,10-12
2026-02-11 08:13:33.726529792+00:00,18.0,10,12,10-12
2026-02-11 08:13:33.926529536+00:00,19.5,10,12,10-12
2026-02-11 08:13:34.126529792+00:00,16.8,10,12,10-12
2026-02-11 08:13:34.326529792+00:00,18.0,10,12,10-12
2026-02-11 08:13:34.526529792+00:00,21.9,10,12,10-12
2026-02-11 08:13:34.726529792+00:00,19.5,10,12,10-12
2026-02-11 08:13:34.926529536+00:00,19.1,10,12,10-12
2026-02-11 08:13:35.126529792+00:00,27.0,10,12,10-12
2026-02-11 08:13:35.326529792+00:00,24.6,10,12,10-12
2026-02-11 08:13:35.526529792+00:00,19.3,10,12,10-12
2026-02-11 08:13:35.726529792+00:00,15.5,10,12,10-12
2026-02-11 08:13:35.926529536+00:00,23.0,10,12,10-12
2026-02-11 08:13:36.126529792+00:00,15.8,10,12,10-12
2026-02-11 08:13:36.326529792+00:00,17.2,10,12,10-12
2026-02-11 08:13:36.526529792+00:00,16.9,10,12,10-12
2026-02-11 08:13:36.726529792+00:00,22.9,10,12,10-12
2026-02-11 08:13:36.926529536+00:00,16.3,10,12,10-12
2026-02-11 08:13:37.126529792+00:00,16.8,10,12,10-12
2026-02-11 08:13:37.326529792+00:00,18.2,10,12,10-12
2026-02-11 08:13:37.526529792+00:00,17.5,10,12,10-12
2026-02-11 08:13:37.726529792+00:00,17.8,10,12,10-12
2026-02-11 08:13:37.926529536+00:00,17.8,10,12,10-12
2026-02-11 08:13:38.126529792+00:00,17.3,10,12,10-12
2026-02-11 08:13:38.326529792+00:00,19.1,10,12,10-12
2026-02-11 08:13:38.526529792+00:00,18.9,10,12,10-12
2026-02-11 08:13:38.726529792+00:00,16.3,10,12,10-12
2026-02-11 08:13:38.926529536+00:00,16.2,10,12,10-12
2026-02-11 08:13:39.126529792+00:00,23.9,10,12,10-12
2026-02-11 08:13:39.326529792+00:00,18.3,10,12,10-12
2026-02-11 08:13:39.526529792+00:00,16.7,10,12,10-12
2026-02-11 08:13:39.726529792+00:00,22.8,10,12,10-12
2026-02-11 08:13:39.926529536+00:00,17.1,10,12,10-12
2026-02-11 08:13:40.126529792+00:00,17.5,10,12,10-12
2026-02-11 08:13:40.326529792+00:00,21.5,10,12,10-12
2026-02-11 08:13:40.526529792+00:00,18.7,10,12,10-12
2026-02-11 08:13:40.726529792+00:00,23.9,10,12,10-12
2026-02-11 08:13:40.926529536+00:00,16.4,10,12,10-12
2026-02-11 08:13:41.126529792+00:00,16.7,10,12,10-12
2026-02-11 08:13:41.326529792+00:00,21.7,10,12,10-12
2026-02-11 08:13:41.526529792+00:00,16.7,10,12,10-12
2026-02-11 08:13:41.726529792+00:00,22.0,10,12,10-12
2026-02-11 08:13:41.926529536+00:00,27.5,10,12,10-12
2026-02-11 08:13:42.126529792+00:00,23.2,10,12,10-12
2026-02-11 08:13:42.326529792+00:00,18.2,10,12,10-12
2026-02-11 08:13:42.526529792+00:00,17.7,10,12,10-12
2026-02-11 08:13:42.726529792+00:00,17.1,10,12,10-12
2026-02-11 08:13:42.926529536+00:00,18.9,10,12,10-12
2026-02-11 08:13:43.126529792+00:00,18.0,10,12,10-12
2026-02-11 08:13:43.326529792+00:00,18.0,10,12,10-12
2026-02-11 08:13:43.526529792+00:00,23.9,10,12,10-12
2026-02-11 08:13:43.726529792+00:00,24.0,10,12,10-12
2026-02-11 08:13:43.926529536+00:00,17.8,10,12,10-12
2026-02-11 08:13:44.126529792+00:00,17.4,10,12,10-12
2026-02-11 08:13:44.326529792+00:00,17.9,10,12,10-12
2026-02-11 08:13:44.526529792+00:00,17.9,10,12,10-12
2026-02-11 08:13:44.726529792+00:00,16.5,10,12,10-12
2026-02-11 08:13:44.926529536+00:00,16.6,10,12,10-12
2026-02-11 08:13:45.126529792+00:00,17.1,10,12,10-12
2026-02-11 08:13:45.326529792+00:00,19.8,10,12,10-12
2026-02-11 08:13:45.526529792+00:00,18.8,10,12,10-12
2026-02-11 08:13:45.726529792+00:00,17.1,10,12,10-12
2026-02-11 08:13:45.926529536+00:00,22.1,10,12,10-12
2026-02-11 08:13:46.126529792+00:00,17.0,10,12,10-12
2026-02-11 08:13:46.326529792+00:00,16.9,10,12,10-12
2026-02-11 08:13:46.526529792+00:00,16.3,10,12,10-12
2026-02-11 08:13:46.726529792+00:00,24.4,10,12,10-12
2026-02-11 08:13:46.926529536+00:00,19.5,10,12,10-12
2026-02-11 08:13:47.126529792+00:00,18.2,10,12,10-12
2026-02-11 08:13:47.326529792+00:00,20.0,10,12,10-12
2026-02-11 08:13:47.526529792+00:00,25.0,10,12,10-12
2026-02-11 08:13:47.726529792+00:00,16.6,10,12,10-12
2026-02-11 08:13:47.926529536+00:00,19.4,10,12,10-12
2026-02-11 08:13:48.126529792+00:00,21.9,10,12,10-12
2026-02-11 08:13:48.326529792+00:00,17.9,10,12,10-12
2026-02-11 08:13:48.526529792+00:00,24.8,10,12,10-12
2026-02-11 08:13:48.726529792+00:00,16.5,10,12,10-12
2026-02-11 08:13:48.926529536+00:00,16.9,10,12,10-12
2026-02-11 08:13:49.126529792+00:00,15.7,10,12,10-12
2026-02-11 08:13:49.326529792+00:00,19.6,10,12,10-12
2026-02-11 08:13:49.526529792+00:00,19.2,10,12,10-12
2026-02-11 08:13:49.726529792+00:00,15.8,10,12,10-12
2026-02-11 08:13:49.926529536+00:00,16.4,10,12,10-12
2026-02-11 08:13:50.126529792+00:00,17.2,10,12,10-12
2026-02-11 08:13:50.326529792+00:00,19.7,10,12,10-12
2026-02-11 08:13:50.526529792+00:00,15.7,10,12,10-12
2026-02-11 08:13:50.726529792+00:00,22.1,10,12,10-12
2026-02-11 08:13:50.926529536+00:00,17.1,10,12,10-12
2026-02-11 08:13:51.126529792+00:00,18.3,10,12,10-12
2026-02-11 08:13:51.326529792+00:00,16.4,10,12,10-12
2026-02-11 08:13:51.526529792+00:00,21.0,10,12,10-12
2026-02-11 08:13:51.726529792+00:00,20.7,10,12,10-12
2026-02-11 08:13:51.926529536+00:00,18.2,10,12,10-12
2026-02-11 08:13:52.126529792+00:00,17.1,10,12,10-12
2026-02-11 08:13:52.326529792+00:00,18.0,10,12,10-12
2026-02-11 08:13:52.526529792+00:00,19.9,10,12,10-12
2026-02-11 08:13:52.726529792+00:00,16.8,10,12,10-12
2026-02-11 08:13:52.926529536+00:00,20.8,10,12,10-12
2026-02-11 08:13:53.126529792+00:00,17.4,10,12,10-12
2026-02-11 08:13:53.326529792+00:00,17.0,10,12,10-12
2026-02-11 08:13:53.526529792+00:00,30.2,10,12,10-12
2026-02-11 08:13:53.726529792+00:00,22.8,10,12,10-12
2026-02-11 08:13:53.926529536+00:00,20.6,10,12,10-12
2026-02-11 08:13:54.126529792+00:00,18.2,10,12,10-12
2026-02-11 08:13:54.326529792+00:00,20.6,10,12,10-12
2026-02-11 08:13:54.526529792+00:00,23.0,10,12,10-12
2026-02-11 08:13:54.726529792+00:00,17.7,10,12,10-12
2026-02-11 08:13:54.926529536+00:00,20.6,10,12,10-12
2026-02-11 08:13:55.126529792+00:00,16.7,10,12,10-12
2026-02-11 08:13:55.326529792+00:00,17.5,10,12,10-12
2026-02-11 08:13:55.526529792+00:00,16.3,10,12,10-12
2026-02-11 08:13:55.726529792+00:00,16.5,10,12,10-12
2026-02-11 08:13:55.926529536+00:00,544.0,10,12,10-12
2026-02-11 08:13:56.726529792+00:00,1156.0,10,12,10-12
2026-02-11 08:13:56.926529536+00:00,913.0,10,12,10-12
2026-02-11 08:13:57.126529792+00:00,686.0,10,12,10-12
2026-02-11 08:13:57.326529792+00:00,407.0,10,12,10-12
2026-02-11 08:13:57.526529792+00:00,221.0,10,12,10-12
2026-02-11 08:13:57.726529792+00:00,54.3,10,12,10-12
2026-02-11 08:13:57.926529536+00:00,15.8,10,12,10-12
2026-02-11 08:13:58.126529792+00:00,16.8,10,12,10-12
2026-02-11 08:13:58.326529792+00:00,23.3,10,12,10-12
2026-02-11 08:13:58.526529792+00:00,15.8,10,12,10-12
2026-02-11 08:13:58.726529792+00:00,17.3,10,12,10-12
2026-02-11 08:13:58.926529536+00:00,15.8,10,12,10-12
2026-02-11 08:13:59.126529792+00:00,18.4,10,12,10-12
2026-02-11 08:13:59.326529792+00:00,16.3,10,12,10-12
2026-02-11 08:13:59.526529792+00:00,36.4,10,12,10-12
2026-02-11 08:13:59.726529792+00:00,23.3,10,12,10-12
2026-02-11 08:13:59.926529536+00:00,15.7,10,12,10-12
2026-02-11 08:14:00.126529792+00:00,20.0,10,12,10-12
2026-02-11 08:14:00.326529792+00:00,20.4,10,12,10-12
2026-02-11 08:14:00.526529792+00:00,16.1,10,12,10-12
2026-02-11 08:14:00.726529792+00:00,16.6,10,12,10-12
2026-02-11 08:14:00.926529536+00:00,27.2,10,12,10-12
2026-02-11 08:14:01.126529792+00:00,16.9,10,12,10-12
2026-02-11 08:14:01.326529792+00:00,17.0,10,12,10-12
2026-02-11 08:14:01.526529792+00:00,16.1,10,12,10-12
2026-02-11 08:14:01.726529792+00:00,22.0,10,12,10-12
2026-02-11 08:14:01.926529536+00:00,16.7,10,12,10-12
2026-02-11 08:14:02.126529792+00:00,16.3,10,12,10-12
2026-02-11 08:14:02.326529792+00:00,15.9,10,12,10-12
2026-02-11 08:14:02.526529792+00:00,19.9,10,12,10-12
2026-02-11 08:14:02.726529792+00:00,18.8,10,12,10-12
2026-02-11 08:14:02.926529536+00:00,20.4,10,12,10-12
2026-02-11 08:14:03.126529792+00:00,19.8,10,12,10-12
2026-02-11 08:14:03.326529792+00:00,20.6,10,12,10-12
2026-02-11 08:14:03.526529792+00:00,16.0,10,12,10-12
2026-02-11 08:14:03.726529792+00:00,21.9,10,12,10-12
2026-02-11 08:14:03.926529536+00:00,17.9,10,12,10-12
2026-02-11 08:14:04.126529792+00:00,17.1,10,12,10-12
2026-02-11 08:14:04.326529792+00:00,24.4,10,12,10-12
2026-02-11 08:14:04.526529792+00:00,22.4,10,12,10-12
2026-02-11 08:14:04.726529792+00:00,18.3,10,12,10-12
2026-02-11 08:14:04.926529536+00:00,16.8,10,12,10-12
2026-02-11 08:14:05.126529792+00:00,17.6,10,12,10-12
2026-02-11 08:14:05.326529792+00:00,17.5,10,12,10-12
2026-02-11 08:14:05.526529792+00:00,16.4,10,12,10-12
2026-02-11 08:14:05.726529792+00:00,20.8,10,12,10-12
2026-02-11 08:14:05.926529536+00:00,16.3,10,12,10-12
2026-02-11 08:14:06.126529792+00:00,19.5,10,12,10-12
2026-02-11 08:14:06.326529792+00:00,18.6,10,12,10-12
2026-02-11 08:14:06.526529792+00:00,18.2,10,12,10-12
2026-02-11 08:14:06.726529792+00:00,16.2,10,12,10-12
2026-02-11 08:14:06.926529536+00:00,22.0,10,12,10-12
2026-02-11 08:14:07.126529792+00:00,17.6,10,12,10-12
2026-02-11 08:14:07.326529792+00:00,15.9,10,12,10-12
2026-02-11 08:14:07.526529792+00:00,16.0,10,12,10-12
2026-02-11 08:14:07.726529792+00:00,18.7,10,12,10-12
2026-02-11 08:14:07.926529536+00:00,20.2,10,12,10-12
2026-02-11 08:14:08.126529792+00:00,16.7,10,12,10-12
2026-02-11 08:14:08.326529792+00:00,21.6,10,12,10-12
2026-02-11 08:14:08.526529792+00:00,19.6,10,12,10-12
2026-02-11 08:14:08.726529792+00:00,16.4,10,12,10-12
2026-02-11 08:14:08.926529536+00:00,16.6,10,12,10-12
2026-02-11 08:14:09.126529792+00:00,19.8,10,12,10-12
2026-02-11 08:14:09.326529792+00:00,15.8,10,12,10-12
2026-02-11 08:14:09.526529792+00:00,16.5,10,12,10-12
2026-02-11 08:14:09.726529792+00:00,17.6,10,12,10-12
2026-02-11 08:14:09.926529536+00:00,17.8,10,12,10-12
2026-02-11 08:14:10.126529792+00:00,16.2,10,12,10-12
2026-02-11 08:14:10.326529792+00:00,16.1,10,12,10-12
2026-02-11 08:14:10.526529792+00:00,24.0,10,12,10-12
2026-02-11 08:14:10.726529792+00:00,17.9,10,12,10-12
2026-02-11 08:14:10.926529536+00:00,17.1,10,12,10-12
2026-02-11 08:14:11.126529792+00:00,17.0,10,12,10-12
2026-02-11 08:14:11.326529792+00:00,19.7,10,12,10-12
2026-02-11 08:14:11.526529792+00:00,18.6,10,12,10-12
2026-02-11 08:14:11.726529792+00:00,25.1,10,12,10-12
2026-02-11 08:14:11.926529536+00:00,16.7,10,12,10-12
2026-02-11 08:14:12.126529792+00:00,16.2,10,12,10-12
2026-02-11 08:14:12.326529792+00:00,17.9,10,12,10-12
2026-02-11 08:14:12.526529792+00:00,18.0,10,12,10-12
2026-02-11 08:14:12.726529792+00:00,16.1,10,12,10-12
2026-02-11 08:14:12.926529536+00:00,17.2,10,12,10-12
2026-02-11 08:14:13.126529792+00:00,24.6,10,12,10-12
2026-02-11 08:14:13.326529792+00:00,16.4,10,12,10-12
2026-02-11 08:14:13.526529792+00:00,16.7,10,12,10-12
2026-02-11 08:14:13.726529792+00:00,18.3,10,12,10-12
2026-02-11 08:14:13.926529536+00:00,16.5,10,12,10-12
2026-02-11 08:14:14.126529792+00:00,16.9,10,12,10-12
2026-02-11 08:14:14.326529792+00:00,16.2,10,12,10-12
2026-02-11 08:14:14.526529792+00:00,22.8,10,12,10-12
2026-02-11 08:14:14.726529792+00:00,17.6,10,12,10-12
2026-02-11 08:14:14.926529536+00:00,20.8,10,12,10-12
2026-02-11 08:14:15.126529792+00:00,26.7,10,12,10-12
2026-02-11 08:14:15.326529792+00:00,15.8,10,12,10-12
2026-02-11 08:14:15.526529792+00:00,18.6,10,12,10-12
2026-02-11 08:14:15.726529792+00:00,20.0,10,12,10-12
2026-02-11 08:14:15.926529536+00:00,17.1,10,12,10-12
2026-02-11 08:14:16.126529792+00:00,15.7,10,12,10-12
2026-02-11 08:14:16.326529792+00:00,32.2,10,12,10-12
2026-02-11 08:14:16.526529792+00:00,15.9,10,12,10-12
2026-02-11 08:14:16.726529792+00:00,16.6,10,12,10-12
2026-02-11 08:14:16.926529536+00:00,16.2,10,12,10-12
2026-02-11 08:14:17.126529792+00:00,17.1,10,12,10-12
2026-02-11 08:14:17.326529792+00:00,17.5,10,12,10-12
2026-02-11 08:14:17.526529792+00:00,25.3,10,12,10-12
2026-02-11 08:14:17.726529792+00:00,18.5,10,12,10-12
2026-02-11 08:14:17.926529536+00:00,19.7,10,12,10-12
2026-02-11 08:14:18.126529792+00:00,28.2,10,12,10-12
2026-02-11 08:14:18.326529792+00:00,24.3,10,12,10-12
2026-02-11 08:14:18.526529792+00:00,17.0,10,12,10-12
2026-02-11 08:14:18.726529792+00:00,17.0,10,12,10-12
2026-02-11 08:14:18.926529536+00:00,16.2,10,12,10-12
2026-02-11 08:14:19.126529792+00:00,17.6,10,12,10-12
2026-02-11 08:14:19.326529792+00:00,18.1,10,12,10-12
2026-02-11 08:14:19.526529792+00:00,16.5,10,12,10-12
2026-02-11 08:14:19.726529792+00:00,19.1,10,12,10-12
2026-02-11 08:14:19.926529536+00:00,16.5,10,12,10-12
2026-02-11 08:14:20.126529792+00:00,17.1,10,12,10-12
2026-02-11 08:14:20.326529792+00:00,18.2,10,12,10-12
2026-02-11 08:14:20.526529792+00:00,20.4,10,12,10-12
2026-02-11 08:14:20.726529792+00:00,26.9,10,12,10-12
2026-02-11 08:14:20.926529536+00:00,16.4,10,12,10-12
2026-02-11 08:14:21.126529792+00:00,19.3,10,12,10-12
2026-02-11 08:14:21.326529792+00:00,18.0,10,12,10-12
2026-02-11 08:14:21.526529792+00:00,22.3,10,12,10-12
2026-02-11 08:14:21.726529792+00:00,814.0,10,12,10-12
2026-02-11 08:14:21.926529536+00:00,672.0,10,12,10-12
2026-02-11 08:14:22.326529792+00:00,992.0,10,12,10-12
2026-02-11 08:14:22.526529792+00:00,802.0,10,12,10-12
2026-02-11 08:14:22.726529792+00:00,587.0,10,12,10-12
2026-02-11 08:14:22.926529536+00:00,399.0,10,12,10-12
2026-02-11 08:14:23.126529792+00:00,196.0,10,12,10-12
2026-02-11 08:14:23.326529792+00:00,25.6,10,12,10-12
2026-02-11 08:14:23.526529792+00:00,113.0,10,12,10-12
2026-02-11 08:14:24.326529792+00:00,702.0,10,12,10-12
2026-02-11 08:14:24.526529792+00:00,502.0,10,12,10-12
2026-02-11 08:14:24.726529792+00:00,278.0,10,12,10-12
2026-02-11 08:14:24.926529536+00:00,89.8,10,12,10-12
2026-02-11 08:14:25.126529792+00:00,16.2,10,12,10-12
2026-02-11 08:14:25.326529792+00:00,17.3,10,12,10-12
2026-02-11 08:14:25.526529792+00:00,17.7,10,12,10-12
2026-02-11 08:14:25.726529792+00:00,15.9,10,12,10-12
2026-02-11 08:14:25.926529536+00:00,20.3,10,12,10-12
2026-02-11 08:14:26.126529792+00:00,15.9,10,12,10-12
2026-02-11 08:14:26.326529792+00:00,16.6,10,12,10-12
2026-02-11 08:14:26.526529792+00:00,15.5,10,12,10-12
2026-02-11 08:14:26.726529792+00:00,19.1,10,12,10-12
2026-02-11 08:14:26.926529536+00:00,17.0,10,12,10-12
2026-02-11 08:14:27.126529792+00:00,17.5,10,12,10-12
2026-02-11 08:14:27.326529792+00:00,16.2,10,12,10-12
2026-02-11 08:14:27.526529792+00:00,16.0,10,12,10-12
2026-02-11 08:14:27.726529792+00:00,443.0,10,12,10-12
2026-02-11 08:14:27.926529536+00:00,437.0,10,12,10-12
2026-02-11 08:14:28.126529792+00:00,828.0,10,12,10-12
2026-02-11 08:14:28.326529792+00:00,1079.0,10,12,10-12
2026-02-11 08:14:28.526529792+00:00,1645.0,10,12,10-12
2026-02-11 08:14:28.726529792+00:00,8563.0,10,12,10-12
2026-02-11 08:14:28.926529536+00:00,9296.0,10,12,10-12
2026-02-11 08:14:29.126529792+00:00,9965.0,10,12,10-12
2026-02-11 08:14:29.326529792+00:00,9290.0,10,12,10-12
2026-02-11 08:14:29.526529792+00:00,9105.0,10,12,10-12
2026-02-11 08:14:32.126529792+00:00,6967.0,10,12,10-12
2026-02-11 08:14:32.326529792+00:00,6009.0,10,12,10-12
2026-02-11 08:14:32.526529792+00:00,5016.0,10,12,10-12
2026-02-11 08:14:32.726529792+00:00,4016.0,10,12,10-12
2026-02-11 08:14:32.926529536+00:00,3039.0,10,12,10-12
2026-02-11 08:14:33.126529792+00:00,1051.0,10,12,10-12
2026-02-11 08:14:33.326529792+00:00,51.5,10,12,10-12
2026-02-11 08:14:33.526529792+00:00,500.0,10,12,10-12
2026-02-11 08:14:33.726529792+00:00,295.0,10,12,10-12
2026-02-11 08:14:33.926529536+00:00,84.2,10,12,10-12
2026-02-11 08:14:34.126529792+00:00,18.6,10,12,10-12
2026-02-11 08:14:34.326529792+00:00,16.1,10,12,10-12
2026-02-11 08:14:34.526529792+00:00,19.9,10,12,10-12
2026-02-11 08:14:34.726529792+00:00,16.3,10,12,10-12
2026-02-11 08:14:34.926529536+00:00,17.6,10,12,10-12
2026-02-11 08:14:35.126529792+00:00,20.2,10,12,10-12
2026-02-11 08:14:35.326529792+00:00,16.8,10,12,10-12
2026-02-11 08:14:35.526529792+00:00,16.1,10,12,10-12
2026-02-11 08:14:35.726529792+00:00,15.9,10,12,10-12
2026-02-11 08:14:35.926529536+00:00,17.3,10,12,10-12
2026-02-11 08:14:36.126529792+00:00,16.6,10,12,10-12
2026-02-11 08:14:36.326529792+00:00,16.0,10,12,10-12
2026-02-11 08:14:36.526529792+00:00,20.2,10,12,10-12
2026-02-11 08:14:36.726529792+00:00,15.6,10,12,10-12
2026-02-11 08:14:36.926529536+00:00,21.4,10,12,10-12
2026-02-11 08:14:37.126529792+00:00,19.7,10,12,10-12
2026-02-11 08:14:37.326529792+00:00,246.0,10,12,10-12
2026-02-11 08:14:37.526529792+00:00,146.0,10,12,10-12
2026-02-11 08:14:37.726529792+00:00,889.0,10,12,10-12
2026-02-11 08:14:37.926529536+00:00,10921.0,10,12,10-12
2026-02-11 08:14:38.126529792+00:00,10832.0,10,12,10-12
2026-02-11 08:14:38.326529792+00:00,9734.0,10,12,10-12
2026-02-11 08:14:38.526529792+00:00,8664.0,10,12,10-12
2026-02-11 08:14:38.726529792+00:00,7790.0,10,12,10-12
2026-02-11 08:14:38.926529536+00:00,6788.0,10,12,10-12
2026-02-11 08:14:39.326529792+00:00,4798.0,10,12,10-12
2026-02-11 08:14:39.526529792+00:00,4628.0,10,12,10-12
2026-02-11 08:14:39.726529792+00:00,3833.0,10,12,10-12
2026-02-11 08:14:39.926529536+00:00,2833.0,10,12,10-12
2026-02-11 08:14:40.126529792+00:00,2476.0,10,12,10-12
2026-02-11 08:14:40.326529792+00:00,1927.0,10,12,10-12
2026-02-11 08:14:40.526529792+00:00,1552.0,10,12,10-12
2026-02-11 08:14:40.726529792+00:00,1335.0,10,12,10-12
2026-02-11 08:14:40.926529536+00:00,1197.0,10,12,10-12
2026-02-11 08:14:41.126529792+00:00,970.0,10,12,10-12
2026-02-11 08:14:41.326529792+00:00,714.0,10,12,10-12
2026-02-11 08:14:41.526529792+00:00,650.0,10,12,10-12
2026-02-11 08:14:41.726529792+00:00,990.0,10,12,10-12
2026-02-11 08:14:41.926529536+00:00,776.0,10,12,10-12
2026-02-11 08:14:42.126529792+00:00,599.0,10,12,10-12
2026-02-11 08:14:42.526529792+00:00,1019.0,10,12,10-12
2026-02-11 08:14:42.726529792+00:00,920.0,10,12,10-12
2026-02-11 08:14:42.926529536+00:00,788.0,10,12,10-12
2026-02-11 08:14:43.126529792+00:00,615.0,10,12,10-12
2026-02-11 08:14:43.326529792+00:00,505.0,10,12,10-12
2026-02-11 08:14:43.526529792+00:00,607.0,10,12,10-12
2026-02-11 08:14:43.726529792+00:00,721.0,10,12,10-12
2026-02-11 08:14:43.926529536+00:00,994.0,10,12,10-12
2026-02-11 08:14:44.126529792+00:00,710.0,10,12,10-12
2026-02-11 08:14:44.326529792+00:00,401.0,10,12,10-12
2026-02-11 08:14:44.526529792+00:00,215.0,10,12,10-12
2026-02-11 08:14:44.726529792+00:00,105.0,10,12,10-12
2026-02-11 08:14:44.926529536+00:00,70.5,10,12,10-12
2026-02-11 08:14:45.126529792+00:00,73.1,10,12,10-12
2026-02-11 08:14:45.326529792+00:00,624.0,10,12,10-12
2026-02-11 08:14:45.926529536+00:00,2458.0,10,12,10-12
2026-02-11 08:14:46.126529792+00:00,1482.0,10,12,10-12
2026-02-11 08:14:46.326529792+00:00,472.0,10,12,10-12
2026-02-11 08:14:46.526529792+00:00,258.0,10,12,10-12
2026-02-11 08:14:46.726529792+00:00,67.7,10,12,10-12
2026-02-11 08:14:48.726529792+00:00,1016.0,10,12,10-12
2026-02-11 08:14:48.926529536+00:00,810.0,10,12,10-12
2026-02-11 08:14:49.126529792+00:00,608.0,10,12,10-12
2026-02-11 08:14:49.326529792+00:00,28.4,10,12,10-12
2026-02-11 08:14:50.326529792+00:00,1407.0,10,12,10-12
2026-02-11 08:14:50.526529792+00:00,876.0,10,12,10-12
2026-02-11 08:14:50.726529792+00:00,486.0,10,12,10-12
2026-02-11 08:14:50.926529536+00:00,275.0,10,12,10-12
2026-02-11 08:14:51.126529792+00:00,92.6,10,12,10-12
2026-02-11 08:14:51.326529792+00:00,35.8,10,12,10-12
2026-02-11 08:14:51.526529792+00:00,3029.0,10,12,10-12
2026-02-11 08:14:52.726529792+00:00,551.0,10,12,10-12
2026-02-11 08:14:52.926529536+00:00,347.0,10,12,10-12
2026-02-11 08:14:53.126529792+00:00,162.0,10,12,10-12
2026-02-11 08:14:53.326529792+00:00,16.3,10,12,10-12
2026-02-11 08:14:53.526529792+00:00,15.9,10,12,10-12
2026-02-11 08:14:53.726529792+00:00,20.2,10,12,10-12
2026-02-11 08:14:53.926529536+00:00,19.2,10,12,10-12
2026-02-11 08:14:54.126529792+00:00,21.2,10,12,10-12
2026-02-11 08:14:54.326529792+00:00,19.9,10,12,10-12
2026-02-11 08:14:54.526529792+00:00,22.0,10,12,10-12
2026-02-11 08:14:54.726529792+00:00,16.3,10,12,10-12
2026-02-11 08:14:54.926529536+00:00,16.3,10,12,10-12
2026-02-11 08:14:55.126529792+00:00,17.0,10,12,10-12
2026-02-11 08:14:55.326529792+00:00,15.9,10,12,10-12
2026-02-11 08:14:55.526529792+00:00,28.2,10,12,10-12
2026-02-11 08:14:55.726529792+00:00,20.5,10,12,10-12
2026-02-11 08:14:55.926529536+00:00,19.8,10,12,10-12
2026-02-11 08:14:56.126529792+00:00,32.8,10,12,10-12
2026-02-11 08:14:56.326529792+00:00,33.4,10,12,10-12
2026-02-11 08:14:56.526529792+00:00,32.7,10,12,10-12
2026-02-11 08:14:56.726529792+00:00,24.5,10,12,10-12
2026-02-11 08:14:56.926529536+00:00,146.0,10,12,10-12
2026-02-11 08:14:57.126529792+00:00,16.4,10,12,10-12
2026-02-11 08:14:57.326529792+00:00,20.2,10,12,10-12
2026-02-11 08:14:57.526529792+00:00,16.7,10,12,10-12
2026-02-11 08:14:57.726529792+00:00,16.8,10,12,10-12
2026-02-11 08:14:57.926529536+00:00,16.6,10,12,10-12
2026-02-11 08:14:58.126529792+00:00,17.6,10,12,10-12
2026-02-11 08:14:58.326529792+00:00,17.7,10,12,10-12
2026-02-11 08:14:58.526529792+00:00,15.7,10,12,10-12
2026-02-11 08:14:58.726529792+00:00,22.6,10,12,10-12
2026-02-11 08:14:58.926529536+00:00,16.6,10,12,10-12
2026-02-11 08:14:59.126529792+00:00,16.2,10,12,10-12
2026-02-11 08:14:59.326529792+00:00,1476.0,10,12,10-12
2026-02-11 08:14:59.526529792+00:00,1069.0,10,12,10-12
2026-02-11 08:14:59.726529792+00:00,905.0,10,12,10-12
2026-02-11 08:14:59.926529536+00:00,716.0,10,12,10-12
2026-02-11 08:15:00.126529792+00:00,327.0,10,12,10-12
2026-02-11 08:15:00.326529792+00:00,156.0,10,12,10-12
2026-02-11 08:15:00.526529792+00:00,36.9,10,12,10-12
2026-02-11 08:15:00.726529792+00:00,52.3,10,12,10-12
2026-02-11 08:15:01.326529792+00:00,1769.0,10,12,10-12
2026-02-11 08:15:01.526529792+00:00,1038.0,10,12,10-12
2026-02-11 08:15:01.726529792+00:00,953.0,10,12,10-12
2026-02-11 08:15:01.926529536+00:00,1144.0,10,12,10-12
2026-02-11 08:15:02.526529792+00:00,1048.0,10,12,10-12
2026-02-11 08:15:02.926529536+00:00,905.0,10,12,10-12
2026-02-11 08:15:03.126529792+00:00,541.0,10,12,10-12
2026-02-11 08:15:03.326529792+00:00,372.0,10,12,10-12
2026-02-11 08:15:03.526529792+00:00,184.0,10,12,10-12
2026-02-11 08:15:03.726529792+00:00,36.0,10,12,10-12
2026-02-11 08:15:03.926529536+00:00,928.0,10,12,10-12
2026-02-11 08:15:04.726529792+00:00,2634.0,10,12,10-12
2026-02-11 08:15:04.926529536+00:00,1593.0,10,12,10-12
2026-02-11 08:15:05.126529792+00:00,637.0,10,12,10-12
2026-02-11 08:15:05.326529792+00:00,434.0,10,12,10-12
2026-02-11 08:15:05.526529792+00:00,193.0,10,12,10-12
2026-02-11 08:15:05.726529792+00:00,32.7,10,12,10-12
2026-02-11 08:15:05.926529536+00:00,72.7,10,12,10-12
2026-02-11 08:15:06.126529792+00:00,18.3,10,12,10-12
2026-02-11 08:15:06.326529792+00:00,17.7,10,12,10-12
2026-02-11 08:15:06.526529792+00:00,15.8,10,12,10-12
2026-02-11 08:15:06.726529792+00:00,27.0,10,12,10-12
2026-02-11 08:15:06.926529536+00:00,17.1,10,12,10-12
2026-02-11 08:15:07.126529792+00:00,17.4,10,12,10-12
2026-02-11 08:15:07.326529792+00:00,16.0,10,12,10-12
2026-02-11 08:15:07.526529792+00:00,17.3,10,12,10-12
2026-02-11 08:15:07.726529792+00:00,21.4,10,12,10-12
2026-02-11 08:15:07.926529536+00:00,27.8,10,12,10-12
2026-02-11 08:15:08.126529792+00:00,25.2,10,12,10-12
2026-02-11 08:15:08.326529792+00:00,36.0,10,12,10-12
2026-02-11 08:15:09.326529792+00:00,2125.0,10,12,10-12
2026-02-11 08:15:10.526529792+00:00,814.0,10,12,10-12
2026-02-11 08:15:10.726529792+00:00,608.0,10,12,10-12
2026-02-11 08:15:10.926529536+00:00,403.0,10,12,10-12
2026-02-11 08:15:11.126529792+00:00,204.0,10,12,10-12
2026-02-11 08:15:11.326529792+00:00,17.8,10,12,10-12
2026-02-11 08:15:11.526529792+00:00,44.5,10,12,10-12
2026-02-11 08:15:11.726529792+00:00,18.9,10,12,10-12
2026-02-11 08:15:11.926529536+00:00,20.0,10,12,10-12
2026-02-11 08:15:12.126529792+00:00,578.0,10,12,10-12
2026-02-11 08:15:12.326529792+00:00,719.0,10,12,10-12
2026-02-11 08:15:14.526529792+00:00,2231.0,10,12,10-12
2026-02-11 08:15:15.326529792+00:00,1023.0,10,12,10-12
2026-02-11 08:15:15.526529792+00:00,913.0,10,12,10-12
2026-02-11 08:15:15.726529792+00:00,608.0,10,12,10-12
2026-02-11 08:15:15.926529536+00:00,468.0,10,12,10-12
2026-02-11 08:15:16.126529792+00:00,337.0,10,12,10-12
2026-02-11 08:15:16.326529792+00:00,193.0,10,12,10-12
2026-02-11 08:15:16.526529792+00:00,129.0,10,12,10-12
2026-02-11 08:15:16.726529792+00:00,57.5,10,12,10-12
2026-02-11 08:15:16.926529536+00:00,3089.0,10,12,10-12
2026-02-11 08:15:17.326529792+00:00,3283.0,10,12,10-12
2026-02-11 08:15:17.526529792+00:00,3215.0,10,12,10-12
2026-02-11 08:15:17.726529792+00:00,2839.0,10,12,10-12
2026-02-11 08:15:17.926529536+00:00,1850.0,10,12,10-12
2026-02-11 08:15:18.326529792+00:00,889.0,10,12,10-12
2026-02-11 08:15:18.526529792+00:00,732.0,10,12,10-12
2026-02-11 08:15:18.726529792+00:00,599.0,10,12,10-12
2026-02-11 08:15:18.926529536+00:00,451.0,10,12,10-12
2026-02-11 08:15:19.126529792+00:00,1189.0,10,12,10-12
2026-02-11 08:15:19.326529792+00:00,999.0,10,12,10-12
2026-02-11 08:15:21.126529792+00:00,4018.0,10,12,10-12
2026-02-11 08:15:21.726529792+00:00,2913.0,10,12,10-12
2026-02-11 08:15:21.926529536+00:00,2669.0,10,12,10-12
2026-02-11 08:15:22.126529792+00:00,1922.0,10,12,10-12
2026-02-11 08:15:22.326529792+00:00,948.0,10,12,10-12
2026-02-11 08:15:22.526529792+00:00,669.0,10,12,10-12
2026-02-11 08:15:22.726529792+00:00,442.0,10,12,10-12
2026-02-11 08:15:22.926529536+00:00,212.0,10,12,10-12
2026-02-11 08:15:23.126529792+00:00,46.0,10,12,10-12
2026-02-11 08:15:23.326529792+00:00,20.5,10,12,10-12
2026-02-11 08:15:23.526529792+00:00,17.8,10,12,10-12
2026-02-11 08:15:23.726529792+00:00,16.3,10,12,10-12
2026-02-11 08:15:23.926529536+00:00,25.9,10,12,10-12
2026-02-11 08:15:24.126529792+00:00,22.3,10,12,10-12
2026-02-11 08:15:24.326529792+00:00,18.8,10,12,10-12
2026-02-11 08:15:24.526529792+00:00,17.1,10,12,10-12
2026-02-11 08:15:24.726529792+00:00,24.1,10,12,10-12
2026-02-11 08:15:24.926529536+00:00,27.8,10,12,10-12
2026-02-11 08:15:25.126529792+00:00,23.5,10,12,10-12
2026-02-11 08:15:25.326529792+00:00,5318.0,10,12,10-12
2026-02-11 08:15:25.526529792+00:00,3373.0,10,12,10-12
2026-02-11 08:15:25.726529792+00:00,1354.0,10,12,10-12
2026-02-11 08:15:25.926529536+00:00,205.0,10,12,10-12
2026-02-11 08:15:26.126529792+00:00,67.6,10,12,10-12
2026-02-11 08:15:26.326529792+00:00,63.4,10,12,10-12
2026-02-11 08:15:26.526529792+00:00,36.0,10,12,10-12
2026-02-11 08:15:26.726529792+00:00,52.4,10,12,10-12
2026-02-11 08:15:26.926529536+00:00,1985.0,10,12,10-12
2026-02-11 08:15:27.326529792+00:00,374.0,10,12,10-12
2026-02-11 08:15:27.526529792+00:00,174.0,10,12,10-12
2026-02-11 08:15:27.726529792+00:00,72.6,10,12,10-12
2026-02-11 08:15:27.926529536+00:00,1096.0,10,12,10-12
2026-02-11 08:15:28.326529792+00:00,974.0,10,12,10-12
2026-02-11 08:15:28.726529792+00:00,902.0,10,12,10-12
2026-02-11 08:15:30.126529792+00:00,1665.0,10,12,10-12
2026-02-11 08:15:30.326529792+00:00,659.0,10,12,10-12
2026-02-11 08:15:30.526529792+00:00,454.0,10,12,10-12
2026-02-11 08:15:30.726529792+00:00,241.0,10,12,10-12
2026-02-11 08:15:30.926529536+00:00,37.6,10,12,10-12
2026-02-11 08:15:31.126529792+00:00,103.0,10,12,10-12
2026-02-11 08:15:31.926529536+00:00,2953.0,10,12,10-12
2026-02-11 08:15:32.526529792+00:00,639.0,10,12,10-12
2026-02-11 08:15:32.726529792+00:00,421.0,10,12,10-12
2026-02-11 08:15:32.926529536+00:00,232.0,10,12,10-12
2026-02-11 08:15:33.126529792+00:00,35.9,10,12,10-12
2026-02-11 08:15:33.326529792+00:00,73.0,10,12,10-12
2026-02-11 08:15:33.526529792+00:00,209.0,10,12,10-12
2026-02-11 08:15:33.726529792+00:00,359.0,10,12,10-12
2026-02-11 08:15:33.926529536+00:00,511.0,10,12,10-12
2026-02-11 08:15:34.126529792+00:00,644.0,10,12,10-12
2026-02-11 08:15:34.326529792+00:00,793.0,10,12,10-12
2026-02-11 08:15:34.526529792+00:00,1023.0,10,12,10-12
2026-02-11 08:15:36.126529792+00:00,4514.0,10,12,10-12
2026-02-11 08:15:36.326529792+00:00,4459.0,10,12,10-12
2026-02-11 08:15:36.526529792+00:00,3751.0,10,12,10-12
2026-02-11 08:15:36.726529792+00:00,2769.0,10,12,10-12
2026-02-11 08:15:36.926529536+00:00,1751.0,10,12,10-12
2026-02-11 08:15:37.126529792+00:00,1494.0,10,12,10-12
2026-02-11 08:15:37.326529792+00:00,1413.0,10,12,10-12
2026-02-11 08:15:37.526529792+00:00,993.0,10,12,10-12
2026-02-11 08:15:37.726529792+00:00,789.0,10,12,10-12
2026-02-11 08:15:37.926529536+00:00,684.0,10,12,10-12
2026-02-11 08:15:38.126529792+00:00,494.0,10,12,10-12
2026-02-11 08:15:38.326529792+00:00,344.0,10,12,10-12
2026-02-11 08:15:38.526529792+00:00,180.0,10,12,10-12
2026-02-11 08:15:38.726529792+00:00,71.3,10,12,10-12
2026-02-11 08:15:38.926529536+00:00,18.6,10,12,10-12
2026-02-11 08:15:39.126529792+00:00,16.6,10,12,10-12
2026-02-11 08:15:39.326529792+00:00,16.9,10,12,10-12
2026-02-11 08:15:39.526529792+00:00,17.4,10,12,10-12
2026-02-11 08:15:39.726529792+00:00,19.1,10,12,10-12
2026-02-11 08:15:39.926529536+00:00,15.5,10,12,10-12
2026-02-11 08:15:40.126529792+00:00,16.3,10,12,10-12
2026-02-11 08:15:40.326529792+00:00,15.7,10,12,10-12
2026-02-11 08:15:40.526529792+00:00,18.4,10,12,10-12
2026-02-11 08:15:40.726529792+00:00,16.1,10,12,10-12
2026-02-11 08:15:41.126529792+00:00,1553.0,10,12,10-12
2026-02-11 08:15:41.326529792+00:00,552.0,10,12,10-12
2026-02-11 08:15:41.526529792+00:00,314.0,10,12,10-12
2026-02-11 08:15:41.726529792+00:00,112.0,10,12,10-12
2026-02-11 08:15:41.926529536+00:00,424.0,10,12,10-12
2026-02-11 08:15:42.126529792+00:00,271.0,10,12,10-12
2026-02-11 08:15:42.326529792+00:00,197.0,10,12,10-12
2026-02-11 08:15:42.526529792+00:00,109.0,10,12,10-12
2026-02-11 08:15:42.726529792+00:00,135.0,10,12,10-12
2026-02-11 08:15:42.926529536+00:00,121.0,10,12,10-12
2026-02-11 08:15:43.126529792+00:00,40.8,10,12,10-12
2026-02-11 08:15:43.326529792+00:00,185.0,10,12,10-12
2026-02-11 08:15:43.526529792+00:00,291.0,10,12,10-12
2026-02-11 08:15:43.726529792+00:00,411.0,10,12,10-12
2026-02-11 08:15:43.926529536+00:00,577.0,10,12,10-12
2026-02-11 08:15:44.126529792+00:00,718.0,10,12,10-12
2026-02-11 08:15:44.326529792+00:00,3609.0,10,12,10-12
2026-02-11 08:15:44.526529792+00:00,8659.0,10,12,10-12
2026-02-11 08:15:44.726529792+00:00,8428.0,10,12,10-12
2026-02-11 08:15:44.926529536+00:00,7498.0,10,12,10-12
2026-02-11 08:15:45.126529792+00:00,6553.0,10,12,10-12
2026-02-11 08:15:45.326529792+00:00,5550.0,10,12,10-12
2026-02-11 08:15:45.726529792+00:00,3534.0,10,12,10-12
2026-02-11 08:15:45.926529536+00:00,3271.0,10,12,10-12
2026-02-11 08:15:46.126529792+00:00,2618.0,10,12,10-12
2026-02-11 08:15:46.326529792+00:00,2458.0,10,12,10-12
2026-02-11 08:15:46.526529792+00:00,2251.0,10,12,10-12
2026-02-11 08:15:48.526529792+00:00,2181.0,10,12,10-12
2026-02-11 08:15:48.726529792+00:00,1667.0,10,12,10-12
2026-02-11 08:15:49.126529792+00:00,868.0,10,12,10-12
2026-02-11 08:15:49.326529792+00:00,667.0,10,12,10-12
2026-02-11 08:15:49.526529792+00:00,453.0,10,12,10-12
2026-02-11 08:15:49.726529792+00:00,222.0,10,12,10-12
2026-02-11 08:15:49.926529536+00:00,52.0,10,12,10-12
2026-02-11 08:15:50.126529792+00:00,31.6,10,12,10-12
2026-02-11 08:15:50.326529792+00:00,15.9,10,12,10-12
2026-02-11 08:15:50.526529792+00:00,24.0,10,12,10-12
2026-02-11 08:15:50.726529792+00:00,22.9,10,12,10-12
2026-02-11 08:15:50.926529536+00:00,24.6,10,12,10-12
2026-02-11 08:15:51.126529792+00:00,22.2,10,12,10-12
2026-02-11 08:15:51.326529792+00:00,17.6,10,12,10-12
2026-02-11 08:15:51.526529792+00:00,476.0,10,12,10-12
2026-02-11 08:15:51.726529792+00:00,501.0,10,12,10-12
2026-02-11 08:15:51.926529536+00:00,784.0,10,12,10-12
2026-02-11 08:15:52.126529792+00:00,869.0,10,12,10-12
2026-02-11 08:15:52.326529792+00:00,786.0,10,12,10-12
2026-02-11 08:15:52.526529792+00:00,971.0,10,12,10-12
2026-02-11 08:15:53.126529792+00:00,1341.0,10,12,10-12
2026-02-11 08:15:53.326529792+00:00,1420.0,10,12,10-12
2026-02-11 08:15:53.526529792+00:00,1447.0,10,12,10-12
2026-02-11 08:15:54.526529792+00:00,2049.0,10,12,10-12
2026-02-11 08:15:54.926529536+00:00,2050.0,10,12,10-12
2026-02-11 08:13:25.543475968+00:00,28.5,10,13,10-13
2026-02-11 08:13:25.743475968+00:00,19.4,10,13,10-13
2026-02-11 08:13:25.943475968+00:00,16.4,10,13,10-13
2026-02-11 08:13:26.143475712+00:00,24.0,10,13,10-13
2026-02-11 08:13:26.343475712+00:00,18.2,10,13,10-13
2026-02-11 08:13:26.543475968+00:00,17.3,10,13,10-13
2026-02-11 08:13:26.743475968+00:00,16.4,10,13,10-13
2026-02-11 08:13:26.943475968+00:00,19.4,10,13,10-13
2026-02-11 08:13:27.143475712+00:00,21.3,10,13,10-13
2026-02-11 08:13:27.343475712+00:00,26.9,10,13,10-13
2026-02-11 08:13:27.543475968+00:00,19.2,10,13,10-13
2026-02-11 08:13:27.743475968+00:00,16.8,10,13,10-13
2026-02-11 08:13:27.943475968+00:00,17.9,10,13,10-13
2026-02-11 08:13:28.143475712+00:00,15.4,10,13,10-13
2026-02-11 08:13:28.343475712+00:00,17.5,10,13,10-13
2026-02-11 08:13:28.543475968+00:00,29.2,10,13,10-13
2026-02-11 08:13:28.743475968+00:00,24.6,10,13,10-13
2026-02-11 08:13:28.943475968+00:00,20.6,10,13,10-13
2026-02-11 08:13:29.143475712+00:00,17.3,10,13,10-13
2026-02-11 08:13:29.343475712+00:00,15.7,10,13,10-13
2026-02-11 08:13:29.543475968+00:00,27.1,10,13,10-13
2026-02-11 08:13:29.743475968+00:00,16.5,10,13,10-13
2026-02-11 08:13:29.943475968+00:00,20.2,10,13,10-13
2026-02-11 08:13:30.143475712+00:00,23.6,10,13,10-13
2026-02-11 08:13:30.343475712+00:00,15.9,10,13,10-13
2026-02-11 08:13:30.543475968+00:00,24.0,10,13,10-13
2026-02-11 08:13:30.743475968+00:00,18.0,10,13,10-13
2026-02-11 08:13:30.943475968+00:00,21.2,10,13,10-13
2026-02-11 08:13:31.143475712+00:00,18.5,10,13,10-13
2026-02-11 08:13:31.343475712+00:00,16.3,10,13,10-13
2026-02-11 08:13:31.543475968+00:00,21.4,10,13,10-13
2026-02-11 08:13:31.743475968+00:00,18.2,10,13,10-13
2026-02-11 08:13:31.943475968+00:00,21.8,10,13,10-13
2026-02-11 08:13:32.143475712+00:00,18.2,10,13,10-13
2026-02-11 08:13:32.343475712+00:00,19.2,10,13,10-13
2026-02-11 08:13:32.543475968+00:00,18.0,10,13,10-13
2026-02-11 08:13:32.743475968+00:00,17.6,10,13,10-13
2026-02-11 08:13:32.943475968+00:00,21.2,10,13,10-13
2026-02-11 08:13:33.143475712+00:00,20.7,10,13,10-13
2026-02-11 08:13:33.343475712+00:00,24.0,10,13,10-13
2026-02-11 08:13:33.543475968+00:00,18.0,10,13,10-13
2026-02-11 08:13:33.743475968+00:00,16.7,10,13,10-13
2026-02-11 08:13:33.943475968+00:00,19.5,10,13,10-13
2026-02-11 08:13:34.143475712+00:00,18.8,10,13,10-13
2026-02-11 08:13:34.343475712+00:00,16.0,10,13,10-13
2026-02-11 08:13:34.543475968+00:00,17.8,10,13,10-13
2026-02-11 08:13:34.743475968+00:00,17.6,10,13,10-13
2026-02-11 08:13:34.943475968+00:00,18.0,10,13,10-13
2026-02-11 08:13:35.143475712+00:00,18.0,10,13,10-13
2026-02-11 08:13:35.343475712+00:00,18.4,10,13,10-13
2026-02-11 08:13:35.543475968+00:00,17.0,10,13,10-13
2026-02-11 08:13:35.743475968+00:00,19.5,10,13,10-13
2026-02-11 08:13:35.943475968+00:00,29.7,10,13,10-13
2026-02-11 08:13:36.143475712+00:00,19.0,10,13,10-13
2026-02-11 08:13:36.343475712+00:00,17.2,10,13,10-13
2026-02-11 08:13:36.543475968+00:00,16.7,10,13,10-13
2026-02-11 08:13:36.743475968+00:00,15.8,10,13,10-13
2026-02-11 08:13:36.943475968+00:00,30.1,10,13,10-13
2026-02-11 08:13:37.143475712+00:00,16.3,10,13,10-13
2026-02-11 08:13:37.343475712+00:00,16.4,10,13,10-13
2026-02-11 08:13:37.543475968+00:00,26.1,10,13,10-13
2026-02-11 08:13:37.743475968+00:00,15.9,10,13,10-13
2026-02-11 08:13:37.943475968+00:00,17.3,10,13,10-13
2026-02-11 08:13:38.143475712+00:00,16.7,10,13,10-13
2026-02-11 08:13:38.343475712+00:00,18.7,10,13,10-13
2026-02-11 08:13:38.543475968+00:00,21.0,10,13,10-13
2026-02-11 08:13:38.743475968+00:00,28.7,10,13,10-13
2026-02-11 08:13:38.943475968+00:00,18.5,10,13,10-13
2026-02-11 08:13:39.143475712+00:00,17.1,10,13,10-13
2026-02-11 08:13:39.343475712+00:00,20.2,10,13,10-13
2026-02-11 08:13:39.543475968+00:00,19.2,10,13,10-13
2026-02-11 08:13:39.743475968+00:00,16.4,10,13,10-13
2026-02-11 08:13:39.943475968+00:00,16.3,10,13,10-13
2026-02-11 08:13:40.143475712+00:00,20.6,10,13,10-13
2026-02-11 08:13:40.343475712+00:00,16.1,10,13,10-13
2026-02-11 08:13:40.543475968+00:00,17.4,10,13,10-13
2026-02-11 08:13:40.743475968+00:00,16.7,10,13,10-13
2026-02-11 08:13:40.943475968+00:00,21.0,10,13,10-13
2026-02-11 08:13:41.143475712+00:00,17.1,10,13,10-13
2026-02-11 08:13:41.343475712+00:00,15.5,10,13,10-13
2026-02-11 08:13:41.543475968+00:00,18.4,10,13,10-13
2026-02-11 08:13:41.743475968+00:00,15.9,10,13,10-13
2026-02-11 08:13:41.943475968+00:00,17.7,10,13,10-13
2026-02-11 08:13:42.143475712+00:00,16.1,10,13,10-13
2026-02-11 08:13:42.343475712+00:00,18.1,10,13,10-13
2026-02-11 08:13:42.543475968+00:00,20.8,10,13,10-13
2026-02-11 08:13:42.743475968+00:00,16.1,10,13,10-13
2026-02-11 08:13:42.943475968+00:00,16.5,10,13,10-13
2026-02-11 08:13:43.143475712+00:00,16.7,10,13,10-13
2026-02-11 08:13:43.343475712+00:00,20.4,10,13,10-13
2026-02-11 08:13:43.543475968+00:00,16.6,10,13,10-13
2026-02-11 08:13:43.743475968+00:00,17.5,10,13,10-13
2026-02-11 08:13:43.943475968+00:00,16.6,10,13,10-13
2026-02-11 08:13:44.143475712+00:00,16.3,10,13,10-13
2026-02-11 08:13:44.343475712+00:00,27.3,10,13,10-13
2026-02-11 08:13:44.543475968+00:00,16.0,10,13,10-13
2026-02-11 08:13:44.743475968+00:00,18.2,10,13,10-13
2026-02-11 08:13:44.943475968+00:00,20.7,10,13,10-13
2026-02-11 08:13:45.143475712+00:00,19.5,10,13,10-13
2026-02-11 08:13:45.343475712+00:00,17.0,10,13,10-13
2026-02-11 08:13:45.543475968+00:00,16.5,10,13,10-13
2026-02-11 08:13:45.743475968+00:00,20.0,10,13,10-13
2026-02-11 08:13:45.943475968+00:00,16.4,10,13,10-13
2026-02-11 08:13:46.143475712+00:00,17.6,10,13,10-13
2026-02-11 08:13:46.343475712+00:00,16.5,10,13,10-13
2026-02-11 08:13:46.543475968+00:00,16.2,10,13,10-13
2026-02-11 08:13:46.743475968+00:00,16.2,10,13,10-13
2026-02-11 08:13:46.943475968+00:00,15.9,10,13,10-13
2026-02-11 08:13:47.143475712+00:00,17.0,10,13,10-13
2026-02-11 08:13:47.343475712+00:00,20.1,10,13,10-13
2026-02-11 08:13:47.543475968+00:00,17.8,10,13,10-13
2026-02-11 08:13:47.743475968+00:00,15.7,10,13,10-13
2026-02-11 08:13:47.943475968+00:00,20.3,10,13,10-13
2026-02-11 08:13:48.143475712+00:00,17.5,10,13,10-13
2026-02-11 08:13:48.343475712+00:00,15.5,10,13,10-13
2026-02-11 08:13:48.543475968+00:00,28.9,10,13,10-13
2026-02-11 08:13:48.743475968+00:00,15.8,10,13,10-13
2026-02-11 08:13:48.943475968+00:00,19.6,10,13,10-13
2026-02-11 08:13:49.143475712+00:00,16.1,10,13,10-13
2026-02-11 08:13:49.343475712+00:00,16.3,10,13,10-13
2026-02-11 08:13:49.543475968+00:00,17.3,10,13,10-13
2026-02-11 08:13:49.743475968+00:00,16.9,10,13,10-13
2026-02-11 08:13:49.943475968+00:00,17.8,10,13,10-13
2026-02-11 08:13:50.143475712+00:00,18.0,10,13,10-13
2026-02-11 08:13:50.343475712+00:00,20.3,10,13,10-13
2026-02-11 08:13:50.543475968+00:00,16.9,10,13,10-13
2026-02-11 08:13:50.743475968+00:00,17.5,10,13,10-13
2026-02-11 08:13:50.943475968+00:00,17.7,10,13,10-13
2026-02-11 08:13:51.143475712+00:00,19.7,10,13,10-13
2026-02-11 08:13:51.343475712+00:00,18.0,10,13,10-13
2026-02-11 08:13:51.543475968+00:00,17.6,10,13,10-13
2026-02-11 08:13:51.743475968+00:00,16.9,10,13,10-13
2026-02-11 08:13:51.943475968+00:00,24.2,10,13,10-13
2026-02-11 08:13:52.143475712+00:00,22.6,10,13,10-13
2026-02-11 08:13:52.343475712+00:00,16.0,10,13,10-13
2026-02-11 08:13:52.543475968+00:00,16.8,10,13,10-13
2026-02-11 08:13:52.743475968+00:00,24.8,10,13,10-13
2026-02-11 08:13:52.943475968+00:00,19.3,10,13,10-13
2026-02-11 08:13:53.143475712+00:00,17.7,10,13,10-13
2026-02-11 08:13:53.343475712+00:00,16.8,10,13,10-13
2026-02-11 08:13:53.543475968+00:00,17.2,10,13,10-13
2026-02-11 08:13:53.743475968+00:00,17.6,10,13,10-13
2026-02-11 08:13:53.943475968+00:00,16.1,10,13,10-13
2026-02-11 08:13:54.143475712+00:00,16.5,10,13,10-13
2026-02-11 08:13:54.343475712+00:00,16.6,10,13,10-13
2026-02-11 08:13:54.543475968+00:00,16.2,10,13,10-13
2026-02-11 08:13:54.743475968+00:00,16.4,10,13,10-13
2026-02-11 08:13:54.943475968+00:00,17.9,10,13,10-13
2026-02-11 08:13:55.143475712+00:00,17.9,10,13,10-13
2026-02-11 08:13:55.343475712+00:00,17.1,10,13,10-13
2026-02-11 08:13:55.543475968+00:00,16.4,10,13,10-13
2026-02-11 08:13:55.743475968+00:00,27.4,10,13,10-13
2026-02-11 08:13:55.943475968+00:00,932.0,10,13,10-13
2026-02-11 08:13:56.143475712+00:00,2173.0,10,13,10-13
2026-02-11 08:13:56.343475712+00:00,2221.0,10,13,10-13
2026-02-11 08:13:56.543475968+00:00,1818.0,10,13,10-13
2026-02-11 08:13:56.743475968+00:00,1158.0,10,13,10-13
2026-02-11 08:13:56.943475968+00:00,939.0,10,13,10-13
2026-02-11 08:13:57.143475712+00:00,689.0,10,13,10-13
2026-02-11 08:13:57.343475712+00:00,411.0,10,13,10-13
2026-02-11 08:13:57.543475968+00:00,210.0,10,13,10-13
2026-02-11 08:13:57.743475968+00:00,55.0,10,13,10-13
2026-02-11 08:13:57.943475968+00:00,16.3,10,13,10-13
2026-02-11 08:13:58.143475712+00:00,16.6,10,13,10-13
2026-02-11 08:13:58.343475712+00:00,16.3,10,13,10-13
2026-02-11 08:13:58.543475968+00:00,15.6,10,13,10-13
2026-02-11 08:13:58.743475968+00:00,15.4,10,13,10-13
2026-02-11 08:13:58.943475968+00:00,16.9,10,13,10-13
2026-02-11 08:13:59.143475712+00:00,16.7,10,13,10-13
2026-02-11 08:13:59.343475712+00:00,15.5,10,13,10-13
2026-02-11 08:13:59.543475968+00:00,35.4,10,13,10-13
2026-02-11 08:13:59.743475968+00:00,23.2,10,13,10-13
2026-02-11 08:13:59.943475968+00:00,15.7,10,13,10-13
2026-02-11 08:14:00.143475712+00:00,19.9,10,13,10-13
2026-02-11 08:14:00.343475712+00:00,20.2,10,13,10-13
2026-02-11 08:14:00.543475968+00:00,15.8,10,13,10-13
2026-02-11 08:14:00.743475968+00:00,15.9,10,13,10-13
2026-02-11 08:14:00.943475968+00:00,26.5,10,13,10-13
2026-02-11 08:14:01.143475712+00:00,20.5,10,13,10-13
2026-02-11 08:14:01.343475712+00:00,16.5,10,13,10-13
2026-02-11 08:14:01.543475968+00:00,15.8,10,13,10-13
2026-02-11 08:14:01.743475968+00:00,17.3,10,13,10-13
2026-02-11 08:14:01.943475968+00:00,16.0,10,13,10-13
2026-02-11 08:14:02.143475712+00:00,19.6,10,13,10-13
2026-02-11 08:14:02.343475712+00:00,16.6,10,13,10-13
2026-02-11 08:14:02.543475968+00:00,17.6,10,13,10-13
2026-02-11 08:14:02.743475968+00:00,16.1,10,13,10-13
2026-02-11 08:14:02.943475968+00:00,17.6,10,13,10-13
2026-02-11 08:14:03.143475712+00:00,23.0,10,13,10-13
2026-02-11 08:14:03.343475712+00:00,17.7,10,13,10-13
2026-02-11 08:14:03.543475968+00:00,15.7,10,13,10-13
2026-02-11 08:14:03.743475968+00:00,19.4,10,13,10-13
2026-02-11 08:14:03.943475968+00:00,23.4,10,13,10-13
2026-02-11 08:14:04.143475712+00:00,21.5,10,13,10-13
2026-02-11 08:14:04.343475712+00:00,19.0,10,13,10-13
2026-02-11 08:14:04.543475968+00:00,15.7,10,13,10-13
2026-02-11 08:14:04.743475968+00:00,21.6,10,13,10-13
2026-02-11 08:14:04.943475968+00:00,15.7,10,13,10-13
2026-02-11 08:14:05.143475712+00:00,16.6,10,13,10-13
2026-02-11 08:14:05.343475712+00:00,16.2,10,13,10-13
2026-02-11 08:14:05.543475968+00:00,16.1,10,13,10-13
2026-02-11 08:14:05.743475968+00:00,24.5,10,13,10-13
2026-02-11 08:14:05.943475968+00:00,16.4,10,13,10-13
2026-02-11 08:14:06.143475712+00:00,16.5,10,13,10-13
2026-02-11 08:14:06.343475712+00:00,19.5,10,13,10-13
2026-02-11 08:14:06.543475968+00:00,20.4,10,13,10-13
2026-02-11 08:14:06.743475968+00:00,15.9,10,13,10-13
2026-02-11 08:14:06.943475968+00:00,16.3,10,13,10-13
2026-02-11 08:14:07.143475712+00:00,19.6,10,13,10-13
2026-02-11 08:14:07.343475712+00:00,17.6,10,13,10-13
2026-02-11 08:14:07.543475968+00:00,17.0,10,13,10-13
2026-02-11 08:14:07.743475968+00:00,17.8,10,13,10-13
2026-02-11 08:14:07.943475968+00:00,17.1,10,13,10-13
2026-02-11 08:14:08.143475712+00:00,17.1,10,13,10-13
2026-02-11 08:14:08.343475712+00:00,17.2,10,13,10-13
2026-02-11 08:14:08.543475968+00:00,19.5,10,13,10-13
2026-02-11 08:14:08.743475968+00:00,22.9,10,13,10-13
2026-02-11 08:14:08.943475968+00:00,18.8,10,13,10-13
2026-02-11 08:14:09.143475712+00:00,17.1,10,13,10-13
2026-02-11 08:14:09.343475712+00:00,15.9,10,13,10-13
2026-02-11 08:14:09.543475968+00:00,16.5,10,13,10-13
2026-02-11 08:14:09.743475968+00:00,16.8,10,13,10-13
2026-02-11 08:14:09.943475968+00:00,17.6,10,13,10-13
2026-02-11 08:14:10.143475712+00:00,16.6,10,13,10-13
2026-02-11 08:14:10.343475712+00:00,15.8,10,13,10-13
2026-02-11 08:14:10.543475968+00:00,16.3,10,13,10-13
2026-02-11 08:14:10.743475968+00:00,17.1,10,13,10-13
2026-02-11 08:14:10.943475968+00:00,16.2,10,13,10-13
2026-02-11 08:14:11.143475712+00:00,24.1,10,13,10-13
2026-02-11 08:14:11.343475712+00:00,25.9,10,13,10-13
2026-02-11 08:14:11.543475968+00:00,17.5,10,13,10-13
2026-02-11 08:14:11.743475968+00:00,23.3,10,13,10-13
2026-02-11 08:14:11.943475968+00:00,16.1,10,13,10-13
2026-02-11 08:14:12.143475712+00:00,16.4,10,13,10-13
2026-02-11 08:14:12.343475712+00:00,16.8,10,13,10-13
2026-02-11 08:14:12.543475968+00:00,21.5,10,13,10-13
2026-02-11 08:14:12.743475968+00:00,16.5,10,13,10-13
2026-02-11 08:14:12.943475968+00:00,20.8,10,13,10-13
2026-02-11 08:14:13.143475712+00:00,19.6,10,13,10-13
2026-02-11 08:14:13.343475712+00:00,16.9,10,13,10-13
2026-02-11 08:14:13.543475968+00:00,16.0,10,13,10-13
2026-02-11 08:14:13.743475968+00:00,17.0,10,13,10-13
2026-02-11 08:14:13.943475968+00:00,16.1,10,13,10-13
2026-02-11 08:14:14.143475712+00:00,17.2,10,13,10-13
2026-02-11 08:14:14.343475712+00:00,17.0,10,13,10-13
2026-02-11 08:14:14.543475968+00:00,23.9,10,13,10-13
2026-02-11 08:14:14.743475968+00:00,17.6,10,13,10-13
2026-02-11 08:14:14.943475968+00:00,19.7,10,13,10-13
2026-02-11 08:14:15.143475712+00:00,18.0,10,13,10-13
2026-02-11 08:14:15.343475712+00:00,15.5,10,13,10-13
2026-02-11 08:14:15.543475968+00:00,16.8,10,13,10-13
2026-02-11 08:14:15.743475968+00:00,19.1,10,13,10-13
2026-02-11 08:14:15.943475968+00:00,16.7,10,13,10-13
2026-02-11 08:14:16.143475712+00:00,16.0,10,13,10-13
2026-02-11 08:14:16.343475712+00:00,22.7,10,13,10-13
2026-02-11 08:14:16.543475968+00:00,15.7,10,13,10-13
2026-02-11 08:14:16.743475968+00:00,19.8,10,13,10-13
2026-02-11 08:14:16.943475968+00:00,15.8,10,13,10-13
2026-02-11 08:14:17.143475712+00:00,17.8,10,13,10-13
2026-02-11 08:14:17.343475712+00:00,18.2,10,13,10-13
2026-02-11 08:14:17.543475968+00:00,16.0,10,13,10-13
2026-02-11 08:14:17.743475968+00:00,18.4,10,13,10-13
2026-02-11 08:14:17.943475968+00:00,18.7,10,13,10-13
2026-02-11 08:14:18.143475712+00:00,27.8,10,13,10-13
2026-02-11 08:14:18.343475712+00:00,25.8,10,13,10-13
2026-02-11 08:14:18.543475968+00:00,16.7,10,13,10-13
2026-02-11 08:14:18.743475968+00:00,15.9,10,13,10-13
2026-02-11 08:14:18.943475968+00:00,17.3,10,13,10-13
2026-02-11 08:14:19.143475712+00:00,26.8,10,13,10-13
2026-02-11 08:14:19.343475712+00:00,17.3,10,13,10-13
2026-02-11 08:14:19.543475968+00:00,16.2,10,13,10-13
2026-02-11 08:14:19.743475968+00:00,19.0,10,13,10-13
2026-02-11 08:14:19.943475968+00:00,16.4,10,13,10-13
2026-02-11 08:14:20.143475712+00:00,17.1,10,13,10-13
2026-02-11 08:14:20.343475712+00:00,20.2,10,13,10-13
2026-02-11 08:14:20.543475968+00:00,18.6,10,13,10-13
2026-02-11 08:14:20.743475968+00:00,20.9,10,13,10-13
2026-02-11 08:14:20.943475968+00:00,15.7,10,13,10-13
2026-02-11 08:14:21.143475712+00:00,19.6,10,13,10-13
2026-02-11 08:14:21.343475712+00:00,17.3,10,13,10-13
2026-02-11 08:14:21.543475968+00:00,16.2,10,13,10-13
2026-02-11 08:14:21.743475968+00:00,852.0,10,13,10-13
2026-02-11 08:14:21.943475968+00:00,672.0,10,13,10-13
2026-02-11 08:14:22.343475712+00:00,985.0,10,13,10-13
2026-02-11 08:14:22.543475968+00:00,800.0,10,13,10-13
2026-02-11 08:14:22.743475968+00:00,607.0,10,13,10-13
2026-02-11 08:14:22.943475968+00:00,422.0,10,13,10-13
2026-02-11 08:14:23.143475712+00:00,226.0,10,13,10-13
2026-02-11 08:14:23.343475712+00:00,38.9,10,13,10-13
2026-02-11 08:14:23.543475968+00:00,129.0,10,13,10-13
2026-02-11 08:14:24.143475712+00:00,2610.0,10,13,10-13
2026-02-11 08:14:24.543475968+00:00,708.0,10,13,10-13
2026-02-11 08:14:24.743475968+00:00,502.0,10,13,10-13
2026-02-11 08:14:24.943475968+00:00,273.0,10,13,10-13
2026-02-11 08:14:25.143475712+00:00,89.3,10,13,10-13
2026-02-11 08:14:25.343475712+00:00,17.1,10,13,10-13
2026-02-11 08:14:25.543475968+00:00,20.2,10,13,10-13
2026-02-11 08:14:25.743475968+00:00,17.8,10,13,10-13
2026-02-11 08:14:25.943475968+00:00,15.1,10,13,10-13
2026-02-11 08:14:26.143475712+00:00,19.2,10,13,10-13
2026-02-11 08:14:26.343475712+00:00,15.5,10,13,10-13
2026-02-11 08:14:26.543475968+00:00,16.3,10,13,10-13
2026-02-11 08:14:26.743475968+00:00,15.5,10,13,10-13
2026-02-11 08:14:26.943475968+00:00,18.2,10,13,10-13
2026-02-11 08:14:27.143475712+00:00,18.2,10,13,10-13
2026-02-11 08:14:27.343475712+00:00,30.8,10,13,10-13
2026-02-11 08:14:27.543475968+00:00,16.5,10,13,10-13
2026-02-11 08:14:27.743475968+00:00,17.4,10,13,10-13
2026-02-11 08:14:27.943475968+00:00,443.0,10,13,10-13
2026-02-11 08:14:28.143475712+00:00,389.0,10,13,10-13
2026-02-11 08:14:28.343475712+00:00,823.0,10,13,10-13
2026-02-11 08:14:28.543475968+00:00,988.0,10,13,10-13
2026-02-11 08:14:28.743475968+00:00,1664.0,10,13,10-13
2026-02-11 08:14:28.943475968+00:00,8545.0,10,13,10-13
2026-02-11 08:14:29.143475712+00:00,9277.0,10,13,10-13
2026-02-11 08:14:29.343475712+00:00,9937.0,10,13,10-13
2026-02-11 08:14:29.543475968+00:00,9290.0,10,13,10-13
2026-02-11 08:14:29.743475968+00:00,9093.0,10,13,10-13
2026-02-11 08:14:31.543475968+00:00,7866.0,10,13,10-13
2026-02-11 08:14:32.343475712+00:00,8007.0,10,13,10-13
2026-02-11 08:14:32.543475968+00:00,7007.0,10,13,10-13
2026-02-11 08:14:32.743475968+00:00,6036.0,10,13,10-13
2026-02-11 08:14:32.943475968+00:00,5034.0,10,13,10-13
2026-02-11 08:14:33.143475712+00:00,4036.0,10,13,10-13
2026-02-11 08:14:33.343475712+00:00,3041.0,10,13,10-13
2026-02-11 08:14:33.543475968+00:00,1047.0,10,13,10-13
2026-02-11 08:14:33.743475968+00:00,45.8,10,13,10-13
2026-02-11 08:14:33.943475968+00:00,488.0,10,13,10-13
2026-02-11 08:14:34.143475712+00:00,298.0,10,13,10-13
2026-02-11 08:14:34.343475712+00:00,88.0,10,13,10-13
2026-02-11 08:14:34.543475968+00:00,15.6,10,13,10-13
2026-02-11 08:14:34.743475968+00:00,16.0,10,13,10-13
2026-02-11 08:14:34.943475968+00:00,18.5,10,13,10-13
2026-02-11 08:14:35.143475712+00:00,17.3,10,13,10-13
2026-02-11 08:14:35.343475712+00:00,17.5,10,13,10-13
2026-02-11 08:14:35.543475968+00:00,23.2,10,13,10-13
2026-02-11 08:14:35.743475968+00:00,16.5,10,13,10-13
2026-02-11 08:14:35.943475968+00:00,16.2,10,13,10-13
2026-02-11 08:14:36.143475712+00:00,16.0,10,13,10-13
2026-02-11 08:14:36.343475712+00:00,15.5,10,13,10-13
2026-02-11 08:14:36.543475968+00:00,16.0,10,13,10-13
2026-02-11 08:14:36.743475968+00:00,16.7,10,13,10-13
2026-02-11 08:14:36.943475968+00:00,20.7,10,13,10-13
2026-02-11 08:14:37.143475712+00:00,16.0,10,13,10-13
2026-02-11 08:14:37.343475712+00:00,21.9,10,13,10-13
2026-02-11 08:14:37.543475968+00:00,20.1,10,13,10-13
2026-02-11 08:14:37.743475968+00:00,246.0,10,13,10-13
2026-02-11 08:14:37.943475968+00:00,146.0,10,13,10-13
2026-02-11 08:14:38.143475712+00:00,996.0,10,13,10-13
2026-02-11 08:14:38.343475712+00:00,10921.0,10,13,10-13
2026-02-11 08:14:38.543475968+00:00,9751.0,10,13,10-13
2026-02-11 08:14:38.743475968+00:00,8663.0,10,13,10-13
2026-02-11 08:14:38.943475968+00:00,7790.0,10,13,10-13
2026-02-11 08:14:39.143475712+00:00,6788.0,10,13,10-13
2026-02-11 08:14:39.343475712+00:00,5794.0,10,13,10-13
2026-02-11 08:14:39.543475968+00:00,4798.0,10,13,10-13
2026-02-11 08:14:39.743475968+00:00,4628.0,10,13,10-13
2026-02-11 08:14:39.943475968+00:00,3833.0,10,13,10-13
2026-02-11 08:14:40.143475712+00:00,2832.0,10,13,10-13
2026-02-11 08:14:40.543475968+00:00,1927.0,10,13,10-13
2026-02-11 08:14:40.943475968+00:00,1335.0,10,13,10-13
2026-02-11 08:14:41.143475712+00:00,1161.0,10,13,10-13
2026-02-11 08:14:41.343475712+00:00,896.0,10,13,10-13
2026-02-11 08:14:41.543475968+00:00,693.0,10,13,10-13
2026-02-11 08:14:41.743475968+00:00,647.0,10,13,10-13
2026-02-11 08:14:41.943475968+00:00,865.0,10,13,10-13
2026-02-11 08:14:42.143475712+00:00,773.0,10,13,10-13
2026-02-11 08:14:42.343475712+00:00,599.0,10,13,10-13
2026-02-11 08:14:42.543475968+00:00,606.0,10,13,10-13
2026-02-11 08:14:42.943475968+00:00,1053.0,10,13,10-13
2026-02-11 08:14:43.143475712+00:00,884.0,10,13,10-13
2026-02-11 08:14:43.343475712+00:00,691.0,10,13,10-13
2026-02-11 08:14:43.543475968+00:00,563.0,10,13,10-13
2026-02-11 08:14:43.743475968+00:00,480.0,10,13,10-13
2026-02-11 08:14:43.943475968+00:00,622.0,10,13,10-13
2026-02-11 08:14:44.343475712+00:00,877.0,10,13,10-13
2026-02-11 08:14:44.543475968+00:00,552.0,10,13,10-13
2026-02-11 08:14:44.743475968+00:00,347.0,10,13,10-13
2026-02-11 08:14:44.943475968+00:00,157.0,10,13,10-13
2026-02-11 08:14:45.143475712+00:00,77.9,10,13,10-13
2026-02-11 08:14:45.343475712+00:00,81.8,10,13,10-13
2026-02-11 08:14:45.543475968+00:00,116.0,10,13,10-13
2026-02-11 08:14:45.743475968+00:00,455.0,10,13,10-13
2026-02-11 08:14:46.543475968+00:00,1483.0,10,13,10-13
2026-02-11 08:14:46.743475968+00:00,472.0,10,13,10-13
2026-02-11 08:14:46.943475968+00:00,258.0,10,13,10-13
2026-02-11 08:14:47.143475712+00:00,67.7,10,13,10-13
2026-02-11 08:14:49.143475712+00:00,1015.0,10,13,10-13
2026-02-11 08:14:49.343475712+00:00,809.0,10,13,10-13
2026-02-11 08:14:49.543475968+00:00,608.0,10,13,10-13
2026-02-11 08:14:49.743475968+00:00,35.3,10,13,10-13
2026-02-11 08:14:50.743475968+00:00,1399.0,10,13,10-13
2026-02-11 08:14:50.943475968+00:00,875.0,10,13,10-13
2026-02-11 08:14:51.143475712+00:00,479.0,10,13,10-13
2026-02-11 08:14:51.343475712+00:00,276.0,10,13,10-13
2026-02-11 08:14:51.543475968+00:00,69.5,10,13,10-13
2026-02-11 08:14:51.743475968+00:00,38.8,10,13,10-13
2026-02-11 08:14:51.943475968+00:00,2065.0,10,13,10-13
2026-02-11 08:14:52.943475968+00:00,1569.0,10,13,10-13
2026-02-11 08:14:53.143475712+00:00,542.0,10,13,10-13
2026-02-11 08:14:53.343475712+00:00,319.0,10,13,10-13
2026-02-11 08:14:53.543475968+00:00,134.0,10,13,10-13
2026-02-11 08:14:53.743475968+00:00,25.0,10,13,10-13
2026-02-11 08:14:53.943475968+00:00,15.6,10,13,10-13
2026-02-11 08:14:54.143475712+00:00,16.7,10,13,10-13
2026-02-11 08:14:54.343475712+00:00,16.2,10,13,10-13
2026-02-11 08:14:54.543475968+00:00,23.1,10,13,10-13
2026-02-11 08:14:54.743475968+00:00,18.2,10,13,10-13
2026-02-11 08:14:54.943475968+00:00,17.7,10,13,10-13
2026-02-11 08:14:55.143475712+00:00,19.0,10,13,10-13
2026-02-11 08:14:55.343475712+00:00,16.6,10,13,10-13
2026-02-11 08:14:55.543475968+00:00,16.9,10,13,10-13
2026-02-11 08:14:55.743475968+00:00,27.1,10,13,10-13
2026-02-11 08:14:55.943475968+00:00,27.3,10,13,10-13
2026-02-11 08:14:56.143475712+00:00,21.7,10,13,10-13
2026-02-11 08:14:56.343475712+00:00,20.9,10,13,10-13
2026-02-11 08:14:56.543475968+00:00,33.8,10,13,10-13
2026-02-11 08:14:56.743475968+00:00,28.7,10,13,10-13
2026-02-11 08:14:56.943475968+00:00,33.7,10,13,10-13
2026-02-11 08:14:57.143475712+00:00,22.1,10,13,10-13
2026-02-11 08:14:57.343475712+00:00,146.0,10,13,10-13
2026-02-11 08:14:57.543475968+00:00,16.3,10,13,10-13
2026-02-11 08:14:57.743475968+00:00,16.3,10,13,10-13
2026-02-11 08:14:57.943475968+00:00,15.9,10,13,10-13
2026-02-11 08:14:58.143475712+00:00,16.2,10,13,10-13
2026-02-11 08:14:58.343475712+00:00,16.4,10,13,10-13
2026-02-11 08:14:58.543475968+00:00,24.7,10,13,10-13
2026-02-11 08:14:58.743475968+00:00,17.4,10,13,10-13
2026-02-11 08:14:58.943475968+00:00,16.2,10,13,10-13
2026-02-11 08:14:59.143475712+00:00,22.7,10,13,10-13
2026-02-11 08:14:59.343475712+00:00,15.9,10,13,10-13
2026-02-11 08:14:59.543475968+00:00,16.4,10,13,10-13
2026-02-11 08:14:59.743475968+00:00,1498.0,10,13,10-13
2026-02-11 08:14:59.943475968+00:00,1107.0,10,13,10-13
2026-02-11 08:15:00.143475712+00:00,923.0,10,13,10-13
2026-02-11 08:15:00.343475712+00:00,715.0,10,13,10-13
2026-02-11 08:15:00.543475968+00:00,344.0,10,13,10-13
2026-02-11 08:15:00.743475968+00:00,155.0,10,13,10-13
2026-02-11 08:15:00.943475968+00:00,36.9,10,13,10-13
2026-02-11 08:15:01.143475712+00:00,50.8,10,13,10-13
2026-02-11 08:15:01.743475968+00:00,1754.0,10,13,10-13
2026-02-11 08:15:01.943475968+00:00,1073.0,10,13,10-13
2026-02-11 08:15:02.343475712+00:00,1085.0,10,13,10-13
2026-02-11 08:15:02.943475968+00:00,1203.0,10,13,10-13
2026-02-11 08:15:03.343475712+00:00,974.0,10,13,10-13
2026-02-11 08:15:03.543475968+00:00,457.0,10,13,10-13
2026-02-11 08:15:03.743475968+00:00,286.0,10,13,10-13
2026-02-11 08:15:03.943475968+00:00,115.0,10,13,10-13
2026-02-11 08:15:04.143475712+00:00,45.0,10,13,10-13
2026-02-11 08:15:05.143475712+00:00,2653.0,10,13,10-13
2026-02-11 08:15:05.343475712+00:00,1593.0,10,13,10-13
2026-02-11 08:15:05.543475968+00:00,637.0,10,13,10-13
2026-02-11 08:15:05.743475968+00:00,434.0,10,13,10-13
2026-02-11 08:15:05.943475968+00:00,193.0,10,13,10-13
2026-02-11 08:15:06.143475712+00:00,29.5,10,13,10-13
2026-02-11 08:15:06.343475712+00:00,42.8,10,13,10-13
2026-02-11 08:15:06.543475968+00:00,16.7,10,13,10-13
2026-02-11 08:15:06.743475968+00:00,28.4,10,13,10-13
2026-02-11 08:15:06.943475968+00:00,16.1,10,13,10-13
2026-02-11 08:15:07.143475712+00:00,25.6,10,13,10-13
2026-02-11 08:15:07.343475712+00:00,17.2,10,13,10-13
2026-02-11 08:15:07.543475968+00:00,18.3,10,13,10-13
2026-02-11 08:15:07.743475968+00:00,15.8,10,13,10-13
2026-02-11 08:15:07.943475968+00:00,21.1,10,13,10-13
2026-02-11 08:15:08.143475712+00:00,17.1,10,13,10-13
2026-02-11 08:15:08.343475712+00:00,18.6,10,13,10-13
2026-02-11 08:15:08.543475968+00:00,25.2,10,13,10-13
2026-02-11 08:15:08.743475968+00:00,35.4,10,13,10-13
2026-02-11 08:15:09.543475968+00:00,2301.0,10,13,10-13
2026-02-11 08:15:09.743475968+00:00,2338.0,10,13,10-13
2026-02-11 08:15:10.543475968+00:00,3582.0,10,13,10-13
2026-02-11 08:15:10.943475968+00:00,1406.0,10,13,10-13
2026-02-11 08:15:11.143475712+00:00,822.0,10,13,10-13
2026-02-11 08:15:11.343475712+00:00,609.0,10,13,10-13
2026-02-11 08:15:11.543475968+00:00,404.0,10,13,10-13
2026-02-11 08:15:11.743475968+00:00,204.0,10,13,10-13
2026-02-11 08:15:11.943475968+00:00,18.4,10,13,10-13
2026-02-11 08:15:12.143475712+00:00,44.5,10,13,10-13
2026-02-11 08:15:12.343475712+00:00,22.0,10,13,10-13
2026-02-11 08:15:12.543475968+00:00,18.6,10,13,10-13
2026-02-11 08:15:12.743475968+00:00,934.0,10,13,10-13
2026-02-11 08:15:12.943475968+00:00,725.0,10,13,10-13
2026-02-11 08:15:13.143475712+00:00,2430.0,10,13,10-13
2026-02-11 08:15:14.943475968+00:00,4233.0,10,13,10-13
2026-02-11 08:15:16.343475712+00:00,1029.0,10,13,10-13
2026-02-11 08:15:16.543475968+00:00,887.0,10,13,10-13
2026-02-11 08:15:16.743475968+00:00,606.0,10,13,10-13
2026-02-11 08:15:16.943475968+00:00,477.0,10,13,10-13
2026-02-11 08:15:17.143475712+00:00,333.0,10,13,10-13
2026-02-11 08:15:17.343475712+00:00,187.0,10,13,10-13
2026-02-11 08:15:17.543475968+00:00,122.0,10,13,10-13
2026-02-11 08:15:17.743475968+00:00,44.4,10,13,10-13
2026-02-11 08:15:17.943475968+00:00,3122.0,10,13,10-13
2026-02-11 08:15:18.343475712+00:00,3277.0,10,13,10-13
2026-02-11 08:15:18.743475968+00:00,2839.0,10,13,10-13
2026-02-11 08:15:18.943475968+00:00,1849.0,10,13,10-13
2026-02-11 08:15:19.143475712+00:00,1679.0,10,13,10-13
2026-02-11 08:15:19.343475712+00:00,890.0,10,13,10-13
2026-02-11 08:15:19.543475968+00:00,734.0,10,13,10-13
2026-02-11 08:15:19.743475968+00:00,599.0,10,13,10-13
2026-02-11 08:15:19.943475968+00:00,447.0,10,13,10-13
2026-02-11 08:15:20.143475712+00:00,1183.0,10,13,10-13
2026-02-11 08:15:20.343475712+00:00,1026.0,10,13,10-13
2026-02-11 08:15:22.543475968+00:00,4763.0,10,13,10-13
2026-02-11 08:15:22.943475968+00:00,2913.0,10,13,10-13
2026-02-11 08:15:23.143475712+00:00,2668.0,10,13,10-13
2026-02-11 08:15:23.343475712+00:00,1923.0,10,13,10-13
2026-02-11 08:15:23.543475968+00:00,974.0,10,13,10-13
2026-02-11 08:15:23.743475968+00:00,730.0,10,13,10-13
2026-02-11 08:15:23.943475968+00:00,460.0,10,13,10-13
2026-02-11 08:15:24.143475712+00:00,211.0,10,13,10-13
2026-02-11 08:15:24.343475712+00:00,30.2,10,13,10-13
2026-02-11 08:15:24.543475968+00:00,20.0,10,13,10-13
2026-02-11 08:15:24.743475968+00:00,21.3,10,13,10-13
2026-02-11 08:15:24.943475968+00:00,21.2,10,13,10-13
2026-02-11 08:15:25.143475712+00:00,21.2,10,13,10-13
2026-02-11 08:15:25.343475712+00:00,17.8,10,13,10-13
2026-02-11 08:15:25.543475968+00:00,17.4,10,13,10-13
2026-02-11 08:15:25.743475968+00:00,20.7,10,13,10-13
2026-02-11 08:15:25.943475968+00:00,16.9,10,13,10-13
2026-02-11 08:15:26.143475712+00:00,24.2,10,13,10-13
2026-02-11 08:15:26.343475712+00:00,15.8,10,13,10-13
2026-02-11 08:15:26.543475968+00:00,5318.0,10,13,10-13
2026-02-11 08:15:26.743475968+00:00,3373.0,10,13,10-13
2026-02-11 08:15:26.943475968+00:00,1364.0,10,13,10-13
2026-02-11 08:15:27.143475712+00:00,205.0,10,13,10-13
2026-02-11 08:15:27.343475712+00:00,67.6,10,13,10-13
2026-02-11 08:15:27.543475968+00:00,63.3,10,13,10-13
2026-02-11 08:15:27.743475968+00:00,36.5,10,13,10-13
2026-02-11 08:15:27.943475968+00:00,82.0,10,13,10-13
2026-02-11 08:15:28.143475712+00:00,1971.0,10,13,10-13
2026-02-11 08:15:28.543475968+00:00,375.0,10,13,10-13
2026-02-11 08:15:28.743475968+00:00,175.0,10,13,10-13
2026-02-11 08:15:28.943475968+00:00,41.5,10,13,10-13
2026-02-11 08:15:29.143475712+00:00,1081.0,10,13,10-13
2026-02-11 08:15:29.543475968+00:00,986.0,10,13,10-13
2026-02-11 08:15:29.743475968+00:00,802.0,10,13,10-13
2026-02-11 08:15:29.943475968+00:00,880.0,10,13,10-13
2026-02-11 08:15:31.343475712+00:00,1659.0,10,13,10-13
2026-02-11 08:15:31.543475968+00:00,666.0,10,13,10-13
2026-02-11 08:15:31.743475968+00:00,450.0,10,13,10-13
2026-02-11 08:15:31.943475968+00:00,243.0,10,13,10-13
2026-02-11 08:15:32.143475712+00:00,35.0,10,13,10-13
2026-02-11 08:15:32.343475712+00:00,112.0,10,13,10-13
2026-02-11 08:15:32.943475968+00:00,4063.0,10,13,10-13
2026-02-11 08:15:33.143475712+00:00,3074.0,10,13,10-13
2026-02-11 08:15:33.743475968+00:00,1419.0,10,13,10-13
2026-02-11 08:15:33.943475968+00:00,427.0,10,13,10-13
2026-02-11 08:15:34.143475712+00:00,242.0,10,13,10-13
2026-02-11 08:15:34.343475712+00:00,49.0,10,13,10-13
2026-02-11 08:15:34.543475968+00:00,70.6,10,13,10-13
2026-02-11 08:15:34.743475968+00:00,201.0,10,13,10-13
2026-02-11 08:15:34.943475968+00:00,353.0,10,13,10-13
2026-02-11 08:15:35.143475712+00:00,500.0,10,13,10-13
2026-02-11 08:15:35.343475712+00:00,640.0,10,13,10-13
2026-02-11 08:15:35.543475968+00:00,793.0,10,13,10-13
2026-02-11 08:15:35.743475968+00:00,1023.0,10,13,10-13
2026-02-11 08:15:37.343475712+00:00,4540.0,10,13,10-13
2026-02-11 08:15:37.543475968+00:00,4459.0,10,13,10-13
2026-02-11 08:15:37.943475968+00:00,2725.0,10,13,10-13
2026-02-11 08:15:38.143475712+00:00,1707.0,10,13,10-13
2026-02-11 08:15:38.343475712+00:00,1494.0,10,13,10-13
2026-02-11 08:15:38.543475968+00:00,1384.0,10,13,10-13
2026-02-11 08:15:38.743475968+00:00,1030.0,10,13,10-13
2026-02-11 08:15:38.943475968+00:00,805.0,10,13,10-13
2026-02-11 08:15:39.143475712+00:00,666.0,10,13,10-13
2026-02-11 08:15:39.343475712+00:00,528.0,10,13,10-13
2026-02-11 08:15:39.543475968+00:00,345.0,10,13,10-13
2026-02-11 08:15:39.743475968+00:00,171.0,10,13,10-13
2026-02-11 08:15:39.943475968+00:00,60.5,10,13,10-13
2026-02-11 08:15:40.143475712+00:00,17.0,10,13,10-13
2026-02-11 08:15:40.343475712+00:00,19.3,10,13,10-13
2026-02-11 08:15:40.543475968+00:00,27.3,10,13,10-13
2026-02-11 08:15:40.743475968+00:00,21.5,10,13,10-13
2026-02-11 08:15:40.943475968+00:00,17.6,10,13,10-13
2026-02-11 08:15:41.143475712+00:00,16.9,10,13,10-13
2026-02-11 08:15:41.343475712+00:00,15.7,10,13,10-13
2026-02-11 08:15:41.543475968+00:00,20.5,10,13,10-13
2026-02-11 08:15:41.743475968+00:00,16.7,10,13,10-13
2026-02-11 08:15:41.943475968+00:00,15.9,10,13,10-13
2026-02-11 08:15:42.343475712+00:00,1556.0,10,13,10-13
2026-02-11 08:15:42.543475968+00:00,547.0,10,13,10-13
2026-02-11 08:15:42.743475968+00:00,335.0,10,13,10-13
2026-02-11 08:15:42.943475968+00:00,117.0,10,13,10-13
2026-02-11 08:15:43.143475712+00:00,438.0,10,13,10-13
2026-02-11 08:15:43.343475712+00:00,271.0,10,13,10-13
2026-02-11 08:15:43.543475968+00:00,197.0,10,13,10-13
2026-02-11 08:15:43.743475968+00:00,89.0,10,13,10-13
2026-02-11 08:15:43.943475968+00:00,136.0,10,13,10-13
2026-02-11 08:15:44.143475712+00:00,123.0,10,13,10-13
2026-02-11 08:15:44.343475712+00:00,41.9,10,13,10-13
2026-02-11 08:15:44.543475968+00:00,179.0,10,13,10-13
2026-02-11 08:15:44.743475968+00:00,292.0,10,13,10-13
2026-02-11 08:15:44.943475968+00:00,411.0,10,13,10-13
2026-02-11 08:15:45.143475712+00:00,576.0,10,13,10-13
2026-02-11 08:15:45.343475712+00:00,735.0,10,13,10-13
2026-02-11 08:15:45.543475968+00:00,3629.0,10,13,10-13
2026-02-11 08:15:45.743475968+00:00,8812.0,10,13,10-13
2026-02-11 08:15:45.943475968+00:00,8595.0,10,13,10-13
2026-02-11 08:15:46.143475712+00:00,7577.0,10,13,10-13
2026-02-11 08:15:46.343475712+00:00,6618.0,10,13,10-13
2026-02-11 08:15:46.943475968+00:00,3441.0,10,13,10-13
2026-02-11 08:15:47.143475712+00:00,3015.0,10,13,10-13
2026-02-11 08:15:48.743475968+00:00,6418.0,10,13,10-13
2026-02-11 08:15:48.943475968+00:00,5411.0,10,13,10-13
2026-02-11 08:15:49.143475712+00:00,4413.0,10,13,10-13
2026-02-11 08:15:49.343475712+00:00,3411.0,10,13,10-13
2026-02-11 08:15:49.543475968+00:00,2416.0,10,13,10-13
2026-02-11 08:15:49.743475968+00:00,2150.0,10,13,10-13
2026-02-11 08:15:50.543475968+00:00,872.0,10,13,10-13
2026-02-11 08:15:50.743475968+00:00,667.0,10,13,10-13
2026-02-11 08:15:50.943475968+00:00,461.0,10,13,10-13
2026-02-11 08:15:51.143475712+00:00,237.0,10,13,10-13
2026-02-11 08:15:51.343475712+00:00,51.1,10,13,10-13
2026-02-11 08:15:51.543475968+00:00,32.7,10,13,10-13
2026-02-11 08:15:51.743475968+00:00,19.1,10,13,10-13
2026-02-11 08:15:51.943475968+00:00,15.6,10,13,10-13
2026-02-11 08:15:52.143475712+00:00,18.3,10,13,10-13
2026-02-11 08:15:52.343475712+00:00,25.0,10,13,10-13
2026-02-11 08:15:52.543475968+00:00,20.3,10,13,10-13
2026-02-11 08:15:52.743475968+00:00,18.7,10,13,10-13
2026-02-11 08:15:52.943475968+00:00,440.0,10,13,10-13
2026-02-11 08:15:53.143475712+00:00,366.0,10,13,10-13
2026-02-11 08:15:53.343475712+00:00,719.0,10,13,10-13
2026-02-11 08:15:53.543475968+00:00,621.0,10,13,10-13
2026-02-11 08:15:53.743475968+00:00,1138.0,10,13,10-13
2026-02-11 08:15:54.143475712+00:00,1530.0,10,13,10-13
2026-02-11 08:15:54.543475968+00:00,1404.0,10,13,10-13
2026-02-11 08:15:54.743475968+00:00,1526.0,10,13,10-13
2026-02-11 08:13:24.466113536+00:00,36.5,2,11,2-11
2026-02-11 08:13:24.666113536+00:00,29.1,2,11,2-11
2026-02-11 08:13:24.866113536+00:00,31.5,2,11,2-11
2026-02-11 08:13:25.066113536+00:00,32.1,2,11,2-11
2026-02-11 08:13:25.266113536+00:00,46.4,2,11,2-11
2026-02-11 08:13:25.466113536+00:00,34.7,2,11,2-11
2026-02-11 08:13:25.666113536+00:00,30.8,2,11,2-11
2026-02-11 08:13:25.866113536+00:00,30.5,2,11,2-11
2026-02-11 08:13:26.066113536+00:00,26.8,2,11,2-11
2026-02-11 08:13:26.266113536+00:00,35.2,2,11,2-11
2026-02-11 08:13:26.466113536+00:00,31.5,2,11,2-11
2026-02-11 08:13:26.666113536+00:00,30.0,2,11,2-11
2026-02-11 08:13:26.866113536+00:00,30.5,2,11,2-11
2026-02-11 08:13:27.066113536+00:00,37.9,2,11,2-11
2026-02-11 08:13:27.266113536+00:00,26.8,2,11,2-11
2026-02-11 08:13:27.466113536+00:00,30.5,2,11,2-11
2026-02-11 08:13:27.666113536+00:00,32.4,2,11,2-11
2026-02-11 08:13:27.866113536+00:00,32.3,2,11,2-11
2026-02-11 08:13:28.066113536+00:00,35.5,2,11,2-11
2026-02-11 08:13:28.266113536+00:00,28.4,2,11,2-11
2026-02-11 08:13:28.466113536+00:00,32.7,2,11,2-11
2026-02-11 08:13:28.666113536+00:00,29.1,2,11,2-11
2026-02-11 08:13:28.866113536+00:00,32.2,2,11,2-11
2026-02-11 08:13:29.066113536+00:00,45.7,2,11,2-11
2026-02-11 08:13:29.266113536+00:00,31.1,2,11,2-11
2026-02-11 08:13:29.466113536+00:00,28.6,2,11,2-11
2026-02-11 08:13:29.666113536+00:00,35.5,2,11,2-11
2026-02-11 08:13:29.866113536+00:00,36.3,2,11,2-11
2026-02-11 08:13:30.066113536+00:00,33.0,2,11,2-11
2026-02-11 08:13:30.266113536+00:00,35.8,2,11,2-11
2026-02-11 08:13:30.466113536+00:00,39.3,2,11,2-11
2026-02-11 08:13:30.666113536+00:00,30.9,2,11,2-11
2026-02-11 08:13:30.866113536+00:00,39.6,2,11,2-11
2026-02-11 08:13:31.066113536+00:00,35.5,2,11,2-11
2026-02-11 08:13:31.266113536+00:00,36.4,2,11,2-11
2026-02-11 08:13:31.466113536+00:00,29.7,2,11,2-11
2026-02-11 08:13:31.666113536+00:00,35.7,2,11,2-11
2026-02-11 08:13:31.866113536+00:00,33.7,2,11,2-11
2026-02-11 08:13:32.066113536+00:00,31.0,2,11,2-11
2026-02-11 08:13:32.266113536+00:00,26.1,2,11,2-11
2026-02-11 08:13:32.466113536+00:00,28.8,2,11,2-11
2026-02-11 08:13:32.666113536+00:00,46.1,2,11,2-11
2026-02-11 08:13:32.866113536+00:00,42.7,2,11,2-11
2026-02-11 08:13:33.066113536+00:00,35.5,2,11,2-11
2026-02-11 08:13:33.266113536+00:00,32.6,2,11,2-11
2026-02-11 08:13:33.466113536+00:00,32.4,2,11,2-11
2026-02-11 08:13:33.666113536+00:00,34.9,2,11,2-11
2026-02-11 08:13:33.866113536+00:00,42.0,2,11,2-11
2026-02-11 08:13:34.066113536+00:00,32.3,2,11,2-11
2026-02-11 08:13:34.266113536+00:00,39.5,2,11,2-11
2026-02-11 08:13:34.466113536+00:00,39.7,2,11,2-11
2026-02-11 08:13:34.666113536+00:00,28.3,2,11,2-11
2026-02-11 08:13:34.866113536+00:00,31.2,2,11,2-11
2026-02-11 08:13:35.066113536+00:00,28.9,2,11,2-11
2026-02-11 08:13:35.266113536+00:00,31.3,2,11,2-11
2026-02-11 08:13:35.466113536+00:00,29.0,2,11,2-11
2026-02-11 08:13:35.666113536+00:00,35.3,2,11,2-11
2026-02-11 08:13:35.866113536+00:00,52.4,2,11,2-11
2026-02-11 08:13:36.066113536+00:00,150.0,2,11,2-11
2026-02-11 08:13:36.266113536+00:00,95.3,2,11,2-11
2026-02-11 08:13:36.466113536+00:00,95.7,2,11,2-11
2026-02-11 08:13:36.666113536+00:00,92.1,2,11,2-11
2026-02-11 08:13:36.866113536+00:00,90.3,2,11,2-11
2026-02-11 08:13:37.066113536+00:00,79.7,2,11,2-11
2026-02-11 08:13:37.266113536+00:00,55.9,2,11,2-11
2026-02-11 08:13:37.466113536+00:00,53.5,2,11,2-11
2026-02-11 08:13:37.666113536+00:00,50.2,2,11,2-11
2026-02-11 08:13:37.866113536+00:00,42.2,2,11,2-11
2026-02-11 08:13:38.066113536+00:00,56.6,2,11,2-11
2026-02-11 08:13:38.266113536+00:00,38.3,2,11,2-11
2026-02-11 08:13:38.466113536+00:00,63.3,2,11,2-11
2026-02-11 08:13:38.666113536+00:00,51.5,2,11,2-11
2026-02-11 08:13:38.866113536+00:00,42.2,2,11,2-11
2026-02-11 08:13:39.066113536+00:00,49.5,2,11,2-11
2026-02-11 08:13:39.266113536+00:00,50.9,2,11,2-11
2026-02-11 08:13:39.466113536+00:00,46.6,2,11,2-11
2026-02-11 08:13:39.666113536+00:00,37.7,2,11,2-11
2026-02-11 08:13:39.866113536+00:00,33.8,2,11,2-11
2026-02-11 08:13:40.066113536+00:00,33.4,2,11,2-11
2026-02-11 08:13:40.266113536+00:00,59.8,2,11,2-11
2026-02-11 08:13:40.466113536+00:00,39.5,2,11,2-11
2026-02-11 08:13:40.666113536+00:00,39.0,2,11,2-11
2026-02-11 08:13:40.866113536+00:00,53.7,2,11,2-11
2026-02-11 08:13:41.066113536+00:00,60.5,2,11,2-11
2026-02-11 08:13:41.266113536+00:00,57.9,2,11,2-11
2026-02-11 08:13:41.466113536+00:00,48.0,2,11,2-11
2026-02-11 08:13:41.666113536+00:00,39.0,2,11,2-11
2026-02-11 08:13:41.866113536+00:00,57.7,2,11,2-11
2026-02-11 08:13:42.066113536+00:00,47.8,2,11,2-11
2026-02-11 08:13:42.266113536+00:00,49.6,2,11,2-11
2026-02-11 08:13:42.466113536+00:00,29.0,2,11,2-11
2026-02-11 08:13:42.666113536+00:00,29.3,2,11,2-11
2026-02-11 08:13:42.866113536+00:00,39.6,2,11,2-11
2026-02-11 08:13:43.066113536+00:00,33.1,2,11,2-11
2026-02-11 08:13:43.266113536+00:00,39.9,2,11,2-11
2026-02-11 08:13:43.466113536+00:00,34.5,2,11,2-11
2026-02-11 08:13:43.666113536+00:00,28.4,2,11,2-11
2026-02-11 08:13:43.866113536+00:00,42.1,2,11,2-11
2026-02-11 08:13:44.066113536+00:00,53.3,2,11,2-11
2026-02-11 08:13:44.266113536+00:00,43.9,2,11,2-11
2026-02-11 08:13:44.466113536+00:00,42.0,2,11,2-11
2026-02-11 08:13:44.666113536+00:00,34.1,2,11,2-11
2026-02-11 08:13:44.866113536+00:00,44.9,2,11,2-11
2026-02-11 08:13:45.066113536+00:00,35.9,2,11,2-11
2026-02-11 08:13:45.266113536+00:00,44.2,2,11,2-11
2026-02-11 08:13:45.466113536+00:00,31.2,2,11,2-11
2026-02-11 08:13:45.666113536+00:00,26.6,2,11,2-11
2026-02-11 08:13:45.866113536+00:00,38.9,2,11,2-11
2026-02-11 08:13:46.066113536+00:00,35.2,2,11,2-11
2026-02-11 08:13:46.266113536+00:00,58.3,2,11,2-11
2026-02-11 08:13:46.466113536+00:00,48.0,2,11,2-11
2026-02-11 08:13:46.666113536+00:00,56.7,2,11,2-11
2026-02-11 08:13:46.866113536+00:00,46.0,2,11,2-11
2026-02-11 08:13:47.066113536+00:00,49.7,2,11,2-11
2026-02-11 08:13:47.266113536+00:00,37.2,2,11,2-11
2026-02-11 08:13:47.466113536+00:00,41.2,2,11,2-11
2026-02-11 08:13:47.666113536+00:00,49.7,2,11,2-11
2026-02-11 08:13:47.866113536+00:00,37.0,2,11,2-11
2026-02-11 08:13:48.066113536+00:00,46.1,2,11,2-11
2026-02-11 08:13:48.266113536+00:00,37.8,2,11,2-11
2026-02-11 08:13:48.466113536+00:00,55.9,2,11,2-11
2026-02-11 08:13:48.666113536+00:00,29.2,2,11,2-11
2026-02-11 08:13:48.866113536+00:00,32.8,2,11,2-11
2026-02-11 08:13:49.066113536+00:00,36.4,2,11,2-11
2026-02-11 08:13:49.266113536+00:00,44.2,2,11,2-11
2026-02-11 08:13:49.466113536+00:00,36.6,2,11,2-11
2026-02-11 08:13:49.666113536+00:00,35.8,2,11,2-11
2026-02-11 08:13:49.866113536+00:00,32.9,2,11,2-11
2026-02-11 08:13:50.066113536+00:00,53.3,2,11,2-11
2026-02-11 08:13:50.266113536+00:00,37.2,2,11,2-11
2026-02-11 08:13:50.466113536+00:00,41.4,2,11,2-11
2026-02-11 08:13:50.666113536+00:00,35.7,2,11,2-11
2026-02-11 08:13:50.866113536+00:00,36.4,2,11,2-11
2026-02-11 08:13:51.066113536+00:00,33.4,2,11,2-11
2026-02-11 08:13:51.266113536+00:00,27.4,2,11,2-11
2026-02-11 08:13:51.466113536+00:00,46.1,2,11,2-11
2026-02-11 08:13:51.666113536+00:00,36.6,2,11,2-11
2026-02-11 08:13:51.866113536+00:00,46.3,2,11,2-11
2026-02-11 08:13:52.066113536+00:00,38.6,2,11,2-11
2026-02-11 08:13:52.266113536+00:00,34.1,2,11,2-11
2026-02-11 08:13:52.466113536+00:00,48.9,2,11,2-11
2026-02-11 08:13:52.666113536+00:00,40.3,2,11,2-11
2026-02-11 08:13:52.866113536+00:00,40.9,2,11,2-11
2026-02-11 08:13:53.066113536+00:00,46.2,2,11,2-11
2026-02-11 08:13:53.266113536+00:00,54.2,2,11,2-11
2026-02-11 08:13:53.466113536+00:00,46.7,2,11,2-11
2026-02-11 08:13:53.666113536+00:00,60.5,2,11,2-11
2026-02-11 08:13:53.866113536+00:00,69.9,2,11,2-11
2026-02-11 08:13:54.066113536+00:00,46.9,2,11,2-11
2026-02-11 08:13:54.266113536+00:00,44.7,2,11,2-11
2026-02-11 08:13:54.466113536+00:00,29.6,2,11,2-11
2026-02-11 08:13:54.666113536+00:00,36.7,2,11,2-11
2026-02-11 08:13:54.866113536+00:00,33.4,2,11,2-11
2026-02-11 08:13:55.066113536+00:00,33.0,2,11,2-11
2026-02-11 08:13:55.266113536+00:00,38.3,2,11,2-11
2026-02-11 08:13:55.466113536+00:00,31.4,2,11,2-11
2026-02-11 08:13:55.666113536+00:00,35.1,2,11,2-11
2026-02-11 08:13:56.266113536+00:00,2167.0,2,11,2-11
2026-02-11 08:13:56.466113536+00:00,1178.0,2,11,2-11
2026-02-11 08:13:56.666113536+00:00,988.0,2,11,2-11
2026-02-11 08:13:56.866113536+00:00,761.0,2,11,2-11
2026-02-11 08:13:57.066113536+00:00,500.0,2,11,2-11
2026-02-11 08:13:57.266113536+00:00,298.0,2,11,2-11
2026-02-11 08:13:57.466113536+00:00,90.0,2,11,2-11
2026-02-11 08:13:57.666113536+00:00,87.2,2,11,2-11
2026-02-11 08:13:57.866113536+00:00,247.0,2,11,2-11
2026-02-11 08:13:58.066113536+00:00,398.0,2,11,2-11
2026-02-11 08:13:58.266113536+00:00,543.0,2,11,2-11
2026-02-11 08:13:58.466113536+00:00,698.0,2,11,2-11
2026-02-11 08:13:58.666113536+00:00,842.0,2,11,2-11
2026-02-11 08:13:58.866113536+00:00,989.0,2,11,2-11
2026-02-11 08:13:59.066113536+00:00,1163.0,2,11,2-11
2026-02-11 08:13:59.266113536+00:00,1324.0,2,11,2-11
2026-02-11 08:13:59.466113536+00:00,1459.0,2,11,2-11
2026-02-11 08:13:59.666113536+00:00,1594.0,2,11,2-11
2026-02-11 08:13:59.866113536+00:00,1748.0,2,11,2-11
2026-02-11 08:14:00.066113536+00:00,1889.0,2,11,2-11
2026-02-11 08:14:00.266113536+00:00,2028.0,2,11,2-11
2026-02-11 08:14:00.666113536+00:00,2209.0,2,11,2-11
2026-02-11 08:14:00.866113536+00:00,2258.0,2,11,2-11
2026-02-11 08:14:01.266113536+00:00,2355.0,2,11,2-11
2026-02-11 08:14:01.466113536+00:00,2469.0,2,11,2-11
2026-02-11 08:14:01.866113536+00:00,2600.0,2,11,2-11
2026-02-11 08:14:02.066113536+00:00,2675.0,2,11,2-11
2026-02-11 08:14:02.266113536+00:00,2757.0,2,11,2-11
2026-02-11 08:14:02.466113536+00:00,2786.0,2,11,2-11
2026-02-11 08:14:02.866113536+00:00,2834.0,2,11,2-11
2026-02-11 08:14:03.066113536+00:00,2859.0,2,11,2-11
2026-02-11 08:14:03.266113536+00:00,2900.0,2,11,2-11
2026-02-11 08:14:03.466113536+00:00,2928.0,2,11,2-11
2026-02-11 08:14:03.866113536+00:00,3034.0,2,11,2-11
2026-02-11 08:14:04.066113536+00:00,3057.0,2,11,2-11
2026-02-11 08:14:04.666113536+00:00,3141.0,2,11,2-11
2026-02-11 08:14:04.866113536+00:00,3183.0,2,11,2-11
2026-02-11 08:14:05.266113536+00:00,3239.0,2,11,2-11
2026-02-11 08:14:05.466113536+00:00,3292.0,2,11,2-11
2026-02-11 08:14:05.666113536+00:00,3340.0,2,11,2-11
2026-02-11 08:14:05.866113536+00:00,3412.0,2,11,2-11
2026-02-11 08:14:06.266113536+00:00,3439.0,2,11,2-11
2026-02-11 08:14:06.466113536+00:00,3502.0,2,11,2-11
2026-02-11 08:14:06.666113536+00:00,3507.0,2,11,2-11
2026-02-11 08:14:07.666113536+00:00,3655.0,2,11,2-11
2026-02-11 08:14:08.066113536+00:00,3730.0,2,11,2-11
2026-02-11 08:14:08.666113536+00:00,3861.0,2,11,2-11
2026-02-11 08:14:09.666113536+00:00,3964.0,2,11,2-11
2026-02-11 08:14:09.866113536+00:00,3973.0,2,11,2-11
2026-02-11 08:14:10.866113536+00:00,4084.0,2,11,2-11
2026-02-11 08:14:11.466113536+00:00,4149.0,2,11,2-11
2026-02-11 08:14:12.066113536+00:00,4218.0,2,11,2-11
2026-02-11 08:14:12.466113536+00:00,4253.0,2,11,2-11
2026-02-11 08:14:12.666113536+00:00,4298.0,2,11,2-11
2026-02-11 08:14:13.066113536+00:00,4300.0,2,11,2-11
2026-02-11 08:14:13.666113536+00:00,4345.0,2,11,2-11
2026-02-11 08:14:13.866113536+00:00,4349.0,2,11,2-11
2026-02-11 08:14:14.466113536+00:00,4403.0,2,11,2-11
2026-02-11 08:14:15.466113536+00:00,4473.0,2,11,2-11
2026-02-11 08:14:15.666113536+00:00,4498.0,2,11,2-11
2026-02-11 08:14:16.066113536+00:00,4533.0,2,11,2-11
2026-02-11 08:14:19.266113536+00:00,5738.0,2,11,2-11
2026-02-11 08:14:19.466113536+00:00,5541.0,2,11,2-11
2026-02-11 08:14:19.666113536+00:00,5341.0,2,11,2-11
2026-02-11 08:14:19.866113536+00:00,5141.0,2,11,2-11
2026-02-11 08:14:20.066113536+00:00,4942.0,2,11,2-11
2026-02-11 08:14:23.666113536+00:00,769.0,2,11,2-11
2026-02-11 08:14:23.866113536+00:00,568.0,2,11,2-11
2026-02-11 08:14:24.066113536+00:00,344.0,2,11,2-11
2026-02-11 08:14:24.266113536+00:00,162.0,2,11,2-11
2026-02-11 08:14:24.466113536+00:00,32.5,2,11,2-11
2026-02-11 08:14:24.666113536+00:00,27.8,2,11,2-11
2026-02-11 08:14:24.866113536+00:00,29.6,2,11,2-11
2026-02-11 08:14:25.066113536+00:00,38.7,2,11,2-11
2026-02-11 08:14:25.266113536+00:00,28.4,2,11,2-11
2026-02-11 08:14:25.466113536+00:00,30.7,2,11,2-11
2026-02-11 08:14:25.666113536+00:00,27.7,2,11,2-11
2026-02-11 08:14:25.866113536+00:00,27.8,2,11,2-11
2026-02-11 08:14:26.066113536+00:00,36.3,2,11,2-11
2026-02-11 08:14:26.266113536+00:00,27.9,2,11,2-11
2026-02-11 08:14:26.466113536+00:00,33.3,2,11,2-11
2026-02-11 08:14:26.666113536+00:00,33.4,2,11,2-11
2026-02-11 08:14:26.866113536+00:00,780.0,2,11,2-11
2026-02-11 08:14:27.066113536+00:00,7554.0,2,11,2-11
2026-02-11 08:14:27.266113536+00:00,11317.0,2,11,2-11
2026-02-11 08:14:31.066113536+00:00,9554.0,2,11,2-11
2026-02-11 08:14:31.266113536+00:00,8554.0,2,11,2-11
2026-02-11 08:14:31.466113536+00:00,7552.0,2,11,2-11
2026-02-11 08:14:31.666113536+00:00,6555.0,2,11,2-11
2026-02-11 08:14:31.866113536+00:00,5553.0,2,11,2-11
2026-02-11 08:14:32.066113536+00:00,4558.0,2,11,2-11
2026-02-11 08:14:32.266113536+00:00,3543.0,2,11,2-11
2026-02-11 08:14:32.866113536+00:00,573.0,2,11,2-11
2026-02-11 08:14:33.066113536+00:00,367.0,2,11,2-11
2026-02-11 08:14:33.266113536+00:00,153.0,2,11,2-11
2026-02-11 08:14:33.466113536+00:00,29.2,2,11,2-11
2026-02-11 08:14:33.666113536+00:00,36.6,2,11,2-11
2026-02-11 08:14:33.866113536+00:00,29.3,2,11,2-11
2026-02-11 08:14:34.066113536+00:00,46.8,2,11,2-11
2026-02-11 08:14:34.266113536+00:00,29.3,2,11,2-11
2026-02-11 08:14:34.466113536+00:00,27.5,2,11,2-11
2026-02-11 08:14:34.666113536+00:00,34.3,2,11,2-11
2026-02-11 08:14:34.866113536+00:00,28.2,2,11,2-11
2026-02-11 08:14:35.066113536+00:00,34.1,2,11,2-11
2026-02-11 08:14:35.266113536+00:00,26.6,2,11,2-11
2026-02-11 08:14:35.466113536+00:00,29.4,2,11,2-11
2026-02-11 08:14:35.666113536+00:00,35.1,2,11,2-11
2026-02-11 08:14:35.866113536+00:00,30.7,2,11,2-11
2026-02-11 08:14:36.066113536+00:00,29.8,2,11,2-11
2026-02-11 08:14:36.266113536+00:00,38.4,2,11,2-11
2026-02-11 08:14:36.466113536+00:00,39.9,2,11,2-11
2026-02-11 08:14:36.666113536+00:00,540.0,2,11,2-11
2026-02-11 08:14:36.866113536+00:00,384.0,2,11,2-11
2026-02-11 08:14:37.466113536+00:00,10591.0,2,11,2-11
2026-02-11 08:14:38.066113536+00:00,8395.0,2,11,2-11
2026-02-11 08:14:38.266113536+00:00,7392.0,2,11,2-11
2026-02-11 08:14:38.466113536+00:00,6438.0,2,11,2-11
2026-02-11 08:14:38.666113536+00:00,5463.0,2,11,2-11
2026-02-11 08:14:38.866113536+00:00,4528.0,2,11,2-11
2026-02-11 08:14:40.266113536+00:00,2497.0,2,11,2-11
2026-02-11 08:14:40.866113536+00:00,2231.0,2,11,2-11
2026-02-11 08:14:42.666113536+00:00,2508.0,2,11,2-11
2026-02-11 08:14:42.866113536+00:00,1639.0,2,11,2-11
2026-02-11 08:14:43.066113536+00:00,1433.0,2,11,2-11
2026-02-11 08:14:43.266113536+00:00,1228.0,2,11,2-11
2026-02-11 08:14:43.466113536+00:00,1073.0,2,11,2-11
2026-02-11 08:14:43.866113536+00:00,740.0,2,11,2-11
2026-02-11 08:14:47.666113536+00:00,1056.0,2,11,2-11
2026-02-11 08:14:47.866113536+00:00,851.0,2,11,2-11
2026-02-11 08:14:48.066113536+00:00,670.0,2,11,2-11
2026-02-11 08:14:48.266113536+00:00,79.6,2,11,2-11
2026-02-11 08:14:49.266113536+00:00,1427.0,2,11,2-11
2026-02-11 08:14:49.466113536+00:00,923.0,2,11,2-11
2026-02-11 08:14:49.666113536+00:00,528.0,2,11,2-11
2026-02-11 08:14:49.866113536+00:00,321.0,2,11,2-11
2026-02-11 08:14:50.066113536+00:00,120.0,2,11,2-11
2026-02-11 08:14:50.266113536+00:00,59.4,2,11,2-11
2026-02-11 08:14:51.466113536+00:00,632.0,2,11,2-11
2026-02-11 08:14:51.666113536+00:00,423.0,2,11,2-11
2026-02-11 08:14:51.866113536+00:00,223.0,2,11,2-11
2026-02-11 08:14:52.066113536+00:00,33.7,2,11,2-11
2026-02-11 08:14:52.266113536+00:00,33.1,2,11,2-11
2026-02-11 08:14:52.466113536+00:00,28.9,2,11,2-11
2026-02-11 08:14:52.666113536+00:00,35.0,2,11,2-11
2026-02-11 08:14:52.866113536+00:00,37.4,2,11,2-11
2026-02-11 08:14:53.066113536+00:00,34.8,2,11,2-11
2026-02-11 08:14:53.266113536+00:00,30.8,2,11,2-11
2026-02-11 08:14:53.466113536+00:00,36.9,2,11,2-11
2026-02-11 08:14:53.666113536+00:00,29.5,2,11,2-11
2026-02-11 08:14:53.866113536+00:00,34.5,2,11,2-11
2026-02-11 08:14:54.066113536+00:00,29.0,2,11,2-11
2026-02-11 08:14:54.266113536+00:00,61.8,2,11,2-11
2026-02-11 08:14:54.466113536+00:00,48.5,2,11,2-11
2026-02-11 08:14:54.666113536+00:00,45.0,2,11,2-11
2026-02-11 08:14:54.866113536+00:00,74.6,2,11,2-11
2026-02-11 08:14:55.066113536+00:00,103.0,2,11,2-11
2026-02-11 08:14:55.266113536+00:00,69.3,2,11,2-11
2026-02-11 08:14:55.466113536+00:00,56.7,2,11,2-11
2026-02-11 08:14:55.666113536+00:00,170.0,2,11,2-11
2026-02-11 08:14:55.866113536+00:00,34.1,2,11,2-11
2026-02-11 08:14:56.066113536+00:00,29.2,2,11,2-11
2026-02-11 08:14:56.266113536+00:00,48.2,2,11,2-11
2026-02-11 08:14:56.466113536+00:00,53.8,2,11,2-11
2026-02-11 08:14:56.666113536+00:00,75.2,2,11,2-11
2026-02-11 08:14:56.866113536+00:00,106.0,2,11,2-11
2026-02-11 08:14:57.066113536+00:00,121.0,2,11,2-11
2026-02-11 08:14:57.266113536+00:00,82.7,2,11,2-11
2026-02-11 08:14:57.466113536+00:00,90.6,2,11,2-11
2026-02-11 08:14:57.666113536+00:00,99.3,2,11,2-11
2026-02-11 08:14:57.866113536+00:00,80.4,2,11,2-11
2026-02-11 08:14:58.266113536+00:00,1653.0,2,11,2-11
2026-02-11 08:14:58.466113536+00:00,1325.0,2,11,2-11
2026-02-11 08:14:58.666113536+00:00,1193.0,2,11,2-11
2026-02-11 08:14:58.866113536+00:00,1091.0,2,11,2-11
2026-02-11 08:15:00.266113536+00:00,3494.0,2,11,2-11
2026-02-11 08:15:00.466113536+00:00,3100.0,2,11,2-11
2026-02-11 08:15:00.666113536+00:00,2918.0,2,11,2-11
2026-02-11 08:15:00.866113536+00:00,2751.0,2,11,2-11
2026-02-11 08:15:01.066113536+00:00,2391.0,2,11,2-11
2026-02-11 08:15:01.266113536+00:00,2215.0,2,11,2-11
2026-02-11 08:15:01.466113536+00:00,1281.0,2,11,2-11
2026-02-11 08:15:01.666113536+00:00,1073.0,2,11,2-11
2026-02-11 08:15:01.866113536+00:00,779.0,2,11,2-11
2026-02-11 08:15:02.066113536+00:00,560.0,2,11,2-11
2026-02-11 08:15:02.266113536+00:00,356.0,2,11,2-11
2026-02-11 08:15:02.466113536+00:00,197.0,2,11,2-11
2026-02-11 08:15:02.666113536+00:00,85.8,2,11,2-11
2026-02-11 08:15:03.666113536+00:00,1672.0,2,11,2-11
2026-02-11 08:15:03.866113536+00:00,663.0,2,11,2-11
2026-02-11 08:15:04.066113536+00:00,456.0,2,11,2-11
2026-02-11 08:15:04.266113536+00:00,219.0,2,11,2-11
2026-02-11 08:15:04.466113536+00:00,48.6,2,11,2-11
2026-02-11 08:15:04.666113536+00:00,493.0,2,11,2-11
2026-02-11 08:15:04.866113536+00:00,438.0,2,11,2-11
2026-02-11 08:15:05.066113536+00:00,605.0,2,11,2-11
2026-02-11 08:15:05.266113536+00:00,735.0,2,11,2-11
2026-02-11 08:15:05.466113536+00:00,920.0,2,11,2-11
2026-02-11 08:15:05.666113536+00:00,1081.0,2,11,2-11
2026-02-11 08:15:05.866113536+00:00,1218.0,2,11,2-11
2026-02-11 08:15:09.266113536+00:00,850.0,2,11,2-11
2026-02-11 08:15:09.466113536+00:00,650.0,2,11,2-11
2026-02-11 08:15:09.666113536+00:00,444.0,2,11,2-11
2026-02-11 08:15:09.866113536+00:00,243.0,2,11,2-11
2026-02-11 08:15:10.066113536+00:00,39.9,2,11,2-11
2026-02-11 08:15:10.266113536+00:00,72.5,2,11,2-11
2026-02-11 08:15:10.466113536+00:00,75.6,2,11,2-11
2026-02-11 08:15:10.666113536+00:00,102.0,2,11,2-11
2026-02-11 08:15:13.066113536+00:00,5185.0,2,11,2-11
2026-02-11 08:15:13.466113536+00:00,3435.0,2,11,2-11
2026-02-11 08:15:14.066113536+00:00,1519.0,2,11,2-11
2026-02-11 08:15:14.266113536+00:00,1281.0,2,11,2-11
2026-02-11 08:15:14.466113536+00:00,938.0,2,11,2-11
2026-02-11 08:15:14.666113536+00:00,706.0,2,11,2-11
2026-02-11 08:15:14.866113536+00:00,530.0,2,11,2-11
2026-02-11 08:15:15.066113536+00:00,320.0,2,11,2-11
2026-02-11 08:15:15.266113536+00:00,195.0,2,11,2-11
2026-02-11 08:15:15.666113536+00:00,6145.0,2,11,2-11
2026-02-11 08:15:15.866113536+00:00,4956.0,2,11,2-11
2026-02-11 08:15:16.066113536+00:00,4758.0,2,11,2-11
2026-02-11 08:15:16.266113536+00:00,4542.0,2,11,2-11
2026-02-11 08:15:16.466113536+00:00,4166.0,2,11,2-11
2026-02-11 08:15:16.866113536+00:00,3020.0,2,11,2-11
2026-02-11 08:15:17.066113536+00:00,2329.0,2,11,2-11
2026-02-11 08:15:17.266113536+00:00,2154.0,2,11,2-11
2026-02-11 08:15:17.466113536+00:00,6387.0,2,11,2-11
2026-02-11 08:15:20.466113536+00:00,4029.0,2,11,2-11
2026-02-11 08:15:20.666113536+00:00,3104.0,2,11,2-11
2026-02-11 08:15:20.866113536+00:00,2796.0,2,11,2-11
2026-02-11 08:15:21.066113536+00:00,2039.0,2,11,2-11
2026-02-11 08:15:21.266113536+00:00,1047.0,2,11,2-11
2026-02-11 08:15:21.466113536+00:00,753.0,2,11,2-11
2026-02-11 08:15:21.666113536+00:00,514.0,2,11,2-11
2026-02-11 08:15:21.866113536+00:00,275.0,2,11,2-11
2026-02-11 08:15:22.066113536+00:00,70.7,2,11,2-11
2026-02-11 08:15:22.266113536+00:00,41.7,2,11,2-11
2026-02-11 08:15:22.466113536+00:00,63.1,2,11,2-11
2026-02-11 08:15:22.666113536+00:00,181.0,2,11,2-11
2026-02-11 08:15:22.866113536+00:00,238.0,2,11,2-11
2026-02-11 08:15:23.066113536+00:00,297.0,2,11,2-11
2026-02-11 08:15:23.266113536+00:00,368.0,2,11,2-11
2026-02-11 08:15:23.466113536+00:00,447.0,2,11,2-11
2026-02-11 08:15:24.266113536+00:00,5794.0,2,11,2-11
2026-02-11 08:15:24.466113536+00:00,4858.0,2,11,2-11
2026-02-11 08:15:24.666113536+00:00,3863.0,2,11,2-11
2026-02-11 08:15:24.866113536+00:00,2889.0,2,11,2-11
2026-02-11 08:15:25.066113536+00:00,1882.0,2,11,2-11
2026-02-11 08:15:25.266113536+00:00,785.0,2,11,2-11
2026-02-11 08:15:25.466113536+00:00,706.0,2,11,2-11
2026-02-11 08:15:25.666113536+00:00,2844.0,2,11,2-11
2026-02-11 08:15:25.866113536+00:00,2630.0,2,11,2-11
2026-02-11 08:15:26.066113536+00:00,2429.0,2,11,2-11
2026-02-11 08:15:26.466113536+00:00,1413.0,2,11,2-11
2026-02-11 08:15:26.666113536+00:00,411.0,2,11,2-11
2026-02-11 08:15:26.866113536+00:00,231.0,2,11,2-11
2026-02-11 08:15:27.066113536+00:00,2123.0,2,11,2-11
2026-02-11 08:15:28.866113536+00:00,3683.0,2,11,2-11
2026-02-11 08:15:29.266113536+00:00,1687.0,2,11,2-11
2026-02-11 08:15:29.466113536+00:00,692.0,2,11,2-11
2026-02-11 08:15:29.666113536+00:00,479.0,2,11,2-11
2026-02-11 08:15:29.866113536+00:00,274.0,2,11,2-11
2026-02-11 08:15:30.066113536+00:00,71.0,2,11,2-11
2026-02-11 08:15:30.266113536+00:00,825.0,2,11,2-11
2026-02-11 08:15:31.666113536+00:00,633.0,2,11,2-11
2026-02-11 08:15:31.866113536+00:00,428.0,2,11,2-11
2026-02-11 08:15:32.066113536+00:00,246.0,2,11,2-11
2026-02-11 08:15:32.266113536+00:00,69.0,2,11,2-11
2026-02-11 08:15:32.466113536+00:00,80.9,2,11,2-11
2026-02-11 08:15:32.666113536+00:00,174.0,2,11,2-11
2026-02-11 08:15:32.866113536+00:00,322.0,2,11,2-11
2026-02-11 08:15:33.066113536+00:00,411.0,2,11,2-11
2026-02-11 08:15:33.266113536+00:00,489.0,2,11,2-11
2026-02-11 08:15:33.466113536+00:00,533.0,2,11,2-11
2026-02-11 08:15:33.666113536+00:00,655.0,2,11,2-11
2026-02-11 08:15:35.866113536+00:00,2048.0,2,11,2-11
2026-02-11 08:15:36.066113536+00:00,1870.0,2,11,2-11
2026-02-11 08:15:36.266113536+00:00,1563.0,2,11,2-11
2026-02-11 08:15:36.466113536+00:00,1097.0,2,11,2-11
2026-02-11 08:15:36.666113536+00:00,856.0,2,11,2-11
2026-02-11 08:15:36.866113536+00:00,656.0,2,11,2-11
2026-02-11 08:15:37.066113536+00:00,455.0,2,11,2-11
2026-02-11 08:15:37.266113536+00:00,251.0,2,11,2-11
2026-02-11 08:15:37.466113536+00:00,110.0,2,11,2-11
2026-02-11 08:15:37.666113536+00:00,35.0,2,11,2-11
2026-02-11 08:15:37.866113536+00:00,45.6,2,11,2-11
2026-02-11 08:15:38.066113536+00:00,47.4,2,11,2-11
2026-02-11 08:15:38.266113536+00:00,83.0,2,11,2-11
2026-02-11 08:15:38.466113536+00:00,92.4,2,11,2-11
2026-02-11 08:15:38.666113536+00:00,71.9,2,11,2-11
2026-02-11 08:15:38.866113536+00:00,73.5,2,11,2-11
2026-02-11 08:15:39.066113536+00:00,90.4,2,11,2-11
2026-02-11 08:15:39.266113536+00:00,112.0,2,11,2-11
2026-02-11 08:15:39.466113536+00:00,114.0,2,11,2-11
2026-02-11 08:15:39.666113536+00:00,480.0,2,11,2-11
2026-02-11 08:15:40.466113536+00:00,1237.0,2,11,2-11
2026-02-11 08:15:40.666113536+00:00,1017.0,2,11,2-11
2026-02-11 08:15:40.866113536+00:00,986.0,2,11,2-11
2026-02-11 08:15:41.066113536+00:00,777.0,2,11,2-11
2026-02-11 08:15:41.266113536+00:00,591.0,2,11,2-11
2026-02-11 08:15:41.466113536+00:00,562.0,2,11,2-11
2026-02-11 08:15:41.666113536+00:00,689.0,2,11,2-11
2026-02-11 08:15:41.866113536+00:00,1308.0,2,11,2-11
2026-02-11 08:15:47.866113536+00:00,811.0,2,11,2-11
2026-02-11 08:15:48.066113536+00:00,606.0,2,11,2-11
2026-02-11 08:15:48.266113536+00:00,407.0,2,11,2-11
2026-02-11 08:15:48.466113536+00:00,215.0,2,11,2-11
2026-02-11 08:15:48.666113536+00:00,38.1,2,11,2-11
2026-02-11 08:15:48.866113536+00:00,187.0,2,11,2-11
2026-02-11 08:15:49.066113536+00:00,394.0,2,11,2-11
2026-02-11 08:15:49.266113536+00:00,598.0,2,11,2-11
2026-02-11 08:15:49.466113536+00:00,1051.0,2,11,2-11
2026-02-11 08:15:49.666113536+00:00,3011.0,2,11,2-11
2026-02-11 08:15:49.866113536+00:00,3569.0,2,11,2-11
2026-02-11 08:13:24.679581696+00:00,29.2,2,13,2-13
2026-02-11 08:13:24.879581696+00:00,32.6,2,13,2-13
2026-02-11 08:13:25.079581696+00:00,26.9,2,13,2-13
2026-02-11 08:13:25.279581440+00:00,33.8,2,13,2-13
2026-02-11 08:13:25.479581696+00:00,25.2,2,13,2-13
2026-02-11 08:13:25.679581696+00:00,26.9,2,13,2-13
2026-02-11 08:13:25.879581696+00:00,29.3,2,13,2-13
2026-02-11 08:13:26.079581696+00:00,24.1,2,13,2-13
2026-02-11 08:13:26.279581440+00:00,26.4,2,13,2-13
2026-02-11 08:13:26.479581696+00:00,24.0,2,13,2-13
2026-02-11 08:13:26.679581696+00:00,25.8,2,13,2-13
2026-02-11 08:13:26.879581696+00:00,25.3,2,13,2-13
2026-02-11 08:13:27.079581696+00:00,32.8,2,13,2-13
2026-02-11 08:13:27.279581440+00:00,33.7,2,13,2-13
2026-02-11 08:13:27.479581696+00:00,35.7,2,13,2-13
2026-02-11 08:13:27.679581696+00:00,25.5,2,13,2-13
2026-02-11 08:13:27.879581696+00:00,24.2,2,13,2-13
2026-02-11 08:13:28.079581696+00:00,28.4,2,13,2-13
2026-02-11 08:13:28.279581440+00:00,24.9,2,13,2-13
2026-02-11 08:13:28.479581696+00:00,25.5,2,13,2-13
2026-02-11 08:13:28.679581696+00:00,25.3,2,13,2-13
2026-02-11 08:13:28.879581696+00:00,25.9,2,13,2-13
2026-02-11 08:13:29.079581696+00:00,33.2,2,13,2-13
2026-02-11 08:13:29.279581440+00:00,25.5,2,13,2-13
2026-02-11 08:13:29.479581696+00:00,26.5,2,13,2-13
2026-02-11 08:13:29.679581696+00:00,25.3,2,13,2-13
2026-02-11 08:13:29.879581696+00:00,24.4,2,13,2-13
2026-02-11 08:13:30.079581696+00:00,28.5,2,13,2-13
2026-02-11 08:13:30.279581440+00:00,29.6,2,13,2-13
2026-02-11 08:13:30.479581696+00:00,37.1,2,13,2-13
2026-02-11 08:13:30.679581696+00:00,24.5,2,13,2-13
2026-02-11 08:13:30.879581696+00:00,28.6,2,13,2-13
2026-02-11 08:13:31.079581696+00:00,23.5,2,13,2-13
2026-02-11 08:13:31.279581440+00:00,28.1,2,13,2-13
2026-02-11 08:13:31.479581696+00:00,24.7,2,13,2-13
2026-02-11 08:13:31.679581696+00:00,31.0,2,13,2-13
2026-02-11 08:13:31.879581696+00:00,26.5,2,13,2-13
2026-02-11 08:13:32.079581696+00:00,30.7,2,13,2-13
2026-02-11 08:13:32.279581440+00:00,27.5,2,13,2-13
2026-02-11 08:13:32.479581696+00:00,23.9,2,13,2-13
2026-02-11 08:13:32.679581696+00:00,43.7,2,13,2-13
2026-02-11 08:13:32.879581696+00:00,25.6,2,13,2-13
2026-02-11 08:13:33.079581696+00:00,30.8,2,13,2-13
2026-02-11 08:13:33.279581440+00:00,27.0,2,13,2-13
2026-02-11 08:13:33.479581696+00:00,25.5,2,13,2-13
2026-02-11 08:13:33.679581696+00:00,24.6,2,13,2-13
2026-02-11 08:13:33.879581696+00:00,31.1,2,13,2-13
2026-02-11 08:13:34.079581696+00:00,26.2,2,13,2-13
2026-02-11 08:13:34.279581440+00:00,27.8,2,13,2-13
2026-02-11 08:13:34.479581696+00:00,34.7,2,13,2-13
2026-02-11 08:13:34.679581696+00:00,24.0,2,13,2-13
2026-02-11 08:13:34.879581696+00:00,24.8,2,13,2-13
2026-02-11 08:13:35.079581696+00:00,24.2,2,13,2-13
2026-02-11 08:13:35.279581440+00:00,24.5,2,13,2-13
2026-02-11 08:13:35.479581696+00:00,30.5,2,13,2-13
2026-02-11 08:13:35.679581696+00:00,24.7,2,13,2-13
2026-02-11 08:13:35.879581696+00:00,47.4,2,13,2-13
2026-02-11 08:13:36.079581696+00:00,102.0,2,13,2-13
2026-02-11 08:13:36.279581440+00:00,97.7,2,13,2-13
2026-02-11 08:13:36.479581696+00:00,90.4,2,13,2-13
2026-02-11 08:13:36.679581696+00:00,81.8,2,13,2-13
2026-02-11 08:13:36.879581696+00:00,71.3,2,13,2-13
2026-02-11 08:13:37.079581696+00:00,55.2,2,13,2-13
2026-02-11 08:13:37.279581440+00:00,44.9,2,13,2-13
2026-02-11 08:13:37.479581696+00:00,40.0,2,13,2-13
2026-02-11 08:13:37.679581696+00:00,37.6,2,13,2-13
2026-02-11 08:13:37.879581696+00:00,36.1,2,13,2-13
2026-02-11 08:13:38.079581696+00:00,41.6,2,13,2-13
2026-02-11 08:13:38.279581440+00:00,31.8,2,13,2-13
2026-02-11 08:13:38.479581696+00:00,51.0,2,13,2-13
2026-02-11 08:13:38.679581696+00:00,34.6,2,13,2-13
2026-02-11 08:13:38.879581696+00:00,32.0,2,13,2-13
2026-02-11 08:13:39.079581696+00:00,38.4,2,13,2-13
2026-02-11 08:13:39.279581440+00:00,52.9,2,13,2-13
2026-02-11 08:13:39.479581696+00:00,28.1,2,13,2-13
2026-02-11 08:13:39.679581696+00:00,38.2,2,13,2-13
2026-02-11 08:13:39.879581696+00:00,35.5,2,13,2-13
2026-02-11 08:13:40.079581696+00:00,28.3,2,13,2-13
2026-02-11 08:13:40.279581440+00:00,34.5,2,13,2-13
2026-02-11 08:13:40.479581696+00:00,40.4,2,13,2-13
2026-02-11 08:13:40.679581696+00:00,35.1,2,13,2-13
2026-02-11 08:13:40.879581696+00:00,23.4,2,13,2-13
2026-02-11 08:13:41.079581696+00:00,27.2,2,13,2-13
2026-02-11 08:13:41.279581440+00:00,29.0,2,13,2-13
2026-02-11 08:13:41.479581696+00:00,36.8,2,13,2-13
2026-02-11 08:13:41.679581696+00:00,25.0,2,13,2-13
2026-02-11 08:13:41.879581696+00:00,27.4,2,13,2-13
2026-02-11 08:13:42.079581696+00:00,34.6,2,13,2-13
2026-02-11 08:13:42.279581440+00:00,27.1,2,13,2-13
2026-02-11 08:13:42.479581696+00:00,30.0,2,13,2-13
2026-02-11 08:13:42.679581696+00:00,25.6,2,13,2-13
2026-02-11 08:13:42.879581696+00:00,44.2,2,13,2-13
2026-02-11 08:13:43.079581696+00:00,27.9,2,13,2-13
2026-02-11 08:13:43.279581440+00:00,29.4,2,13,2-13
2026-02-11 08:13:43.479581696+00:00,34.4,2,13,2-13
2026-02-11 08:13:43.679581696+00:00,42.4,2,13,2-13
2026-02-11 08:13:43.879581696+00:00,34.5,2,13,2-13
2026-02-11 08:13:44.079581696+00:00,46.9,2,13,2-13
2026-02-11 08:13:44.279581440+00:00,34.8,2,13,2-13
2026-02-11 08:13:44.479581696+00:00,27.9,2,13,2-13
2026-02-11 08:13:44.679581696+00:00,25.9,2,13,2-13
2026-02-11 08:13:44.879581696+00:00,41.6,2,13,2-13
2026-02-11 08:13:45.079581696+00:00,33.7,2,13,2-13
2026-02-11 08:13:45.279581440+00:00,31.5,2,13,2-13
2026-02-11 08:13:45.479581696+00:00,25.4,2,13,2-13
2026-02-11 08:13:45.679581696+00:00,27.1,2,13,2-13
2026-02-11 08:13:45.879581696+00:00,34.2,2,13,2-13
2026-02-11 08:13:46.079581696+00:00,37.9,2,13,2-13
2026-02-11 08:13:46.279581440+00:00,31.9,2,13,2-13
2026-02-11 08:13:46.479581696+00:00,36.4,2,13,2-13
2026-02-11 08:13:46.679581696+00:00,39.8,2,13,2-13
2026-02-11 08:13:46.879581696+00:00,42.2,2,13,2-13
2026-02-11 08:13:47.079581696+00:00,37.9,2,13,2-13
2026-02-11 08:13:47.279581440+00:00,31.2,2,13,2-13
2026-02-11 08:13:47.479581696+00:00,24.4,2,13,2-13
2026-02-11 08:13:47.679581696+00:00,26.2,2,13,2-13
2026-02-11 08:13:47.879581696+00:00,42.8,2,13,2-13
2026-02-11 08:13:48.079581696+00:00,33.0,2,13,2-13
2026-02-11 08:13:48.279581440+00:00,24.9,2,13,2-13
2026-02-11 08:13:48.479581696+00:00,26.0,2,13,2-13
2026-02-11 08:13:48.679581696+00:00,25.3,2,13,2-13
2026-02-11 08:13:48.879581696+00:00,25.2,2,13,2-13
2026-02-11 08:13:49.079581696+00:00,33.6,2,13,2-13
2026-02-11 08:13:49.279581440+00:00,33.7,2,13,2-13
2026-02-11 08:13:49.479581696+00:00,41.0,2,13,2-13
2026-02-11 08:13:49.679581696+00:00,35.9,2,13,2-13
2026-02-11 08:13:49.879581696+00:00,30.3,2,13,2-13
2026-02-11 08:13:50.079581696+00:00,54.4,2,13,2-13
2026-02-11 08:13:50.279581440+00:00,56.3,2,13,2-13
2026-02-11 08:13:50.479581696+00:00,48.7,2,13,2-13
2026-02-11 08:13:50.679581696+00:00,27.7,2,13,2-13
2026-02-11 08:13:50.879581696+00:00,31.8,2,13,2-13
2026-02-11 08:13:51.079581696+00:00,30.0,2,13,2-13
2026-02-11 08:13:51.279581440+00:00,27.3,2,13,2-13
2026-02-11 08:13:51.479581696+00:00,25.5,2,13,2-13
2026-02-11 08:13:51.679581696+00:00,26.1,2,13,2-13
2026-02-11 08:13:51.879581696+00:00,23.6,2,13,2-13
2026-02-11 08:13:52.079581696+00:00,34.4,2,13,2-13
2026-02-11 08:13:52.279581440+00:00,24.3,2,13,2-13
2026-02-11 08:13:52.479581696+00:00,33.1,2,13,2-13
2026-02-11 08:13:52.679581696+00:00,35.0,2,13,2-13
2026-02-11 08:13:52.879581696+00:00,36.8,2,13,2-13
2026-02-11 08:13:53.079581696+00:00,49.7,2,13,2-13
2026-02-11 08:13:53.279581440+00:00,24.3,2,13,2-13
2026-02-11 08:13:53.479581696+00:00,24.4,2,13,2-13
2026-02-11 08:13:53.679581696+00:00,32.0,2,13,2-13
2026-02-11 08:13:53.879581696+00:00,39.4,2,13,2-13
2026-02-11 08:13:54.079581696+00:00,27.8,2,13,2-13
2026-02-11 08:13:54.279581440+00:00,41.6,2,13,2-13
2026-02-11 08:13:54.479581696+00:00,34.7,2,13,2-13
2026-02-11 08:13:54.679581696+00:00,36.4,2,13,2-13
2026-02-11 08:13:54.879581696+00:00,27.4,2,13,2-13
2026-02-11 08:13:55.079581696+00:00,24.4,2,13,2-13
2026-02-11 08:13:55.279581440+00:00,24.4,2,13,2-13
2026-02-11 08:13:55.479581696+00:00,25.9,2,13,2-13
2026-02-11 08:13:55.679581696+00:00,33.8,2,13,2-13
2026-02-11 08:13:55.879581696+00:00,1285.0,2,13,2-13
2026-02-11 08:13:56.079581696+00:00,3767.0,2,13,2-13
2026-02-11 08:13:56.679581696+00:00,1130.0,2,13,2-13
2026-02-11 08:13:56.879581696+00:00,887.0,2,13,2-13
2026-02-11 08:13:57.079581696+00:00,660.0,2,13,2-13
2026-02-11 08:13:57.279581440+00:00,374.0,2,13,2-13
2026-02-11 08:13:57.479581696+00:00,171.0,2,13,2-13
2026-02-11 08:13:57.679581696+00:00,24.4,2,13,2-13
2026-02-11 08:13:57.879581696+00:00,82.0,2,13,2-13
2026-02-11 08:13:58.079581696+00:00,242.0,2,13,2-13
2026-02-11 08:13:58.279581440+00:00,378.0,2,13,2-13
2026-02-11 08:13:58.479581696+00:00,529.0,2,13,2-13
2026-02-11 08:13:58.679581696+00:00,681.0,2,13,2-13
2026-02-11 08:13:58.879581696+00:00,824.0,2,13,2-13
2026-02-11 08:13:59.079581696+00:00,985.0,2,13,2-13
2026-02-11 08:13:59.279581440+00:00,1151.0,2,13,2-13
2026-02-11 08:13:59.479581696+00:00,1291.0,2,13,2-13
2026-02-11 08:13:59.679581696+00:00,1450.0,2,13,2-13
2026-02-11 08:13:59.879581696+00:00,1579.0,2,13,2-13
2026-02-11 08:14:00.079581696+00:00,1742.0,2,13,2-13
2026-02-11 08:14:00.279581440+00:00,1889.0,2,13,2-13
2026-02-11 08:14:00.479581696+00:00,2014.0,2,13,2-13
2026-02-11 08:14:00.679581696+00:00,2133.0,2,13,2-13
2026-02-11 08:14:00.879581696+00:00,2197.0,2,13,2-13
2026-02-11 08:14:01.079581696+00:00,2246.0,2,13,2-13
2026-02-11 08:14:01.479581696+00:00,2346.0,2,13,2-13
2026-02-11 08:14:02.079581696+00:00,2591.0,2,13,2-13
2026-02-11 08:14:02.279581440+00:00,2672.0,2,13,2-13
2026-02-11 08:14:02.679581696+00:00,2791.0,2,13,2-13
2026-02-11 08:14:02.879581696+00:00,2820.0,2,13,2-13
2026-02-11 08:14:03.079581696+00:00,2831.0,2,13,2-13
2026-02-11 08:14:03.279581440+00:00,2860.0,2,13,2-13
2026-02-11 08:14:04.079581696+00:00,3015.0,2,13,2-13
2026-02-11 08:14:04.279581440+00:00,3048.0,2,13,2-13
2026-02-11 08:14:04.879581696+00:00,3136.0,2,13,2-13
2026-02-11 08:14:05.479581696+00:00,3238.0,2,13,2-13
2026-02-11 08:14:06.279581440+00:00,3406.0,2,13,2-13
2026-02-11 08:14:06.679581696+00:00,3490.0,2,13,2-13
2026-02-11 08:14:07.079581696+00:00,3553.0,2,13,2-13
2026-02-11 08:14:08.279581440+00:00,3726.0,2,13,2-13
2026-02-11 08:14:08.879581696+00:00,3838.0,2,13,2-13
2026-02-11 08:14:09.079581696+00:00,3921.0,2,13,2-13
2026-02-11 08:14:10.079581696+00:00,3965.0,2,13,2-13
2026-02-11 08:14:10.479581696+00:00,4027.0,2,13,2-13
2026-02-11 08:14:11.079581696+00:00,4076.0,2,13,2-13
2026-02-11 08:14:11.679581696+00:00,4138.0,2,13,2-13
2026-02-11 08:14:11.879581696+00:00,4171.0,2,13,2-13
2026-02-11 08:14:12.079581696+00:00,4198.0,2,13,2-13
2026-02-11 08:14:12.479581696+00:00,4235.0,2,13,2-13
2026-02-11 08:14:12.679581696+00:00,4248.0,2,13,2-13
2026-02-11 08:14:12.879581696+00:00,4301.0,2,13,2-13
2026-02-11 08:14:13.079581696+00:00,4275.0,2,13,2-13
2026-02-11 08:14:13.679581696+00:00,4312.0,2,13,2-13
2026-02-11 08:14:13.879581696+00:00,4343.0,2,13,2-13
2026-02-11 08:14:14.279581440+00:00,4365.0,2,13,2-13
2026-02-11 08:14:14.479581696+00:00,4377.0,2,13,2-13
2026-02-11 08:14:14.679581696+00:00,4377.0,2,13,2-13
2026-02-11 08:14:15.079581696+00:00,4430.0,2,13,2-13
2026-02-11 08:14:15.879581696+00:00,4481.0,2,13,2-13
2026-02-11 08:14:16.079581696+00:00,4494.0,2,13,2-13
2026-02-11 08:14:16.479581696+00:00,4531.0,2,13,2-13
2026-02-11 08:14:16.879581696+00:00,5366.0,2,13,2-13
2026-02-11 08:14:17.679581696+00:00,5575.0,2,13,2-13
2026-02-11 08:14:17.879581696+00:00,5677.0,2,13,2-13
2026-02-11 08:14:19.879581696+00:00,5349.0,2,13,2-13
2026-02-11 08:14:20.079581696+00:00,5153.0,2,13,2-13
2026-02-11 08:14:24.079581696+00:00,1686.0,2,13,2-13
2026-02-11 08:14:24.279581440+00:00,719.0,2,13,2-13
2026-02-11 08:14:24.479581696+00:00,513.0,2,13,2-13
2026-02-11 08:14:24.679581696+00:00,312.0,2,13,2-13
2026-02-11 08:14:24.879581696+00:00,105.0,2,13,2-13
2026-02-11 08:14:25.079581696+00:00,24.8,2,13,2-13
2026-02-11 08:14:25.279581440+00:00,23.8,2,13,2-13
2026-02-11 08:14:25.479581696+00:00,34.2,2,13,2-13
2026-02-11 08:14:25.679581696+00:00,37.0,2,13,2-13
2026-02-11 08:14:25.879581696+00:00,25.3,2,13,2-13
2026-02-11 08:14:26.079581696+00:00,24.2,2,13,2-13
2026-02-11 08:14:26.279581440+00:00,29.3,2,13,2-13
2026-02-11 08:14:26.479581696+00:00,24.0,2,13,2-13
2026-02-11 08:14:26.679581696+00:00,32.1,2,13,2-13
2026-02-11 08:14:26.879581696+00:00,27.4,2,13,2-13
2026-02-11 08:14:27.079581696+00:00,25.5,2,13,2-13
2026-02-11 08:14:27.279581440+00:00,24.3,2,13,2-13
2026-02-11 08:14:27.479581696+00:00,201.0,2,13,2-13
2026-02-11 08:14:27.679581696+00:00,634.0,2,13,2-13
2026-02-11 08:14:27.879581696+00:00,10078.0,2,13,2-13
2026-02-11 08:14:30.479581696+00:00,10067.0,2,13,2-13
2026-02-11 08:14:30.679581696+00:00,9871.0,2,13,2-13
2026-02-11 08:14:30.879581696+00:00,8981.0,2,13,2-13
2026-02-11 08:14:31.079581696+00:00,9507.0,2,13,2-13
2026-02-11 08:14:31.279581440+00:00,8378.0,2,13,2-13
2026-02-11 08:14:31.479581696+00:00,7508.0,2,13,2-13
2026-02-11 08:14:31.679581696+00:00,6526.0,2,13,2-13
2026-02-11 08:14:32.079581696+00:00,4531.0,2,13,2-13
2026-02-11 08:14:32.879581696+00:00,549.0,2,13,2-13
2026-02-11 08:14:33.079581696+00:00,345.0,2,13,2-13
2026-02-11 08:14:33.279581440+00:00,130.0,2,13,2-13
2026-02-11 08:14:33.479581696+00:00,29.3,2,13,2-13
2026-02-11 08:14:33.679581696+00:00,24.8,2,13,2-13
2026-02-11 08:14:33.879581696+00:00,26.5,2,13,2-13
2026-02-11 08:14:34.079581696+00:00,23.4,2,13,2-13
2026-02-11 08:14:34.279581440+00:00,25.0,2,13,2-13
2026-02-11 08:14:34.479581696+00:00,25.7,2,13,2-13
2026-02-11 08:14:34.679581696+00:00,28.5,2,13,2-13
2026-02-11 08:14:34.879581696+00:00,25.2,2,13,2-13
2026-02-11 08:14:35.079581696+00:00,33.5,2,13,2-13
2026-02-11 08:14:35.279581440+00:00,24.7,2,13,2-13
2026-02-11 08:14:35.479581696+00:00,28.9,2,13,2-13
2026-02-11 08:14:35.679581696+00:00,24.8,2,13,2-13
2026-02-11 08:14:35.879581696+00:00,29.0,2,13,2-13
2026-02-11 08:14:36.079581696+00:00,25.8,2,13,2-13
2026-02-11 08:14:36.279581440+00:00,35.5,2,13,2-13
2026-02-11 08:14:36.479581696+00:00,35.3,2,13,2-13
2026-02-11 08:14:36.679581696+00:00,362.0,2,13,2-13
2026-02-11 08:14:36.879581696+00:00,292.0,2,13,2-13
2026-02-11 08:14:37.079581696+00:00,7667.0,2,13,2-13
2026-02-11 08:14:37.679581696+00:00,6970.0,2,13,2-13
2026-02-11 08:14:37.879581696+00:00,5960.0,2,13,2-13
2026-02-11 08:14:38.079581696+00:00,5007.0,2,13,2-13
2026-02-11 08:14:38.279581440+00:00,4004.0,2,13,2-13
2026-02-11 08:14:38.479581696+00:00,3034.0,2,13,2-13
2026-02-11 08:14:38.679581696+00:00,2028.0,2,13,2-13
2026-02-11 08:14:38.879581696+00:00,2007.0,2,13,2-13
2026-02-11 08:14:39.079581696+00:00,1828.0,2,13,2-13
2026-02-11 08:14:39.279581440+00:00,1034.0,2,13,2-13
2026-02-11 08:14:39.479581696+00:00,76.1,2,13,2-13
2026-02-11 08:14:39.679581696+00:00,504.0,2,13,2-13
2026-02-11 08:14:39.879581696+00:00,756.0,2,13,2-13
2026-02-11 08:14:40.079581696+00:00,639.0,2,13,2-13
2026-02-11 08:14:40.279581440+00:00,1293.0,2,13,2-13
2026-02-11 08:14:40.479581696+00:00,908.0,2,13,2-13
2026-02-11 08:14:40.679581696+00:00,705.0,2,13,2-13
2026-02-11 08:14:41.079581696+00:00,941.0,2,13,2-13
2026-02-11 08:14:41.279581440+00:00,735.0,2,13,2-13
2026-02-11 08:14:41.479581696+00:00,1200.0,2,13,2-13
2026-02-11 08:14:42.279581440+00:00,2309.0,2,13,2-13
2026-02-11 08:14:42.479581696+00:00,2071.0,2,13,2-13
2026-02-11 08:14:42.679581696+00:00,1927.0,2,13,2-13
2026-02-11 08:14:43.279581440+00:00,1293.0,2,13,2-13
2026-02-11 08:14:43.479581696+00:00,1087.0,2,13,2-13
2026-02-11 08:14:43.679581696+00:00,919.0,2,13,2-13
2026-02-11 08:14:43.879581696+00:00,917.0,2,13,2-13
2026-02-11 08:14:44.079581696+00:00,915.0,2,13,2-13
2026-02-11 08:14:44.279581440+00:00,729.0,2,13,2-13
2026-02-11 08:14:45.479581696+00:00,2483.0,2,13,2-13
2026-02-11 08:14:45.679581696+00:00,1502.0,2,13,2-13
2026-02-11 08:14:45.879581696+00:00,491.0,2,13,2-13
2026-02-11 08:14:46.079581696+00:00,275.0,2,13,2-13
2026-02-11 08:14:46.279581440+00:00,83.3,2,13,2-13
2026-02-11 08:14:48.279581440+00:00,1014.0,2,13,2-13
2026-02-11 08:14:48.479581696+00:00,831.0,2,13,2-13
2026-02-11 08:14:48.679581696+00:00,631.0,2,13,2-13
2026-02-11 08:14:49.879581696+00:00,1401.0,2,13,2-13
2026-02-11 08:14:50.079581696+00:00,866.0,2,13,2-13
2026-02-11 08:14:50.279581440+00:00,471.0,2,13,2-13
2026-02-11 08:14:50.479581696+00:00,263.0,2,13,2-13
2026-02-11 08:14:50.679581696+00:00,93.5,2,13,2-13
2026-02-11 08:14:50.879581696+00:00,42.5,2,13,2-13
2026-02-11 08:14:52.079581696+00:00,594.0,2,13,2-13
2026-02-11 08:14:52.279581440+00:00,384.0,2,13,2-13
2026-02-11 08:14:52.479581696+00:00,186.0,2,13,2-13
2026-02-11 08:14:52.679581696+00:00,40.8,2,13,2-13
2026-02-11 08:14:52.879581696+00:00,210.0,2,13,2-13
2026-02-11 08:14:53.079581696+00:00,372.0,2,13,2-13
2026-02-11 08:14:53.279581440+00:00,531.0,2,13,2-13
2026-02-11 08:14:53.479581696+00:00,689.0,2,13,2-13
2026-02-11 08:14:53.679581696+00:00,854.0,2,13,2-13
2026-02-11 08:14:53.879581696+00:00,1027.0,2,13,2-13
2026-02-11 08:14:54.079581696+00:00,1186.0,2,13,2-13
2026-02-11 08:14:54.279581440+00:00,1357.0,2,13,2-13
2026-02-11 08:14:54.479581696+00:00,1526.0,2,13,2-13
2026-02-11 08:14:54.679581696+00:00,1654.0,2,13,2-13
2026-02-11 08:14:54.879581696+00:00,1615.0,2,13,2-13
2026-02-11 08:14:55.079581696+00:00,1517.0,2,13,2-13
2026-02-11 08:14:55.279581440+00:00,1411.0,2,13,2-13
2026-02-11 08:14:55.479581696+00:00,1302.0,2,13,2-13
2026-02-11 08:14:55.679581696+00:00,1107.0,2,13,2-13
2026-02-11 08:14:55.879581696+00:00,908.0,2,13,2-13
2026-02-11 08:14:56.079581696+00:00,725.0,2,13,2-13
2026-02-11 08:14:56.279581440+00:00,779.0,2,13,2-13
2026-02-11 08:14:56.479581696+00:00,423.0,2,13,2-13
2026-02-11 08:14:56.679581696+00:00,230.0,2,13,2-13
2026-02-11 08:14:56.879581696+00:00,73.4,2,13,2-13
2026-02-11 08:14:57.079581696+00:00,23.9,2,13,2-13
2026-02-11 08:14:57.279581440+00:00,34.4,2,13,2-13
2026-02-11 08:14:57.479581696+00:00,23.9,2,13,2-13
2026-02-11 08:14:57.679581696+00:00,27.0,2,13,2-13
2026-02-11 08:14:57.879581696+00:00,29.0,2,13,2-13
2026-02-11 08:14:58.079581696+00:00,24.0,2,13,2-13
2026-02-11 08:14:58.279581440+00:00,32.5,2,13,2-13
2026-02-11 08:14:58.479581696+00:00,30.9,2,13,2-13
2026-02-11 08:14:58.679581696+00:00,27.7,2,13,2-13
2026-02-11 08:14:58.879581696+00:00,1529.0,2,13,2-13
2026-02-11 08:14:59.079581696+00:00,1096.0,2,13,2-13
2026-02-11 08:14:59.279581440+00:00,905.0,2,13,2-13
2026-02-11 08:14:59.479581696+00:00,698.0,2,13,2-13
2026-02-11 08:14:59.679581696+00:00,317.0,2,13,2-13
2026-02-11 08:14:59.879581696+00:00,114.0,2,13,2-13
2026-02-11 08:15:00.079581696+00:00,59.2,2,13,2-13
2026-02-11 08:15:00.279581440+00:00,63.8,2,13,2-13
2026-02-11 08:15:00.879581696+00:00,2144.0,2,13,2-13
2026-02-11 08:15:01.079581696+00:00,1648.0,2,13,2-13
2026-02-11 08:15:01.279581440+00:00,1800.0,2,13,2-13
2026-02-11 08:15:01.479581696+00:00,1660.0,2,13,2-13
2026-02-11 08:15:01.679581696+00:00,1906.0,2,13,2-13
2026-02-11 08:15:01.879581696+00:00,1729.0,2,13,2-13
2026-02-11 08:15:02.479581696+00:00,1026.0,2,13,2-13
2026-02-11 08:15:02.679581696+00:00,752.0,2,13,2-13
2026-02-11 08:15:02.879581696+00:00,617.0,2,13,2-13
2026-02-11 08:15:03.079581696+00:00,510.0,2,13,2-13
2026-02-11 08:15:03.279581440+00:00,1181.0,2,13,2-13
2026-02-11 08:15:05.079581696+00:00,638.0,2,13,2-13
2026-02-11 08:15:05.279581440+00:00,435.0,2,13,2-13
2026-02-11 08:15:05.479581696+00:00,193.0,2,13,2-13
2026-02-11 08:15:05.679581696+00:00,30.1,2,13,2-13
2026-02-11 08:15:05.879581696+00:00,181.0,2,13,2-13
2026-02-11 08:15:06.079581696+00:00,37.1,2,13,2-13
2026-02-11 08:15:06.279581440+00:00,26.0,2,13,2-13
2026-02-11 08:15:06.479581696+00:00,27.1,2,13,2-13
2026-02-11 08:15:06.679581696+00:00,37.5,2,13,2-13
2026-02-11 08:15:06.879581696+00:00,23.6,2,13,2-13
2026-02-11 08:15:07.079581696+00:00,29.9,2,13,2-13
2026-02-11 08:15:07.279581440+00:00,24.1,2,13,2-13
2026-02-11 08:15:07.479581696+00:00,30.2,2,13,2-13
2026-02-11 08:15:07.679581696+00:00,25.7,2,13,2-13
2026-02-11 08:15:07.879581696+00:00,39.4,2,13,2-13
2026-02-11 08:15:08.079581696+00:00,29.6,2,13,2-13
2026-02-11 08:15:08.279581440+00:00,40.9,2,13,2-13
2026-02-11 08:15:10.279581440+00:00,2419.0,2,13,2-13
2026-02-11 08:15:10.679581696+00:00,800.0,2,13,2-13
2026-02-11 08:15:10.879581696+00:00,594.0,2,13,2-13
2026-02-11 08:15:11.079581696+00:00,396.0,2,13,2-13
2026-02-11 08:15:11.279581440+00:00,222.0,2,13,2-13
2026-02-11 08:15:11.479581696+00:00,59.3,2,13,2-13
2026-02-11 08:15:11.679581696+00:00,315.0,2,13,2-13
2026-02-11 08:15:11.879581696+00:00,731.0,2,13,2-13
2026-02-11 08:15:12.079581696+00:00,1180.0,2,13,2-13
2026-02-11 08:15:15.679581696+00:00,1305.0,2,13,2-13
2026-02-11 08:15:15.879581696+00:00,1081.0,2,13,2-13
2026-02-11 08:15:16.079581696+00:00,777.0,2,13,2-13
2026-02-11 08:15:16.279581440+00:00,550.0,2,13,2-13
2026-02-11 08:15:16.479581696+00:00,358.0,2,13,2-13
2026-02-11 08:15:16.679581696+00:00,175.0,2,13,2-13
2026-02-11 08:15:16.879581696+00:00,101.0,2,13,2-13
2026-02-11 08:15:17.079581696+00:00,3123.0,2,13,2-13
2026-02-11 08:15:17.279581440+00:00,1915.0,2,13,2-13
2026-02-11 08:15:17.479581696+00:00,1710.0,2,13,2-13
2026-02-11 08:15:17.679581696+00:00,1502.0,2,13,2-13
2026-02-11 08:15:17.879581696+00:00,1131.0,2,13,2-13
2026-02-11 08:15:18.079581696+00:00,140.0,2,13,2-13
2026-02-11 08:15:18.279581440+00:00,30.2,2,13,2-13
2026-02-11 08:15:18.479581696+00:00,54.6,2,13,2-13
2026-02-11 08:15:18.679581696+00:00,50.9,2,13,2-13
2026-02-11 08:15:18.879581696+00:00,143.0,2,13,2-13
2026-02-11 08:15:19.079581696+00:00,198.0,2,13,2-13
2026-02-11 08:15:19.279581440+00:00,236.0,2,13,2-13
2026-02-11 08:15:21.679581696+00:00,3025.0,2,13,2-13
2026-02-11 08:15:21.879581696+00:00,2714.0,2,13,2-13
2026-02-11 08:15:22.079581696+00:00,1954.0,2,13,2-13
2026-02-11 08:15:22.279581440+00:00,979.0,2,13,2-13
2026-02-11 08:15:22.479581696+00:00,687.0,2,13,2-13
2026-02-11 08:15:22.679581696+00:00,418.0,2,13,2-13
2026-02-11 08:15:22.879581696+00:00,204.0,2,13,2-13
2026-02-11 08:15:23.079581696+00:00,31.2,2,13,2-13
2026-02-11 08:15:23.279581440+00:00,38.8,2,13,2-13
2026-02-11 08:15:23.479581696+00:00,374.0,2,13,2-13
2026-02-11 08:15:23.679581696+00:00,574.0,2,13,2-13
2026-02-11 08:15:23.879581696+00:00,770.0,2,13,2-13
2026-02-11 08:15:24.079581696+00:00,967.0,2,13,2-13
2026-02-11 08:15:24.679581696+00:00,6623.0,2,13,2-13
2026-02-11 08:15:24.879581696+00:00,6478.0,2,13,2-13
2026-02-11 08:15:25.079581696+00:00,6460.0,2,13,2-13
2026-02-11 08:15:25.279581440+00:00,5955.0,2,13,2-13
2026-02-11 08:15:25.479581696+00:00,4950.0,2,13,2-13
2026-02-11 08:15:25.679581696+00:00,3955.0,2,13,2-13
2026-02-11 08:15:25.879581696+00:00,2956.0,2,13,2-13
2026-02-11 08:15:26.079581696+00:00,1948.0,2,13,2-13
2026-02-11 08:15:26.279581440+00:00,843.0,2,13,2-13
2026-02-11 08:15:26.479581696+00:00,635.0,2,13,2-13
2026-02-11 08:15:26.679581696+00:00,500.0,2,13,2-13
2026-02-11 08:15:26.879581696+00:00,338.0,2,13,2-13
2026-02-11 08:15:27.079581696+00:00,312.0,2,13,2-13
2026-02-11 08:15:27.279581440+00:00,2109.0,2,13,2-13
2026-02-11 08:15:27.479581696+00:00,1383.0,2,13,2-13
2026-02-11 08:15:27.679581696+00:00,383.0,2,13,2-13
2026-02-11 08:15:27.879581696+00:00,173.0,2,13,2-13
2026-02-11 08:15:28.079581696+00:00,562.0,2,13,2-13
2026-02-11 08:15:28.479581696+00:00,1517.0,2,13,2-13
2026-02-11 08:15:28.679581696+00:00,1499.0,2,13,2-13
2026-02-11 08:15:28.879581696+00:00,1993.0,2,13,2-13
2026-02-11 08:15:30.279581440+00:00,1672.0,2,13,2-13
2026-02-11 08:15:30.479581696+00:00,674.0,2,13,2-13
2026-02-11 08:15:30.679581696+00:00,465.0,2,13,2-13
2026-02-11 08:15:30.879581696+00:00,159.0,2,13,2-13
2026-02-11 08:15:31.079581696+00:00,130.0,2,13,2-13
2026-02-11 08:15:31.279581440+00:00,1065.0,2,13,2-13
2026-02-11 08:15:32.679581696+00:00,592.0,2,13,2-13
2026-02-11 08:15:32.879581696+00:00,388.0,2,13,2-13
2026-02-11 08:15:33.079581696+00:00,192.0,2,13,2-13
2026-02-11 08:15:33.279581440+00:00,41.0,2,13,2-13
2026-02-11 08:15:33.479581696+00:00,116.0,2,13,2-13
2026-02-11 08:15:33.679581696+00:00,273.0,2,13,2-13
2026-02-11 08:15:33.879581696+00:00,455.0,2,13,2-13
2026-02-11 08:15:34.079581696+00:00,595.0,2,13,2-13
2026-02-11 08:15:34.279581440+00:00,753.0,2,13,2-13
2026-02-11 08:15:34.479581696+00:00,902.0,2,13,2-13
2026-02-11 08:15:34.679581696+00:00,1165.0,2,13,2-13
2026-02-11 08:15:35.279581440+00:00,5127.0,2,13,2-13
2026-02-11 08:15:36.879581696+00:00,2800.0,2,13,2-13
2026-02-11 08:15:37.079581696+00:00,1798.0,2,13,2-13
2026-02-11 08:15:37.279581440+00:00,1615.0,2,13,2-13
2026-02-11 08:15:37.479581696+00:00,1317.0,2,13,2-13
2026-02-11 08:15:37.679581696+00:00,856.0,2,13,2-13
2026-02-11 08:15:37.879581696+00:00,615.0,2,13,2-13
2026-02-11 08:15:38.079581696+00:00,854.0,2,13,2-13
2026-02-11 08:15:38.279581440+00:00,690.0,2,13,2-13
2026-02-11 08:15:38.479581696+00:00,692.0,2,13,2-13
2026-02-11 08:15:38.679581696+00:00,788.0,2,13,2-13
2026-02-11 08:15:38.879581696+00:00,765.0,2,13,2-13
2026-02-11 08:15:39.079581696+00:00,789.0,2,13,2-13
2026-02-11 08:15:39.279581440+00:00,920.0,2,13,2-13
2026-02-11 08:15:39.479581696+00:00,1099.0,2,13,2-13
2026-02-11 08:15:39.679581696+00:00,1249.0,2,13,2-13
2026-02-11 08:15:40.879581696+00:00,2132.0,2,13,2-13
2026-02-11 08:15:41.079581696+00:00,1938.0,2,13,2-13
2026-02-11 08:15:41.479581696+00:00,555.0,2,13,2-13
2026-02-11 08:15:41.679581696+00:00,317.0,2,13,2-13
2026-02-11 08:15:41.879581696+00:00,112.0,2,13,2-13
2026-02-11 08:15:42.079581696+00:00,462.0,2,13,2-13
2026-02-11 08:15:42.279581440+00:00,320.0,2,13,2-13
2026-02-11 08:15:42.479581696+00:00,133.0,2,13,2-13
2026-02-11 08:15:42.679581696+00:00,372.0,2,13,2-13
2026-02-11 08:15:42.879581696+00:00,876.0,2,13,2-13
2026-02-11 08:15:49.479581696+00:00,753.0,2,13,2-13
2026-02-11 08:15:49.679581696+00:00,554.0,2,13,2-13
2026-02-11 08:15:49.879581696+00:00,458.0,2,13,2-13
2026-02-11 08:15:50.079581696+00:00,214.0,2,13,2-13
2026-02-11 08:15:50.279581440+00:00,33.6,2,13,2-13
2026-02-11 08:15:50.479581696+00:00,43.7,2,13,2-13
2026-02-11 08:15:50.679581696+00:00,64.2,2,13,2-13
2026-02-11 08:15:50.879581696+00:00,59.1,2,13,2-13
2026-02-11 08:15:51.079581696+00:00,72.0,2,13,2-13
2026-02-11 08:15:51.279581440+00:00,84.1,2,13,2-13
2026-02-11 08:15:51.479581696+00:00,127.0,2,13,2-13
2026-02-11 08:15:51.679581696+00:00,188.0,2,13,2-13
2026-02-11 08:15:51.879581696+00:00,1700.0,2,13,2-13
2026-02-11 08:15:52.079581696+00:00,1820.0,2,13,2-13
2026-02-11 08:15:52.279581440+00:00,2058.0,2,13,2-13
2026-02-11 08:15:52.479581696+00:00,2187.0,2,13,2-13
2026-02-11 08:15:52.679581696+00:00,3019.0,2,13,2-13
2026-02-11 08:13:24.898053376+00:00,24.7,9,10,9-10
2026-02-11 08:13:25.098053376+00:00,26.7,9,10,9-10
2026-02-11 08:13:25.298053376+00:00,24.3,9,10,9-10
2026-02-11 08:13:25.498053376+00:00,23.6,9,10,9-10
2026-02-11 08:13:25.698053376+00:00,26.2,9,10,9-10
2026-02-11 08:13:25.898053376+00:00,24.6,9,10,9-10
2026-02-11 08:13:26.098053376+00:00,27.8,9,10,9-10
2026-02-11 08:13:26.298053376+00:00,28.4,9,10,9-10
2026-02-11 08:13:26.498053376+00:00,23.7,9,10,9-10
2026-02-11 08:13:26.698053376+00:00,30.4,9,10,9-10
2026-02-11 08:13:26.898053376+00:00,22.4,9,10,9-10
2026-02-11 08:13:27.098053376+00:00,25.0,9,10,9-10
2026-02-11 08:13:27.298053376+00:00,25.9,9,10,9-10
2026-02-11 08:13:27.498053376+00:00,25.9,9,10,9-10
2026-02-11 08:13:27.698053376+00:00,24.9,9,10,9-10
2026-02-11 08:13:27.898053376+00:00,25.5,9,10,9-10
2026-02-11 08:13:28.098053376+00:00,32.5,9,10,9-10
2026-02-11 08:13:28.298053376+00:00,24.2,9,10,9-10
2026-02-11 08:13:28.498053376+00:00,24.6,9,10,9-10
2026-02-11 08:13:28.698053376+00:00,29.6,9,10,9-10
2026-02-11 08:13:28.898053376+00:00,27.6,9,10,9-10
2026-02-11 08:13:29.098053376+00:00,27.5,9,10,9-10
2026-02-11 08:13:29.298053376+00:00,27.7,9,10,9-10
2026-02-11 08:13:29.498053376+00:00,24.1,9,10,9-10
2026-02-11 08:13:29.698053376+00:00,26.1,9,10,9-10
2026-02-11 08:13:29.898053376+00:00,23.9,9,10,9-10
2026-02-11 08:13:30.098053376+00:00,24.1,9,10,9-10
2026-02-11 08:13:30.298053376+00:00,24.8,9,10,9-10
2026-02-11 08:13:30.498053376+00:00,24.3,9,10,9-10
2026-02-11 08:13:30.698053376+00:00,23.2,9,10,9-10
2026-02-11 08:13:30.898053376+00:00,33.2,9,10,9-10
2026-02-11 08:13:31.098053376+00:00,28.6,9,10,9-10
2026-02-11 08:13:31.298053376+00:00,26.1,9,10,9-10
2026-02-11 08:13:31.498053376+00:00,23.8,9,10,9-10
2026-02-11 08:13:31.698053376+00:00,28.9,9,10,9-10
2026-02-11 08:13:31.898053376+00:00,31.1,9,10,9-10
2026-02-11 08:13:32.098053376+00:00,30.1,9,10,9-10
2026-02-11 08:13:32.298053376+00:00,27.9,9,10,9-10
2026-02-11 08:13:32.498053376+00:00,24.0,9,10,9-10
2026-02-11 08:13:32.698053376+00:00,31.8,9,10,9-10
2026-02-11 08:13:32.898053376+00:00,27.9,9,10,9-10
2026-02-11 08:13:33.098053376+00:00,27.9,9,10,9-10
2026-02-11 08:13:33.298053376+00:00,31.4,9,10,9-10
2026-02-11 08:13:33.498053376+00:00,26.3,9,10,9-10
2026-02-11 08:13:33.698053376+00:00,31.8,9,10,9-10
2026-02-11 08:13:33.898053376+00:00,22.6,9,10,9-10
2026-02-11 08:13:34.098053376+00:00,26.4,9,10,9-10
2026-02-11 08:13:34.298053376+00:00,24.7,9,10,9-10
2026-02-11 08:13:34.498053376+00:00,25.2,9,10,9-10
2026-02-11 08:13:34.698053376+00:00,29.4,9,10,9-10
2026-02-11 08:13:34.898053376+00:00,27.8,9,10,9-10
2026-02-11 08:13:35.098053376+00:00,25.1,9,10,9-10
2026-02-11 08:13:35.298053376+00:00,24.9,9,10,9-10
2026-02-11 08:13:35.498053376+00:00,34.1,9,10,9-10
2026-02-11 08:13:35.698053376+00:00,22.4,9,10,9-10
2026-02-11 08:13:35.898053376+00:00,24.6,9,10,9-10
2026-02-11 08:13:36.098053376+00:00,24.9,9,10,9-10
2026-02-11 08:13:36.298053376+00:00,35.7,9,10,9-10
2026-02-11 08:13:36.498053376+00:00,24.0,9,10,9-10
2026-02-11 08:13:36.698053376+00:00,36.3,9,10,9-10
2026-02-11 08:13:36.898053376+00:00,25.8,9,10,9-10
2026-02-11 08:13:37.098053376+00:00,26.4,9,10,9-10
2026-02-11 08:13:37.298053376+00:00,24.9,9,10,9-10
2026-02-11 08:13:37.498053376+00:00,25.4,9,10,9-10
2026-02-11 08:13:37.698053376+00:00,30.7,9,10,9-10
2026-02-11 08:13:37.898053376+00:00,25.0,9,10,9-10
2026-02-11 08:13:38.098053376+00:00,32.8,9,10,9-10
2026-02-11 08:13:38.298053376+00:00,33.7,9,10,9-10
2026-02-11 08:13:38.498053376+00:00,32.2,9,10,9-10
2026-02-11 08:13:38.698053376+00:00,27.4,9,10,9-10
2026-02-11 08:13:38.898053376+00:00,24.5,9,10,9-10
2026-02-11 08:13:39.098053376+00:00,23.4,9,10,9-10
2026-02-11 08:13:39.298053376+00:00,23.6,9,10,9-10
2026-02-11 08:13:39.498053376+00:00,23.0,9,10,9-10
2026-02-11 08:13:39.698053376+00:00,24.0,9,10,9-10
2026-02-11 08:13:39.898053376+00:00,24.1,9,10,9-10
2026-02-11 08:13:40.098053376+00:00,30.6,9,10,9-10
2026-02-11 08:13:40.298053376+00:00,31.2,9,10,9-10
2026-02-11 08:13:40.498053376+00:00,32.6,9,10,9-10
2026-02-11 08:13:40.698053376+00:00,24.2,9,10,9-10
2026-02-11 08:13:40.898053376+00:00,23.6,9,10,9-10
2026-02-11 08:13:41.098053376+00:00,25.5,9,10,9-10
2026-02-11 08:13:41.298053376+00:00,26.2,9,10,9-10
2026-02-11 08:13:41.498053376+00:00,26.5,9,10,9-10
2026-02-11 08:13:41.698053376+00:00,24.8,9,10,9-10
2026-02-11 08:13:41.898053376+00:00,25.1,9,10,9-10
2026-02-11 08:13:42.098053376+00:00,29.8,9,10,9-10
2026-02-11 08:13:42.298053376+00:00,23.2,9,10,9-10
2026-02-11 08:13:42.498053376+00:00,22.6,9,10,9-10
2026-02-11 08:13:42.698053376+00:00,25.2,9,10,9-10
2026-02-11 08:13:42.898053376+00:00,23.9,9,10,9-10
2026-02-11 08:13:43.098053376+00:00,32.1,9,10,9-10
2026-02-11 08:13:43.298053376+00:00,30.0,9,10,9-10
2026-02-11 08:13:43.498053376+00:00,23.1,9,10,9-10
2026-02-11 08:13:43.698053376+00:00,22.7,9,10,9-10
2026-02-11 08:13:43.898053376+00:00,25.6,9,10,9-10
2026-02-11 08:13:44.098053376+00:00,27.8,9,10,9-10
2026-02-11 08:13:44.298053376+00:00,26.3,9,10,9-10
2026-02-11 08:13:44.498053376+00:00,29.9,9,10,9-10
2026-02-11 08:13:44.698053376+00:00,24.9,9,10,9-10
2026-02-11 08:13:44.898053376+00:00,23.5,9,10,9-10
2026-02-11 08:13:45.098053376+00:00,37.2,9,10,9-10
2026-02-11 08:13:45.298053376+00:00,27.7,9,10,9-10
2026-02-11 08:13:45.498053376+00:00,25.3,9,10,9-10
2026-02-11 08:13:45.698053376+00:00,34.3,9,10,9-10
2026-02-11 08:13:45.898053376+00:00,25.3,9,10,9-10
2026-02-11 08:13:46.098053376+00:00,24.7,9,10,9-10
2026-02-11 08:13:46.298053376+00:00,28.1,9,10,9-10
2026-02-11 08:13:46.498053376+00:00,32.3,9,10,9-10
2026-02-11 08:13:46.698053376+00:00,26.1,9,10,9-10
2026-02-11 08:13:46.898053376+00:00,25.6,9,10,9-10
2026-02-11 08:13:47.098053376+00:00,25.3,9,10,9-10
2026-02-11 08:13:47.298053376+00:00,33.7,9,10,9-10
2026-02-11 08:13:47.498053376+00:00,32.1,9,10,9-10
2026-02-11 08:13:47.698053376+00:00,26.2,9,10,9-10
2026-02-11 08:13:47.898053376+00:00,23.4,9,10,9-10
2026-02-11 08:13:48.098053376+00:00,23.8,9,10,9-10
2026-02-11 08:13:48.298053376+00:00,24.9,9,10,9-10
2026-02-11 08:13:48.498053376+00:00,30.4,9,10,9-10
2026-02-11 08:13:48.698053376+00:00,33.6,9,10,9-10
2026-02-11 08:13:48.898053376+00:00,28.3,9,10,9-10
2026-02-11 08:13:49.098053376+00:00,23.3,9,10,9-10
2026-02-11 08:13:49.298053376+00:00,27.0,9,10,9-10
2026-02-11 08:13:49.498053376+00:00,27.4,9,10,9-10
2026-02-11 08:13:49.698053376+00:00,23.8,9,10,9-10
2026-02-11 08:13:49.898053376+00:00,23.2,9,10,9-10
2026-02-11 08:13:50.098053376+00:00,33.7,9,10,9-10
2026-02-11 08:13:50.298053376+00:00,23.2,9,10,9-10
2026-02-11 08:13:50.498053376+00:00,25.9,9,10,9-10
2026-02-11 08:13:50.698053376+00:00,28.4,9,10,9-10
2026-02-11 08:13:50.898053376+00:00,25.6,9,10,9-10
2026-02-11 08:13:51.098053376+00:00,25.0,9,10,9-10
2026-02-11 08:13:51.298053376+00:00,35.0,9,10,9-10
2026-02-11 08:13:51.498053376+00:00,27.4,9,10,9-10
2026-02-11 08:13:51.698053376+00:00,29.8,9,10,9-10
2026-02-11 08:13:51.898053376+00:00,23.3,9,10,9-10
2026-02-11 08:13:52.098053376+00:00,36.7,9,10,9-10
2026-02-11 08:13:52.298053376+00:00,25.1,9,10,9-10
2026-02-11 08:13:52.498053376+00:00,44.8,9,10,9-10
2026-02-11 08:13:52.698053376+00:00,33.3,9,10,9-10
2026-02-11 08:13:52.898053376+00:00,26.6,9,10,9-10
2026-02-11 08:13:53.098053376+00:00,24.2,9,10,9-10
2026-02-11 08:13:53.298053376+00:00,33.0,9,10,9-10
2026-02-11 08:13:53.498053376+00:00,23.8,9,10,9-10
2026-02-11 08:13:53.698053376+00:00,30.7,9,10,9-10
2026-02-11 08:13:53.898053376+00:00,25.1,9,10,9-10
2026-02-11 08:13:54.098053376+00:00,22.6,9,10,9-10
2026-02-11 08:13:54.298053376+00:00,22.3,9,10,9-10
2026-02-11 08:13:54.498053376+00:00,33.3,9,10,9-10
2026-02-11 08:13:54.698053376+00:00,22.9,9,10,9-10
2026-02-11 08:13:54.898053376+00:00,22.9,9,10,9-10
2026-02-11 08:13:55.098053376+00:00,33.5,9,10,9-10
2026-02-11 08:13:55.298053376+00:00,23.7,9,10,9-10
2026-02-11 08:13:55.498053376+00:00,23.6,9,10,9-10
2026-02-11 08:13:55.698053376+00:00,30.5,9,10,9-10
2026-02-11 08:13:56.298053376+00:00,2152.0,9,10,9-10
2026-02-11 08:13:56.498053376+00:00,1158.0,9,10,9-10
2026-02-11 08:13:56.698053376+00:00,915.0,9,10,9-10
2026-02-11 08:13:56.898053376+00:00,715.0,9,10,9-10
2026-02-11 08:13:57.098053376+00:00,436.0,9,10,9-10
2026-02-11 08:13:57.298053376+00:00,235.0,9,10,9-10
2026-02-11 08:13:57.498053376+00:00,103.0,9,10,9-10
2026-02-11 08:13:57.698053376+00:00,25.0,9,10,9-10
2026-02-11 08:13:57.898053376+00:00,28.6,9,10,9-10
2026-02-11 08:13:58.098053376+00:00,30.4,9,10,9-10
2026-02-11 08:13:58.298053376+00:00,23.0,9,10,9-10
2026-02-11 08:13:58.498053376+00:00,23.9,9,10,9-10
2026-02-11 08:13:58.698053376+00:00,24.2,9,10,9-10
2026-02-11 08:13:58.898053376+00:00,27.6,9,10,9-10
2026-02-11 08:13:59.098053376+00:00,27.5,9,10,9-10
2026-02-11 08:13:59.298053376+00:00,39.6,9,10,9-10
2026-02-11 08:13:59.498053376+00:00,23.6,9,10,9-10
2026-02-11 08:13:59.698053376+00:00,22.5,9,10,9-10
2026-02-11 08:13:59.898053376+00:00,26.1,9,10,9-10
2026-02-11 08:14:00.098053376+00:00,26.0,9,10,9-10
2026-02-11 08:14:00.298053376+00:00,28.0,9,10,9-10
2026-02-11 08:14:00.498053376+00:00,23.9,9,10,9-10
2026-02-11 08:14:00.698053376+00:00,21.9,9,10,9-10
2026-02-11 08:14:00.898053376+00:00,31.3,9,10,9-10
2026-02-11 08:14:01.098053376+00:00,24.9,9,10,9-10
2026-02-11 08:14:01.298053376+00:00,22.9,9,10,9-10
2026-02-11 08:14:01.498053376+00:00,25.3,9,10,9-10
2026-02-11 08:14:01.698053376+00:00,22.4,9,10,9-10
2026-02-11 08:14:01.898053376+00:00,29.2,9,10,9-10
2026-02-11 08:14:02.098053376+00:00,23.9,9,10,9-10
2026-02-11 08:14:02.298053376+00:00,24.6,9,10,9-10
2026-02-11 08:14:02.498053376+00:00,23.7,9,10,9-10
2026-02-11 08:14:02.698053376+00:00,24.0,9,10,9-10
2026-02-11 08:14:02.898053376+00:00,42.4,9,10,9-10
2026-02-11 08:14:03.098053376+00:00,32.2,9,10,9-10
2026-02-11 08:14:03.298053376+00:00,22.4,9,10,9-10
2026-02-11 08:14:03.498053376+00:00,25.9,9,10,9-10
2026-02-11 08:14:03.698053376+00:00,23.9,9,10,9-10
2026-02-11 08:14:03.898053376+00:00,26.5,9,10,9-10
2026-02-11 08:14:04.098053376+00:00,26.2,9,10,9-10
2026-02-11 08:14:04.298053376+00:00,23.8,9,10,9-10
2026-02-11 08:14:04.498053376+00:00,32.6,9,10,9-10
2026-02-11 08:14:04.698053376+00:00,32.4,9,10,9-10
2026-02-11 08:14:04.898053376+00:00,24.1,9,10,9-10
2026-02-11 08:14:05.098053376+00:00,24.0,9,10,9-10
2026-02-11 08:14:05.298053376+00:00,26.2,9,10,9-10
2026-02-11 08:14:05.498053376+00:00,24.6,9,10,9-10
2026-02-11 08:14:05.698053376+00:00,22.2,9,10,9-10
2026-02-11 08:14:05.898053376+00:00,23.4,9,10,9-10
2026-02-11 08:14:06.098053376+00:00,35.0,9,10,9-10
2026-02-11 08:14:06.298053376+00:00,26.3,9,10,9-10
2026-02-11 08:14:06.498053376+00:00,23.6,9,10,9-10
2026-02-11 08:14:06.698053376+00:00,33.6,9,10,9-10
2026-02-11 08:14:06.898053376+00:00,26.8,9,10,9-10
2026-02-11 08:14:07.098053376+00:00,23.9,9,10,9-10
2026-02-11 08:14:07.298053376+00:00,23.5,9,10,9-10
2026-02-11 08:14:07.498053376+00:00,25.2,9,10,9-10
2026-02-11 08:14:07.698053376+00:00,23.6,9,10,9-10
2026-02-11 08:14:07.898053376+00:00,25.8,9,10,9-10
2026-02-11 08:14:08.098053376+00:00,23.9,9,10,9-10
2026-02-11 08:14:08.298053376+00:00,31.1,9,10,9-10
2026-02-11 08:14:08.498053376+00:00,23.2,9,10,9-10
2026-02-11 08:14:08.698053376+00:00,24.2,9,10,9-10
2026-02-11 08:14:08.898053376+00:00,26.8,9,10,9-10
2026-02-11 08:14:09.098053376+00:00,23.6,9,10,9-10
2026-02-11 08:14:09.298053376+00:00,24.5,9,10,9-10
2026-02-11 08:14:09.498053376+00:00,29.2,9,10,9-10
2026-02-11 08:14:09.698053376+00:00,23.6,9,10,9-10
2026-02-11 08:14:09.898053376+00:00,24.7,9,10,9-10
2026-02-11 08:14:10.098053376+00:00,25.9,9,10,9-10
2026-02-11 08:14:10.298053376+00:00,23.7,9,10,9-10
2026-02-11 08:14:10.498053376+00:00,22.7,9,10,9-10
2026-02-11 08:14:10.698053376+00:00,23.3,9,10,9-10
2026-02-11 08:14:10.898053376+00:00,28.4,9,10,9-10
2026-02-11 08:14:11.098053376+00:00,28.0,9,10,9-10
2026-02-11 08:14:11.298053376+00:00,27.1,9,10,9-10
2026-02-11 08:14:11.498053376+00:00,31.4,9,10,9-10
2026-02-11 08:14:11.698053376+00:00,23.5,9,10,9-10
2026-02-11 08:14:11.898053376+00:00,24.2,9,10,9-10
2026-02-11 08:14:12.098053376+00:00,30.6,9,10,9-10
2026-02-11 08:14:12.298053376+00:00,29.8,9,10,9-10
2026-02-11 08:14:12.498053376+00:00,23.5,9,10,9-10
2026-02-11 08:14:12.698053376+00:00,23.4,9,10,9-10
2026-02-11 08:14:12.898053376+00:00,31.5,9,10,9-10
2026-02-11 08:14:13.098053376+00:00,23.2,9,10,9-10
2026-02-11 08:14:13.298053376+00:00,23.5,9,10,9-10
2026-02-11 08:14:13.498053376+00:00,23.6,9,10,9-10
2026-02-11 08:14:13.698053376+00:00,22.6,9,10,9-10
2026-02-11 08:14:13.898053376+00:00,22.6,9,10,9-10
2026-02-11 08:14:14.098053376+00:00,27.7,9,10,9-10
2026-02-11 08:14:14.298053376+00:00,23.9,9,10,9-10
2026-02-11 08:14:14.498053376+00:00,25.8,9,10,9-10
2026-02-11 08:14:14.698053376+00:00,31.2,9,10,9-10
2026-02-11 08:14:14.898053376+00:00,26.0,9,10,9-10
2026-02-11 08:14:15.098053376+00:00,22.2,9,10,9-10
2026-02-11 08:14:15.298053376+00:00,26.7,9,10,9-10
2026-02-11 08:14:15.498053376+00:00,33.6,9,10,9-10
2026-02-11 08:14:15.698053376+00:00,23.1,9,10,9-10
2026-02-11 08:14:15.898053376+00:00,22.8,9,10,9-10
2026-02-11 08:14:16.098053376+00:00,36.2,9,10,9-10
2026-02-11 08:14:16.298053376+00:00,22.2,9,10,9-10
2026-02-11 08:14:16.498053376+00:00,27.7,9,10,9-10
2026-02-11 08:14:16.698053376+00:00,23.2,9,10,9-10
2026-02-11 08:14:16.898053376+00:00,25.0,9,10,9-10
2026-02-11 08:14:17.098053376+00:00,25.8,9,10,9-10
2026-02-11 08:14:17.298053376+00:00,31.5,9,10,9-10
2026-02-11 08:14:17.498053376+00:00,24.7,9,10,9-10
2026-02-11 08:14:17.698053376+00:00,24.1,9,10,9-10
2026-02-11 08:14:17.898053376+00:00,25.3,9,10,9-10
2026-02-11 08:14:18.098053376+00:00,28.7,9,10,9-10
2026-02-11 08:14:18.298053376+00:00,23.8,9,10,9-10
2026-02-11 08:14:18.498053376+00:00,31.6,9,10,9-10
2026-02-11 08:14:18.698053376+00:00,24.1,9,10,9-10
2026-02-11 08:14:18.898053376+00:00,29.4,9,10,9-10
2026-02-11 08:14:19.098053376+00:00,23.0,9,10,9-10
2026-02-11 08:14:19.298053376+00:00,24.1,9,10,9-10
2026-02-11 08:14:19.498053376+00:00,23.4,9,10,9-10
2026-02-11 08:14:19.698053376+00:00,23.2,9,10,9-10
2026-02-11 08:14:19.898053376+00:00,22.0,9,10,9-10
2026-02-11 08:14:20.098053376+00:00,25.5,9,10,9-10
2026-02-11 08:14:20.298053376+00:00,23.0,9,10,9-10
2026-02-11 08:14:20.498053376+00:00,30.2,9,10,9-10
2026-02-11 08:14:20.698053376+00:00,22.7,9,10,9-10
2026-02-11 08:14:20.898053376+00:00,30.9,9,10,9-10
2026-02-11 08:14:21.098053376+00:00,24.4,9,10,9-10
2026-02-11 08:14:21.298053376+00:00,23.3,9,10,9-10
2026-02-11 08:14:21.698053376+00:00,1219.0,9,10,9-10
2026-02-11 08:14:21.898053376+00:00,1609.0,9,10,9-10
2026-02-11 08:14:22.098053376+00:00,1029.0,9,10,9-10
2026-02-11 08:14:22.298053376+00:00,833.0,9,10,9-10
2026-02-11 08:14:22.498053376+00:00,613.0,9,10,9-10
2026-02-11 08:14:22.698053376+00:00,407.0,9,10,9-10
2026-02-11 08:14:22.898053376+00:00,204.0,9,10,9-10
2026-02-11 08:14:23.098053376+00:00,58.1,9,10,9-10
2026-02-11 08:14:23.298053376+00:00,106.0,9,10,9-10
2026-02-11 08:14:24.098053376+00:00,705.0,9,10,9-10
2026-02-11 08:14:24.298053376+00:00,524.0,9,10,9-10
2026-02-11 08:14:24.498053376+00:00,302.0,9,10,9-10
2026-02-11 08:14:24.698053376+00:00,97.8,9,10,9-10
2026-02-11 08:14:24.898053376+00:00,26.5,9,10,9-10
2026-02-11 08:14:25.098053376+00:00,23.6,9,10,9-10
2026-02-11 08:14:25.298053376+00:00,27.5,9,10,9-10
2026-02-11 08:14:25.498053376+00:00,24.2,9,10,9-10
2026-02-11 08:14:25.698053376+00:00,30.7,9,10,9-10
2026-02-11 08:14:25.898053376+00:00,22.9,9,10,9-10
2026-02-11 08:14:26.098053376+00:00,26.6,9,10,9-10
2026-02-11 08:14:26.298053376+00:00,32.1,9,10,9-10
2026-02-11 08:14:26.498053376+00:00,31.4,9,10,9-10
2026-02-11 08:14:26.698053376+00:00,25.2,9,10,9-10
2026-02-11 08:14:26.898053376+00:00,25.5,9,10,9-10
2026-02-11 08:14:27.098053376+00:00,31.8,9,10,9-10
2026-02-11 08:14:27.298053376+00:00,26.0,9,10,9-10
2026-02-11 08:14:27.498053376+00:00,756.0,9,10,9-10
2026-02-11 08:14:27.698053376+00:00,1479.0,9,10,9-10
2026-02-11 08:14:27.898053376+00:00,4035.0,9,10,9-10
2026-02-11 08:14:28.098053376+00:00,9721.0,9,10,9-10
2026-02-11 08:14:28.298053376+00:00,9544.0,9,10,9-10
2026-02-11 08:14:28.498053376+00:00,10252.0,9,10,9-10
2026-02-11 08:14:31.498053376+00:00,8055.0,9,10,9-10
2026-02-11 08:14:31.698053376+00:00,7055.0,9,10,9-10
2026-02-11 08:14:31.898053376+00:00,6052.0,9,10,9-10
2026-02-11 08:14:32.098053376+00:00,5068.0,9,10,9-10
2026-02-11 08:14:32.298053376+00:00,4069.0,9,10,9-10
2026-02-11 08:14:32.498053376+00:00,3073.0,9,10,9-10
2026-02-11 08:14:32.698053376+00:00,2042.0,9,10,9-10
2026-02-11 08:14:32.898053376+00:00,1084.0,9,10,9-10
2026-02-11 08:14:33.098053376+00:00,112.0,9,10,9-10
2026-02-11 08:14:33.298053376+00:00,522.0,9,10,9-10
2026-02-11 08:14:33.498053376+00:00,319.0,9,10,9-10
2026-02-11 08:14:33.698053376+00:00,109.0,9,10,9-10
2026-02-11 08:14:33.898053376+00:00,24.1,9,10,9-10
2026-02-11 08:14:34.098053376+00:00,25.8,9,10,9-10
2026-02-11 08:14:34.298053376+00:00,25.0,9,10,9-10
2026-02-11 08:14:34.498053376+00:00,24.8,9,10,9-10
2026-02-11 08:14:34.698053376+00:00,23.1,9,10,9-10
2026-02-11 08:14:34.898053376+00:00,25.1,9,10,9-10
2026-02-11 08:14:35.098053376+00:00,24.5,9,10,9-10
2026-02-11 08:14:35.298053376+00:00,22.8,9,10,9-10
2026-02-11 08:14:35.498053376+00:00,22.8,9,10,9-10
2026-02-11 08:14:35.698053376+00:00,22.3,9,10,9-10
2026-02-11 08:14:35.898053376+00:00,24.9,9,10,9-10
2026-02-11 08:14:36.098053376+00:00,24.5,9,10,9-10
2026-02-11 08:14:36.298053376+00:00,27.5,9,10,9-10
2026-02-11 08:14:36.498053376+00:00,24.8,9,10,9-10
2026-02-11 08:14:36.698053376+00:00,27.6,9,10,9-10
2026-02-11 08:14:36.898053376+00:00,27.8,9,10,9-10
2026-02-11 08:14:37.098053376+00:00,312.0,9,10,9-10
2026-02-11 08:14:37.298053376+00:00,162.0,9,10,9-10
2026-02-11 08:14:37.498053376+00:00,1078.0,9,10,9-10
2026-02-11 08:14:37.698053376+00:00,11712.0,9,10,9-10
2026-02-11 08:14:37.898053376+00:00,10395.0,9,10,9-10
2026-02-11 08:14:38.098053376+00:00,9390.0,9,10,9-10
2026-02-11 08:14:38.298053376+00:00,8376.0,9,10,9-10
2026-02-11 08:14:38.498053376+00:00,7397.0,9,10,9-10
2026-02-11 08:14:38.898053376+00:00,5231.0,9,10,9-10
2026-02-11 08:14:39.098053376+00:00,4429.0,9,10,9-10
2026-02-11 08:14:39.298053376+00:00,3428.0,9,10,9-10
2026-02-11 08:14:39.498053376+00:00,3113.0,9,10,9-10
2026-02-11 08:14:39.898053376+00:00,2043.0,9,10,9-10
2026-02-11 08:14:40.098053376+00:00,1857.0,9,10,9-10
2026-02-11 08:14:40.298053376+00:00,1629.0,9,10,9-10
2026-02-11 08:14:40.498053376+00:00,1720.0,9,10,9-10
2026-02-11 08:14:40.698053376+00:00,1595.0,9,10,9-10
2026-02-11 08:14:40.898053376+00:00,2115.0,9,10,9-10
2026-02-11 08:14:41.098053376+00:00,1575.0,9,10,9-10
2026-02-11 08:14:41.498053376+00:00,1581.0,9,10,9-10
2026-02-11 08:14:41.698053376+00:00,1296.0,9,10,9-10
2026-02-11 08:14:41.898053376+00:00,1185.0,9,10,9-10
2026-02-11 08:14:42.098053376+00:00,1252.0,9,10,9-10
2026-02-11 08:14:42.298053376+00:00,1605.0,9,10,9-10
2026-02-11 08:14:42.498053376+00:00,1533.0,9,10,9-10
2026-02-11 08:14:42.898053376+00:00,1170.0,9,10,9-10
2026-02-11 08:14:43.098053376+00:00,860.0,9,10,9-10
2026-02-11 08:14:43.298053376+00:00,479.0,9,10,9-10
2026-02-11 08:14:43.498053376+00:00,291.0,9,10,9-10
2026-02-11 08:14:43.698053376+00:00,113.0,9,10,9-10
2026-02-11 08:14:43.898053376+00:00,40.2,9,10,9-10
2026-02-11 08:14:44.098053376+00:00,127.0,9,10,9-10
2026-02-11 08:14:44.898053376+00:00,2525.0,9,10,9-10
2026-02-11 08:14:45.098053376+00:00,1547.0,9,10,9-10
2026-02-11 08:14:45.298053376+00:00,547.0,9,10,9-10
2026-02-11 08:14:45.498053376+00:00,326.0,9,10,9-10
2026-02-11 08:14:45.698053376+00:00,121.0,9,10,9-10
2026-02-11 08:14:47.698053376+00:00,2030.0,9,10,9-10
2026-02-11 08:14:47.898053376+00:00,1048.0,9,10,9-10
2026-02-11 08:14:48.098053376+00:00,842.0,9,10,9-10
2026-02-11 08:14:48.298053376+00:00,656.0,9,10,9-10
2026-02-11 08:14:48.498053376+00:00,79.0,9,10,9-10
2026-02-11 08:14:49.498053376+00:00,1390.0,9,10,9-10
2026-02-11 08:14:49.698053376+00:00,874.0,9,10,9-10
2026-02-11 08:14:49.898053376+00:00,480.0,9,10,9-10
2026-02-11 08:14:50.098053376+00:00,276.0,9,10,9-10
2026-02-11 08:14:50.298053376+00:00,106.0,9,10,9-10
2026-02-11 08:14:50.498053376+00:00,50.1,9,10,9-10
2026-02-11 08:14:50.898053376+00:00,3536.0,9,10,9-10
2026-02-11 08:14:51.698053376+00:00,590.0,9,10,9-10
2026-02-11 08:14:51.898053376+00:00,380.0,9,10,9-10
2026-02-11 08:14:52.098053376+00:00,179.0,9,10,9-10
2026-02-11 08:14:52.298053376+00:00,32.7,9,10,9-10
2026-02-11 08:14:52.498053376+00:00,24.3,9,10,9-10
2026-02-11 08:14:52.698053376+00:00,23.5,9,10,9-10
2026-02-11 08:14:52.898053376+00:00,29.7,9,10,9-10
2026-02-11 08:14:53.098053376+00:00,24.1,9,10,9-10
2026-02-11 08:14:53.298053376+00:00,23.9,9,10,9-10
2026-02-11 08:14:53.498053376+00:00,24.5,9,10,9-10
2026-02-11 08:14:53.698053376+00:00,23.0,9,10,9-10
2026-02-11 08:14:53.898053376+00:00,25.4,9,10,9-10
2026-02-11 08:14:54.098053376+00:00,25.6,9,10,9-10
2026-02-11 08:14:54.298053376+00:00,33.2,9,10,9-10
2026-02-11 08:14:54.498053376+00:00,40.7,9,10,9-10
2026-02-11 08:14:54.698053376+00:00,33.3,9,10,9-10
2026-02-11 08:14:54.898053376+00:00,35.7,9,10,9-10
2026-02-11 08:14:55.098053376+00:00,46.8,9,10,9-10
2026-02-11 08:14:55.298053376+00:00,45.1,9,10,9-10
2026-02-11 08:14:55.498053376+00:00,51.1,9,10,9-10
2026-02-11 08:14:55.698053376+00:00,42.8,9,10,9-10
2026-02-11 08:14:55.898053376+00:00,158.0,9,10,9-10
2026-02-11 08:14:56.098053376+00:00,24.8,9,10,9-10
2026-02-11 08:14:56.298053376+00:00,23.4,9,10,9-10
2026-02-11 08:14:56.498053376+00:00,22.4,9,10,9-10
2026-02-11 08:14:56.698053376+00:00,23.4,9,10,9-10
2026-02-11 08:14:56.898053376+00:00,24.9,9,10,9-10
2026-02-11 08:14:57.098053376+00:00,34.8,9,10,9-10
2026-02-11 08:14:57.298053376+00:00,26.3,9,10,9-10
2026-02-11 08:14:57.498053376+00:00,25.6,9,10,9-10
2026-02-11 08:14:57.698053376+00:00,27.5,9,10,9-10
2026-02-11 08:14:57.898053376+00:00,23.5,9,10,9-10
2026-02-11 08:14:58.098053376+00:00,23.9,9,10,9-10
2026-02-11 08:14:58.298053376+00:00,1593.0,9,10,9-10
2026-02-11 08:14:58.498053376+00:00,1203.0,9,10,9-10
2026-02-11 08:14:58.698053376+00:00,986.0,9,10,9-10
2026-02-11 08:14:58.898053376+00:00,774.0,9,10,9-10
2026-02-11 08:14:59.098053376+00:00,350.0,9,10,9-10
2026-02-11 08:14:59.298053376+00:00,169.0,9,10,9-10
2026-02-11 08:14:59.498053376+00:00,49.3,9,10,9-10
2026-02-11 08:14:59.698053376+00:00,68.2,9,10,9-10
2026-02-11 08:15:00.498053376+00:00,1621.0,9,10,9-10
2026-02-11 08:15:00.698053376+00:00,1455.0,9,10,9-10
2026-02-11 08:15:00.898053376+00:00,1473.0,9,10,9-10
2026-02-11 08:15:01.098053376+00:00,1849.0,9,10,9-10
2026-02-11 08:15:01.498053376+00:00,1501.0,9,10,9-10
2026-02-11 08:15:01.698053376+00:00,1258.0,9,10,9-10
2026-02-11 08:15:02.098053376+00:00,588.0,9,10,9-10
2026-02-11 08:15:02.298053376+00:00,388.0,9,10,9-10
2026-02-11 08:15:02.498053376+00:00,191.0,9,10,9-10
2026-02-11 08:15:02.698053376+00:00,77.7,9,10,9-10
2026-02-11 08:15:03.498053376+00:00,4684.0,9,10,9-10
2026-02-11 08:15:03.698053376+00:00,2692.0,9,10,9-10
2026-02-11 08:15:03.898053376+00:00,1687.0,9,10,9-10
2026-02-11 08:15:04.098053376+00:00,678.0,9,10,9-10
2026-02-11 08:15:04.298053376+00:00,469.0,9,10,9-10
2026-02-11 08:15:04.498053376+00:00,233.0,9,10,9-10
2026-02-11 08:15:04.698053376+00:00,53.0,9,10,9-10
2026-02-11 08:15:04.898053376+00:00,149.0,9,10,9-10
2026-02-11 08:15:05.098053376+00:00,22.9,9,10,9-10
2026-02-11 08:15:05.298053376+00:00,23.4,9,10,9-10
2026-02-11 08:15:05.498053376+00:00,26.3,9,10,9-10
2026-02-11 08:15:05.698053376+00:00,23.4,9,10,9-10
2026-02-11 08:15:05.898053376+00:00,23.6,9,10,9-10
2026-02-11 08:15:06.098053376+00:00,24.9,9,10,9-10
2026-02-11 08:15:06.298053376+00:00,23.1,9,10,9-10
2026-02-11 08:15:06.498053376+00:00,23.5,9,10,9-10
2026-02-11 08:15:06.698053376+00:00,23.4,9,10,9-10
2026-02-11 08:15:06.898053376+00:00,42.1,9,10,9-10
2026-02-11 08:15:07.098053376+00:00,41.2,9,10,9-10
2026-02-11 08:15:07.298053376+00:00,36.5,9,10,9-10
2026-02-11 08:15:07.898053376+00:00,2744.0,9,10,9-10
2026-02-11 08:15:08.098053376+00:00,2528.0,9,10,9-10
2026-02-11 08:15:09.098053376+00:00,2431.0,9,10,9-10
2026-02-11 08:15:09.498053376+00:00,828.0,9,10,9-10
2026-02-11 08:15:09.698053376+00:00,622.0,9,10,9-10
2026-02-11 08:15:09.898053376+00:00,416.0,9,10,9-10
2026-02-11 08:15:10.098053376+00:00,215.0,9,10,9-10
2026-02-11 08:15:10.298053376+00:00,22.9,9,10,9-10
2026-02-11 08:15:10.498053376+00:00,44.5,9,10,9-10
2026-02-11 08:15:10.698053376+00:00,34.3,9,10,9-10
2026-02-11 08:15:10.898053376+00:00,25.1,9,10,9-10
2026-02-11 08:15:14.098053376+00:00,2104.0,9,10,9-10
2026-02-11 08:15:14.298053376+00:00,1417.0,9,10,9-10
2026-02-11 08:15:14.498053376+00:00,1222.0,9,10,9-10
2026-02-11 08:15:14.698053376+00:00,921.0,9,10,9-10
2026-02-11 08:15:14.898053376+00:00,724.0,9,10,9-10
2026-02-11 08:15:15.098053376+00:00,542.0,9,10,9-10
2026-02-11 08:15:15.298053376+00:00,386.0,9,10,9-10
2026-02-11 08:15:15.498053376+00:00,242.0,9,10,9-10
2026-02-11 08:15:16.298053376+00:00,6580.0,9,10,9-10
2026-02-11 08:15:16.498053376+00:00,6364.0,9,10,9-10
2026-02-11 08:15:17.098053376+00:00,5797.0,9,10,9-10
2026-02-11 08:15:20.298053376+00:00,5816.0,9,10,9-10
2026-02-11 08:15:20.698053376+00:00,3909.0,9,10,9-10
2026-02-11 08:15:20.898053376+00:00,3056.0,9,10,9-10
2026-02-11 08:15:21.098053376+00:00,2744.0,9,10,9-10
2026-02-11 08:15:21.498053376+00:00,1010.0,9,10,9-10
2026-02-11 08:15:21.698053376+00:00,714.0,9,10,9-10
2026-02-11 08:15:21.898053376+00:00,476.0,9,10,9-10
2026-02-11 08:15:22.098053376+00:00,264.0,9,10,9-10
2026-02-11 08:15:22.298053376+00:00,61.6,9,10,9-10
2026-02-11 08:15:22.498053376+00:00,30.1,9,10,9-10
2026-02-11 08:15:22.698053376+00:00,25.8,9,10,9-10
2026-02-11 08:15:22.898053376+00:00,26.0,9,10,9-10
2026-02-11 08:15:23.098053376+00:00,27.2,9,10,9-10
2026-02-11 08:15:23.298053376+00:00,26.5,9,10,9-10
2026-02-11 08:15:23.498053376+00:00,32.6,9,10,9-10
2026-02-11 08:15:23.698053376+00:00,27.0,9,10,9-10
2026-02-11 08:15:23.898053376+00:00,27.3,9,10,9-10
2026-02-11 08:15:24.098053376+00:00,29.9,9,10,9-10
2026-02-11 08:15:24.298053376+00:00,31.8,9,10,9-10
2026-02-11 08:15:24.498053376+00:00,5356.0,9,10,9-10
2026-02-11 08:15:24.698053376+00:00,3418.0,9,10,9-10
2026-02-11 08:15:24.898053376+00:00,1415.0,9,10,9-10
2026-02-11 08:15:25.098053376+00:00,430.0,9,10,9-10
2026-02-11 08:15:25.298053376+00:00,225.0,9,10,9-10
2026-02-11 08:15:25.498053376+00:00,87.5,9,10,9-10
2026-02-11 08:15:25.698053376+00:00,103.0,9,10,9-10
2026-02-11 08:15:25.898053376+00:00,66.3,9,10,9-10
2026-02-11 08:15:26.098053376+00:00,93.6,9,10,9-10
2026-02-11 08:15:26.498053376+00:00,1380.0,9,10,9-10
2026-02-11 08:15:26.698053376+00:00,379.0,9,10,9-10
2026-02-11 08:15:26.898053376+00:00,180.0,9,10,9-10
2026-02-11 08:15:27.098053376+00:00,1328.0,9,10,9-10
2026-02-11 08:15:27.498053376+00:00,1339.0,9,10,9-10
2026-02-11 08:15:29.298053376+00:00,1673.0,9,10,9-10
2026-02-11 08:15:29.498053376+00:00,681.0,9,10,9-10
2026-02-11 08:15:29.698053376+00:00,465.0,9,10,9-10
2026-02-11 08:15:29.898053376+00:00,259.0,9,10,9-10
2026-02-11 08:15:30.098053376+00:00,47.5,9,10,9-10
2026-02-11 08:15:30.298053376+00:00,180.0,9,10,9-10
2026-02-11 08:15:31.298053376+00:00,2409.0,9,10,9-10
2026-02-11 08:15:31.898053376+00:00,596.0,9,10,9-10
2026-02-11 08:15:32.098053376+00:00,379.0,9,10,9-10
2026-02-11 08:15:32.298053376+00:00,201.0,9,10,9-10
2026-02-11 08:15:32.498053376+00:00,31.4,9,10,9-10
2026-02-11 08:15:32.698053376+00:00,156.0,9,10,9-10
2026-02-11 08:15:32.898053376+00:00,364.0,9,10,9-10
2026-02-11 08:15:33.098053376+00:00,577.0,9,10,9-10
2026-02-11 08:15:33.298053376+00:00,767.0,9,10,9-10
2026-02-11 08:15:33.498053376+00:00,952.0,9,10,9-10
2026-02-11 08:15:33.698053376+00:00,1232.0,9,10,9-10
2026-02-11 08:15:35.498053376+00:00,4858.0,9,10,9-10
2026-02-11 08:15:35.698053376+00:00,4725.0,9,10,9-10
2026-02-11 08:15:36.098053376+00:00,3065.0,9,10,9-10
2026-02-11 08:15:36.298053376+00:00,2064.0,9,10,9-10
2026-02-11 08:15:36.498053376+00:00,1855.0,9,10,9-10
2026-02-11 08:15:36.698053376+00:00,1557.0,9,10,9-10
2026-02-11 08:15:36.898053376+00:00,1073.0,9,10,9-10
2026-02-11 08:15:37.098053376+00:00,895.0,9,10,9-10
2026-02-11 08:15:37.298053376+00:00,788.0,9,10,9-10
2026-02-11 08:15:37.498053376+00:00,602.0,9,10,9-10
2026-02-11 08:15:37.698053376+00:00,360.0,9,10,9-10
2026-02-11 08:15:37.898053376+00:00,221.0,9,10,9-10
2026-02-11 08:15:38.098053376+00:00,80.5,9,10,9-10
2026-02-11 08:15:38.298053376+00:00,24.2,9,10,9-10
2026-02-11 08:15:38.498053376+00:00,29.2,9,10,9-10
2026-02-11 08:15:38.698053376+00:00,36.0,9,10,9-10
2026-02-11 08:15:38.898053376+00:00,23.4,9,10,9-10
2026-02-11 08:15:39.098053376+00:00,25.9,9,10,9-10
2026-02-11 08:15:39.298053376+00:00,22.8,9,10,9-10
2026-02-11 08:15:39.498053376+00:00,24.1,9,10,9-10
2026-02-11 08:15:39.698053376+00:00,26.2,9,10,9-10
2026-02-11 08:15:39.898053376+00:00,31.9,9,10,9-10
2026-02-11 08:15:40.098053376+00:00,22.4,9,10,9-10
2026-02-11 08:15:40.498053376+00:00,1589.0,9,10,9-10
2026-02-11 08:15:40.698053376+00:00,588.0,9,10,9-10
2026-02-11 08:15:40.898053376+00:00,368.0,9,10,9-10
2026-02-11 08:15:41.098053376+00:00,162.0,9,10,9-10
2026-02-11 08:15:41.298053376+00:00,537.0,9,10,9-10
2026-02-11 08:15:41.498053376+00:00,454.0,9,10,9-10
2026-02-11 08:15:41.698053376+00:00,303.0,9,10,9-10
2026-02-11 08:15:41.898053376+00:00,254.0,9,10,9-10
2026-02-11 08:15:42.098053376+00:00,237.0,9,10,9-10
2026-02-11 08:15:42.298053376+00:00,231.0,9,10,9-10
2026-02-11 08:15:42.498053376+00:00,123.0,9,10,9-10
2026-02-11 08:15:42.698053376+00:00,295.0,9,10,9-10
2026-02-11 08:15:42.898053376+00:00,505.0,9,10,9-10
2026-02-11 08:15:43.098053376+00:00,706.0,9,10,9-10
2026-02-11 08:15:43.298053376+00:00,2948.0,9,10,9-10
2026-02-11 08:15:43.498053376+00:00,6146.0,9,10,9-10
2026-02-11 08:15:44.098053376+00:00,8613.0,9,10,9-10
2026-02-11 08:15:45.298053376+00:00,8186.0,9,10,9-10
2026-02-11 08:15:47.898053376+00:00,2346.0,9,10,9-10
2026-02-11 08:15:48.098053376+00:00,1812.0,9,10,9-10
2026-02-11 08:15:48.498053376+00:00,826.0,9,10,9-10
2026-02-11 08:15:48.698053376+00:00,621.0,9,10,9-10
2026-02-11 08:15:48.898053376+00:00,468.0,9,10,9-10
2026-02-11 08:15:49.098053376+00:00,224.0,9,10,9-10
2026-02-11 08:15:49.298053376+00:00,57.7,9,10,9-10
2026-02-11 08:15:49.498053376+00:00,29.7,9,10,9-10
2026-02-11 08:15:49.698053376+00:00,27.4,9,10,9-10
2026-02-11 08:15:49.898053376+00:00,25.4,9,10,9-10
2026-02-11 08:15:50.098053376+00:00,28.0,9,10,9-10
2026-02-11 08:15:50.298053376+00:00,30.3,9,10,9-10
2026-02-11 08:15:50.498053376+00:00,24.6,9,10,9-10
2026-02-11 08:15:50.698053376+00:00,22.7,9,10,9-10
2026-02-11 08:15:50.898053376+00:00,901.0,9,10,9-10
2026-02-11 08:15:51.098053376+00:00,741.0,9,10,9-10
2026-02-11 08:15:51.498053376+00:00,2106.0,9,10,9-10
2026-02-11 08:13:25.112722432+00:00,25.3,9,12,9-12
2026-02-11 08:13:25.312722432+00:00,23.1,9,12,9-12
2026-02-11 08:13:25.512722432+00:00,23.3,9,12,9-12
2026-02-11 08:13:25.712722176+00:00,25.3,9,12,9-12
2026-02-11 08:13:25.912722432+00:00,23.6,9,12,9-12
2026-02-11 08:13:26.112722432+00:00,28.5,9,12,9-12
2026-02-11 08:13:26.312722432+00:00,26.5,9,12,9-12
2026-02-11 08:13:26.512722432+00:00,24.1,9,12,9-12
2026-02-11 08:13:26.712722176+00:00,30.2,9,12,9-12
2026-02-11 08:13:26.912722432+00:00,31.8,9,12,9-12
2026-02-11 08:13:27.112722432+00:00,23.6,9,12,9-12
2026-02-11 08:13:27.312722432+00:00,29.2,9,12,9-12
2026-02-11 08:13:27.512722432+00:00,27.7,9,12,9-12
2026-02-11 08:13:27.712722176+00:00,34.5,9,12,9-12
2026-02-11 08:13:27.912722432+00:00,22.5,9,12,9-12
2026-02-11 08:13:28.112722432+00:00,32.7,9,12,9-12
2026-02-11 08:13:28.312722432+00:00,23.6,9,12,9-12
2026-02-11 08:13:28.512722432+00:00,34.2,9,12,9-12
2026-02-11 08:13:28.712722176+00:00,24.3,9,12,9-12
2026-02-11 08:13:28.912722432+00:00,24.0,9,12,9-12
2026-02-11 08:13:29.112722432+00:00,23.0,9,12,9-12
2026-02-11 08:13:29.312722432+00:00,28.1,9,12,9-12
2026-02-11 08:13:29.512722432+00:00,25.3,9,12,9-12
2026-02-11 08:13:29.712722176+00:00,26.5,9,12,9-12
2026-02-11 08:13:29.912722432+00:00,22.9,9,12,9-12
2026-02-11 08:13:30.112722432+00:00,25.8,9,12,9-12
2026-02-11 08:13:30.312722432+00:00,24.2,9,12,9-12
2026-02-11 08:13:30.512722432+00:00,24.2,9,12,9-12
2026-02-11 08:13:30.712722176+00:00,22.4,9,12,9-12
2026-02-11 08:13:30.912722432+00:00,25.8,9,12,9-12
2026-02-11 08:13:31.112722432+00:00,30.8,9,12,9-12
2026-02-11 08:13:31.312722432+00:00,24.5,9,12,9-12
2026-02-11 08:13:31.512722432+00:00,24.8,9,12,9-12
2026-02-11 08:13:31.712722176+00:00,23.9,9,12,9-12
2026-02-11 08:13:31.912722432+00:00,31.2,9,12,9-12
2026-02-11 08:13:32.112722432+00:00,25.5,9,12,9-12
2026-02-11 08:13:32.312722432+00:00,34.1,9,12,9-12
2026-02-11 08:13:32.512722432+00:00,23.5,9,12,9-12
2026-02-11 08:13:32.712722176+00:00,25.1,9,12,9-12
2026-02-11 08:13:32.912722432+00:00,22.9,9,12,9-12
2026-02-11 08:13:33.112722432+00:00,30.2,9,12,9-12
2026-02-11 08:13:33.312722432+00:00,26.7,9,12,9-12
2026-02-11 08:13:33.512722432+00:00,24.5,9,12,9-12
2026-02-11 08:13:33.712722176+00:00,25.8,9,12,9-12
2026-02-11 08:13:33.912722432+00:00,22.6,9,12,9-12
2026-02-11 08:13:34.112722432+00:00,24.9,9,12,9-12
2026-02-11 08:13:34.312722432+00:00,30.9,9,12,9-12
2026-02-11 08:13:34.512722432+00:00,26.9,9,12,9-12
2026-02-11 08:13:34.712722176+00:00,22.9,9,12,9-12
2026-02-11 08:13:34.912722432+00:00,25.9,9,12,9-12
2026-02-11 08:13:35.112722432+00:00,24.3,9,12,9-12
2026-02-11 08:13:35.312722432+00:00,24.7,9,12,9-12
2026-02-11 08:13:35.512722432+00:00,25.2,9,12,9-12
2026-02-11 08:13:35.712722176+00:00,22.7,9,12,9-12
2026-02-11 08:13:35.912722432+00:00,35.5,9,12,9-12
2026-02-11 08:13:36.112722432+00:00,22.9,9,12,9-12
2026-02-11 08:13:36.312722432+00:00,25.7,9,12,9-12
2026-02-11 08:13:36.512722432+00:00,27.2,9,12,9-12
2026-02-11 08:13:36.712722176+00:00,29.5,9,12,9-12
2026-02-11 08:13:36.912722432+00:00,24.1,9,12,9-12
2026-02-11 08:13:37.112722432+00:00,27.0,9,12,9-12
2026-02-11 08:13:37.312722432+00:00,34.7,9,12,9-12
2026-02-11 08:13:37.512722432+00:00,25.1,9,12,9-12
2026-02-11 08:13:37.712722176+00:00,37.3,9,12,9-12
2026-02-11 08:13:37.912722432+00:00,23.2,9,12,9-12
2026-02-11 08:13:38.112722432+00:00,23.2,9,12,9-12
2026-02-11 08:13:38.312722432+00:00,28.4,9,12,9-12
2026-02-11 08:13:38.512722432+00:00,32.2,9,12,9-12
2026-02-11 08:13:38.712722176+00:00,26.2,9,12,9-12
2026-02-11 08:13:38.912722432+00:00,25.3,9,12,9-12
2026-02-11 08:13:39.112722432+00:00,25.7,9,12,9-12
2026-02-11 08:13:39.312722432+00:00,22.6,9,12,9-12
2026-02-11 08:13:39.512722432+00:00,22.3,9,12,9-12
2026-02-11 08:13:39.712722176+00:00,24.8,9,12,9-12
2026-02-11 08:13:39.912722432+00:00,24.6,9,12,9-12
2026-02-11 08:13:40.112722432+00:00,23.8,9,12,9-12
2026-02-11 08:13:40.312722432+00:00,28.2,9,12,9-12
2026-02-11 08:13:40.512722432+00:00,22.5,9,12,9-12
2026-02-11 08:13:40.712722176+00:00,23.2,9,12,9-12
2026-02-11 08:13:40.912722432+00:00,32.3,9,12,9-12
2026-02-11 08:13:41.112722432+00:00,22.3,9,12,9-12
2026-02-11 08:13:41.312722432+00:00,22.7,9,12,9-12
2026-02-11 08:13:41.512722432+00:00,24.1,9,12,9-12
2026-02-11 08:13:41.712722176+00:00,22.9,9,12,9-12
2026-02-11 08:13:41.912722432+00:00,22.6,9,12,9-12
2026-02-11 08:13:42.112722432+00:00,24.4,9,12,9-12
2026-02-11 08:13:42.312722432+00:00,27.4,9,12,9-12
2026-02-11 08:13:42.512722432+00:00,31.4,9,12,9-12
2026-02-11 08:13:42.712722176+00:00,24.2,9,12,9-12
2026-02-11 08:13:42.912722432+00:00,22.7,9,12,9-12
2026-02-11 08:13:43.112722432+00:00,25.8,9,12,9-12
2026-02-11 08:13:43.312722432+00:00,27.4,9,12,9-12
2026-02-11 08:13:43.512722432+00:00,23.2,9,12,9-12
2026-02-11 08:13:43.712722176+00:00,27.9,9,12,9-12
2026-02-11 08:13:43.912722432+00:00,32.3,9,12,9-12
2026-02-11 08:13:44.112722432+00:00,25.3,9,12,9-12
2026-02-11 08:13:44.312722432+00:00,22.7,9,12,9-12
2026-02-11 08:13:44.512722432+00:00,25.3,9,12,9-12
2026-02-11 08:13:44.712722176+00:00,24.8,9,12,9-12
2026-02-11 08:13:44.912722432+00:00,24.8,9,12,9-12
2026-02-11 08:13:45.112722432+00:00,22.9,9,12,9-12
2026-02-11 08:13:45.312722432+00:00,26.9,9,12,9-12
2026-02-11 08:13:45.512722432+00:00,22.6,9,12,9-12
2026-02-11 08:13:45.712722176+00:00,31.2,9,12,9-12
2026-02-11 08:13:45.912722432+00:00,22.6,9,12,9-12
2026-02-11 08:13:46.112722432+00:00,24.8,9,12,9-12
2026-02-11 08:13:46.312722432+00:00,27.3,9,12,9-12
2026-02-11 08:13:46.512722432+00:00,33.6,9,12,9-12
2026-02-11 08:13:46.712722176+00:00,26.8,9,12,9-12
2026-02-11 08:13:46.912722432+00:00,24.4,9,12,9-12
2026-02-11 08:13:47.112722432+00:00,23.3,9,12,9-12
2026-02-11 08:13:47.312722432+00:00,24.3,9,12,9-12
2026-02-11 08:13:47.512722432+00:00,38.7,9,12,9-12
2026-02-11 08:13:47.712722176+00:00,27.8,9,12,9-12
2026-02-11 08:13:47.912722432+00:00,23.4,9,12,9-12
2026-02-11 08:13:48.112722432+00:00,23.3,9,12,9-12
2026-02-11 08:13:48.312722432+00:00,23.6,9,12,9-12
2026-02-11 08:13:48.512722432+00:00,23.9,9,12,9-12
2026-02-11 08:13:48.712722176+00:00,29.8,9,12,9-12
2026-02-11 08:13:48.912722432+00:00,23.7,9,12,9-12
2026-02-11 08:13:49.112722432+00:00,23.4,9,12,9-12
2026-02-11 08:13:49.312722432+00:00,26.0,9,12,9-12
2026-02-11 08:13:49.512722432+00:00,24.1,9,12,9-12
2026-02-11 08:13:49.712722176+00:00,25.9,9,12,9-12
2026-02-11 08:13:49.912722432+00:00,22.5,9,12,9-12
2026-02-11 08:13:50.112722432+00:00,23.1,9,12,9-12
2026-02-11 08:13:50.312722432+00:00,25.7,9,12,9-12
2026-02-11 08:13:50.512722432+00:00,22.7,9,12,9-12
2026-02-11 08:13:50.712722176+00:00,23.6,9,12,9-12
2026-02-11 08:13:50.912722432+00:00,28.9,9,12,9-12
2026-02-11 08:13:51.112722432+00:00,32.1,9,12,9-12
2026-02-11 08:13:51.312722432+00:00,28.5,9,12,9-12
2026-02-11 08:13:51.512722432+00:00,25.2,9,12,9-12
2026-02-11 08:13:51.712722176+00:00,23.9,9,12,9-12
2026-02-11 08:13:51.912722432+00:00,23.7,9,12,9-12
2026-02-11 08:13:52.112722432+00:00,28.7,9,12,9-12
2026-02-11 08:13:52.312722432+00:00,25.6,9,12,9-12
2026-02-11 08:13:52.512722432+00:00,26.8,9,12,9-12
2026-02-11 08:13:52.712722176+00:00,23.8,9,12,9-12
2026-02-11 08:13:52.912722432+00:00,26.6,9,12,9-12
2026-02-11 08:13:53.112722432+00:00,23.0,9,12,9-12
2026-02-11 08:13:53.312722432+00:00,23.5,9,12,9-12
2026-02-11 08:13:53.512722432+00:00,27.9,9,12,9-12
2026-02-11 08:13:53.712722176+00:00,29.0,9,12,9-12
2026-02-11 08:13:53.912722432+00:00,23.4,9,12,9-12
2026-02-11 08:13:54.112722432+00:00,22.9,9,12,9-12
2026-02-11 08:13:54.312722432+00:00,23.0,9,12,9-12
2026-02-11 08:13:54.512722432+00:00,24.9,9,12,9-12
2026-02-11 08:13:54.712722176+00:00,29.2,9,12,9-12
2026-02-11 08:13:54.912722432+00:00,24.9,9,12,9-12
2026-02-11 08:13:55.112722432+00:00,26.5,9,12,9-12
2026-02-11 08:13:55.312722432+00:00,34.1,9,12,9-12
2026-02-11 08:13:55.512722432+00:00,32.5,9,12,9-12
2026-02-11 08:13:55.712722176+00:00,29.1,9,12,9-12
2026-02-11 08:13:55.912722432+00:00,840.0,9,12,9-12
2026-02-11 08:13:56.312722432+00:00,2219.0,9,12,9-12
2026-02-11 08:13:56.512722432+00:00,1790.0,9,12,9-12
2026-02-11 08:13:56.712722176+00:00,1153.0,9,12,9-12
2026-02-11 08:13:56.912722432+00:00,938.0,9,12,9-12
2026-02-11 08:13:57.112722432+00:00,683.0,9,12,9-12
2026-02-11 08:13:57.312722432+00:00,399.0,9,12,9-12
2026-02-11 08:13:57.512722432+00:00,199.0,9,12,9-12
2026-02-11 08:13:57.712722176+00:00,36.0,9,12,9-12
2026-02-11 08:13:57.912722432+00:00,53.4,9,12,9-12
2026-02-11 08:13:58.112722432+00:00,69.1,9,12,9-12
2026-02-11 08:13:58.312722432+00:00,111.0,9,12,9-12
2026-02-11 08:13:58.512722432+00:00,145.0,9,12,9-12
2026-02-11 08:13:58.712722176+00:00,177.0,9,12,9-12
2026-02-11 08:13:58.912722432+00:00,198.0,9,12,9-12
2026-02-11 08:13:59.112722432+00:00,229.0,9,12,9-12
2026-02-11 08:13:59.312722432+00:00,258.0,9,12,9-12
2026-02-11 08:13:59.512722432+00:00,321.0,9,12,9-12
2026-02-11 08:13:59.712722176+00:00,328.0,9,12,9-12
2026-02-11 08:13:59.912722432+00:00,366.0,9,12,9-12
2026-02-11 08:14:00.112722432+00:00,382.0,9,12,9-12
2026-02-11 08:14:00.312722432+00:00,406.0,9,12,9-12
2026-02-11 08:14:00.512722432+00:00,436.0,9,12,9-12
2026-02-11 08:14:00.712722176+00:00,462.0,9,12,9-12
2026-02-11 08:14:00.912722432+00:00,466.0,9,12,9-12
2026-02-11 08:14:01.112722432+00:00,504.0,9,12,9-12
2026-02-11 08:14:01.312722432+00:00,541.0,9,12,9-12
2026-02-11 08:14:01.512722432+00:00,574.0,9,12,9-12
2026-02-11 08:14:01.712722176+00:00,591.0,9,12,9-12
2026-02-11 08:14:01.912722432+00:00,620.0,9,12,9-12
2026-02-11 08:14:02.112722432+00:00,638.0,9,12,9-12
2026-02-11 08:14:02.312722432+00:00,673.0,9,12,9-12
2026-02-11 08:14:02.512722432+00:00,709.0,9,12,9-12
2026-02-11 08:14:02.712722176+00:00,750.0,9,12,9-12
2026-02-11 08:14:02.912722432+00:00,804.0,9,12,9-12
2026-02-11 08:14:03.112722432+00:00,828.0,9,12,9-12
2026-02-11 08:14:03.312722432+00:00,889.0,9,12,9-12
2026-02-11 08:14:03.512722432+00:00,931.0,9,12,9-12
2026-02-11 08:14:03.712722176+00:00,996.0,9,12,9-12
2026-02-11 08:14:03.912722432+00:00,1027.0,9,12,9-12
2026-02-11 08:14:04.112722432+00:00,1064.0,9,12,9-12
2026-02-11 08:14:04.312722432+00:00,1117.0,9,12,9-12
2026-02-11 08:14:04.512722432+00:00,1171.0,9,12,9-12
2026-02-11 08:14:04.712722176+00:00,1241.0,9,12,9-12
2026-02-11 08:14:04.912722432+00:00,1252.0,9,12,9-12
2026-02-11 08:14:05.112722432+00:00,1292.0,9,12,9-12
2026-02-11 08:14:05.312722432+00:00,1324.0,9,12,9-12
2026-02-11 08:14:05.512722432+00:00,1345.0,9,12,9-12
2026-02-11 08:14:05.712722176+00:00,1373.0,9,12,9-12
2026-02-11 08:14:05.912722432+00:00,1401.0,9,12,9-12
2026-02-11 08:14:06.112722432+00:00,1414.0,9,12,9-12
2026-02-11 08:14:06.312722432+00:00,1427.0,9,12,9-12
2026-02-11 08:14:06.712722176+00:00,1454.0,9,12,9-12
2026-02-11 08:14:06.912722432+00:00,1493.0,9,12,9-12
2026-02-11 08:14:07.112722432+00:00,1502.0,9,12,9-12
2026-02-11 08:14:07.312722432+00:00,1523.0,9,12,9-12
2026-02-11 08:14:07.712722176+00:00,1549.0,9,12,9-12
2026-02-11 08:14:07.912722432+00:00,1557.0,9,12,9-12
2026-02-11 08:14:08.112722432+00:00,1586.0,9,12,9-12
2026-02-11 08:14:08.712722176+00:00,1626.0,9,12,9-12
2026-02-11 08:14:08.912722432+00:00,1644.0,9,12,9-12
2026-02-11 08:14:09.112722432+00:00,1652.0,9,12,9-12
2026-02-11 08:14:09.312722432+00:00,1678.0,9,12,9-12
2026-02-11 08:14:09.512722432+00:00,1692.0,9,12,9-12
2026-02-11 08:14:09.912722432+00:00,1726.0,9,12,9-12
2026-02-11 08:14:10.112722432+00:00,1753.0,9,12,9-12
2026-02-11 08:14:10.312722432+00:00,1770.0,9,12,9-12
2026-02-11 08:14:10.512722432+00:00,1802.0,9,12,9-12
2026-02-11 08:14:10.712722176+00:00,1802.0,9,12,9-12
2026-02-11 08:14:11.512722432+00:00,1859.0,9,12,9-12
2026-02-11 08:14:11.712722176+00:00,1868.0,9,12,9-12
2026-02-11 08:14:11.912722432+00:00,1870.0,9,12,9-12
2026-02-11 08:14:12.112722432+00:00,1883.0,9,12,9-12
2026-02-11 08:14:12.312722432+00:00,1899.0,9,12,9-12
2026-02-11 08:14:12.512722432+00:00,1872.0,9,12,9-12
2026-02-11 08:14:12.712722176+00:00,1904.0,9,12,9-12
2026-02-11 08:14:12.912722432+00:00,1896.0,9,12,9-12
2026-02-11 08:14:13.112722432+00:00,1912.0,9,12,9-12
2026-02-11 08:14:13.312722432+00:00,1898.0,9,12,9-12
2026-02-11 08:14:13.512722432+00:00,1918.0,9,12,9-12
2026-02-11 08:14:13.712722176+00:00,1924.0,9,12,9-12
2026-02-11 08:14:14.112722432+00:00,1957.0,9,12,9-12
2026-02-11 08:14:14.512722432+00:00,1969.0,9,12,9-12
2026-02-11 08:14:14.712722176+00:00,1953.0,9,12,9-12
2026-02-11 08:14:14.912722432+00:00,1965.0,9,12,9-12
2026-02-11 08:14:15.112722432+00:00,1975.0,9,12,9-12
2026-02-11 08:14:15.312722432+00:00,1969.0,9,12,9-12
2026-02-11 08:14:15.512722432+00:00,1991.0,9,12,9-12
2026-02-11 08:14:15.712722176+00:00,1996.0,9,12,9-12
2026-02-11 08:14:15.912722432+00:00,2000.0,9,12,9-12
2026-02-11 08:14:16.112722432+00:00,1994.0,9,12,9-12
2026-02-11 08:14:16.312722432+00:00,1992.0,9,12,9-12
2026-02-11 08:14:16.512722432+00:00,2000.0,9,12,9-12
2026-02-11 08:14:16.712722176+00:00,2005.0,9,12,9-12
2026-02-11 08:14:16.912722432+00:00,2007.0,9,12,9-12
2026-02-11 08:14:17.112722432+00:00,2005.0,9,12,9-12
2026-02-11 08:14:17.312722432+00:00,2014.0,9,12,9-12
2026-02-11 08:14:18.112722432+00:00,2023.0,9,12,9-12
2026-02-11 08:14:18.512722432+00:00,2042.0,9,12,9-12
2026-02-11 08:14:18.912722432+00:00,2048.0,9,12,9-12
2026-02-11 08:14:19.112722432+00:00,2061.0,9,12,9-12
2026-02-11 08:14:19.312722432+00:00,2063.0,9,12,9-12
2026-02-11 08:14:19.512722432+00:00,2064.0,9,12,9-12
2026-02-11 08:14:20.312722432+00:00,2093.0,9,12,9-12
2026-02-11 08:14:20.512722432+00:00,2073.0,9,12,9-12
2026-02-11 08:14:20.712722176+00:00,2075.0,9,12,9-12
2026-02-11 08:14:20.912722432+00:00,2103.0,9,12,9-12
2026-02-11 08:14:21.112722432+00:00,2093.0,9,12,9-12
2026-02-11 08:14:21.512722432+00:00,2123.0,9,12,9-12
2026-02-11 08:14:21.912722432+00:00,2014.0,9,12,9-12
2026-02-11 08:14:22.112722432+00:00,1862.0,9,12,9-12
2026-02-11 08:14:23.912722432+00:00,979.0,9,12,9-12
2026-02-11 08:14:24.712722176+00:00,1638.0,9,12,9-12
2026-02-11 08:14:24.912722432+00:00,711.0,9,12,9-12
2026-02-11 08:14:25.112722432+00:00,504.0,9,12,9-12
2026-02-11 08:14:25.312722432+00:00,276.0,9,12,9-12
2026-02-11 08:14:25.512722432+00:00,106.0,9,12,9-12
2026-02-11 08:14:25.712722176+00:00,23.4,9,12,9-12
2026-02-11 08:14:25.912722432+00:00,23.0,9,12,9-12
2026-02-11 08:14:26.112722432+00:00,24.6,9,12,9-12
2026-02-11 08:14:26.312722432+00:00,23.4,9,12,9-12
2026-02-11 08:14:26.512722432+00:00,24.4,9,12,9-12
2026-02-11 08:14:26.712722176+00:00,23.2,9,12,9-12
2026-02-11 08:14:26.912722432+00:00,30.4,9,12,9-12
2026-02-11 08:14:27.112722432+00:00,22.2,9,12,9-12
2026-02-11 08:14:27.312722432+00:00,31.5,9,12,9-12
2026-02-11 08:14:27.512722432+00:00,28.5,9,12,9-12
2026-02-11 08:14:27.712722176+00:00,23.6,9,12,9-12
2026-02-11 08:14:27.912722432+00:00,23.4,9,12,9-12
2026-02-11 08:14:28.112722432+00:00,88.6,9,12,9-12
2026-02-11 08:14:28.312722432+00:00,714.0,9,12,9-12
2026-02-11 08:14:28.512722432+00:00,596.0,9,12,9-12
2026-02-11 08:14:28.712722176+00:00,1070.0,9,12,9-12
2026-02-11 08:14:28.912722432+00:00,9388.0,9,12,9-12
2026-02-11 08:14:29.112722432+00:00,9362.0,9,12,9-12
2026-02-11 08:14:29.312722432+00:00,9318.0,9,12,9-12
2026-02-11 08:14:29.512722432+00:00,9325.0,9,12,9-12
2026-02-11 08:14:29.712722176+00:00,9977.0,9,12,9-12
2026-02-11 08:14:32.712722176+00:00,8101.0,9,12,9-12
2026-02-11 08:14:32.912722432+00:00,7098.0,9,12,9-12
2026-02-11 08:14:33.112722432+00:00,6139.0,9,12,9-12
2026-02-11 08:14:33.312722432+00:00,5141.0,9,12,9-12
2026-02-11 08:14:33.512722432+00:00,4141.0,9,12,9-12
2026-02-11 08:14:33.712722176+00:00,3145.0,9,12,9-12
2026-02-11 08:14:33.912722432+00:00,2979.0,9,12,9-12
2026-02-11 08:14:34.112722432+00:00,2010.0,9,12,9-12
2026-02-11 08:14:34.312722432+00:00,1008.0,9,12,9-12
2026-02-11 08:14:34.512722432+00:00,484.0,9,12,9-12
2026-02-11 08:14:34.712722176+00:00,284.0,9,12,9-12
2026-02-11 08:14:34.912722432+00:00,93.2,9,12,9-12
2026-02-11 08:14:35.112722432+00:00,24.6,9,12,9-12
2026-02-11 08:14:35.312722432+00:00,22.7,9,12,9-12
2026-02-11 08:14:35.512722432+00:00,26.7,9,12,9-12
2026-02-11 08:14:35.712722176+00:00,23.7,9,12,9-12
2026-02-11 08:14:35.912722432+00:00,23.4,9,12,9-12
2026-02-11 08:14:36.112722432+00:00,22.3,9,12,9-12
2026-02-11 08:14:36.312722432+00:00,27.2,9,12,9-12
2026-02-11 08:14:36.512722432+00:00,24.7,9,12,9-12
2026-02-11 08:14:36.712722176+00:00,23.7,9,12,9-12
2026-02-11 08:14:36.912722432+00:00,24.6,9,12,9-12
2026-02-11 08:14:37.112722432+00:00,23.4,9,12,9-12
2026-02-11 08:14:37.312722432+00:00,23.9,9,12,9-12
2026-02-11 08:14:37.512722432+00:00,25.7,9,12,9-12
2026-02-11 08:14:37.712722176+00:00,22.4,9,12,9-12
2026-02-11 08:14:37.912722432+00:00,24.5,9,12,9-12
2026-02-11 08:14:38.112722432+00:00,28.4,9,12,9-12
2026-02-11 08:14:38.312722432+00:00,202.0,9,12,9-12
2026-02-11 08:14:38.512722432+00:00,69.9,9,12,9-12
2026-02-11 08:14:38.712722176+00:00,4106.0,9,12,9-12
2026-02-11 08:14:38.912722432+00:00,7350.0,9,12,9-12
2026-02-11 08:14:39.112722432+00:00,7021.0,9,12,9-12
2026-02-11 08:14:39.312722432+00:00,6033.0,9,12,9-12
2026-02-11 08:14:39.512722432+00:00,5028.0,9,12,9-12
2026-02-11 08:14:39.712722176+00:00,4034.0,9,12,9-12
2026-02-11 08:14:39.912722432+00:00,3029.0,9,12,9-12
2026-02-11 08:14:40.112722432+00:00,2050.0,9,12,9-12
2026-02-11 08:14:40.312722432+00:00,1902.0,9,12,9-12
2026-02-11 08:14:40.512722432+00:00,1116.0,9,12,9-12
2026-02-11 08:14:40.712722176+00:00,119.0,9,12,9-12
2026-02-11 08:14:40.912722432+00:00,266.0,9,12,9-12
2026-02-11 08:14:41.112722432+00:00,533.0,9,12,9-12
2026-02-11 08:14:41.312722432+00:00,765.0,9,12,9-12
2026-02-11 08:14:41.512722432+00:00,1083.0,9,12,9-12
2026-02-11 08:14:41.712722176+00:00,582.0,9,12,9-12
2026-02-11 08:14:41.912722432+00:00,304.0,9,12,9-12
2026-02-11 08:14:42.112722432+00:00,149.0,9,12,9-12
2026-02-11 08:14:42.312722432+00:00,657.0,9,12,9-12
2026-02-11 08:14:42.512722432+00:00,207.0,9,12,9-12
2026-02-11 08:14:42.712722176+00:00,117.0,9,12,9-12
2026-02-11 08:14:42.912722432+00:00,331.0,9,12,9-12
2026-02-11 08:14:43.112722432+00:00,238.0,9,12,9-12
2026-02-11 08:14:43.512722432+00:00,648.0,9,12,9-12
2026-02-11 08:14:43.712722176+00:00,622.0,9,12,9-12
2026-02-11 08:14:43.912722432+00:00,659.0,9,12,9-12
2026-02-11 08:14:44.112722432+00:00,698.0,9,12,9-12
2026-02-11 08:14:44.312722432+00:00,938.0,9,12,9-12
2026-02-11 08:14:44.512722432+00:00,1123.0,9,12,9-12
2026-02-11 08:14:44.912722432+00:00,1189.0,9,12,9-12
2026-02-11 08:14:45.112722432+00:00,918.0,9,12,9-12
2026-02-11 08:14:45.312722432+00:00,764.0,9,12,9-12
2026-02-11 08:14:45.512722432+00:00,768.0,9,12,9-12
2026-02-11 08:14:45.712722176+00:00,916.0,9,12,9-12
2026-02-11 08:14:46.912722432+00:00,2483.0,9,12,9-12
2026-02-11 08:14:47.112722432+00:00,1505.0,9,12,9-12
2026-02-11 08:14:47.312722432+00:00,414.0,9,12,9-12
2026-02-11 08:14:47.512722432+00:00,211.0,9,12,9-12
2026-02-11 08:14:47.712722176+00:00,39.8,9,12,9-12
2026-02-11 08:14:48.312722432+00:00,1873.0,9,12,9-12
2026-02-11 08:14:48.512722432+00:00,1105.0,9,12,9-12
2026-02-11 08:14:48.712722176+00:00,1018.0,9,12,9-12
2026-02-11 08:14:48.912722432+00:00,1557.0,9,12,9-12
2026-02-11 08:14:49.712722176+00:00,2003.0,9,12,9-12
2026-02-11 08:14:50.112722432+00:00,996.0,9,12,9-12
2026-02-11 08:14:50.312722432+00:00,790.0,9,12,9-12
2026-02-11 08:14:50.512722432+00:00,624.0,9,12,9-12
2026-02-11 08:14:50.712722176+00:00,49.1,9,12,9-12
2026-02-11 08:14:51.712722176+00:00,1383.0,9,12,9-12
2026-02-11 08:14:51.912722432+00:00,872.0,9,12,9-12
2026-02-11 08:14:52.112722432+00:00,476.0,9,12,9-12
2026-02-11 08:14:52.312722432+00:00,274.0,9,12,9-12
2026-02-11 08:14:52.512722432+00:00,87.7,9,12,9-12
2026-02-11 08:14:52.712722176+00:00,46.4,9,12,9-12
2026-02-11 08:14:53.912722432+00:00,571.0,9,12,9-12
2026-02-11 08:14:54.112722432+00:00,361.0,9,12,9-12
2026-02-11 08:14:54.312722432+00:00,158.0,9,12,9-12
2026-02-11 08:14:54.512722432+00:00,23.7,9,12,9-12
2026-02-11 08:14:54.712722176+00:00,22.4,9,12,9-12
2026-02-11 08:14:54.912722432+00:00,24.4,9,12,9-12
2026-02-11 08:14:55.112722432+00:00,23.1,9,12,9-12
2026-02-11 08:14:55.312722432+00:00,23.6,9,12,9-12
2026-02-11 08:14:55.512722432+00:00,23.5,9,12,9-12
2026-02-11 08:14:55.712722176+00:00,22.8,9,12,9-12
2026-02-11 08:14:55.912722432+00:00,25.9,9,12,9-12
2026-02-11 08:14:56.112722432+00:00,23.2,9,12,9-12
2026-02-11 08:14:56.312722432+00:00,23.3,9,12,9-12
2026-02-11 08:14:56.512722432+00:00,27.9,9,12,9-12
2026-02-11 08:14:56.712722176+00:00,36.2,9,12,9-12
2026-02-11 08:14:56.912722432+00:00,37.4,9,12,9-12
2026-02-11 08:14:57.112722432+00:00,25.1,9,12,9-12
2026-02-11 08:14:57.312722432+00:00,37.3,9,12,9-12
2026-02-11 08:14:57.512722432+00:00,44.8,9,12,9-12
2026-02-11 08:14:57.712722176+00:00,41.4,9,12,9-12
2026-02-11 08:14:57.912722432+00:00,32.6,9,12,9-12
2026-02-11 08:14:58.112722432+00:00,150.0,9,12,9-12
2026-02-11 08:14:58.312722432+00:00,24.6,9,12,9-12
2026-02-11 08:14:58.512722432+00:00,23.5,9,12,9-12
2026-02-11 08:14:58.712722176+00:00,23.2,9,12,9-12
2026-02-11 08:14:58.912722432+00:00,23.8,9,12,9-12
2026-02-11 08:14:59.112722432+00:00,23.6,9,12,9-12
2026-02-11 08:14:59.312722432+00:00,26.2,9,12,9-12
2026-02-11 08:14:59.512722432+00:00,26.8,9,12,9-12
2026-02-11 08:14:59.712722176+00:00,22.6,9,12,9-12
2026-02-11 08:14:59.912722432+00:00,26.0,9,12,9-12
2026-02-11 08:15:00.112722432+00:00,23.6,9,12,9-12
2026-02-11 08:15:00.312722432+00:00,27.2,9,12,9-12
2026-02-11 08:15:00.512722432+00:00,1415.0,9,12,9-12
2026-02-11 08:15:00.712722176+00:00,1073.0,9,12,9-12
2026-02-11 08:15:00.912722432+00:00,901.0,9,12,9-12
2026-02-11 08:15:01.112722432+00:00,700.0,9,12,9-12
2026-02-11 08:15:01.312722432+00:00,292.0,9,12,9-12
2026-02-11 08:15:01.512722432+00:00,119.0,9,12,9-12
2026-02-11 08:15:01.712722176+00:00,40.9,9,12,9-12
2026-02-11 08:15:01.912722432+00:00,58.2,9,12,9-12
2026-02-11 08:15:02.112722432+00:00,2558.0,9,12,9-12
2026-02-11 08:15:02.712722176+00:00,1080.0,9,12,9-12
2026-02-11 08:15:02.912722432+00:00,1109.0,9,12,9-12
2026-02-11 08:15:03.112722432+00:00,889.0,9,12,9-12
2026-02-11 08:15:03.312722432+00:00,872.0,9,12,9-12
2026-02-11 08:15:03.512722432+00:00,925.0,9,12,9-12
2026-02-11 08:15:03.712722176+00:00,1191.0,9,12,9-12
2026-02-11 08:15:03.912722432+00:00,898.0,9,12,9-12
2026-02-11 08:15:04.112722432+00:00,933.0,9,12,9-12
2026-02-11 08:15:04.712722176+00:00,475.0,9,12,9-12
2026-02-11 08:15:04.912722432+00:00,314.0,9,12,9-12
2026-02-11 08:15:05.112722432+00:00,136.0,9,12,9-12
2026-02-11 08:15:05.312722432+00:00,63.5,9,12,9-12
2026-02-11 08:15:05.512722432+00:00,759.0,9,12,9-12
2026-02-11 08:15:06.112722432+00:00,5585.0,9,12,9-12
2026-02-11 08:15:06.512722432+00:00,2617.0,9,12,9-12
2026-02-11 08:15:06.712722176+00:00,1612.0,9,12,9-12
2026-02-11 08:15:06.912722432+00:00,603.0,9,12,9-12
2026-02-11 08:15:07.112722432+00:00,394.0,9,12,9-12
2026-02-11 08:15:07.312722432+00:00,161.0,9,12,9-12
2026-02-11 08:15:07.512722432+00:00,27.9,9,12,9-12
2026-02-11 08:15:07.712722176+00:00,234.0,9,12,9-12
2026-02-11 08:15:07.912722432+00:00,131.0,9,12,9-12
2026-02-11 08:15:08.112722432+00:00,136.0,9,12,9-12
2026-02-11 08:15:08.312722432+00:00,153.0,9,12,9-12
2026-02-11 08:15:08.512722432+00:00,230.0,9,12,9-12
2026-02-11 08:15:08.712722176+00:00,259.0,9,12,9-12
2026-02-11 08:15:08.912722432+00:00,309.0,9,12,9-12
2026-02-11 08:15:09.112722432+00:00,328.0,9,12,9-12
2026-02-11 08:15:09.312722432+00:00,354.0,9,12,9-12
2026-02-11 08:15:09.512722432+00:00,411.0,9,12,9-12
2026-02-11 08:15:09.712722176+00:00,509.0,9,12,9-12
2026-02-11 08:15:10.112722432+00:00,788.0,9,12,9-12
2026-02-11 08:15:11.112722432+00:00,2261.0,9,12,9-12
2026-02-11 08:15:11.312722432+00:00,2345.0,9,12,9-12
2026-02-11 08:15:12.312722432+00:00,2021.0,9,12,9-12
2026-02-11 08:15:12.712722176+00:00,788.0,9,12,9-12
2026-02-11 08:15:12.912722432+00:00,583.0,9,12,9-12
2026-02-11 08:15:13.112722432+00:00,397.0,9,12,9-12
2026-02-11 08:15:13.312722432+00:00,189.0,9,12,9-12
2026-02-11 08:15:13.512722432+00:00,22.9,9,12,9-12
2026-02-11 08:15:13.712722176+00:00,41.7,9,12,9-12
2026-02-11 08:15:13.912722432+00:00,36.6,9,12,9-12
2026-02-11 08:15:14.112722432+00:00,25.0,9,12,9-12
2026-02-11 08:15:14.312722432+00:00,542.0,9,12,9-12
2026-02-11 08:15:14.512722432+00:00,625.0,9,12,9-12
2026-02-11 08:15:16.512722432+00:00,3005.0,9,12,9-12
2026-02-11 08:15:16.912722432+00:00,1257.0,9,12,9-12
2026-02-11 08:15:17.312722432+00:00,1786.0,9,12,9-12
2026-02-11 08:15:17.512722432+00:00,1200.0,9,12,9-12
2026-02-11 08:15:17.712722176+00:00,950.0,9,12,9-12
2026-02-11 08:15:17.912722432+00:00,660.0,9,12,9-12
2026-02-11 08:15:18.112722432+00:00,472.0,9,12,9-12
2026-02-11 08:15:18.312722432+00:00,342.0,9,12,9-12
2026-02-11 08:15:18.512722432+00:00,199.0,9,12,9-12
2026-02-11 08:15:18.712722176+00:00,84.8,9,12,9-12
2026-02-11 08:15:18.912722432+00:00,1520.0,9,12,9-12
2026-02-11 08:15:19.312722432+00:00,3023.0,9,12,9-12
2026-02-11 08:15:19.512722432+00:00,2821.0,9,12,9-12
2026-02-11 08:15:19.712722176+00:00,2638.0,9,12,9-12
2026-02-11 08:15:19.912722432+00:00,2266.0,9,12,9-12
2026-02-11 08:15:20.112722432+00:00,1280.0,9,12,9-12
2026-02-11 08:15:20.312722432+00:00,1149.0,9,12,9-12
2026-02-11 08:15:20.512722432+00:00,394.0,9,12,9-12
2026-02-11 08:15:20.712722176+00:00,427.0,9,12,9-12
2026-02-11 08:15:20.912722432+00:00,557.0,9,12,9-12
2026-02-11 08:15:21.112722432+00:00,1498.0,9,12,9-12
2026-02-11 08:15:21.312722432+00:00,1561.0,9,12,9-12
2026-02-11 08:15:21.512722432+00:00,1549.0,9,12,9-12
2026-02-11 08:15:21.912722432+00:00,4815.0,9,12,9-12
2026-02-11 08:15:23.912722432+00:00,3792.0,9,12,9-12
2026-02-11 08:15:24.112722432+00:00,2978.0,9,12,9-12
2026-02-11 08:15:24.312722432+00:00,2667.0,9,12,9-12
2026-02-11 08:15:24.712722176+00:00,961.0,9,12,9-12
2026-02-11 08:15:24.912722432+00:00,682.0,9,12,9-12
2026-02-11 08:15:25.112722432+00:00,444.0,9,12,9-12
2026-02-11 08:15:25.312722432+00:00,200.0,9,12,9-12
2026-02-11 08:15:25.512722432+00:00,25.4,9,12,9-12
2026-02-11 08:15:25.712722176+00:00,24.9,9,12,9-12
2026-02-11 08:15:25.912722432+00:00,362.0,9,12,9-12
2026-02-11 08:15:26.112722432+00:00,581.0,9,12,9-12
2026-02-11 08:15:26.312722432+00:00,765.0,9,12,9-12
2026-02-11 08:15:26.512722432+00:00,970.0,9,12,9-12
2026-02-11 08:15:27.112722432+00:00,6627.0,9,12,9-12
2026-02-11 08:15:27.312722432+00:00,6470.0,9,12,9-12
2026-02-11 08:15:27.512722432+00:00,6461.0,9,12,9-12
2026-02-11 08:15:27.712722176+00:00,5899.0,9,12,9-12
2026-02-11 08:15:27.912722432+00:00,3950.0,9,12,9-12
2026-02-11 08:15:28.112722432+00:00,1956.0,9,12,9-12
2026-02-11 08:15:28.312722432+00:00,956.0,9,12,9-12
2026-02-11 08:15:28.512722432+00:00,750.0,9,12,9-12
2026-02-11 08:15:28.712722176+00:00,547.0,9,12,9-12
2026-02-11 08:15:28.912722432+00:00,432.0,9,12,9-12
2026-02-11 08:15:29.112722432+00:00,305.0,9,12,9-12
2026-02-11 08:15:29.312722432+00:00,340.0,9,12,9-12
2026-02-11 08:15:29.912722432+00:00,377.0,9,12,9-12
2026-02-11 08:15:30.112722432+00:00,179.0,9,12,9-12
2026-02-11 08:15:30.312722432+00:00,1178.0,9,12,9-12
2026-02-11 08:15:30.512722432+00:00,1144.0,9,12,9-12
2026-02-11 08:15:30.712722176+00:00,972.0,9,12,9-12
2026-02-11 08:15:30.912722432+00:00,846.0,9,12,9-12
2026-02-11 08:15:31.112722432+00:00,996.0,9,12,9-12
2026-02-11 08:15:31.312722432+00:00,811.0,9,12,9-12
2026-02-11 08:15:31.912722432+00:00,1638.0,9,12,9-12
2026-02-11 08:15:32.912722432+00:00,1664.0,9,12,9-12
2026-02-11 08:15:33.112722432+00:00,671.0,9,12,9-12
2026-02-11 08:15:33.312722432+00:00,456.0,9,12,9-12
2026-02-11 08:15:33.512722432+00:00,248.0,9,12,9-12
2026-02-11 08:15:33.712722176+00:00,37.8,9,12,9-12
2026-02-11 08:15:33.912722432+00:00,192.0,9,12,9-12
2026-02-11 08:15:34.112722432+00:00,880.0,9,12,9-12
2026-02-11 08:15:34.512722432+00:00,4586.0,9,12,9-12
2026-02-11 08:15:34.912722432+00:00,3004.0,9,12,9-12
2026-02-11 08:15:35.312722432+00:00,1497.0,9,12,9-12
2026-02-11 08:15:35.512722432+00:00,622.0,9,12,9-12
2026-02-11 08:15:35.712722176+00:00,405.0,9,12,9-12
2026-02-11 08:15:35.912722432+00:00,196.0,9,12,9-12
2026-02-11 08:15:36.112722432+00:00,35.1,9,12,9-12
2026-02-11 08:15:36.312722432+00:00,106.0,9,12,9-12
2026-02-11 08:15:36.512722432+00:00,261.0,9,12,9-12
2026-02-11 08:15:36.712722176+00:00,420.0,9,12,9-12
2026-02-11 08:15:36.912722432+00:00,584.0,9,12,9-12
2026-02-11 08:15:37.112722432+00:00,735.0,9,12,9-12
2026-02-11 08:15:37.312722432+00:00,878.0,9,12,9-12
2026-02-11 08:15:37.512722432+00:00,1089.0,9,12,9-12
2026-02-11 08:15:39.112722432+00:00,4412.0,9,12,9-12
2026-02-11 08:15:39.312722432+00:00,4188.0,9,12,9-12
2026-02-11 08:15:39.512722432+00:00,3482.0,9,12,9-12
2026-02-11 08:15:39.712722176+00:00,2500.0,9,12,9-12
2026-02-11 08:15:39.912722432+00:00,1500.0,9,12,9-12
2026-02-11 08:15:40.112722432+00:00,1406.0,9,12,9-12
2026-02-11 08:15:40.312722432+00:00,1108.0,9,12,9-12
2026-02-11 08:15:40.512722432+00:00,848.0,9,12,9-12
2026-02-11 08:15:40.712722176+00:00,615.0,9,12,9-12
2026-02-11 08:15:40.912722432+00:00,579.0,9,12,9-12
2026-02-11 08:15:41.112722432+00:00,385.0,9,12,9-12
2026-02-11 08:15:41.312722432+00:00,255.0,9,12,9-12
2026-02-11 08:15:41.512722432+00:00,207.0,9,12,9-12
2026-02-11 08:15:41.712722176+00:00,104.0,9,12,9-12
2026-02-11 08:15:41.912722432+00:00,22.8,9,12,9-12
2026-02-11 08:15:42.112722432+00:00,22.5,9,12,9-12
2026-02-11 08:15:42.312722432+00:00,28.1,9,12,9-12
2026-02-11 08:15:42.512722432+00:00,33.1,9,12,9-12
2026-02-11 08:15:42.712722176+00:00,28.7,9,12,9-12
2026-02-11 08:15:42.912722432+00:00,24.7,9,12,9-12
2026-02-11 08:15:43.112722432+00:00,25.8,9,12,9-12
2026-02-11 08:15:43.312722432+00:00,22.4,9,12,9-12
2026-02-11 08:15:43.512722432+00:00,22.9,9,12,9-12
2026-02-11 08:15:43.712722176+00:00,22.8,9,12,9-12
2026-02-11 08:15:43.912722432+00:00,296.0,9,12,9-12
2026-02-11 08:15:44.312722432+00:00,1554.0,9,12,9-12
2026-02-11 08:15:44.512722432+00:00,553.0,9,12,9-12
2026-02-11 08:15:44.712722176+00:00,315.0,9,12,9-12
2026-02-11 08:15:44.912722432+00:00,111.0,9,12,9-12
2026-02-11 08:15:45.112722432+00:00,424.0,9,12,9-12
2026-02-11 08:15:45.312722432+00:00,265.0,9,12,9-12
2026-02-11 08:15:45.512722432+00:00,123.0,9,12,9-12
2026-02-11 08:15:45.712722176+00:00,164.0,9,12,9-12
2026-02-11 08:15:45.912722432+00:00,373.0,9,12,9-12
2026-02-11 08:15:46.112722432+00:00,454.0,9,12,9-12
2026-02-11 08:15:46.312722432+00:00,656.0,9,12,9-12
2026-02-11 08:15:46.512722432+00:00,738.0,9,12,9-12
2026-02-11 08:15:46.712722176+00:00,883.0,9,12,9-12
2026-02-11 08:15:46.912722432+00:00,8184.0,9,12,9-12
2026-02-11 08:15:47.312722432+00:00,9746.0,9,12,9-12
2026-02-11 08:15:48.312722432+00:00,12252.0,9,12,9-12
2026-02-11 08:15:48.512722432+00:00,11250.0,9,12,9-12
2026-02-11 08:15:48.712722176+00:00,10261.0,9,12,9-12
2026-02-11 08:15:48.912722432+00:00,9242.0,9,12,9-12
2026-02-11 08:15:49.112722432+00:00,8979.0,9,12,9-12
2026-02-11 08:15:49.512722432+00:00,8062.0,9,12,9-12
2026-02-11 08:15:49.712722176+00:00,7855.0,9,12,9-12
2026-02-11 08:15:49.912722432+00:00,7190.0,9,12,9-12
2026-02-11 08:15:50.112722432+00:00,6016.0,9,12,9-12
2026-02-11 08:15:52.312722432+00:00,761.0,9,12,9-12
2026-02-11 08:15:52.512722432+00:00,558.0,9,12,9-12
2026-02-11 08:15:52.712722176+00:00,368.0,9,12,9-12
2026-02-11 08:15:52.912722432+00:00,218.0,9,12,9-12
2026-02-11 08:15:53.112722432+00:00,29.6,9,12,9-12
2026-02-11 08:15:53.312722432+00:00,42.6,9,12,9-12
2026-02-11 08:15:53.512722432+00:00,27.5,9,12,9-12
2026-02-11 08:15:53.712722176+00:00,24.2,9,12,9-12
2026-02-11 08:15:53.912722432+00:00,25.9,9,12,9-12
2026-02-11 08:15:54.112722432+00:00,28.4,9,12,9-12
2026-02-11 08:15:54.312722432+00:00,31.4,9,12,9-12
2026-02-11 08:15:54.512722432+00:00,26.0,9,12,9-12
2026-02-11 08:15:54.712722176+00:00,897.0,9,12,9-12
2026-02-11 08:15:54.912722432+00:00,654.0,9,12,9-12
2026-02-11 08:15:55.112722432+00:00,1089.0,9,12,9-12
2026-02-11 08:15:55.512722432+00:00,1481.0,9,12,9-12
2026-02-11 08:15:55.712722176+00:00,1227.0,9,12,9-12
2026-02-11 08:15:55.912722432+00:00,1298.0,9,12,9-12
2026-02-11 08:15:56.112722432+00:00,1309.0,9,12,9-12
2026-02-11 08:15:57.912722432+00:00,2296.0,9,12,9-12
2026-02-11 08:15:58.112722432+00:00,2088.0,9,12,9-12
2026-02-11 08:15:58.512722432+00:00,1562.0,9,12,9-12
