{
  "label": "backlog_pkts",
  "lags": 3,
  "l2": 50.0,
  "mu": [
    3.093211752786221,
    3.030205167173252,
    2.9668819655521785
  ],
  "sd": [
    54.89102940640176,
    54.32052439972354,
    53.738030509431056
  ],
  "coef": [
    57.928634788963905,
    0.2760589641511615,
    -5.187690983842572
  ],
  "intercept": 3.2096957454866657,
  "split_time": "2025-10-10T15:42:19.963468+00:00",
  "train_rows": 15792,
  "test_rows": 624,
  "rmse_test": 50.84524897172166
}